{"total":1,"ranking":[{"user":{"friendsPublic":false,"isPublic":true,"publicLv":0,"isChalPublic":false,"chalPublicLv":1,"id":74432718,"name":"VITOR","imageUrl":"https:\/\/d3tqs16tcqd0gr.cloudfront.net\/ffad\/2410dced-766e-44d0-b113-944ba7477450.jpg","lv":2,"llt":1769007281,"lut":1771719649,"lastUpdateTime":"2026-01-21 18:28:40.0","since":"2021-09-07 12:55:45.0","ccode":"BR","deviceType":"ANDROID","ver":"6.30.7.003","saPublic":true,"isDisabled":false,"restricted":false,"isFriend":false,"connectMethod":0,"isBlocked":false,"isFav":false},"value":19293,"lastUpdateTime":"2026-02-22 00:20:49.0","ranking":1}],"myHistory":[],"me":{"uid":74432718,"value":19293,"lastUpdateTime":"2026-02-22 00:20:49.0","ranking":1}}