[{"calorie":0.0,"count":0,"distance":0.0,"speed":0.0},{"calorie":0.0,"count":0,"distance":0.0,"speed":0.0},{"calorie":0.0,"count":0,"distance":0.0,"speed":0.0},{"calorie":0.0,"count":0,"distance":0.0,"speed":0.0},{"calorie":0.0,"count":0,"distance":0.0,"speed":0.0},{"calorie":0.0,"count":0,"distance":0.0,"speed":0.0},{"calorie":0.0,"count":0,"distance":0.0,"speed":0.0},{"calorie":0.0,"count":0,"distance":0.0,"speed":0.0},{"calorie":0.0,"count":0,"distance":0.0,"speed":0.0},{"calorie":0.0,"count":0,"distance":0.0,"speed":0.0},{"calorie":0.0,"count":0,"distance":0.0,"speed":0.0},{"calorie":0.0,"count":0,"distance":0.0,"speed":0.0},{"calorie":0.0,"count":0,"distance":0.0,"speed":0.0},{"calorie":0.0,"count":0,"distance":0.0,"speed":0.0},{"calorie":0.0,"count":0,"distance":0.0,"speed":0.0},{"calorie":0.0,"count":0,"distance":0.0,"speed":0.0},{"calorie":0.0,"count":0,"distance":0.0,"speed":0.0},{"calorie":0.0,"count":0,"distance":0.0,"speed":0.0},{"calorie":0.0,"count":0,"distance":0.0,"speed":0.0},{"calorie":0.0,"count":0,"distance":0.0,"speed":0.0},{"calorie":0.0,"count":0,"distance":0.0,"speed":0.0},{"calorie":0.0,"count":0,"distance":0.0,"speed":0.0},{"calorie":0.0,"count":0,"distance":0.0,"speed":0.0},{"calorie":0.0,"count":0,"distance":0.0,"speed":0.0},{"calorie":0.0,"count":0,"distance":0.0,"speed":0.0},{"calorie":0.0,"count":0,"distance":0.0,"speed":0.0},{"calorie":0.0,"count":0,"distance":0.0,"speed":0.0},{"calorie":0.0,"count":0,"distance":0.0,"speed":0.0},{"calorie":0.0,"count":0,"distance":0.0,"speed":0.0},{"calorie":0.0,"count":0,"distance":0.0,"speed":0.0},{"calorie":0.0,"count":0,"distance":0.0,"speed":0.0},{"calorie":0.0,"count":0,"distance":0.0,"speed":0.0},{"calorie":0.0,"count":0,"distance":0.0,"speed":0.0},{"calorie":0.0,"count":0,"distance":0.0,"speed":0.0},{"calorie":0.0,"count":0,"distance":0.0,"speed":0.0},{"calorie":0.0,"count":0,"distance":0.0,"speed":0.0},{"calorie":0.0,"count":0,"distance":0.0,"speed":0.0},{"calorie":0.0,"count":0,"distance":0.0,"speed":0.0},{"calorie":0.0,"count":0,"distance":0.0,"speed":0.0},{"calorie":0.0,"count":0,"distance":0.0,"speed":0.0},{"calorie":0.0,"count":0,"distance":0.0,"speed":0.0},{"calorie":0.0,"count":0,"distance":0.0,"speed":0.0},{"calorie":0.0,"count":0,"distance":0.0,"speed":0.0},{"calorie":0.0,"count":0,"distance":0.0,"speed":0.0},{"calorie":0.0,"count":0,"distance":0.0,"speed":0.0},{"calorie":0.0,"count":0,"distance":0.0,"speed":0.0},{"calorie":0.0,"count":0,"distance":0.0,"speed":0.0},{"calorie":0.0,"count":0,"distance":0.0,"speed":0.0},{"calorie":0.0,"count":0,"distance":0.0,"speed":0.0},{"calorie":0.0,"count":0,"distance":0.0,"speed":0.0},{"calorie":0.0,"count":0,"distance":0.0,"speed":0.0},{"calorie":0.0,"count":0,"distance":0.0,"speed":0.0},{"calorie":0.0,"count":0,"distance":0.0,"speed":0.0},{"calorie":0.0,"count":0,"distance":0.0,"speed":0.0},{"calorie":0.0,"count":0,"distance":0.0,"speed":0.0},{"calorie":0.0,"count":0,"distance":0.0,"speed":0.0},{"calorie":0.0,"count":0,"distance":0.0,"speed":0.0},{"calorie":0.0,"count":0,"distance":0.0,"speed":0.0},{"calorie":0.0,"count":0,"distance":0.0,"speed":0.0},{"calorie":0.0,"count":0,"distance":0.0,"speed":0.0},{"calorie":0.0,"count":0,"distance":0.0,"speed":0.0},{"calorie":0.0,"count":0,"distance":0.0,"speed":0.0},{"calorie":0.3100000023841858,"count":6,"distance":4.289999961853027,"speed":3.6000001430511475},{"calorie":0.0,"count":0,"distance":0.0,"speed":0.0},{"calorie":1.1400000154972076,"count":22,"distance":15.50999927520752,"speed":4.521144390106201},{"calorie":1.9200000166893005,"count":38,"distance":27.250000476837158,"speed":4.240415573120117},{"calorie":4.230000078678131,"count":83,"distance":58.959999084472656,"speed":4.4993510246276855},{"calorie":5.890000224113464,"count":116,"distance":82.11999702453613,"speed":4.177051067352295},{"calorie":0.0,"count":0,"distance":0.0,"speed":0.0},{"calorie":0.0,"count":0,"distance":0.0,"speed":0.0},{"calorie":0.0,"count":0,"distance":0.0,"speed":0.0},{"calorie":6.909999370574951,"count":137,"distance":96.90999412536621,"speed":4.292696475982666},{"calorie":0.0,"count":0,"distance":0.0,"speed":0.0},{"calorie":4.889998435974121,"count":96,"distance":66.74000549316406,"speed":3.8026976585388184},{"calorie":10.740000873804092,"count":193,"distance":143.49000787734985,"speed":4.710596561431885},{"calorie":11.209998548030853,"count":165,"distance":136.72000360488892,"speed":6.567897319793701},{"calorie":12.479998469352722,"count":224,"distance":171.74999046325684,"speed":5.383108139038086},{"calorie":15.229998111724854,"count":303,"distance":219.42998123168945,"speed":4.727381229400635},{"calorie":18.10999834537506,"count":362,"distance":262.5200090408325,"speed":5.015836238861084},{"calorie":5.920000046491623,"count":117,"distance":83.989999294281,"speed":4.503128528594971},{"calorie":0.0,"count":0,"distance":0.0,"speed":0.0},{"calorie":0.0,"count":0,"distance":0.0,"speed":0.0},{"calorie":0.0,"count":0,"distance":0.0,"speed":0.0},{"calorie":0.0,"count":0,"distance":0.0,"speed":0.0},{"calorie":0.0,"count":0,"distance":0.0,"speed":0.0},{"calorie":2.290000021457672,"count":45,"distance":31.999999523162842,"speed":4.3720784187316895},{"calorie":7.269999861717224,"count":143,"distance":103.52000141143799,"speed":4.920173645019531},{"calorie":2.7799999713897705,"count":54,"distance":38.150001525878906,"speed":4.600000381469727},{"calorie":0.0,"count":0,"distance":0.0,"speed":0.0},{"calorie":1.2000000476837158,"count":23,"distance":18.950000762939453,"speed":6.900000095367432},{"calorie":0.0,"count":0,"distance":0.0,"speed":0.0},{"calorie":2.42000013589859,"count":47,"distance":32.30000162124634,"speed":3.4674580097198486},{"calorie":4.399999916553497,"count":85,"distance":59.650001525878906,"speed":4.026487350463867},{"calorie":3.349999964237213,"count":65,"distance":46.59999752044678,"speed":4.791684150695801},{"calorie":0.7200000286102295,"count":7,"distance":6.53000020980835,"speed":6.709214210510254},{"calorie":5.019998669624329,"count":99,"distance":71.18000984191895,"speed":4.600722789764404},{"calorie":8.159999132156372,"count":162,"distance":114.59998989105225,"speed":4.221995830535889},{"calorie":3.369999885559082,"count":66,"distance":47.099998474121094,"speed":4.74700403213501},{"calorie":0.0,"count":0,"distance":0.0,"speed":0.0},{"calorie":0.0,"count":0,"distance":0.0,"speed":0.0},{"calorie":0.0,"count":0,"distance":0.0,"speed":0.0},{"calorie":0.0,"count":0,"distance":0.0,"speed":0.0},{"calorie":0.0,"count":0,"distance":0.0,"speed":0.0},{"calorie":0.0,"count":0,"distance":0.0,"speed":0.0},{"calorie":0.0,"count":0,"distance":0.0,"speed":0.0},{"calorie":1.4200000762939453,"count":28,"distance":19.72000026702881,"speed":4.149092197418213},{"calorie":0.0,"count":0,"distance":0.0,"speed":0.0},{"calorie":0.8000000715255737,"count":16,"distance":11.910000801086426,"speed":5.323668003082275},{"calorie":0.0,"count":0,"distance":0.0,"speed":0.0},{"calorie":0.0,"count":0,"distance":0.0,"speed":0.0},{"calorie":8.279998697340488,"count":157,"distance":112.8099833726883,"speed":4.3615312576293945},{"calorie":3.230000138282776,"count":63,"distance":44.64999771118164,"speed":4.509253978729248},{"calorie":15.549999952316284,"count":309,"distance":225.42000007629395,"speed":5.030978679656982},{"calorie":4.580000162124634,"count":91,"distance":66.01000022888184,"speed":4.809420108795166},{"calorie":0.7900000214576721,"count":15,"distance":10.289999961853027,"speed":3.700000047683716},{"calorie":0.0,"count":0,"distance":0.0,"speed":0.0},{"calorie":2.009999990463257,"count":25,"distance":23.6200008392334,"speed":9.80000114440918},{"calorie":0.7200000882148743,"count":14,"distance":10.779998779296875,"speed":6.260926246643066},{"calorie":0.8799999952316284,"count":9,"distance":8.199999809265137,"speed":6.395049571990967},{"calorie":0.0,"count":0,"distance":0.0,"speed":0.0},{"calorie":0.0,"count":0,"distance":0.0,"speed":0.0},{"calorie":0.7099999785423279,"count":14,"distance":10.970000267028809,"speed":6.800000190734863},{"calorie":0.0,"count":0,"distance":0.0,"speed":0.0},{"calorie":0.0,"count":0,"distance":0.0,"speed":0.0},{"calorie":0.5199999809265137,"count":10,"distance":6.900000095367432,"speed":4.199999809265137},{"calorie":0.4099999964237213,"count":8,"distance":5.75,"speed":4.5},{"calorie":0.0,"count":0,"distance":0.0,"speed":0.0},{"calorie":0.0,"count":0,"distance":0.0,"speed":0.0},{"calorie":0.0,"count":0,"distance":0.0,"speed":0.0},{"calorie":0.0,"count":0,"distance":0.0,"speed":0.0},{"calorie":0.0,"count":0,"distance":0.0,"speed":0.0},{"calorie":0.6600000858306885,"count":13,"distance":9.340001106262207,"speed":4.557085990905762},{"calorie":0.3100000023841858,"count":6,"distance":4.179999828338623,"speed":4.5},{"calorie":0.0,"count":0,"distance":0.0,"speed":0.0},{"calorie":0.0,"count":0,"distance":0.0,"speed":0.0},{"calorie":0.3499999940395355,"count":7,"distance":5.360000133514404,"speed":5.099999904632568},{"calorie":0.0,"count":0,"distance":0.0,"speed":0.0},{"calorie":0.0,"count":0,"distance":0.0,"speed":0.0},{"calorie":0.0,"count":0,"distance":0.0,"speed":0.0},{"calorie":0.0,"count":0,"distance":0.0,"speed":0.0},{"calorie":0.0,"count":0,"distance":0.0,"speed":0.0},{"calorie":0.0,"count":0,"distance":0.0,"speed":0.0},{"calorie":0.0,"count":0,"distance":0.0,"speed":0.0},{"calorie":0.0,"count":0,"distance":0.0,"speed":0.0}]