[{"calorie":0.0,"count":0,"distance":0.0,"speed":0.0},{"calorie":0.0,"count":0,"distance":0.0,"speed":0.0},{"calorie":0.0,"count":0,"distance":0.0,"speed":0.0},{"calorie":0.0,"count":0,"distance":0.0,"speed":0.0},{"calorie":0.0,"count":0,"distance":0.0,"speed":0.0},{"calorie":0.0,"count":0,"distance":0.0,"speed":0.0},{"calorie":0.0,"count":0,"distance":0.0,"speed":0.0},{"calorie":0.0,"count":0,"distance":0.0,"speed":0.0},{"calorie":0.0,"count":0,"distance":0.0,"speed":0.0},{"calorie":0.0,"count":0,"distance":0.0,"speed":0.0},{"calorie":0.0,"count":0,"distance":0.0,"speed":0.0},{"calorie":0.0,"count":0,"distance":0.0,"speed":0.0},{"calorie":0.0,"count":0,"distance":0.0,"speed":0.0},{"calorie":0.0,"count":0,"distance":0.0,"speed":0.0},{"calorie":0.0,"count":0,"distance":0.0,"speed":0.0},{"calorie":0.0,"count":0,"distance":0.0,"speed":0.0},{"calorie":0.0,"count":0,"distance":0.0,"speed":0.0},{"calorie":0.0,"count":0,"distance":0.0,"speed":0.0},{"calorie":0.0,"count":0,"distance":0.0,"speed":0.0},{"calorie":0.0,"count":0,"distance":0.0,"speed":0.0},{"calorie":0.0,"count":0,"distance":0.0,"speed":0.0},{"calorie":0.0,"count":0,"distance":0.0,"speed":0.0},{"calorie":0.0,"count":0,"distance":0.0,"speed":0.0},{"calorie":0.0,"count":0,"distance":0.0,"speed":0.0},{"calorie":0.0,"count":0,"distance":0.0,"speed":0.0},{"calorie":0.0,"count":0,"distance":0.0,"speed":0.0},{"calorie":0.0,"count":0,"distance":0.0,"speed":0.0},{"calorie":0.0,"count":0,"distance":0.0,"speed":0.0},{"calorie":0.0,"count":0,"distance":0.0,"speed":0.0},{"calorie":0.0,"count":0,"distance":0.0,"speed":0.0},{"calorie":0.0,"count":0,"distance":0.0,"speed":0.0},{"calorie":0.0,"count":0,"distance":0.0,"speed":0.0},{"calorie":0.0,"count":0,"distance":0.0,"speed":0.0},{"calorie":0.0,"count":0,"distance":0.0,"speed":0.0},{"calorie":0.0,"count":0,"distance":0.0,"speed":0.0},{"calorie":0.0,"count":0,"distance":0.0,"speed":0.0},{"calorie":0.0,"count":0,"distance":0.0,"speed":0.0},{"calorie":0.0,"count":0,"distance":0.0,"speed":0.0},{"calorie":0.0,"count":0,"distance":0.0,"speed":0.0},{"calorie":0.0,"count":0,"distance":0.0,"speed":0.0},{"calorie":0.0,"count":0,"distance":0.0,"speed":0.0},{"calorie":0.0,"count":0,"distance":0.0,"speed":0.0},{"calorie":0.0,"count":0,"distance":0.0,"speed":0.0},{"calorie":0.0,"count":0,"distance":0.0,"speed":0.0},{"calorie":0.0,"count":0,"distance":0.0,"speed":0.0},{"calorie":0.0,"count":0,"distance":0.0,"speed":0.0},{"calorie":1.2300000935792923,"count":34,"distance":24.84999656677246,"speed":4.234508514404297},{"calorie":0.0,"count":0,"distance":0.0,"speed":0.0},{"calorie":5.710000038146973,"count":150,"distance":107.16000032424927,"speed":3.5109801292419434},{"calorie":0.0,"count":0,"distance":0.0,"speed":0.0},{"calorie":0.0,"count":0,"distance":0.0,"speed":0.0},{"calorie":2.9900000393390656,"count":79,"distance":57.5899977684021,"speed":3.965437889099121},{"calorie":0.0,"count":0,"distance":0.0,"speed":0.0},{"calorie":1.2299999594688416,"count":33,"distance":25.09000015258789,"speed":4.719516754150391},{"calorie":2.3200000524520874,"count":61,"distance":44.059998512268066,"speed":3.7577104568481445},{"calorie":4.509998977184296,"count":117,"distance":85.93001651763916,"speed":4.08972692489624},{"calorie":1.75,"count":49,"distance":37.04999923706055,"speed":4.869706630706787},{"calorie":4.530000060796738,"count":121,"distance":89.6700029373169,"speed":4.291384696960449},{"calorie":4.430000007152557,"count":118,"distance":88.40000057220459,"speed":4.6131792068481445},{"calorie":6.509999990463257,"count":178,"distance":133.6800022125244,"speed":4.64972448348999},{"calorie":9.649999856948853,"count":285,"distance":217.7000026702881,"speed":5.1148881912231445},{"calorie":6.189999848604202,"count":174,"distance":132.48999977111816,"speed":4.961267471313477},{"calorie":2.64000004529953,"count":76,"distance":56.93000030517578,"speed":4.844179630279541},{"calorie":5.550000101327896,"count":148,"distance":111.21000242233276,"speed":4.682160377502441},{"calorie":2.2200000286102295,"count":61,"distance":45.689998626708984,"speed":4.630866050720215},{"calorie":4.740000069141388,"count":135,"distance":101.57000088691711,"speed":4.852509498596191},{"calorie":2.5699999630451202,"count":76,"distance":58.60000014305115,"speed":5.228222846984863},{"calorie":1.5400000214576721,"count":42,"distance":31.550000190734863,"speed":4.7551798820495605},{"calorie":5.570000022649765,"count":140,"distance":109.40999841690063,"speed":4.6035847663879395},{"calorie":2.0399999618530273,"count":59,"distance":44.77000045776367,"speed":5.299999713897705},{"calorie":0.0,"count":0,"distance":0.0,"speed":0.0},{"calorie":3.1399999856948853,"count":84,"distance":62.44999885559082,"speed":4.581701755523682},{"calorie":3.899999976158142,"count":112,"distance":85.35000133514404,"speed":5.064331531524658},{"calorie":8.59999966621399,"count":226,"distance":170.39000129699707,"speed":4.812758445739746},{"calorie":7.999998867511749,"count":232,"distance":176.39000988006592,"speed":4.857811450958252},{"calorie":7.5599998235702515,"count":217,"distance":163.95000648498535,"speed":4.861128807067871},{"calorie":1.4199999570846558,"count":39,"distance":28.260000705718994,"speed":3.8993630409240723},{"calorie":0.25,"count":7,"distance":5.139999866485596,"speed":4.1139116287231445},{"calorie":0.679999977350235,"count":19,"distance":14.25,"speed":4.383774280548096},{"calorie":1.409999966621399,"count":39,"distance":29.049999237060547,"speed":4.484954357147217},{"calorie":0.5799999833106995,"count":16,"distance":12.119999885559082,"speed":4.700000286102295},{"calorie":0.8200000077486038,"count":24,"distance":18.44000005722046,"speed":5.551174640655518},{"calorie":0.0,"count":0,"distance":0.0,"speed":0.0},{"calorie":3.130000054836273,"count":94,"distance":72.1299991607666,"speed":5.283260345458984},{"calorie":4.849999845027924,"count":134,"distance":100.02999973297119,"speed":4.424471378326416},{"calorie":0.0,"count":0,"distance":0.0,"speed":0.0},{"calorie":4.92999997548759,"count":150,"distance":116.54000210762024,"speed":5.626835346221924},{"calorie":0.6699999868869781,"count":18,"distance":12.960000038146973,"speed":3.9764821529388428},{"calorie":4.829999923706055,"count":140,"distance":106.26000022888184,"speed":5.213076114654541},{"calorie":0.0,"count":0,"distance":0.0,"speed":0.0},{"calorie":1.9600000381469727,"count":52,"distance":37.989999771118164,"speed":3.8524508476257324},{"calorie":1.3100000023841858,"count":38,"distance":28.65000057220459,"speed":5.243614196777344},{"calorie":0.0,"count":0,"distance":0.0,"speed":0.0},{"calorie":0.0,"count":0,"distance":0.0,"speed":0.0},{"calorie":0.0,"count":0,"distance":0.0,"speed":0.0},{"calorie":16.079999804496765,"count":516,"distance":399.8900032043457,"speed":5.540614604949951},{"calorie":0.550000011920929,"count":15,"distance":10.699999809265137,"speed":3.799999952316284},{"calorie":6.360000133514404,"count":173,"distance":128.99999809265137,"speed":4.417320251464844},{"calorie":2.309999942779541,"count":66,"distance":49.94000053405762,"speed":5.070030689239502},{"calorie":2.140000104904175,"count":58,"distance":43.27000045776367,"speed":4.799999713897705},{"calorie":0.23999999463558197,"count":6,"distance":4.460000038146973,"speed":4.400000095367432},{"calorie":5.379999876022339,"count":159,"distance":122.27000045776367,"speed":5.1919684410095215},{"calorie":8.079999923706055,"count":230,"distance":174.91000366210938,"speed":4.936884880065918},{"calorie":1.030000001192093,"count":31,"distance":24.109999179840088,"speed":5.274169921875},{"calorie":5.039999961853027,"count":144,"distance":108.01999759674072,"speed":4.738615036010742},{"calorie":3.240000121295452,"count":88,"distance":65.44999885559082,"speed":4.445588111877441},{"calorie":0.0,"count":0,"distance":0.0,"speed":0.0},{"calorie":0.4399999976158142,"count":13,"distance":9.6899995803833,"speed":4.799999713897705},{"calorie":7.940000228583813,"count":207,"distance":148.1899938583374,"speed":3.521036148071289},{"calorie":0.0,"count":0,"distance":0.0,"speed":0.0},{"calorie":1.8200000524520874,"count":52,"distance":39.1200008392334,"speed":4.724737167358398},{"calorie":0.0,"count":0,"distance":0.0,"speed":0.0},{"calorie":0.0,"count":0,"distance":0.0,"speed":0.0},{"calorie":1.6599999368190765,"count":44,"distance":31.339999198913574,"speed":3.594660520553589},{"calorie":20.349998652935028,"count":629,"distance":482.6399898529053,"speed":5.199016094207764},{"calorie":2.6699996292591095,"count":75,"distance":56.789995193481445,"speed":4.648922920227051},{"calorie":10.239999920129776,"count":246,"distance":180.82000064849854,"speed":4.881462097167969},{"calorie":0.0,"count":0,"distance":0.0,"speed":0.0},{"calorie":0.0,"count":0,"distance":0.0,"speed":0.0},{"calorie":0.0,"count":0,"distance":0.0,"speed":0.0},{"calorie":0.0,"count":0,"distance":0.0,"speed":0.0},{"calorie":0.0,"count":0,"distance":0.0,"speed":0.0},{"calorie":0.0,"count":0,"distance":0.0,"speed":0.0},{"calorie":0.0,"count":0,"distance":0.0,"speed":0.0},{"calorie":0.0,"count":0,"distance":0.0,"speed":0.0},{"calorie":0.0,"count":0,"distance":0.0,"speed":0.0},{"calorie":0.0,"count":0,"distance":0.0,"speed":0.0},{"calorie":0.0,"count":0,"distance":0.0,"speed":0.0},{"calorie":0.0,"count":0,"distance":0.0,"speed":0.0},{"calorie":0.0,"count":0,"distance":0.0,"speed":0.0},{"calorie":0.0,"count":0,"distance":0.0,"speed":0.0},{"calorie":0.0,"count":0,"distance":0.0,"speed":0.0},{"calorie":0.0,"count":0,"distance":0.0,"speed":0.0},{"calorie":0.0,"count":0,"distance":0.0,"speed":0.0},{"calorie":0.0,"count":0,"distance":0.0,"speed":0.0},{"calorie":0.0,"count":0,"distance":0.0,"speed":0.0},{"calorie":0.0,"count":0,"distance":0.0,"speed":0.0},{"calorie":3.5600000619888306,"count":91,"distance":66.88999938964844,"speed":4.250217914581299},{"calorie":0.0,"count":0,"distance":0.0,"speed":0.0},{"calorie":0.0,"count":0,"distance":0.0,"speed":0.0},{"calorie":2.850000023841858,"count":75,"distance":55.1200008392334,"speed":4.231672763824463},{"calorie":2.8799999952316284,"count":78,"distance":57.72000074386597,"speed":4.430907726287842},{"calorie":19.329998791217804,"count":525,"distance":397.8999938964844,"speed":4.886532783508301},{"calorie":0.3799999952316284,"count":10,"distance":7.039999961853027,"speed":3.200000047683716}]