[{"calorie":0.0,"count":0,"distance":0.0,"speed":0.0},{"calorie":0.0,"count":0,"distance":0.0,"speed":0.0},{"calorie":0.0,"count":0,"distance":0.0,"speed":0.0},{"calorie":0.0,"count":0,"distance":0.0,"speed":0.0},{"calorie":0.0,"count":0,"distance":0.0,"speed":0.0},{"calorie":0.0,"count":0,"distance":0.0,"speed":0.0},{"calorie":0.0,"count":0,"distance":0.0,"speed":0.0},{"calorie":0.0,"count":0,"distance":0.0,"speed":0.0},{"calorie":0.0,"count":0,"distance":0.0,"speed":0.0},{"calorie":0.0,"count":0,"distance":0.0,"speed":0.0},{"calorie":0.0,"count":0,"distance":0.0,"speed":0.0},{"calorie":0.0,"count":0,"distance":0.0,"speed":0.0},{"calorie":0.0,"count":0,"distance":0.0,"speed":0.0},{"calorie":0.0,"count":0,"distance":0.0,"speed":0.0},{"calorie":0.0,"count":0,"distance":0.0,"speed":0.0},{"calorie":0.0,"count":0,"distance":0.0,"speed":0.0},{"calorie":0.0,"count":0,"distance":0.0,"speed":0.0},{"calorie":0.0,"count":0,"distance":0.0,"speed":0.0},{"calorie":0.0,"count":0,"distance":0.0,"speed":0.0},{"calorie":0.0,"count":0,"distance":0.0,"speed":0.0},{"calorie":0.0,"count":0,"distance":0.0,"speed":0.0},{"calorie":0.0,"count":0,"distance":0.0,"speed":0.0},{"calorie":0.0,"count":0,"distance":0.0,"speed":0.0},{"calorie":0.0,"count":0,"distance":0.0,"speed":0.0},{"calorie":0.0,"count":0,"distance":0.0,"speed":0.0},{"calorie":0.0,"count":0,"distance":0.0,"speed":0.0},{"calorie":0.0,"count":0,"distance":0.0,"speed":0.0},{"calorie":0.0,"count":0,"distance":0.0,"speed":0.0},{"calorie":0.0,"count":0,"distance":0.0,"speed":0.0},{"calorie":0.0,"count":0,"distance":0.0,"speed":0.0},{"calorie":0.0,"count":0,"distance":0.0,"speed":0.0},{"calorie":0.0,"count":0,"distance":0.0,"speed":0.0},{"calorie":0.0,"count":0,"distance":0.0,"speed":0.0},{"calorie":0.0,"count":0,"distance":0.0,"speed":0.0},{"calorie":0.0,"count":0,"distance":0.0,"speed":0.0},{"calorie":0.0,"count":0,"distance":0.0,"speed":0.0},{"calorie":0.0,"count":0,"distance":0.0,"speed":0.0},{"calorie":0.0,"count":0,"distance":0.0,"speed":0.0},{"calorie":0.0,"count":0,"distance":0.0,"speed":0.0},{"calorie":0.0,"count":0,"distance":0.0,"speed":0.0},{"calorie":0.0,"count":0,"distance":0.0,"speed":0.0},{"calorie":0.0,"count":0,"distance":0.0,"speed":0.0},{"calorie":0.0,"count":0,"distance":0.0,"speed":0.0},{"calorie":0.0,"count":0,"distance":0.0,"speed":0.0},{"calorie":0.0,"count":0,"distance":0.0,"speed":0.0},{"calorie":0.0,"count":0,"distance":0.0,"speed":0.0},{"calorie":0.0,"count":0,"distance":0.0,"speed":0.0},{"calorie":0.8300001621246338,"count":22,"distance":16.169998168945312,"speed":4.205384254455566},{"calorie":8.500000059604645,"count":224,"distance":163.66000270843506,"speed":3.8631389141082764},{"calorie":2.0699999034404755,"count":54,"distance":40.16999101638794,"speed":4.38558292388916},{"calorie":0.0,"count":0,"distance":0.0,"speed":0.0},{"calorie":6.649999797344208,"count":184,"distance":138.96000480651855,"speed":4.694063663482666},{"calorie":5.130000084638596,"count":139,"distance":106.18000316619873,"speed":4.856085777282715},{"calorie":8.150000289082527,"count":225,"distance":168.7699990272522,"speed":4.59523868560791},{"calorie":8.04999989271164,"count":222,"distance":167.22000408172607,"speed":4.749287128448486},{"calorie":0.7799999713897705,"count":22,"distance":16.399999618530273,"speed":4.3972954750061035},{"calorie":1.5699999928474426,"count":47,"distance":36.079999923706055,"speed":5.316350936889648},{"calorie":0.0,"count":0,"distance":0.0,"speed":0.0},{"calorie":0.0,"count":0,"distance":0.0,"speed":0.0},{"calorie":6.799999296665192,"count":182,"distance":134.9099998474121,"speed":4.302540302276611},{"calorie":2.2499998807907104,"count":61,"distance":46.20000076293945,"speed":4.845189094543457},{"calorie":5.06999970972538,"count":145,"distance":110.35999274253845,"speed":4.976042747497559},{"calorie":1.5800000429153442,"count":42,"distance":31.440000534057617,"speed":4.799999713897705},{"calorie":5.63999879360199,"count":168,"distance":128.87002086639404,"speed":5.1710662841796875},{"calorie":0.5900000035762787,"count":16,"distance":11.449999809265137,"speed":3.506300449371338},{"calorie":1.1899999901652336,"count":33,"distance":24.870001077651978,"speed":4.482487678527832},{"calorie":2.550000011920929,"count":73,"distance":54.40000009536743,"speed":4.423327922821045},{"calorie":1.7299999594688416,"count":51,"distance":38.81000089645386,"speed":4.952849388122559},{"calorie":7.080000162124634,"count":195,"distance":147.00999927520752,"speed":4.782186508178711},{"calorie":1.0399999618530273,"count":28,"distance":21.309999465942383,"speed":4.799999713897705},{"calorie":2.199999988079071,"count":59,"distance":43.99999809265137,"speed":4.518894672393799},{"calorie":6.049999415874481,"count":182,"distance":139.96998023986816,"speed":5.30621862411499},{"calorie":2.2300000190734863,"count":48,"distance":32.670000076293945,"speed":4.121654510498047},{"calorie":6.300000101327896,"count":179,"distance":135.67000150680542,"speed":4.94340181350708},{"calorie":0.0,"count":0,"distance":0.0,"speed":0.0},{"calorie":13.099999785423279,"count":341,"distance":248.26999759674072,"speed":3.881749391555786},{"calorie":0.0,"count":0,"distance":0.0,"speed":0.0},{"calorie":1.4499999582767487,"count":40,"distance":30.300002098083496,"speed":4.799675941467285},{"calorie":0.5199999809265137,"count":14,"distance":10.170000076293945,"speed":4.075409412384033},{"calorie":0.0,"count":0,"distance":0.0,"speed":0.0},{"calorie":0.0,"count":0,"distance":0.0,"speed":0.0},{"calorie":0.5099999904632568,"count":14,"distance":10.169999599456787,"speed":3.781700611114502},{"calorie":1.0999999940395355,"count":29,"distance":21.02999973297119,"speed":3.991431951522827},{"calorie":0.6099999845027924,"count":17,"distance":12.670000076293945,"speed":4.666496753692627},{"calorie":0.0,"count":0,"distance":0.0,"speed":0.0},{"calorie":0.0,"count":0,"distance":0.0,"speed":0.0},{"calorie":1.0399999618530273,"count":28,"distance":20.6899995803833,"speed":4.550137042999268},{"calorie":2.8700000643730164,"count":78,"distance":58.38000154495239,"speed":4.613423824310303},{"calorie":1.1599999517202377,"count":32,"distance":24.00999927520752,"speed":4.593008518218994},{"calorie":0.60999995470047,"count":17,"distance":12.930000305175781,"speed":4.979040145874023},{"calorie":0.25,"count":7,"distance":5.28000020980835,"speed":4.240152835845947},{"calorie":0.0,"count":0,"distance":0.0,"speed":0.0},{"calorie":0.5799999833106995,"count":16,"distance":12.020000457763672,"speed":4.533598899841309},{"calorie":0.3399999737739563,"count":9,"distance":6.600000381469727,"speed":4.01919412612915},{"calorie":0.0,"count":0,"distance":0.0,"speed":0.0},{"calorie":0.0,"count":0,"distance":0.0,"speed":0.0},{"calorie":0.0,"count":0,"distance":0.0,"speed":0.0},{"calorie":0.0,"count":0,"distance":0.0,"speed":0.0},{"calorie":0.0,"count":0,"distance":0.0,"speed":0.0},{"calorie":0.0,"count":0,"distance":0.0,"speed":0.0},{"calorie":0.0,"count":0,"distance":0.0,"speed":0.0},{"calorie":0.0,"count":0,"distance":0.0,"speed":0.0},{"calorie":0.0,"count":0,"distance":0.0,"speed":0.0},{"calorie":0.0,"count":0,"distance":0.0,"speed":0.0},{"calorie":0.0,"count":0,"distance":0.0,"speed":0.0},{"calorie":0.0,"count":0,"distance":0.0,"speed":0.0},{"calorie":0.0,"count":0,"distance":0.0,"speed":0.0},{"calorie":0.0,"count":0,"distance":0.0,"speed":0.0},{"calorie":0.0,"count":0,"distance":0.0,"speed":0.0},{"calorie":0.0,"count":0,"distance":0.0,"speed":0.0},{"calorie":0.0,"count":0,"distance":0.0,"speed":0.0},{"calorie":0.0,"count":0,"distance":0.0,"speed":0.0},{"calorie":0.0,"count":0,"distance":0.0,"speed":0.0},{"calorie":0.0,"count":0,"distance":0.0,"speed":0.0},{"calorie":0.0,"count":0,"distance":0.0,"speed":0.0},{"calorie":0.4399999976158142,"count":13,"distance":9.280000686645508,"speed":3.8150055408477783},{"calorie":0.6599999517202377,"count":18,"distance":13.5,"speed":4.814720153808594},{"calorie":0.0,"count":0,"distance":0.0,"speed":0.0},{"calorie":0.9199999570846558,"count":27,"distance":20.63999891281128,"speed":5.181095123291016},{"calorie":0.6600000262260437,"count":18,"distance":13.559999465942383,"speed":4.615046501159668},{"calorie":0.0,"count":0,"distance":0.0,"speed":0.0},{"calorie":0.0,"count":0,"distance":0.0,"speed":0.0},{"calorie":0.0,"count":0,"distance":0.0,"speed":0.0},{"calorie":0.9600000977516174,"count":27,"distance":20.550003051757812,"speed":4.927023887634277},{"calorie":0.0,"count":0,"distance":0.0,"speed":0.0},{"calorie":0.0,"count":0,"distance":0.0,"speed":0.0},{"calorie":0.0,"count":0,"distance":0.0,"speed":0.0},{"calorie":0.0,"count":0,"distance":0.0,"speed":0.0},{"calorie":0.0,"count":0,"distance":0.0,"speed":0.0},{"calorie":0.0,"count":0,"distance":0.0,"speed":0.0},{"calorie":0.0,"count":0,"distance":0.0,"speed":0.0},{"calorie":0.0,"count":0,"distance":0.0,"speed":0.0},{"calorie":0.0,"count":0,"distance":0.0,"speed":0.0},{"calorie":0.0,"count":0,"distance":0.0,"speed":0.0},{"calorie":0.0,"count":0,"distance":0.0,"speed":0.0},{"calorie":0.0,"count":0,"distance":0.0,"speed":0.0},{"calorie":0.0,"count":0,"distance":0.0,"speed":0.0},{"calorie":0.0,"count":0,"distance":0.0,"speed":0.0},{"calorie":0.0,"count":0,"distance":0.0,"speed":0.0},{"calorie":0.0,"count":0,"distance":0.0,"speed":0.0},{"calorie":0.0,"count":0,"distance":0.0,"speed":0.0},{"calorie":0.0,"count":0,"distance":0.0,"speed":0.0},{"calorie":0.0,"count":0,"distance":0.0,"speed":0.0},{"calorie":0.0,"count":0,"distance":0.0,"speed":0.0}]