[{"calorie":0.0,"count":0,"distance":0.0,"speed":0.0},{"calorie":0.0,"count":0,"distance":0.0,"speed":0.0},{"calorie":0.0,"count":0,"distance":0.0,"speed":0.0},{"calorie":0.0,"count":0,"distance":0.0,"speed":0.0},{"calorie":0.0,"count":0,"distance":0.0,"speed":0.0},{"calorie":0.0,"count":0,"distance":0.0,"speed":0.0},{"calorie":0.0,"count":0,"distance":0.0,"speed":0.0},{"calorie":0.0,"count":0,"distance":0.0,"speed":0.0},{"calorie":0.0,"count":0,"distance":0.0,"speed":0.0},{"calorie":0.0,"count":0,"distance":0.0,"speed":0.0},{"calorie":0.0,"count":0,"distance":0.0,"speed":0.0},{"calorie":0.0,"count":0,"distance":0.0,"speed":0.0},{"calorie":0.0,"count":0,"distance":0.0,"speed":0.0},{"calorie":0.0,"count":0,"distance":0.0,"speed":0.0},{"calorie":0.0,"count":0,"distance":0.0,"speed":0.0},{"calorie":0.0,"count":0,"distance":0.0,"speed":0.0},{"calorie":0.0,"count":0,"distance":0.0,"speed":0.0},{"calorie":0.0,"count":0,"distance":0.0,"speed":0.0},{"calorie":0.0,"count":0,"distance":0.0,"speed":0.0},{"calorie":0.0,"count":0,"distance":0.0,"speed":0.0},{"calorie":0.0,"count":0,"distance":0.0,"speed":0.0},{"calorie":0.0,"count":0,"distance":0.0,"speed":0.0},{"calorie":0.0,"count":0,"distance":0.0,"speed":0.0},{"calorie":0.0,"count":0,"distance":0.0,"speed":0.0},{"calorie":0.0,"count":0,"distance":0.0,"speed":0.0},{"calorie":0.0,"count":0,"distance":0.0,"speed":0.0},{"calorie":0.0,"count":0,"distance":0.0,"speed":0.0},{"calorie":0.0,"count":0,"distance":0.0,"speed":0.0},{"calorie":0.0,"count":0,"distance":0.0,"speed":0.0},{"calorie":0.0,"count":0,"distance":0.0,"speed":0.0},{"calorie":0.0,"count":0,"distance":0.0,"speed":0.0},{"calorie":0.0,"count":0,"distance":0.0,"speed":0.0},{"calorie":0.0,"count":0,"distance":0.0,"speed":0.0},{"calorie":0.0,"count":0,"distance":0.0,"speed":0.0},{"calorie":0.0,"count":0,"distance":0.0,"speed":0.0},{"calorie":0.0,"count":0,"distance":0.0,"speed":0.0},{"calorie":0.0,"count":0,"distance":0.0,"speed":0.0},{"calorie":0.0,"count":0,"distance":0.0,"speed":0.0},{"calorie":0.0,"count":0,"distance":0.0,"speed":0.0},{"calorie":0.0,"count":0,"distance":0.0,"speed":0.0},{"calorie":0.0,"count":0,"distance":0.0,"speed":0.0},{"calorie":0.0,"count":0,"distance":0.0,"speed":0.0},{"calorie":0.0,"count":0,"distance":0.0,"speed":0.0},{"calorie":0.0,"count":0,"distance":0.0,"speed":0.0},{"calorie":0.0,"count":0,"distance":0.0,"speed":0.0},{"calorie":0.0,"count":0,"distance":0.0,"speed":0.0},{"calorie":0.0,"count":0,"distance":0.0,"speed":0.0},{"calorie":0.0,"count":0,"distance":0.0,"speed":0.0},{"calorie":4.730000019073486,"count":123,"distance":100.70000076293945,"speed":5.382617473602295},{"calorie":15.939999490976334,"count":473,"distance":361.46999740600586,"speed":5.392210483551025},{"calorie":0.0,"count":0,"distance":0.0,"speed":0.0},{"calorie":6.28000009059906,"count":181,"distance":136.4000015258789,"speed":4.809506893157959},{"calorie":2.4800000190734863,"count":65,"distance":49.09000110626221,"speed":4.500479221343994},{"calorie":0.0,"count":0,"distance":0.0,"speed":0.0},{"calorie":14.019999980926514,"count":378,"distance":285.83000659942627,"speed":4.833067893981934},{"calorie":4.739999994635582,"count":137,"distance":104.40999746322632,"speed":5.032676696777344},{"calorie":3.4699999522417784,"count":96,"distance":71.98999977111816,"speed":4.785830497741699},{"calorie":4.959999918937683,"count":141,"distance":107.2700023651123,"speed":5.088206768035889},{"calorie":3.409999966621399,"count":90,"distance":67.45999908447266,"speed":4.638736724853516},{"calorie":5.010000050067902,"count":147,"distance":111.92000102996826,"speed":5.107484817504883},{"calorie":10.910000056028366,"count":323,"distance":246.21000242233276,"speed":5.089325428009033},{"calorie":9.060000151395798,"count":247,"distance":187.14999985694885,"speed":4.85276460647583},{"calorie":4.149999916553497,"count":122,"distance":93.55000019073486,"speed":5.244166374206543},{"calorie":9.270000040531158,"count":249,"distance":186.0399980545044,"speed":4.49236536026001},{"calorie":9.710000038146973,"count":269,"distance":201.7899990081787,"speed":4.59074068069458},{"calorie":0.0,"count":0,"distance":0.0,"speed":0.0},{"calorie":6.940000027418137,"count":181,"distance":134.63999891281128,"speed":4.37603235244751},{"calorie":3.9800000190734863,"count":105,"distance":79.04000091552734,"speed":4.656617641448975},{"calorie":4.2400001883506775,"count":116,"distance":86.74999809265137,"speed":4.756505489349365},{"calorie":9.729999125003815,"count":231,"distance":165.47000217437744,"speed":4.634980201721191},{"calorie":2.0100000500679016,"count":52,"distance":37.910000801086426,"speed":4.155206203460693},{"calorie":0.0,"count":0,"distance":0.0,"speed":0.0},{"calorie":0.9199999868869781,"count":27,"distance":19.82999897003174,"speed":3.9903476238250732},{"calorie":4.769999802112579,"count":130,"distance":96.6899995803833,"speed":4.5411858558654785},{"calorie":0.8500000238418579,"count":23,"distance":17.229999542236328,"speed":4.400000095367432},{"calorie":0.5,"count":14,"distance":10.3100004196167,"speed":4.392951488494873},{"calorie":0.0,"count":0,"distance":0.0,"speed":0.0},{"calorie":0.0,"count":0,"distance":0.0,"speed":0.0},{"calorie":0.0,"count":0,"distance":0.0,"speed":0.0},{"calorie":0.0,"count":0,"distance":0.0,"speed":0.0},{"calorie":0.47999998927116394,"count":14,"distance":9.949999809265137,"speed":3.4000000953674316},{"calorie":0.0,"count":0,"distance":0.0,"speed":0.0},{"calorie":0.0,"count":0,"distance":0.0,"speed":0.0},{"calorie":4.719999969005585,"count":113,"distance":86.92000007629395,"speed":4.508633613586426},{"calorie":7.50999990105629,"count":200,"distance":147.87999820709229,"speed":4.241487979888916},{"calorie":5.499999945983291,"count":148,"distance":109.5999990105629,"speed":4.319742202758789},{"calorie":3.9199999570846558,"count":100,"distance":74.8799991607666,"speed":4.044501304626465},{"calorie":1.0800000131130219,"count":30,"distance":22.480000495910645,"speed":4.208009243011475},{"calorie":6.430000156164169,"count":176,"distance":132.19999885559082,"speed":4.682746410369873},{"calorie":5.5699989795684814,"count":157,"distance":118.07001113891602,"speed":4.793590068817139},{"calorie":8.719999372959137,"count":234,"distance":173.0200080871582,"speed":4.3108744621276855},{"calorie":9.479999840259552,"count":252,"distance":186.95999717712402,"speed":4.459417819976807},{"calorie":9.040000140666962,"count":247,"distance":183.51000213623047,"speed":4.437142848968506},{"calorie":3.290000081062317,"count":89,"distance":65.83000183105469,"speed":4.321417331695557},{"calorie":7.789999723434448,"count":208,"distance":163.6199951171875,"speed":5.235838890075684},{"calorie":4.569998800754547,"count":134,"distance":102.46000099182129,"speed":5.157161235809326},{"calorie":1.6699998378753662,"count":46,"distance":34.61000442504883,"speed":4.699211120605469},{"calorie":3.4999997913837433,"count":94,"distance":70.34000253677368,"speed":4.62408971786499},{"calorie":2.1800000220537186,"count":61,"distance":45.540000915527344,"speed":4.666172504425049},{"calorie":6.080000042915344,"count":166,"distance":123.45999813079834,"speed":4.540682792663574},{"calorie":0.0,"count":0,"distance":0.0,"speed":0.0},{"calorie":0.0,"count":0,"distance":0.0,"speed":0.0},{"calorie":0.0,"count":0,"distance":0.0,"speed":0.0},{"calorie":0.0,"count":0,"distance":0.0,"speed":0.0},{"calorie":1.8199999928474426,"count":48,"distance":35.88999938964844,"speed":4.549381256103516},{"calorie":1.2999999821186066,"count":36,"distance":27.450000762939453,"speed":5.06365966796875},{"calorie":0.0,"count":0,"distance":0.0,"speed":0.0},{"calorie":0.0,"count":0,"distance":0.0,"speed":0.0},{"calorie":0.0,"count":0,"distance":0.0,"speed":0.0},{"calorie":7.03999999165535,"count":187,"distance":139.8000030517578,"speed":4.619474411010742},{"calorie":3.849999725818634,"count":104,"distance":77.98000049591064,"speed":4.61590576171875},{"calorie":5.969999849796295,"count":159,"distance":117.79999446868896,"speed":4.327558517456055},{"calorie":0.6699999570846558,"count":18,"distance":13.130000114440918,"speed":4.058859825134277},{"calorie":0.0,"count":0,"distance":0.0,"speed":0.0},{"calorie":0.0,"count":0,"distance":0.0,"speed":0.0},{"calorie":0.0,"count":0,"distance":0.0,"speed":0.0},{"calorie":0.0,"count":0,"distance":0.0,"speed":0.0},{"calorie":0.0,"count":0,"distance":0.0,"speed":0.0},{"calorie":0.0,"count":0,"distance":0.0,"speed":0.0},{"calorie":1.0799999833106995,"count":29,"distance":20.860000610351562,"speed":3.7903597354888916},{"calorie":2.290000021457672,"count":59,"distance":43.96000099182129,"speed":4.597322940826416},{"calorie":1.8699999451637268,"count":49,"distance":36.31999969482422,"speed":4.563681602478027},{"calorie":0.0,"count":0,"distance":0.0,"speed":0.0},{"calorie":0.0,"count":0,"distance":0.0,"speed":0.0},{"calorie":0.0,"count":0,"distance":0.0,"speed":0.0},{"calorie":0.0,"count":0,"distance":0.0,"speed":0.0},{"calorie":0.0,"count":0,"distance":0.0,"speed":0.0},{"calorie":0.0,"count":0,"distance":0.0,"speed":0.0},{"calorie":0.0,"count":0,"distance":0.0,"speed":0.0},{"calorie":0.0,"count":0,"distance":0.0,"speed":0.0},{"calorie":0.0,"count":0,"distance":0.0,"speed":0.0},{"calorie":0.0,"count":0,"distance":0.0,"speed":0.0},{"calorie":0.0,"count":0,"distance":0.0,"speed":0.0},{"calorie":0.0,"count":0,"distance":0.0,"speed":0.0},{"calorie":0.0,"count":0,"distance":0.0,"speed":0.0},{"calorie":0.0,"count":0,"distance":0.0,"speed":0.0},{"calorie":0.0,"count":0,"distance":0.0,"speed":0.0},{"calorie":0.0,"count":0,"distance":0.0,"speed":0.0},{"calorie":0.0,"count":0,"distance":0.0,"speed":0.0},{"calorie":0.0,"count":0,"distance":0.0,"speed":0.0},{"calorie":2.8099998831748962,"count":75,"distance":55.55000114440918,"speed":4.276209354400635},{"calorie":2.0699999928474426,"count":56,"distance":41.0199990272522,"speed":3.9741268157958984},{"calorie":2.9800000190734863,"count":86,"distance":64.26000213623047,"speed":4.662830352783203},{"calorie":0.0,"count":0,"distance":0.0,"speed":0.0}]