[{"calorie":1.709999918937683,"count":63,"distance":40.53000068664551,"speed":3.904052257537842},{"calorie":0.0,"count":0,"distance":0.0,"speed":0.0},{"calorie":0.0,"count":0,"distance":0.0,"speed":0.0},{"calorie":0.0,"count":0,"distance":0.0,"speed":0.0},{"calorie":0.0,"count":0,"distance":0.0,"speed":0.0},{"calorie":0.0,"count":0,"distance":0.0,"speed":0.0},{"calorie":0.0,"count":0,"distance":0.0,"speed":0.0},{"calorie":0.0,"count":0,"distance":0.0,"speed":0.0},{"calorie":0.0,"count":0,"distance":0.0,"speed":0.0},{"calorie":0.0,"count":0,"distance":0.0,"speed":0.0},{"calorie":0.0,"count":0,"distance":0.0,"speed":0.0},{"calorie":0.0,"count":0,"distance":0.0,"speed":0.0},{"calorie":0.0,"count":0,"distance":0.0,"speed":0.0},{"calorie":0.0,"count":0,"distance":0.0,"speed":0.0},{"calorie":0.0,"count":0,"distance":0.0,"speed":0.0},{"calorie":0.0,"count":0,"distance":0.0,"speed":0.0},{"calorie":0.0,"count":0,"distance":0.0,"speed":0.0},{"calorie":0.0,"count":0,"distance":0.0,"speed":0.0},{"calorie":0.0,"count":0,"distance":0.0,"speed":0.0},{"calorie":0.0,"count":0,"distance":0.0,"speed":0.0},{"calorie":0.0,"count":0,"distance":0.0,"speed":0.0},{"calorie":0.0,"count":0,"distance":0.0,"speed":0.0},{"calorie":0.0,"count":0,"distance":0.0,"speed":0.0},{"calorie":0.0,"count":0,"distance":0.0,"speed":0.0},{"calorie":0.0,"count":0,"distance":0.0,"speed":0.0},{"calorie":0.0,"count":0,"distance":0.0,"speed":0.0},{"calorie":0.0,"count":0,"distance":0.0,"speed":0.0},{"calorie":0.0,"count":0,"distance":0.0,"speed":0.0},{"calorie":0.0,"count":0,"distance":0.0,"speed":0.0},{"calorie":0.0,"count":0,"distance":0.0,"speed":0.0},{"calorie":0.0,"count":0,"distance":0.0,"speed":0.0},{"calorie":0.0,"count":0,"distance":0.0,"speed":0.0},{"calorie":0.0,"count":0,"distance":0.0,"speed":0.0},{"calorie":0.0,"count":0,"distance":0.0,"speed":0.0},{"calorie":0.0,"count":0,"distance":0.0,"speed":0.0},{"calorie":0.0,"count":0,"distance":0.0,"speed":0.0},{"calorie":0.0,"count":0,"distance":0.0,"speed":0.0},{"calorie":0.0,"count":0,"distance":0.0,"speed":0.0},{"calorie":0.0,"count":0,"distance":0.0,"speed":0.0},{"calorie":0.0,"count":0,"distance":0.0,"speed":0.0},{"calorie":0.0,"count":0,"distance":0.0,"speed":0.0},{"calorie":0.0,"count":0,"distance":0.0,"speed":0.0},{"calorie":0.0,"count":0,"distance":0.0,"speed":0.0},{"calorie":0.0,"count":0,"distance":0.0,"speed":0.0},{"calorie":0.0,"count":0,"distance":0.0,"speed":0.0},{"calorie":0.0,"count":0,"distance":0.0,"speed":0.0},{"calorie":0.0,"count":0,"distance":0.0,"speed":0.0},{"calorie":0.0,"count":0,"distance":0.0,"speed":0.0},{"calorie":2.899999976158142,"count":101,"distance":69.57000160217285,"speed":4.327365875244141},{"calorie":2.129999965429306,"count":74,"distance":51.30999946594238,"speed":4.675041675567627},{"calorie":0.0,"count":0,"distance":0.0,"speed":0.0},{"calorie":0.0,"count":0,"distance":0.0,"speed":0.0},{"calorie":0.0,"count":0,"distance":0.0,"speed":0.0},{"calorie":0.0,"count":0,"distance":0.0,"speed":0.0},{"calorie":0.0,"count":0,"distance":0.0,"speed":0.0},{"calorie":0.0,"count":0,"distance":0.0,"speed":0.0},{"calorie":1.6199998557567596,"count":58,"distance":38.449997425079346,"speed":3.4887757301330566},{"calorie":0.0,"count":0,"distance":0.0,"speed":0.0},{"calorie":0.0,"count":0,"distance":0.0,"speed":0.0},{"calorie":0.0,"count":0,"distance":0.0,"speed":0.0},{"calorie":0.4099999964237213,"count":15,"distance":10.159999370574951,"speed":3.9014053344726562},{"calorie":0.0,"count":0,"distance":0.0,"speed":0.0},{"calorie":0.0,"count":0,"distance":0.0,"speed":0.0},{"calorie":0.0,"count":0,"distance":0.0,"speed":0.0},{"calorie":0.0,"count":0,"distance":0.0,"speed":0.0},{"calorie":2.919998288154602,"count":101,"distance":69.06001091003418,"speed":4.156890392303467},{"calorie":0.0,"count":0,"distance":0.0,"speed":0.0},{"calorie":0.0,"count":0,"distance":0.0,"speed":0.0},{"calorie":0.0,"count":0,"distance":0.0,"speed":0.0},{"calorie":2.1099996864795685,"count":76,"distance":50.14000129699707,"speed":3.5440783500671387},{"calorie":0.3499999940395355,"count":13,"distance":8.710000038146973,"speed":3.9076271057128906},{"calorie":3.749999985098839,"count":132,"distance":91.97000026702881,"speed":4.659746170043945},{"calorie":1.6999996304512024,"count":59,"distance":41.80999946594238,"speed":4.91989278793335},{"calorie":2.350000023841858,"count":87,"distance":59.260000228881836,"speed":4.016060829162598},{"calorie":1.199999988079071,"count":44,"distance":30.149999618530273,"speed":4.3428521156311035},{"calorie":0.8899999856948853,"count":35,"distance":24.140000343322754,"speed":4.317974090576172},{"calorie":0.0,"count":0,"distance":0.0,"speed":0.0},{"calorie":0.0,"count":0,"distance":0.0,"speed":0.0},{"calorie":0.23999999463558197,"count":9,"distance":6.089999675750732,"speed":4.193508625030518},{"calorie":0.0,"count":0,"distance":0.0,"speed":0.0},{"calorie":0.0,"count":0,"distance":0.0,"speed":0.0},{"calorie":0.0,"count":0,"distance":0.0,"speed":0.0},{"calorie":0.0,"count":0,"distance":0.0,"speed":0.0},{"calorie":1.340000033378601,"count":47,"distance":32.439998626708984,"speed":4.299999713897705},{"calorie":1.1399999856948853,"count":42,"distance":27.989999771118164,"speed":3.519944667816162},{"calorie":2.4200000166893005,"count":87,"distance":60.42000198364258,"speed":4.575060844421387},{"calorie":0.3999999761581421,"count":15,"distance":10.039999961853027,"speed":4.0973429679870605},{"calorie":0.0,"count":0,"distance":0.0,"speed":0.0},{"calorie":0.0,"count":0,"distance":0.0,"speed":0.0},{"calorie":0.0,"count":0,"distance":0.0,"speed":0.0},{"calorie":0.1599999964237213,"count":6,"distance":4.070000171661377,"speed":4.5},{"calorie":0.0,"count":0,"distance":0.0,"speed":0.0},{"calorie":0.0,"count":0,"distance":0.0,"speed":0.0},{"calorie":0.7600000202655792,"count":28,"distance":19.670000553131104,"speed":4.582302570343018},{"calorie":0.6899999976158142,"count":25,"distance":16.979999542236328,"speed":4.008519172668457},{"calorie":0.25,"count":9,"distance":6.100000381469727,"speed":4.253951072692871},{"calorie":0.0,"count":0,"distance":0.0,"speed":0.0},{"calorie":2.139999359846115,"count":77,"distance":51.66999387741089,"speed":3.7088348865509033},{"calorie":0.0,"count":0,"distance":0.0,"speed":0.0},{"calorie":0.0,"count":0,"distance":0.0,"speed":0.0},{"calorie":0.0,"count":0,"distance":0.0,"speed":0.0},{"calorie":0.0,"count":0,"distance":0.0,"speed":0.0},{"calorie":0.0,"count":0,"distance":0.0,"speed":0.0},{"calorie":0.21000000834465027,"count":8,"distance":5.640000343322754,"speed":4.709216594696045},{"calorie":0.0,"count":0,"distance":0.0,"speed":0.0},{"calorie":0.6399998664855957,"count":24,"distance":15.929999351501465,"speed":3.4836950302124023},{"calorie":1.590000033378601,"count":56,"distance":38.5,"speed":4.5},{"calorie":1.2699999809265137,"count":48,"distance":33.34999752044678,"speed":4.695944786071777},{"calorie":0.0,"count":0,"distance":0.0,"speed":0.0},{"calorie":0.0,"count":0,"distance":0.0,"speed":0.0},{"calorie":0.0,"count":0,"distance":0.0,"speed":0.0},{"calorie":0.0,"count":0,"distance":0.0,"speed":0.0},{"calorie":0.45000001043081284,"count":17,"distance":11.25,"speed":3.9234259128570557},{"calorie":1.1699999570846558,"count":42,"distance":28.790000915527344,"speed":4.400000095367432},{"calorie":0.6300000250339508,"count":23,"distance":15.37000036239624,"speed":3.577380895614624},{"calorie":2.0299999713897705,"count":71,"distance":47.72999954223633,"speed":3.8863980770111084},{"calorie":3.4499999284744263,"count":116,"distance":78.42999839782715,"speed":4.157528400421143},{"calorie":0.2799999937415123,"count":10,"distance":6.620000123977661,"speed":3.817643404006958},{"calorie":0.0,"count":0,"distance":0.0,"speed":0.0},{"calorie":0.0,"count":0,"distance":0.0,"speed":0.0},{"calorie":0.0,"count":0,"distance":0.0,"speed":0.0},{"calorie":0.0,"count":0,"distance":0.0,"speed":0.0},{"calorie":0.0,"count":0,"distance":0.0,"speed":0.0},{"calorie":0.0,"count":0,"distance":0.0,"speed":0.0},{"calorie":0.0,"count":0,"distance":0.0,"speed":0.0},{"calorie":0.36000001430511475,"count":14,"distance":9.329999923706055,"speed":4.0142717361450195},{"calorie":0.8400000035762787,"count":32,"distance":22.439998626708984,"speed":4.6673688888549805},{"calorie":3.259999930858612,"count":114,"distance":80.03000259399414,"speed":4.778098106384277},{"calorie":0.0,"count":0,"distance":0.0,"speed":0.0},{"calorie":0.0,"count":0,"distance":0.0,"speed":0.0},{"calorie":0.0,"count":0,"distance":0.0,"speed":0.0},{"calorie":0.0,"count":0,"distance":0.0,"speed":0.0},{"calorie":0.0,"count":0,"distance":0.0,"speed":0.0},{"calorie":0.0,"count":0,"distance":0.0,"speed":0.0},{"calorie":4.060000061988831,"count":138,"distance":93.5,"speed":4.062366485595703},{"calorie":1.2900000214576721,"count":46,"distance":31.600000381469727,"speed":4.399173736572266},{"calorie":0.9599997997283936,"count":34,"distance":22.459999084472656,"speed":3.535139322280884},{"calorie":0.0,"count":0,"distance":0.0,"speed":0.0},{"calorie":0.0,"count":0,"distance":0.0,"speed":0.0},{"calorie":0.0,"count":0,"distance":0.0,"speed":0.0},{"calorie":0.0,"count":0,"distance":0.0,"speed":0.0},{"calorie":0.0,"count":0,"distance":0.0,"speed":0.0},{"calorie":0.0,"count":0,"distance":0.0,"speed":0.0},{"calorie":0.0,"count":0,"distance":0.0,"speed":0.0}]