[{"calorie":0.0,"count":0,"distance":0.0,"speed":0.0},{"calorie":0.0,"count":0,"distance":0.0,"speed":0.0},{"calorie":0.0,"count":0,"distance":0.0,"speed":0.0},{"calorie":0.0,"count":0,"distance":0.0,"speed":0.0},{"calorie":0.0,"count":0,"distance":0.0,"speed":0.0},{"calorie":0.0,"count":0,"distance":0.0,"speed":0.0},{"calorie":0.0,"count":0,"distance":0.0,"speed":0.0},{"calorie":0.0,"count":0,"distance":0.0,"speed":0.0},{"calorie":0.0,"count":0,"distance":0.0,"speed":0.0},{"calorie":0.0,"count":0,"distance":0.0,"speed":0.0},{"calorie":0.0,"count":0,"distance":0.0,"speed":0.0},{"calorie":0.0,"count":0,"distance":0.0,"speed":0.0},{"calorie":0.0,"count":0,"distance":0.0,"speed":0.0},{"calorie":0.0,"count":0,"distance":0.0,"speed":0.0},{"calorie":0.0,"count":0,"distance":0.0,"speed":0.0},{"calorie":0.0,"count":0,"distance":0.0,"speed":0.0},{"calorie":0.0,"count":0,"distance":0.0,"speed":0.0},{"calorie":0.0,"count":0,"distance":0.0,"speed":0.0},{"calorie":0.0,"count":0,"distance":0.0,"speed":0.0},{"calorie":0.0,"count":0,"distance":0.0,"speed":0.0},{"calorie":0.0,"count":0,"distance":0.0,"speed":0.0},{"calorie":0.0,"count":0,"distance":0.0,"speed":0.0},{"calorie":0.0,"count":0,"distance":0.0,"speed":0.0},{"calorie":0.0,"count":0,"distance":0.0,"speed":0.0},{"calorie":0.0,"count":0,"distance":0.0,"speed":0.0},{"calorie":0.0,"count":0,"distance":0.0,"speed":0.0},{"calorie":0.0,"count":0,"distance":0.0,"speed":0.0},{"calorie":0.0,"count":0,"distance":0.0,"speed":0.0},{"calorie":0.0,"count":0,"distance":0.0,"speed":0.0},{"calorie":0.0,"count":0,"distance":0.0,"speed":0.0},{"calorie":0.0,"count":0,"distance":0.0,"speed":0.0},{"calorie":0.0,"count":0,"distance":0.0,"speed":0.0},{"calorie":0.0,"count":0,"distance":0.0,"speed":0.0},{"calorie":0.0,"count":0,"distance":0.0,"speed":0.0},{"calorie":0.0,"count":0,"distance":0.0,"speed":0.0},{"calorie":0.0,"count":0,"distance":0.0,"speed":0.0},{"calorie":0.0,"count":0,"distance":0.0,"speed":0.0},{"calorie":0.0,"count":0,"distance":0.0,"speed":0.0},{"calorie":2.1600000858306885,"count":43,"distance":31.059999465942383,"speed":4.5},{"calorie":13.169999837875366,"count":261,"distance":186.88000106811523,"speed":4.565013885498047},{"calorie":0.0,"count":0,"distance":0.0,"speed":0.0},{"calorie":0.0,"count":0,"distance":0.0,"speed":0.0},{"calorie":5.03000009059906,"count":100,"distance":69.73000144958496,"speed":4.597445487976074},{"calorie":3.7300000190734863,"count":73,"distance":52.239999771118164,"speed":4.597658157348633},{"calorie":0.9100000262260437,"count":18,"distance":12.84000015258789,"speed":4.5},{"calorie":0.0,"count":0,"distance":0.0,"speed":0.0},{"calorie":3.6499998569488525,"count":71,"distance":50.77999687194824,"speed":4.489131450653076},{"calorie":6.230000048875809,"count":121,"distance":85.39999771118164,"speed":4.076405048370361},{"calorie":0.0,"count":0,"distance":0.0,"speed":0.0},{"calorie":1.1100000143051147,"count":22,"distance":15.470000267028809,"speed":4.099999904632568},{"calorie":2.2699998915195465,"count":45,"distance":31.36000108718872,"speed":3.854775905609131},{"calorie":2.650000035762787,"count":52,"distance":36.769999504089355,"speed":4.082899570465088},{"calorie":0.8199999928474426,"count":16,"distance":11.510000228881836,"speed":4.600000381469727},{"calorie":0.0,"count":0,"distance":0.0,"speed":0.0},{"calorie":0.0,"count":0,"distance":0.0,"speed":0.0},{"calorie":0.0,"count":0,"distance":0.0,"speed":0.0},{"calorie":0.0,"count":0,"distance":0.0,"speed":0.0},{"calorie":4.080000162124634,"count":80,"distance":56.19999980926514,"speed":4.053779125213623},{"calorie":2.5199999809265137,"count":51,"distance":36.220001220703125,"speed":4.057467460632324},{"calorie":0.0,"count":0,"distance":0.0,"speed":0.0},{"calorie":0.0,"count":0,"distance":0.0,"speed":0.0},{"calorie":0.0,"count":0,"distance":0.0,"speed":0.0},{"calorie":16.279999136924744,"count":318,"distance":226.34999465942383,"speed":4.397651195526123},{"calorie":2.9800000190734863,"count":59,"distance":42.39999961853027,"speed":4.573861122131348},{"calorie":2.14000004529953,"count":42,"distance":29.799999237060547,"speed":4.136903762817383},{"calorie":0.0,"count":0,"distance":0.0,"speed":0.0},{"calorie":3.7999991178512573,"count":75,"distance":53.66999435424805,"speed":4.396285057067871},{"calorie":0.0,"count":0,"distance":0.0,"speed":0.0},{"calorie":0.0,"count":0,"distance":0.0,"speed":0.0},{"calorie":0.0,"count":0,"distance":0.0,"speed":0.0},{"calorie":0.0,"count":0,"distance":0.0,"speed":0.0},{"calorie":2.940000057220459,"count":58,"distance":42.11000156402588,"speed":4.788145542144775},{"calorie":12.240002870559692,"count":244,"distance":179.22005462646484,"speed":5.024775981903076},{"calorie":4.099999576807022,"count":77,"distance":55.07000398635864,"speed":4.206739902496338},{"calorie":0.0,"count":0,"distance":0.0,"speed":0.0},{"calorie":2.3300000429153442,"count":45,"distance":31.22000026702881,"speed":3.792957305908203},{"calorie":2.070000112056732,"count":40,"distance":27.919999599456787,"speed":3.939035415649414},{"calorie":0.4099999964237213,"count":8,"distance":5.940000057220459,"speed":6.099999904632568},{"calorie":0.0,"count":0,"distance":0.0,"speed":0.0},{"calorie":0.0,"count":0,"distance":0.0,"speed":0.0},{"calorie":0.0,"count":0,"distance":0.0,"speed":0.0},{"calorie":0.0,"count":0,"distance":0.0,"speed":0.0},{"calorie":2.8799994587898254,"count":57,"distance":40.29999923706055,"speed":4.146264553070068},{"calorie":0.89000004529953,"count":17,"distance":11.930000305175781,"speed":3.810398817062378},{"calorie":0.0,"count":0,"distance":0.0,"speed":0.0},{"calorie":3.0999999940395355,"count":61,"distance":43.92999982833862,"speed":4.3334574699401855},{"calorie":0.0,"count":0,"distance":0.0,"speed":0.0},{"calorie":0.0,"count":0,"distance":0.0,"speed":0.0},{"calorie":1.82999986410141,"count":36,"distance":27.19999599456787,"speed":5.124339580535889},{"calorie":0.3700000047683716,"count":7,"distance":4.829999923706055,"speed":3.6000001430511475},{"calorie":3.319999635219574,"count":65,"distance":45.59000205993652,"speed":3.937375545501709},{"calorie":4.620000004768372,"count":78,"distance":60.93000030517578,"speed":5.830329895019531},{"calorie":2.4699999392032623,"count":49,"distance":35.44000005722046,"speed":4.654494285583496},{"calorie":0.0,"count":0,"distance":0.0,"speed":0.0},{"calorie":0.0,"count":0,"distance":0.0,"speed":0.0},{"calorie":0.0,"count":0,"distance":0.0,"speed":0.0},{"calorie":0.0,"count":0,"distance":0.0,"speed":0.0},{"calorie":0.0,"count":0,"distance":0.0,"speed":0.0},{"calorie":0.0,"count":0,"distance":0.0,"speed":0.0},{"calorie":4.110000014305115,"count":80,"distance":56.80000019073486,"speed":4.646058082580566},{"calorie":11.400000095367432,"count":215,"distance":155.74000215530396,"speed":4.54243278503418},{"calorie":4.749999701976776,"count":93,"distance":65.89000797271729,"speed":4.331611156463623},{"calorie":0.0,"count":0,"distance":0.0,"speed":0.0},{"calorie":6.279998868703842,"count":126,"distance":90.3299732208252,"speed":4.542368412017822},{"calorie":0.8500000834465027,"count":17,"distance":11.729998588562012,"speed":3.7388534545898438},{"calorie":6.6000001430511475,"count":131,"distance":93.26999950408936,"speed":4.4839396476745605},{"calorie":0.0,"count":0,"distance":0.0,"speed":0.0},{"calorie":0.0,"count":0,"distance":0.0,"speed":0.0},{"calorie":4.5000001192092896,"count":89,"distance":64.09000015258789,"speed":4.63273286819458},{"calorie":0.0,"count":0,"distance":0.0,"speed":0.0},{"calorie":0.0,"count":0,"distance":0.0,"speed":0.0},{"calorie":1.310000091791153,"count":26,"distance":17.850000858306885,"speed":3.458880662918091},{"calorie":1.3200000524520874,"count":26,"distance":18.410001754760742,"speed":4.460573196411133},{"calorie":0.0,"count":0,"distance":0.0,"speed":0.0},{"calorie":0.0,"count":0,"distance":0.0,"speed":0.0},{"calorie":0.0,"count":0,"distance":0.0,"speed":0.0},{"calorie":0.0,"count":0,"distance":0.0,"speed":0.0},{"calorie":0.0,"count":0,"distance":0.0,"speed":0.0},{"calorie":7.560000017285347,"count":148,"distance":104.37999892234802,"speed":4.3635077476501465},{"calorie":5.740000128746033,"count":112,"distance":79.6299991607666,"speed":4.398921489715576},{"calorie":2.969999998807907,"count":59,"distance":42.47999906539917,"speed":4.628304958343506},{"calorie":0.0,"count":0,"distance":0.0,"speed":0.0},{"calorie":0.0,"count":0,"distance":0.0,"speed":0.0},{"calorie":0.0,"count":0,"distance":0.0,"speed":0.0},{"calorie":0.0,"count":0,"distance":0.0,"speed":0.0},{"calorie":0.0,"count":0,"distance":0.0,"speed":0.0},{"calorie":0.0,"count":0,"distance":0.0,"speed":0.0},{"calorie":0.0,"count":0,"distance":0.0,"speed":0.0},{"calorie":0.9300000071525574,"count":18,"distance":12.75,"speed":4.299999713897705},{"calorie":0.3100000023841858,"count":6,"distance":4.420000076293945,"speed":5.400000095367432},{"calorie":0.0,"count":0,"distance":0.0,"speed":0.0},{"calorie":0.0,"count":0,"distance":0.0,"speed":0.0},{"calorie":0.7500000596046448,"count":15,"distance":10.579999923706055,"speed":4.279487133026123},{"calorie":0.3100000023841858,"count":6,"distance":4.409999847412109,"speed":4.700000286102295},{"calorie":0.0,"count":0,"distance":0.0,"speed":0.0},{"calorie":0.0,"count":0,"distance":0.0,"speed":0.0},{"calorie":0.0,"count":0,"distance":0.0,"speed":0.0},{"calorie":0.0,"count":0,"distance":0.0,"speed":0.0},{"calorie":0.0,"count":0,"distance":0.0,"speed":0.0},{"calorie":2.9100001454353333,"count":56,"distance":39.03999853134155,"speed":3.9833271503448486},{"calorie":0.0,"count":0,"distance":0.0,"speed":0.0},{"calorie":0.0,"count":0,"distance":0.0,"speed":0.0},{"calorie":0.0,"count":0,"distance":0.0,"speed":0.0},{"calorie":0.0,"count":0,"distance":0.0,"speed":0.0}]