[{"calorie":0.0,"count":0,"distance":0.0,"speed":0.0},{"calorie":0.0,"count":0,"distance":0.0,"speed":0.0},{"calorie":0.0,"count":0,"distance":0.0,"speed":0.0},{"calorie":0.0,"count":0,"distance":0.0,"speed":0.0},{"calorie":0.0,"count":0,"distance":0.0,"speed":0.0},{"calorie":0.0,"count":0,"distance":0.0,"speed":0.0},{"calorie":0.0,"count":0,"distance":0.0,"speed":0.0},{"calorie":0.0,"count":0,"distance":0.0,"speed":0.0},{"calorie":0.0,"count":0,"distance":0.0,"speed":0.0},{"calorie":0.0,"count":0,"distance":0.0,"speed":0.0},{"calorie":0.0,"count":0,"distance":0.0,"speed":0.0},{"calorie":0.0,"count":0,"distance":0.0,"speed":0.0},{"calorie":0.0,"count":0,"distance":0.0,"speed":0.0},{"calorie":0.0,"count":0,"distance":0.0,"speed":0.0},{"calorie":0.0,"count":0,"distance":0.0,"speed":0.0},{"calorie":0.0,"count":0,"distance":0.0,"speed":0.0},{"calorie":0.0,"count":0,"distance":0.0,"speed":0.0},{"calorie":0.0,"count":0,"distance":0.0,"speed":0.0},{"calorie":0.0,"count":0,"distance":0.0,"speed":0.0},{"calorie":0.0,"count":0,"distance":0.0,"speed":0.0},{"calorie":0.0,"count":0,"distance":0.0,"speed":0.0},{"calorie":0.0,"count":0,"distance":0.0,"speed":0.0},{"calorie":0.0,"count":0,"distance":0.0,"speed":0.0},{"calorie":0.0,"count":0,"distance":0.0,"speed":0.0},{"calorie":0.0,"count":0,"distance":0.0,"speed":0.0},{"calorie":0.0,"count":0,"distance":0.0,"speed":0.0},{"calorie":0.0,"count":0,"distance":0.0,"speed":0.0},{"calorie":0.0,"count":0,"distance":0.0,"speed":0.0},{"calorie":0.0,"count":0,"distance":0.0,"speed":0.0},{"calorie":0.0,"count":0,"distance":0.0,"speed":0.0},{"calorie":0.0,"count":0,"distance":0.0,"speed":0.0},{"calorie":0.0,"count":0,"distance":0.0,"speed":0.0},{"calorie":0.0,"count":0,"distance":0.0,"speed":0.0},{"calorie":0.0,"count":0,"distance":0.0,"speed":0.0},{"calorie":0.0,"count":0,"distance":0.0,"speed":0.0},{"calorie":0.0,"count":0,"distance":0.0,"speed":0.0},{"calorie":0.0,"count":0,"distance":0.0,"speed":0.0},{"calorie":0.0,"count":0,"distance":0.0,"speed":0.0},{"calorie":0.0,"count":0,"distance":0.0,"speed":0.0},{"calorie":2.6899999380111694,"count":72,"distance":52.56999969482422,"speed":4.191956996917725},{"calorie":0.0,"count":0,"distance":0.0,"speed":0.0},{"calorie":6.289999902248383,"count":164,"distance":120.97999954223633,"speed":4.260074138641357},{"calorie":21.239998996257782,"count":471,"distance":325.74999952316284,"speed":5.2647833824157715},{"calorie":6.9999998807907104,"count":185,"distance":134.3700008392334,"speed":4.534881114959717},{"calorie":15.59000015258789,"count":370,"distance":270.5999984741211,"speed":4.945506572723389},{"calorie":0.0,"count":0,"distance":0.0,"speed":0.0},{"calorie":0.0,"count":0,"distance":0.0,"speed":0.0},{"calorie":3.4099994599819183,"count":93,"distance":69.69000387191772,"speed":4.519160747528076},{"calorie":3.010000079870224,"count":83,"distance":60.34000301361084,"speed":3.985628604888916},{"calorie":0.0,"count":0,"distance":0.0,"speed":0.0},{"calorie":0.0,"count":0,"distance":0.0,"speed":0.0},{"calorie":0.0,"count":0,"distance":0.0,"speed":0.0},{"calorie":0.0,"count":0,"distance":0.0,"speed":0.0},{"calorie":0.0,"count":0,"distance":0.0,"speed":0.0},{"calorie":0.0,"count":0,"distance":0.0,"speed":0.0},{"calorie":0.0,"count":0,"distance":0.0,"speed":0.0},{"calorie":2.2899999916553497,"count":61,"distance":45.51000118255615,"speed":4.375512599945068},{"calorie":1.100000023841858,"count":29,"distance":21.68000030517578,"speed":4.5},{"calorie":0.5900000035762787,"count":16,"distance":11.710000038146973,"speed":3.9015960693359375},{"calorie":0.0,"count":0,"distance":0.0,"speed":0.0},{"calorie":1.1399999856948853,"count":31,"distance":23.149999618530273,"speed":4.5},{"calorie":5.810000061988831,"count":155,"distance":115.98000144958496,"speed":4.566935062408447},{"calorie":5.759999394416809,"count":160,"distance":122.76000595092773,"speed":4.99599552154541},{"calorie":5.749998331069946,"count":152,"distance":113.43997192382812,"speed":4.43392276763916},{"calorie":4.049999952316284,"count":120,"distance":91.61000061035156,"speed":5.138649940490723},{"calorie":1.590000033378601,"count":44,"distance":33.65000057220459,"speed":5.070226192474365},{"calorie":2.4500001668930054,"count":66,"distance":49.86000061035156,"speed":4.62539005279541},{"calorie":0.0,"count":0,"distance":0.0,"speed":0.0},{"calorie":0.0,"count":0,"distance":0.0,"speed":0.0},{"calorie":0.0,"count":0,"distance":0.0,"speed":0.0},{"calorie":1.1399999856948853,"count":32,"distance":23.499999046325684,"speed":4.216403961181641},{"calorie":0.8199999928474426,"count":22,"distance":16.43000030517578,"speed":4.104341983795166},{"calorie":3.940000042319298,"count":107,"distance":78.66000080108643,"speed":4.068301677703857},{"calorie":0.0,"count":0,"distance":0.0,"speed":0.0},{"calorie":0.0,"count":0,"distance":0.0,"speed":0.0},{"calorie":0.0,"count":0,"distance":0.0,"speed":0.0},{"calorie":0.0,"count":0,"distance":0.0,"speed":0.0},{"calorie":0.0,"count":0,"distance":0.0,"speed":0.0},{"calorie":0.0,"count":0,"distance":0.0,"speed":0.0},{"calorie":0.9800001382827759,"count":27,"distance":20.3700008392334,"speed":4.709988117218018},{"calorie":0.0,"count":0,"distance":0.0,"speed":0.0},{"calorie":0.20999999344348907,"count":6,"distance":4.489999771118164,"speed":4.600000381469727},{"calorie":0.0,"count":0,"distance":0.0,"speed":0.0},{"calorie":0.4599999487400055,"count":12,"distance":8.449999809265137,"speed":3.3793373107910156},{"calorie":4.700000107288361,"count":125,"distance":92.47999954223633,"speed":4.328418731689453},{"calorie":1.7599999159574509,"count":48,"distance":35.339999198913574,"speed":4.133620738983154},{"calorie":0.7400000691413879,"count":20,"distance":14.970000267028809,"speed":4.330926895141602},{"calorie":0.0,"count":0,"distance":0.0,"speed":0.0},{"calorie":1.1600001156330109,"count":31,"distance":22.02999973297119,"speed":3.49595046043396},{"calorie":1.6700000762939453,"count":44,"distance":32.02999973297119,"speed":3.8974850177764893},{"calorie":0.0,"count":0,"distance":0.0,"speed":0.0},{"calorie":0.0,"count":0,"distance":0.0,"speed":0.0},{"calorie":1.4499999582767487,"count":40,"distance":29.509998321533203,"speed":4.296871185302734},{"calorie":0.0,"count":0,"distance":0.0,"speed":0.0},{"calorie":2.679999828338623,"count":70,"distance":50.9999885559082,"speed":3.998155117034912},{"calorie":1.3299999237060547,"count":37,"distance":27.260000228881836,"speed":3.9463753700256348},{"calorie":1.6599997878074646,"count":44,"distance":32.70999717712402,"speed":4.408165454864502},{"calorie":0.0,"count":0,"distance":0.0,"speed":0.0},{"calorie":0.0,"count":0,"distance":0.0,"speed":0.0},{"calorie":2.109999895095825,"count":59,"distance":44.56999969482422,"speed":4.900000095367432},{"calorie":2.6100000143051147,"count":70,"distance":51.839999198913574,"speed":4.496415615081787},{"calorie":2.489999830722809,"count":68,"distance":50.30999755859375,"speed":4.301772594451904},{"calorie":0.0,"count":0,"distance":0.0,"speed":0.0},{"calorie":0.0,"count":0,"distance":0.0,"speed":0.0},{"calorie":0.0,"count":0,"distance":0.0,"speed":0.0},{"calorie":0.25999999046325684,"count":7,"distance":4.920000076293945,"speed":3.5},{"calorie":2.92999991774559,"count":79,"distance":57.929999351501465,"speed":4.220427513122559},{"calorie":0.4699999988079071,"count":13,"distance":9.489999771118164,"speed":3.9540600776672363},{"calorie":6.419999897480011,"count":164,"distance":121.4799976348877,"speed":3.864414930343628},{"calorie":3.1699999570846558,"count":87,"distance":63.829997062683105,"speed":4.174590110778809},{"calorie":1.2899999022483826,"count":34,"distance":26.58000087738037,"speed":5.015350818634033},{"calorie":0.0,"count":0,"distance":0.0,"speed":0.0},{"calorie":0.2199999988079071,"count":6,"distance":4.360000133514404,"speed":4.299999713897705},{"calorie":0.0,"count":0,"distance":0.0,"speed":0.0},{"calorie":0.0,"count":0,"distance":0.0,"speed":0.0},{"calorie":0.23999999463558197,"count":7,"distance":5.510000228881836,"speed":5.999999523162842},{"calorie":0.0,"count":0,"distance":0.0,"speed":0.0},{"calorie":0.0,"count":0,"distance":0.0,"speed":0.0},{"calorie":0.0,"count":0,"distance":0.0,"speed":0.0},{"calorie":0.41999995708465576,"count":11,"distance":7.709999084472656,"speed":3.1999995708465576},{"calorie":0.0,"count":0,"distance":0.0,"speed":0.0},{"calorie":1.7499998807907104,"count":47,"distance":34.36999988555908,"speed":4.24533748626709},{"calorie":0.0,"count":0,"distance":0.0,"speed":0.0},{"calorie":0.20999999344348907,"count":6,"distance":4.46999979019165,"speed":4.299999713897705},{"calorie":0.4999999701976776,"count":14,"distance":10.550000190734863,"speed":4.958086967468262},{"calorie":0.0,"count":0,"distance":0.0,"speed":0.0},{"calorie":0.0,"count":0,"distance":0.0,"speed":0.0},{"calorie":0.0,"count":0,"distance":0.0,"speed":0.0},{"calorie":0.0,"count":0,"distance":0.0,"speed":0.0},{"calorie":0.0,"count":0,"distance":0.0,"speed":0.0},{"calorie":0.0,"count":0,"distance":0.0,"speed":0.0},{"calorie":6.040000021457672,"count":167,"distance":127.25000190734863,"speed":4.9904465675354},{"calorie":0.0,"count":0,"distance":0.0,"speed":0.0},{"calorie":0.0,"count":0,"distance":0.0,"speed":0.0},{"calorie":2.3599995970726013,"count":64,"distance":47.54999351501465,"speed":4.266389846801758},{"calorie":0.0,"count":0,"distance":0.0,"speed":0.0},{"calorie":0.0,"count":0,"distance":0.0,"speed":0.0},{"calorie":0.0,"count":0,"distance":0.0,"speed":0.0},{"calorie":0.0,"count":0,"distance":0.0,"speed":0.0},{"calorie":0.0,"count":0,"distance":0.0,"speed":0.0},{"calorie":0.0,"count":0,"distance":0.0,"speed":0.0},{"calorie":0.0,"count":0,"distance":0.0,"speed":0.0},{"calorie":0.0,"count":0,"distance":0.0,"speed":0.0},{"calorie":0.0,"count":0,"distance":0.0,"speed":0.0}]