[{"calorie":0.0,"count":0,"distance":0.0,"speed":0.0},{"calorie":0.0,"count":0,"distance":0.0,"speed":0.0},{"calorie":0.0,"count":0,"distance":0.0,"speed":0.0},{"calorie":0.0,"count":0,"distance":0.0,"speed":0.0},{"calorie":0.0,"count":0,"distance":0.0,"speed":0.0},{"calorie":0.0,"count":0,"distance":0.0,"speed":0.0},{"calorie":0.0,"count":0,"distance":0.0,"speed":0.0},{"calorie":0.0,"count":0,"distance":0.0,"speed":0.0},{"calorie":0.0,"count":0,"distance":0.0,"speed":0.0},{"calorie":0.0,"count":0,"distance":0.0,"speed":0.0},{"calorie":0.0,"count":0,"distance":0.0,"speed":0.0},{"calorie":0.0,"count":0,"distance":0.0,"speed":0.0},{"calorie":0.0,"count":0,"distance":0.0,"speed":0.0},{"calorie":0.0,"count":0,"distance":0.0,"speed":0.0},{"calorie":0.0,"count":0,"distance":0.0,"speed":0.0},{"calorie":0.0,"count":0,"distance":0.0,"speed":0.0},{"calorie":0.0,"count":0,"distance":0.0,"speed":0.0},{"calorie":0.0,"count":0,"distance":0.0,"speed":0.0},{"calorie":0.0,"count":0,"distance":0.0,"speed":0.0},{"calorie":0.0,"count":0,"distance":0.0,"speed":0.0},{"calorie":0.0,"count":0,"distance":0.0,"speed":0.0},{"calorie":0.0,"count":0,"distance":0.0,"speed":0.0},{"calorie":0.0,"count":0,"distance":0.0,"speed":0.0},{"calorie":0.0,"count":0,"distance":0.0,"speed":0.0},{"calorie":0.0,"count":0,"distance":0.0,"speed":0.0},{"calorie":0.0,"count":0,"distance":0.0,"speed":0.0},{"calorie":0.0,"count":0,"distance":0.0,"speed":0.0},{"calorie":0.0,"count":0,"distance":0.0,"speed":0.0},{"calorie":0.0,"count":0,"distance":0.0,"speed":0.0},{"calorie":0.0,"count":0,"distance":0.0,"speed":0.0},{"calorie":0.0,"count":0,"distance":0.0,"speed":0.0},{"calorie":0.0,"count":0,"distance":0.0,"speed":0.0},{"calorie":0.0,"count":0,"distance":0.0,"speed":0.0},{"calorie":0.0,"count":0,"distance":0.0,"speed":0.0},{"calorie":0.0,"count":0,"distance":0.0,"speed":0.0},{"calorie":0.0,"count":0,"distance":0.0,"speed":0.0},{"calorie":0.0,"count":0,"distance":0.0,"speed":0.0},{"calorie":0.0,"count":0,"distance":0.0,"speed":0.0},{"calorie":4.2799999713897705,"count":84,"distance":59.000000953674316,"speed":4.1404709815979},{"calorie":12.150000154972076,"count":241,"distance":170.64000177383423,"speed":4.3798933029174805},{"calorie":0.0,"count":0,"distance":0.0,"speed":0.0},{"calorie":2.230000078678131,"count":44,"distance":31.15999984741211,"speed":4.235091209411621},{"calorie":0.0,"count":0,"distance":0.0,"speed":0.0},{"calorie":0.0,"count":0,"distance":0.0,"speed":0.0},{"calorie":0.0,"count":0,"distance":0.0,"speed":0.0},{"calorie":2.5199997425079346,"count":50,"distance":35.22999572753906,"speed":4.202315807342529},{"calorie":0.0,"count":0,"distance":0.0,"speed":0.0},{"calorie":0.0,"count":0,"distance":0.0,"speed":0.0},{"calorie":0.0,"count":0,"distance":0.0,"speed":0.0},{"calorie":0.0,"count":0,"distance":0.0,"speed":0.0},{"calorie":0.0,"count":0,"distance":0.0,"speed":0.0},{"calorie":0.0,"count":0,"distance":0.0,"speed":0.0},{"calorie":0.0,"count":0,"distance":0.0,"speed":0.0},{"calorie":0.0,"count":0,"distance":0.0,"speed":0.0},{"calorie":0.0,"count":0,"distance":0.0,"speed":0.0},{"calorie":0.0,"count":0,"distance":0.0,"speed":0.0},{"calorie":0.0,"count":0,"distance":0.0,"speed":0.0},{"calorie":0.0,"count":0,"distance":0.0,"speed":0.0},{"calorie":0.0,"count":0,"distance":0.0,"speed":0.0},{"calorie":0.0,"count":0,"distance":0.0,"speed":0.0},{"calorie":0.0,"count":0,"distance":0.0,"speed":0.0},{"calorie":3.4300000071525574,"count":67,"distance":47.16999816894531,"speed":4.136162281036377},{"calorie":4.660000115633011,"count":92,"distance":65.76000022888184,"speed":4.447946548461914},{"calorie":12.21999967098236,"count":242,"distance":171.53000736236572,"speed":4.299541473388672},{"calorie":2.1299999952316284,"count":42,"distance":30.6899995803833,"speed":4.80910587310791},{"calorie":13.499999284744263,"count":268,"distance":189.0999984741211,"speed":4.208062648773193},{"calorie":11.619998812675476,"count":231,"distance":164.21997833251953,"speed":4.375063419342041},{"calorie":2.129999876022339,"count":42,"distance":30.21000099182129,"speed":4.792675495147705},{"calorie":9.680000126361847,"count":190,"distance":136.0,"speed":4.534271717071533},{"calorie":0.0,"count":0,"distance":0.0,"speed":0.0},{"calorie":0.7799999713897705,"count":15,"distance":10.569999694824219,"speed":4.199999809265137},{"calorie":4.270000070333481,"count":84,"distance":59.630001068115234,"speed":4.2931108474731445},{"calorie":11.840000867843628,"count":236,"distance":170.18000030517578,"speed":4.602247714996338},{"calorie":0.0,"count":0,"distance":0.0,"speed":0.0},{"calorie":0.0,"count":0,"distance":0.0,"speed":0.0},{"calorie":0.0,"count":0,"distance":0.0,"speed":0.0},{"calorie":0.0,"count":0,"distance":0.0,"speed":0.0},{"calorie":0.0,"count":0,"distance":0.0,"speed":0.0},{"calorie":4.92999792098999,"count":98,"distance":70.29999351501465,"speed":4.5564165115356445},{"calorie":0.0,"count":0,"distance":0.0,"speed":0.0},{"calorie":0.0,"count":0,"distance":0.0,"speed":0.0},{"calorie":0.0,"count":0,"distance":0.0,"speed":0.0},{"calorie":0.0,"count":0,"distance":0.0,"speed":0.0},{"calorie":0.0,"count":0,"distance":0.0,"speed":0.0},{"calorie":0.0,"count":0,"distance":0.0,"speed":0.0},{"calorie":0.0,"count":0,"distance":0.0,"speed":0.0},{"calorie":0.0,"count":0,"distance":0.0,"speed":0.0},{"calorie":0.0,"count":0,"distance":0.0,"speed":0.0},{"calorie":4.28999999165535,"count":84,"distance":59.09000062942505,"speed":4.070199489593506},{"calorie":0.0,"count":0,"distance":0.0,"speed":0.0},{"calorie":0.0,"count":0,"distance":0.0,"speed":0.0},{"calorie":0.5199999809265137,"count":10,"distance":6.869999885559082,"speed":3.799999952316284},{"calorie":2.439999997615814,"count":48,"distance":33.86999988555908,"speed":4.20336389541626},{"calorie":0.0,"count":0,"distance":0.0,"speed":0.0},{"calorie":0.0,"count":0,"distance":0.0,"speed":0.0},{"calorie":0.0,"count":0,"distance":0.0,"speed":0.0},{"calorie":0.0,"count":0,"distance":0.0,"speed":0.0},{"calorie":0.0,"count":0,"distance":0.0,"speed":0.0},{"calorie":0.0,"count":0,"distance":0.0,"speed":0.0},{"calorie":0.0,"count":0,"distance":0.0,"speed":0.0},{"calorie":0.0,"count":0,"distance":0.0,"speed":0.0},{"calorie":12.06000006198883,"count":240,"distance":174.3400001525879,"speed":4.819176197052002},{"calorie":3.3899990618228912,"count":67,"distance":48.61999845504761,"speed":5.000040531158447},{"calorie":2.760000228881836,"count":54,"distance":37.449997425079346,"speed":3.8530876636505127},{"calorie":0.0,"count":0,"distance":0.0,"speed":0.0},{"calorie":3.9199999570846558,"count":77,"distance":52.91999816894531,"speed":3.6101126670837402},{"calorie":5.879999835044146,"count":115,"distance":81.04999727010727,"speed":4.107229232788086},{"calorie":0.46000003814697266,"count":9,"distance":6.380000114440918,"speed":4.214564323425293},{"calorie":0.0,"count":0,"distance":0.0,"speed":0.0},{"calorie":0.36000001430511475,"count":7,"distance":4.920000076293945,"speed":3.9386258125305176},{"calorie":7.939998030662537,"count":156,"distance":108.9799861907959,"speed":3.9106345176696777},{"calorie":0.0,"count":0,"distance":0.0,"speed":0.0},{"calorie":0.0,"count":0,"distance":0.0,"speed":0.0},{"calorie":0.0,"count":0,"distance":0.0,"speed":0.0},{"calorie":0.0,"count":0,"distance":0.0,"speed":0.0},{"calorie":0.0,"count":0,"distance":0.0,"speed":0.0},{"calorie":0.0,"count":0,"distance":0.0,"speed":0.0},{"calorie":0.0,"count":0,"distance":0.0,"speed":0.0},{"calorie":0.0,"count":0,"distance":0.0,"speed":0.0},{"calorie":0.0,"count":0,"distance":0.0,"speed":0.0},{"calorie":0.3100000023841858,"count":6,"distance":4.199999809265137,"speed":3.6000001430511475},{"calorie":0.8700001239776611,"count":17,"distance":11.75999927520752,"speed":3.7560577392578125},{"calorie":1.1400001049041748,"count":22,"distance":15.019998550415039,"speed":3.4876134395599365},{"calorie":0.0,"count":0,"distance":0.0,"speed":0.0},{"calorie":0.4800000488758087,"count":9,"distance":6.039999961853027,"speed":3.151473045349121},{"calorie":0.0,"count":0,"distance":0.0,"speed":0.0},{"calorie":1.57999986410141,"count":31,"distance":21.739999294281006,"speed":3.9529004096984863},{"calorie":2.2099997997283936,"count":43,"distance":30.33999538421631,"speed":3.9363603591918945},{"calorie":0.0,"count":0,"distance":0.0,"speed":0.0},{"calorie":0.7800000309944153,"count":15,"distance":10.460000038146973,"speed":3.816896677017212},{"calorie":0.0,"count":0,"distance":0.0,"speed":0.0},{"calorie":0.0,"count":0,"distance":0.0,"speed":0.0},{"calorie":0.0,"count":0,"distance":0.0,"speed":0.0},{"calorie":0.0,"count":0,"distance":0.0,"speed":0.0},{"calorie":0.0,"count":0,"distance":0.0,"speed":0.0},{"calorie":0.0,"count":0,"distance":0.0,"speed":0.0},{"calorie":0.0,"count":0,"distance":0.0,"speed":0.0},{"calorie":0.0,"count":0,"distance":0.0,"speed":0.0},{"calorie":0.0,"count":0,"distance":0.0,"speed":0.0},{"calorie":0.0,"count":0,"distance":0.0,"speed":0.0},{"calorie":0.0,"count":0,"distance":0.0,"speed":0.0},{"calorie":0.0,"count":0,"distance":0.0,"speed":0.0},{"calorie":0.0,"count":0,"distance":0.0,"speed":0.0},{"calorie":0.0,"count":0,"distance":0.0,"speed":0.0}]