[{"calorie":0.0,"count":0,"distance":0.0,"speed":0.0},{"calorie":0.0,"count":0,"distance":0.0,"speed":0.0},{"calorie":0.0,"count":0,"distance":0.0,"speed":0.0},{"calorie":0.0,"count":0,"distance":0.0,"speed":0.0},{"calorie":0.0,"count":0,"distance":0.0,"speed":0.0},{"calorie":0.0,"count":0,"distance":0.0,"speed":0.0},{"calorie":0.0,"count":0,"distance":0.0,"speed":0.0},{"calorie":0.0,"count":0,"distance":0.0,"speed":0.0},{"calorie":0.0,"count":0,"distance":0.0,"speed":0.0},{"calorie":0.0,"count":0,"distance":0.0,"speed":0.0},{"calorie":0.0,"count":0,"distance":0.0,"speed":0.0},{"calorie":0.0,"count":0,"distance":0.0,"speed":0.0},{"calorie":0.0,"count":0,"distance":0.0,"speed":0.0},{"calorie":0.0,"count":0,"distance":0.0,"speed":0.0},{"calorie":0.0,"count":0,"distance":0.0,"speed":0.0},{"calorie":0.0,"count":0,"distance":0.0,"speed":0.0},{"calorie":0.0,"count":0,"distance":0.0,"speed":0.0},{"calorie":0.0,"count":0,"distance":0.0,"speed":0.0},{"calorie":0.0,"count":0,"distance":0.0,"speed":0.0},{"calorie":0.0,"count":0,"distance":0.0,"speed":0.0},{"calorie":0.0,"count":0,"distance":0.0,"speed":0.0},{"calorie":0.0,"count":0,"distance":0.0,"speed":0.0},{"calorie":0.0,"count":0,"distance":0.0,"speed":0.0},{"calorie":0.0,"count":0,"distance":0.0,"speed":0.0},{"calorie":0.0,"count":0,"distance":0.0,"speed":0.0},{"calorie":0.0,"count":0,"distance":0.0,"speed":0.0},{"calorie":0.0,"count":0,"distance":0.0,"speed":0.0},{"calorie":0.0,"count":0,"distance":0.0,"speed":0.0},{"calorie":0.0,"count":0,"distance":0.0,"speed":0.0},{"calorie":0.0,"count":0,"distance":0.0,"speed":0.0},{"calorie":0.0,"count":0,"distance":0.0,"speed":0.0},{"calorie":0.0,"count":0,"distance":0.0,"speed":0.0},{"calorie":0.0,"count":0,"distance":0.0,"speed":0.0},{"calorie":0.0,"count":0,"distance":0.0,"speed":0.0},{"calorie":0.0,"count":0,"distance":0.0,"speed":0.0},{"calorie":0.0,"count":0,"distance":0.0,"speed":0.0},{"calorie":0.0,"count":0,"distance":0.0,"speed":0.0},{"calorie":0.0,"count":0,"distance":0.0,"speed":0.0},{"calorie":0.0,"count":0,"distance":0.0,"speed":0.0},{"calorie":0.0,"count":0,"distance":0.0,"speed":0.0},{"calorie":0.0,"count":0,"distance":0.0,"speed":0.0},{"calorie":0.0,"count":0,"distance":0.0,"speed":0.0},{"calorie":0.0,"count":0,"distance":0.0,"speed":0.0},{"calorie":0.0,"count":0,"distance":0.0,"speed":0.0},{"calorie":0.0,"count":0,"distance":0.0,"speed":0.0},{"calorie":0.0,"count":0,"distance":0.0,"speed":0.0},{"calorie":0.0,"count":0,"distance":0.0,"speed":0.0},{"calorie":0.0,"count":0,"distance":0.0,"speed":0.0},{"calorie":3.9299999475479126,"count":104,"distance":77.68000030517578,"speed":4.4719085693359375},{"calorie":11.99999988079071,"count":318,"distance":232.23000144958496,"speed":3.8775973320007324},{"calorie":7.799999713897705,"count":220,"distance":165.9900026321411,"speed":4.793437957763672},{"calorie":6.780000001192093,"count":188,"distance":140.8299970626831,"speed":4.606785297393799},{"calorie":8.219998717308044,"count":227,"distance":170.61998414993286,"speed":4.687057018280029},{"calorie":1.8799999356269836,"count":54,"distance":40.420000076293945,"speed":4.703309059143066},{"calorie":8.749999970197678,"count":236,"distance":176.49999856948853,"speed":4.583226203918457},{"calorie":12.609999775886536,"count":344,"distance":258.5499973297119,"speed":4.7252092361450195},{"calorie":17.059998989105225,"count":474,"distance":358.7199897766113,"speed":4.940759658813477},{"calorie":5.060000076889992,"count":136,"distance":101.37000274658203,"speed":4.406646251678467},{"calorie":0.8799999952316284,"count":26,"distance":19.420000076293945,"speed":4.4398088455200195},{"calorie":8.550000041723251,"count":234,"distance":174.83000135421753,"speed":4.602956771850586},{"calorie":0.75,"count":20,"distance":14.890000104904175,"speed":4.213015079498291},{"calorie":7.109999895095825,"count":192,"distance":145.57000350952148,"speed":4.847173690795898},{"calorie":5.34000039100647,"count":154,"distance":116.27999973297119,"speed":4.847958564758301},{"calorie":14.26999968290329,"count":357,"distance":300.18999671936035,"speed":6.601428508758545},{"calorie":6.190000116825104,"count":192,"distance":149.70999908447266,"speed":5.402220726013184},{"calorie":0.8699999749660492,"count":24,"distance":17.93000030517578,"speed":4.553305149078369},{"calorie":0.0,"count":0,"distance":0.0,"speed":0.0},{"calorie":0.0,"count":0,"distance":0.0,"speed":0.0},{"calorie":4.990000054240227,"count":135,"distance":101.35999584197998,"speed":4.598362922668457},{"calorie":0.0,"count":0,"distance":0.0,"speed":0.0},{"calorie":0.0,"count":0,"distance":0.0,"speed":0.0},{"calorie":6.8399999141693115,"count":177,"distance":131.27999782562256,"speed":4.3559370040893555},{"calorie":0.25,"count":7,"distance":5.139999866485596,"speed":3.799999952316284},{"calorie":0.25,"count":7,"distance":5.400000095367432,"speed":5.600000381469727},{"calorie":3.0,"count":87,"distance":65.54999923706055,"speed":4.586728572845459},{"calorie":0.6700000166893005,"count":19,"distance":14.069999694824219,"speed":4.405148506164551},{"calorie":6.399999976158142,"count":179,"distance":134.81999969482422,"speed":4.734611988067627},{"calorie":0.0,"count":0,"distance":0.0,"speed":0.0},{"calorie":0.0,"count":0,"distance":0.0,"speed":0.0},{"calorie":0.0,"count":0,"distance":0.0,"speed":0.0},{"calorie":0.0,"count":0,"distance":0.0,"speed":0.0},{"calorie":0.0,"count":0,"distance":0.0,"speed":0.0},{"calorie":0.0,"count":0,"distance":0.0,"speed":0.0},{"calorie":1.4099999368190765,"count":41,"distance":30.39000129699707,"speed":4.579380035400391},{"calorie":2.3100000619888306,"count":69,"distance":52.28999996185303,"speed":5.122360706329346},{"calorie":3.099999964237213,"count":92,"distance":69.95999908447266,"speed":4.928513526916504},{"calorie":6.419999420642853,"count":192,"distance":146.47000885009766,"speed":5.167221546173096},{"calorie":7.709999904036522,"count":215,"distance":162.73999977111816,"speed":4.889209747314453},{"calorie":5.620000004768372,"count":157,"distance":119.25999927520752,"speed":4.997801780700684},{"calorie":4.350000023841858,"count":128,"distance":96.97000074386597,"speed":4.793959140777588},{"calorie":0.3700000047683716,"count":10,"distance":7.449999809265137,"speed":4.5},{"calorie":0.0,"count":0,"distance":0.0,"speed":0.0},{"calorie":0.25,"count":7,"distance":5.21999979019165,"speed":4.400000095367432},{"calorie":1.3899999856948853,"count":37,"distance":27.03999900817871,"speed":4.047367095947266},{"calorie":1.459999918937683,"count":38,"distance":27.739999771118164,"speed":4.073113441467285},{"calorie":2.430000126361847,"count":64,"distance":47.20999765396118,"speed":4.317080020904541},{"calorie":1.5499999821186066,"count":42,"distance":32.12000036239624,"speed":5.067667007446289},{"calorie":1.8199999928474426,"count":49,"distance":36.55000114440918,"speed":4.599276065826416},{"calorie":10.559999346733093,"count":294,"distance":223.24998092651367,"speed":5.003882884979248},{"calorie":10.309999585151672,"count":282,"distance":211.35000658035278,"speed":4.5171427726745605},{"calorie":2.7899997234344482,"count":77,"distance":57.94000434875488,"speed":4.824465274810791},{"calorie":0.0,"count":0,"distance":0.0,"speed":0.0},{"calorie":1.970000147819519,"count":51,"distance":37.149993896484375,"speed":4.036785125732422},{"calorie":5.96999990940094,"count":160,"distance":120.10999870300293,"speed":4.722758769989014},{"calorie":2.1699999272823334,"count":59,"distance":43.959999084472656,"speed":4.55915641784668},{"calorie":4.810000061988831,"count":125,"distance":93.68999862670898,"speed":4.498347282409668},{"calorie":3.600000023841858,"count":97,"distance":72.63000297546387,"speed":4.519162178039551},{"calorie":4.050000011920929,"count":109,"distance":80.33999919891357,"speed":4.348747730255127},{"calorie":3.7699999809265137,"count":100,"distance":73.50999975204468,"speed":4.004937648773193},{"calorie":2.930000051856041,"count":78,"distance":57.07000017166138,"speed":3.747380495071411},{"calorie":4.13000001013279,"count":111,"distance":82.22999787330627,"speed":4.463661193847656},{"calorie":0.47999998927116394,"count":14,"distance":10.140000343322754,"speed":3.892726421356201},{"calorie":0.0,"count":0,"distance":0.0,"speed":0.0},{"calorie":0.0,"count":0,"distance":0.0,"speed":0.0},{"calorie":2.5800002217292786,"count":69,"distance":51.24000072479248,"speed":4.406742095947266},{"calorie":2.4700000286102295,"count":74,"distance":56.189998626708984,"speed":4.967087745666504},{"calorie":7.459999918937683,"count":192,"distance":144.18999862670898,"speed":4.642463684082031},{"calorie":5.460000038146973,"count":141,"distance":104.26999855041504,"speed":4.367401123046875},{"calorie":0.0,"count":0,"distance":0.0,"speed":0.0},{"calorie":0.0,"count":0,"distance":0.0,"speed":0.0},{"calorie":0.0,"count":0,"distance":0.0,"speed":0.0},{"calorie":0.0,"count":0,"distance":0.0,"speed":0.0},{"calorie":0.0,"count":0,"distance":0.0,"speed":0.0},{"calorie":0.0,"count":0,"distance":0.0,"speed":0.0},{"calorie":0.0,"count":0,"distance":0.0,"speed":0.0},{"calorie":0.0,"count":0,"distance":0.0,"speed":0.0},{"calorie":0.0,"count":0,"distance":0.0,"speed":0.0},{"calorie":0.0,"count":0,"distance":0.0,"speed":0.0},{"calorie":0.8999999761581421,"count":24,"distance":17.899999618530273,"speed":4.700000286102295},{"calorie":4.079999968409538,"count":106,"distance":78.74000072479248,"speed":4.319802284240723},{"calorie":0.0,"count":0,"distance":0.0,"speed":0.0},{"calorie":0.0,"count":0,"distance":0.0,"speed":0.0},{"calorie":0.0,"count":0,"distance":0.0,"speed":0.0},{"calorie":0.0,"count":0,"distance":0.0,"speed":0.0},{"calorie":0.0,"count":0,"distance":0.0,"speed":0.0},{"calorie":0.0,"count":0,"distance":0.0,"speed":0.0},{"calorie":0.0,"count":0,"distance":0.0,"speed":0.0},{"calorie":0.0,"count":0,"distance":0.0,"speed":0.0},{"calorie":11.509997367858887,"count":317,"distance":235.59999322891235,"speed":4.538776874542236},{"calorie":2.0799999237060547,"count":54,"distance":39.829994201660156,"speed":4.230911731719971},{"calorie":0.0,"count":0,"distance":0.0,"speed":0.0},{"calorie":0.0,"count":0,"distance":0.0,"speed":0.0},{"calorie":0.0,"count":0,"distance":0.0,"speed":0.0},{"calorie":0.0,"count":0,"distance":0.0,"speed":0.0}]