[{"calorie":0.0,"count":0,"distance":0.0,"speed":0.0},{"calorie":0.0,"count":0,"distance":0.0,"speed":0.0},{"calorie":0.0,"count":0,"distance":0.0,"speed":0.0},{"calorie":0.0,"count":0,"distance":0.0,"speed":0.0},{"calorie":0.0,"count":0,"distance":0.0,"speed":0.0},{"calorie":0.0,"count":0,"distance":0.0,"speed":0.0},{"calorie":0.0,"count":0,"distance":0.0,"speed":0.0},{"calorie":0.0,"count":0,"distance":0.0,"speed":0.0},{"calorie":0.0,"count":0,"distance":0.0,"speed":0.0},{"calorie":0.0,"count":0,"distance":0.0,"speed":0.0},{"calorie":0.0,"count":0,"distance":0.0,"speed":0.0},{"calorie":0.0,"count":0,"distance":0.0,"speed":0.0},{"calorie":0.0,"count":0,"distance":0.0,"speed":0.0},{"calorie":0.0,"count":0,"distance":0.0,"speed":0.0},{"calorie":0.0,"count":0,"distance":0.0,"speed":0.0},{"calorie":0.0,"count":0,"distance":0.0,"speed":0.0},{"calorie":0.0,"count":0,"distance":0.0,"speed":0.0},{"calorie":0.0,"count":0,"distance":0.0,"speed":0.0},{"calorie":0.0,"count":0,"distance":0.0,"speed":0.0},{"calorie":0.0,"count":0,"distance":0.0,"speed":0.0},{"calorie":0.0,"count":0,"distance":0.0,"speed":0.0},{"calorie":0.0,"count":0,"distance":0.0,"speed":0.0},{"calorie":0.0,"count":0,"distance":0.0,"speed":0.0},{"calorie":0.0,"count":0,"distance":0.0,"speed":0.0},{"calorie":0.0,"count":0,"distance":0.0,"speed":0.0},{"calorie":0.0,"count":0,"distance":0.0,"speed":0.0},{"calorie":0.0,"count":0,"distance":0.0,"speed":0.0},{"calorie":0.0,"count":0,"distance":0.0,"speed":0.0},{"calorie":0.0,"count":0,"distance":0.0,"speed":0.0},{"calorie":0.0,"count":0,"distance":0.0,"speed":0.0},{"calorie":0.0,"count":0,"distance":0.0,"speed":0.0},{"calorie":0.0,"count":0,"distance":0.0,"speed":0.0},{"calorie":0.0,"count":0,"distance":0.0,"speed":0.0},{"calorie":0.0,"count":0,"distance":0.0,"speed":0.0},{"calorie":0.0,"count":0,"distance":0.0,"speed":0.0},{"calorie":0.0,"count":0,"distance":0.0,"speed":0.0},{"calorie":0.0,"count":0,"distance":0.0,"speed":0.0},{"calorie":0.0,"count":0,"distance":0.0,"speed":0.0},{"calorie":0.0,"count":0,"distance":0.0,"speed":0.0},{"calorie":0.0,"count":0,"distance":0.0,"speed":0.0},{"calorie":0.0,"count":0,"distance":0.0,"speed":0.0},{"calorie":0.0,"count":0,"distance":0.0,"speed":0.0},{"calorie":0.0,"count":0,"distance":0.0,"speed":0.0},{"calorie":4.939999938011169,"count":83,"distance":57.970001220703125,"speed":4.062516212463379},{"calorie":2.14000004529953,"count":37,"distance":26.729999542236328,"speed":4.344276428222656},{"calorie":13.039998173713684,"count":222,"distance":158.30998134613037,"speed":4.376696586608887},{"calorie":0.0,"count":0,"distance":0.0,"speed":0.0},{"calorie":0.0,"count":0,"distance":0.0,"speed":0.0},{"calorie":0.0,"count":0,"distance":0.0,"speed":0.0},{"calorie":12.819999694824219,"count":215,"distance":151.52999877929688,"speed":4.113038063049316},{"calorie":28.790000289678574,"count":481,"distance":349.0600092411041,"speed":4.732285976409912},{"calorie":0.0,"count":0,"distance":0.0,"speed":0.0},{"calorie":0.0,"count":0,"distance":0.0,"speed":0.0},{"calorie":0.0,"count":0,"distance":0.0,"speed":0.0},{"calorie":0.0,"count":0,"distance":0.0,"speed":0.0},{"calorie":8.759998261928558,"count":122,"distance":78.4800033569336,"speed":4.553155899047852},{"calorie":10.409998804330826,"count":168,"distance":125.8599967956543,"speed":5.035849571228027},{"calorie":1.4799999296665192,"count":25,"distance":17.52999973297119,"speed":4.180166721343994},{"calorie":0.0,"count":0,"distance":0.0,"speed":0.0},{"calorie":0.7799999713897705,"count":13,"distance":8.899999618530273,"speed":3.556155204772949},{"calorie":8.049999952316284,"count":108,"distance":67.57000160217285,"speed":4.65189266204834},{"calorie":0.0,"count":0,"distance":0.0,"speed":0.0},{"calorie":0.0,"count":0,"distance":0.0,"speed":0.0},{"calorie":0.4099999964237213,"count":7,"distance":4.960000038146973,"speed":4.427947044372559},{"calorie":0.0,"count":0,"distance":0.0,"speed":0.0},{"calorie":0.0,"count":0,"distance":0.0,"speed":0.0},{"calorie":0.0,"count":0,"distance":0.0,"speed":0.0},{"calorie":3.529999941587448,"count":60,"distance":42.899996280670166,"speed":4.574429512023926},{"calorie":9.44999748468399,"count":159,"distance":113.86998987197876,"speed":4.54374885559082},{"calorie":0.0,"count":0,"distance":0.0,"speed":0.0},{"calorie":0.0,"count":0,"distance":0.0,"speed":0.0},{"calorie":10.07000007480383,"count":170,"distance":122.06999886035919,"speed":4.532999515533447},{"calorie":2.5599999725818634,"count":44,"distance":31.650001049041748,"speed":5.202324867248535},{"calorie":8.609997868537903,"count":145,"distance":103.54998779296875,"speed":4.282633304595947},{"calorie":8.56999933719635,"count":138,"distance":89.98000240325928,"speed":4.103393077850342},{"calorie":6.2799999713897705,"count":107,"distance":75.44000339508057,"speed":4.187393665313721},{"calorie":0.0,"count":0,"distance":0.0,"speed":0.0},{"calorie":0.0,"count":0,"distance":0.0,"speed":0.0},{"calorie":0.0,"count":0,"distance":0.0,"speed":0.0},{"calorie":0.0,"count":0,"distance":0.0,"speed":0.0},{"calorie":3.7899994775652885,"count":64,"distance":46.02999436855316,"speed":4.485557556152344},{"calorie":31.039992481470108,"count":486,"distance":349.4900369644165,"speed":4.914092063903809},{"calorie":1.4600000381469727,"count":21,"distance":13.920000553131104,"speed":3.945692777633667},{"calorie":4.329999089241028,"count":73,"distance":48.810004234313965,"speed":3.888895273208618},{"calorie":2.7799999713897705,"count":47,"distance":33.31000280380249,"speed":4.3369855880737305},{"calorie":11.169997051358223,"count":190,"distance":136.38999915122986,"speed":4.588916778564453},{"calorie":1.1699999868869781,"count":20,"distance":14.150000095367432,"speed":4.376962661743164},{"calorie":0.0,"count":0,"distance":0.0,"speed":0.0},{"calorie":0.0,"count":0,"distance":0.0,"speed":0.0},{"calorie":4.549999713897705,"count":77,"distance":54.879998207092285,"speed":4.518610000610352},{"calorie":0.0,"count":0,"distance":0.0,"speed":0.0},{"calorie":0.36000001430511475,"count":6,"distance":4.059999942779541,"speed":3.4000000953674316},{"calorie":0.4099999964237213,"count":7,"distance":5.050000190734863,"speed":4.814202308654785},{"calorie":0.0,"count":0,"distance":0.0,"speed":0.0},{"calorie":0.0,"count":0,"distance":0.0,"speed":0.0},{"calorie":0.0,"count":0,"distance":0.0,"speed":0.0},{"calorie":0.0,"count":0,"distance":0.0,"speed":0.0},{"calorie":0.0,"count":0,"distance":0.0,"speed":0.0},{"calorie":0.0,"count":0,"distance":0.0,"speed":0.0},{"calorie":0.0,"count":0,"distance":0.0,"speed":0.0},{"calorie":0.0,"count":0,"distance":0.0,"speed":0.0},{"calorie":0.0,"count":0,"distance":0.0,"speed":0.0},{"calorie":3.0,"count":51,"distance":36.40999984741211,"speed":4.519486427307129},{"calorie":0.0,"count":0,"distance":0.0,"speed":0.0},{"calorie":4.620000004768372,"count":78,"distance":55.939998626708984,"speed":4.534397125244141},{"calorie":0.0,"count":0,"distance":0.0,"speed":0.0},{"calorie":5.459997653961182,"count":79,"distance":53.97999954223633,"speed":4.568802356719971},{"calorie":0.6600000262260437,"count":13,"distance":9.350000381469727,"speed":4.292239665985107},{"calorie":3.829999625682831,"count":66,"distance":45.699995040893555,"speed":3.9077672958374023},{"calorie":2.7099999636411667,"count":46,"distance":32.489999532699585,"speed":4.299779891967773},{"calorie":0.0,"count":0,"distance":0.0,"speed":0.0},{"calorie":0.0,"count":0,"distance":0.0,"speed":0.0},{"calorie":0.0,"count":0,"distance":0.0,"speed":0.0},{"calorie":0.0,"count":0,"distance":0.0,"speed":0.0},{"calorie":2.1799999475479126,"count":32,"distance":24.079999923706055,"speed":4.693647861480713},{"calorie":0.0,"count":0,"distance":0.0,"speed":0.0},{"calorie":0.0,"count":0,"distance":0.0,"speed":0.0},{"calorie":0.0,"count":0,"distance":0.0,"speed":0.0},{"calorie":1.1699999868869781,"count":20,"distance":14.25,"speed":4.392954349517822},{"calorie":0.0,"count":0,"distance":0.0,"speed":0.0},{"calorie":0.0,"count":0,"distance":0.0,"speed":0.0},{"calorie":0.0,"count":0,"distance":0.0,"speed":0.0},{"calorie":0.9200000166893005,"count":16,"distance":11.800000190734863,"speed":5.299999713897705},{"calorie":0.0,"count":0,"distance":0.0,"speed":0.0},{"calorie":0.0,"count":0,"distance":0.0,"speed":0.0},{"calorie":0.0,"count":0,"distance":0.0,"speed":0.0},{"calorie":0.0,"count":0,"distance":0.0,"speed":0.0},{"calorie":0.0,"count":0,"distance":0.0,"speed":0.0},{"calorie":0.0,"count":0,"distance":0.0,"speed":0.0},{"calorie":0.0,"count":0,"distance":0.0,"speed":0.0},{"calorie":0.0,"count":0,"distance":0.0,"speed":0.0},{"calorie":0.0,"count":0,"distance":0.0,"speed":0.0},{"calorie":1.2999999523162842,"count":23,"distance":15.679998397827148,"speed":3.62593674659729},{"calorie":5.6199993416666985,"count":97,"distance":68.59999597072601,"speed":4.122391700744629},{"calorie":19.109992623329163,"count":320,"distance":226.32998085021973,"speed":4.172191143035889},{"calorie":0.0,"count":0,"distance":0.0,"speed":0.0},{"calorie":0.5899999737739563,"count":10,"distance":7.039999961853027,"speed":4.5},{"calorie":0.0,"count":0,"distance":0.0,"speed":0.0},{"calorie":0.0,"count":0,"distance":0.0,"speed":0.0},{"calorie":0.6000000238418579,"count":10,"distance":6.919999599456787,"speed":3.6865673065185547},{"calorie":0.48000001907348633,"count":8,"distance":5.519999980926514,"speed":3.54714298248291},{"calorie":0.0,"count":0,"distance":0.0,"speed":0.0},{"calorie":0.0,"count":0,"distance":0.0,"speed":0.0},{"calorie":0.0,"count":0,"distance":0.0,"speed":0.0}]