[{"calorie":0.0,"count":0,"distance":0.0,"speed":0.0},{"calorie":0.0,"count":0,"distance":0.0,"speed":0.0},{"calorie":0.0,"count":0,"distance":0.0,"speed":0.0},{"calorie":0.0,"count":0,"distance":0.0,"speed":0.0},{"calorie":0.0,"count":0,"distance":0.0,"speed":0.0},{"calorie":0.0,"count":0,"distance":0.0,"speed":0.0},{"calorie":0.0,"count":0,"distance":0.0,"speed":0.0},{"calorie":0.0,"count":0,"distance":0.0,"speed":0.0},{"calorie":0.0,"count":0,"distance":0.0,"speed":0.0},{"calorie":0.0,"count":0,"distance":0.0,"speed":0.0},{"calorie":0.0,"count":0,"distance":0.0,"speed":0.0},{"calorie":0.0,"count":0,"distance":0.0,"speed":0.0},{"calorie":0.0,"count":0,"distance":0.0,"speed":0.0},{"calorie":0.0,"count":0,"distance":0.0,"speed":0.0},{"calorie":0.0,"count":0,"distance":0.0,"speed":0.0},{"calorie":0.0,"count":0,"distance":0.0,"speed":0.0},{"calorie":0.0,"count":0,"distance":0.0,"speed":0.0},{"calorie":0.0,"count":0,"distance":0.0,"speed":0.0},{"calorie":0.0,"count":0,"distance":0.0,"speed":0.0},{"calorie":0.0,"count":0,"distance":0.0,"speed":0.0},{"calorie":0.0,"count":0,"distance":0.0,"speed":0.0},{"calorie":0.0,"count":0,"distance":0.0,"speed":0.0},{"calorie":0.0,"count":0,"distance":0.0,"speed":0.0},{"calorie":0.0,"count":0,"distance":0.0,"speed":0.0},{"calorie":0.0,"count":0,"distance":0.0,"speed":0.0},{"calorie":0.0,"count":0,"distance":0.0,"speed":0.0},{"calorie":0.0,"count":0,"distance":0.0,"speed":0.0},{"calorie":0.0,"count":0,"distance":0.0,"speed":0.0},{"calorie":0.0,"count":0,"distance":0.0,"speed":0.0},{"calorie":0.0,"count":0,"distance":0.0,"speed":0.0},{"calorie":0.0,"count":0,"distance":0.0,"speed":0.0},{"calorie":0.0,"count":0,"distance":0.0,"speed":0.0},{"calorie":0.0,"count":0,"distance":0.0,"speed":0.0},{"calorie":0.0,"count":0,"distance":0.0,"speed":0.0},{"calorie":0.0,"count":0,"distance":0.0,"speed":0.0},{"calorie":0.0,"count":0,"distance":0.0,"speed":0.0},{"calorie":0.0,"count":0,"distance":0.0,"speed":0.0},{"calorie":0.9310500621795654,"count":16,"distance":12.56661605834961,"speed":3.910789728164673},{"calorie":0.0,"count":0,"distance":0.0,"speed":0.0},{"calorie":0.0,"count":0,"distance":0.0,"speed":0.0},{"calorie":0.0,"count":0,"distance":0.0,"speed":0.0},{"calorie":0.0,"count":0,"distance":0.0,"speed":0.0},{"calorie":0.0,"count":0,"distance":0.0,"speed":0.0},{"calorie":0.0,"count":0,"distance":0.0,"speed":0.0},{"calorie":0.0,"count":0,"distance":0.0,"speed":0.0},{"calorie":0.0,"count":0,"distance":0.0,"speed":0.0},{"calorie":0.0,"count":0,"distance":0.0,"speed":0.0},{"calorie":0.0,"count":0,"distance":0.0,"speed":0.0},{"calorie":0.0,"count":0,"distance":0.0,"speed":0.0},{"calorie":0.0,"count":0,"distance":0.0,"speed":0.0},{"calorie":0.0,"count":0,"distance":0.0,"speed":0.0},{"calorie":0.0,"count":0,"distance":0.0,"speed":0.0},{"calorie":4.5214385986328125,"count":79,"distance":59.61387920379639,"speed":4.529904365539551},{"calorie":0.0,"count":0,"distance":0.0,"speed":0.0},{"calorie":0.0,"count":0,"distance":0.0,"speed":0.0},{"calorie":3.718801498413086,"count":65,"distance":48.94704055786133,"speed":4.726095199584961},{"calorie":0.0,"count":0,"distance":0.0,"speed":0.0},{"calorie":4.005669593811035,"count":70,"distance":53.170188903808594,"speed":5.03902006149292},{"calorie":5.034184455871582,"count":88,"distance":66.96903991699219,"speed":3.9974141120910645},{"calorie":0.0,"count":0,"distance":0.0,"speed":0.0},{"calorie":0.0,"count":0,"distance":0.0,"speed":0.0},{"calorie":0.0,"count":0,"distance":0.0,"speed":0.0},{"calorie":0.0,"count":0,"distance":0.0,"speed":0.0},{"calorie":0.0,"count":0,"distance":0.0,"speed":0.0},{"calorie":1.659811019897461,"count":29,"distance":21.803604125976562,"speed":4.592947959899902},{"calorie":0.0,"count":0,"distance":0.0,"speed":0.0},{"calorie":8.499776840209961,"count":148,"distance":111.5762939453125,"speed":4.461496829986572},{"calorie":1.9578514099121094,"count":24,"distance":21.03271484375,"speed":5.700716972351074},{"calorie":9.48232650756836,"count":165,"distance":123.64633178710938,"speed":4.4991912841796875},{"calorie":0.0,"count":0,"distance":0.0,"speed":0.0},{"calorie":0.0,"count":0,"distance":0.0,"speed":0.0},{"calorie":0.0,"count":0,"distance":0.0,"speed":0.0},{"calorie":5.641918182373047,"count":99,"distance":75.2501220703125,"speed":4.678800106048584},{"calorie":2.5538711547851562,"count":45,"distance":34.5213623046875,"speed":4.842418193817139},{"calorie":4.005157470703125,"count":70,"distance":52.7657470703125,"speed":4.735028266906738},{"calorie":0.0,"count":0,"distance":0.0,"speed":0.0},{"calorie":0.0,"count":0,"distance":0.0,"speed":0.0},{"calorie":0.0,"count":0,"distance":0.0,"speed":0.0},{"calorie":0.0,"count":0,"distance":0.0,"speed":0.0},{"calorie":0.0,"count":0,"distance":0.0,"speed":0.0},{"calorie":2.6479721069335938,"count":46,"distance":34.513671875,"speed":4.612343788146973},{"calorie":0.5238304138183594,"count":9,"distance":6.59393310546875,"speed":3.994704484939575},{"calorie":16.642906188964844,"count":292,"distance":222.759521484375,"speed":5.049746990203857},{"calorie":15.816581726074219,"count":278,"distance":212.35009765625,"speed":4.42663049697876},{"calorie":6.8074798583984375,"count":119,"distance":89.9984130859375,"speed":4.699177265167236},{"calorie":12.902908325195312,"count":223,"distance":164.99951171875,"speed":4.062939643859863},{"calorie":2.9190292358398438,"count":51,"distance":38.48095703125,"speed":3.7896745204925537},{"calorie":0.0,"count":0,"distance":0.0,"speed":0.0},{"calorie":1.5107192993164062,"count":26,"distance":19.1845703125,"speed":4.328584671020508},{"calorie":4.681709289550781,"count":82,"distance":62.8695068359375,"speed":3.4064948558807373},{"calorie":3.4540863037109375,"count":61,"distance":47.3447265625,"speed":5.508021831512451},{"calorie":0.0,"count":0,"distance":0.0,"speed":0.0},{"calorie":1.166656494140625,"count":20,"distance":14.6644287109375,"speed":4.237718105316162},{"calorie":0.0,"count":0,"distance":0.0,"speed":0.0},{"calorie":2.4378814697265625,"count":43,"distance":33.545166015625,"speed":5.69331169128418},{"calorie":0.0,"count":0,"distance":0.0,"speed":0.0},{"calorie":0.0,"count":0,"distance":0.0,"speed":0.0},{"calorie":0.0,"count":0,"distance":0.0,"speed":0.0},{"calorie":0.0,"count":0,"distance":0.0,"speed":0.0},{"calorie":0.0,"count":0,"distance":0.0,"speed":0.0},{"calorie":0.0,"count":0,"distance":0.0,"speed":0.0},{"calorie":1.7176971435546875,"count":30,"distance":22.5950927734375,"speed":4.737786769866943},{"calorie":3.6917495727539062,"count":63,"distance":46.140869140625,"speed":3.6842474937438965},{"calorie":1.424163818359375,"count":25,"distance":19.001953125,"speed":4.554262161254883},{"calorie":1.6660919189453125,"count":29,"distance":21.7794189453125,"speed":4.689704418182373},{"calorie":0.0,"count":0,"distance":0.0,"speed":0.0},{"calorie":1.250579833984375,"count":22,"distance":16.8363037109375,"speed":4.815011024475098},{"calorie":10.1566162109375,"count":179,"distance":138.632080078125,"speed":5.0482497215271},{"calorie":0.0,"count":0,"distance":0.0,"speed":0.0},{"calorie":0.0,"count":0,"distance":0.0,"speed":0.0},{"calorie":0.688507080078125,"count":12,"distance":9.0262451171875,"speed":5.364894390106201},{"calorie":0.0,"count":0,"distance":0.0,"speed":0.0},{"calorie":4.18798828125,"count":74,"distance":57.366943359375,"speed":5.110435485839844},{"calorie":0.0,"count":0,"distance":0.0,"speed":0.0},{"calorie":0.341033935546875,"count":6,"distance":4.580810546875,"speed":4.864897727966309},{"calorie":0.0,"count":0,"distance":0.0,"speed":0.0},{"calorie":0.0,"count":0,"distance":0.0,"speed":0.0},{"calorie":0.0,"count":0,"distance":0.0,"speed":0.0},{"calorie":0.0,"count":0,"distance":0.0,"speed":0.0},{"calorie":0.0,"count":0,"distance":0.0,"speed":0.0},{"calorie":0.0,"count":0,"distance":0.0,"speed":0.0},{"calorie":0.0,"count":0,"distance":0.0,"speed":0.0},{"calorie":0.0,"count":0,"distance":0.0,"speed":0.0},{"calorie":0.0,"count":0,"distance":0.0,"speed":0.0},{"calorie":0.0,"count":0,"distance":0.0,"speed":0.0},{"calorie":0.0,"count":0,"distance":0.0,"speed":0.0},{"calorie":0.0,"count":0,"distance":0.0,"speed":0.0},{"calorie":2.226870059967041,"count":39,"distance":29.614274978637695,"speed":4.139280319213867},{"calorie":5.3645734786987305,"count":92,"distance":67.74014854431152,"speed":3.903979778289795},{"calorie":0.0,"count":0,"distance":0.0,"speed":0.0},{"calorie":2.5527424812316895,"count":45,"distance":34.75511932373047,"speed":4.646853446960449},{"calorie":0.0,"count":0,"distance":0.0,"speed":0.0},{"calorie":0.0,"count":0,"distance":0.0,"speed":0.0},{"calorie":0.0,"count":0,"distance":0.0,"speed":0.0},{"calorie":0.0,"count":0,"distance":0.0,"speed":0.0},{"calorie":0.0,"count":0,"distance":0.0,"speed":0.0},{"calorie":0.0,"count":0,"distance":0.0,"speed":0.0},{"calorie":0.0,"count":0,"distance":0.0,"speed":0.0},{"calorie":0.0,"count":0,"distance":0.0,"speed":0.0},{"calorie":0.0,"count":0,"distance":0.0,"speed":0.0},{"calorie":0.0,"count":0,"distance":0.0,"speed":0.0},{"calorie":0.0,"count":0,"distance":0.0,"speed":0.0},{"calorie":0.0,"count":0,"distance":0.0,"speed":0.0},{"calorie":0.0,"count":0,"distance":0.0,"speed":0.0}]