[{"calorie":0.0,"count":0,"distance":0.0,"speed":0.0},{"calorie":0.0,"count":0,"distance":0.0,"speed":0.0},{"calorie":0.0,"count":0,"distance":0.0,"speed":0.0},{"calorie":0.0,"count":0,"distance":0.0,"speed":0.0},{"calorie":0.0,"count":0,"distance":0.0,"speed":0.0},{"calorie":0.0,"count":0,"distance":0.0,"speed":0.0},{"calorie":0.0,"count":0,"distance":0.0,"speed":0.0},{"calorie":0.0,"count":0,"distance":0.0,"speed":0.0},{"calorie":0.0,"count":0,"distance":0.0,"speed":0.0},{"calorie":0.0,"count":0,"distance":0.0,"speed":0.0},{"calorie":0.0,"count":0,"distance":0.0,"speed":0.0},{"calorie":0.0,"count":0,"distance":0.0,"speed":0.0},{"calorie":0.0,"count":0,"distance":0.0,"speed":0.0},{"calorie":0.0,"count":0,"distance":0.0,"speed":0.0},{"calorie":0.0,"count":0,"distance":0.0,"speed":0.0},{"calorie":0.0,"count":0,"distance":0.0,"speed":0.0},{"calorie":0.0,"count":0,"distance":0.0,"speed":0.0},{"calorie":0.0,"count":0,"distance":0.0,"speed":0.0},{"calorie":0.0,"count":0,"distance":0.0,"speed":0.0},{"calorie":0.0,"count":0,"distance":0.0,"speed":0.0},{"calorie":0.0,"count":0,"distance":0.0,"speed":0.0},{"calorie":0.0,"count":0,"distance":0.0,"speed":0.0},{"calorie":0.0,"count":0,"distance":0.0,"speed":0.0},{"calorie":0.0,"count":0,"distance":0.0,"speed":0.0},{"calorie":0.0,"count":0,"distance":0.0,"speed":0.0},{"calorie":0.0,"count":0,"distance":0.0,"speed":0.0},{"calorie":0.0,"count":0,"distance":0.0,"speed":0.0},{"calorie":0.0,"count":0,"distance":0.0,"speed":0.0},{"calorie":0.0,"count":0,"distance":0.0,"speed":0.0},{"calorie":0.0,"count":0,"distance":0.0,"speed":0.0},{"calorie":0.0,"count":0,"distance":0.0,"speed":0.0},{"calorie":0.0,"count":0,"distance":0.0,"speed":0.0},{"calorie":0.0,"count":0,"distance":0.0,"speed":0.0},{"calorie":0.0,"count":0,"distance":0.0,"speed":0.0},{"calorie":0.0,"count":0,"distance":0.0,"speed":0.0},{"calorie":0.0,"count":0,"distance":0.0,"speed":0.0},{"calorie":0.0,"count":0,"distance":0.0,"speed":0.0},{"calorie":0.9192543029785156,"count":16,"distance":12.02490234375,"speed":4.644357681274414},{"calorie":10.325090408325195,"count":182,"distance":140.92837524414062,"speed":5.153852939605713},{"calorie":0.0,"count":0,"distance":0.0,"speed":0.0},{"calorie":0.0,"count":0,"distance":0.0,"speed":0.0},{"calorie":0.0,"count":0,"distance":0.0,"speed":0.0},{"calorie":0.39542198181152344,"count":7,"distance":5.449310302734375,"speed":5.195922374725342},{"calorie":9.281644821166992,"count":163,"distance":124.58114624023438,"speed":4.295933723449707},{"calorie":7.720577239990234,"count":136,"distance":104.60845947265625,"speed":4.964507579803467},{"calorie":0.0,"count":0,"distance":0.0,"speed":0.0},{"calorie":2.950550079345703,"count":52,"distance":40.24432373046875,"speed":5.412686347961426},{"calorie":1.99737548828125,"count":35,"distance":26.65692138671875,"speed":3.9372456073760986},{"calorie":7.237525939941406,"count":128,"distance":100.206298828125,"speed":5.322099208831787},{"calorie":0.0,"count":0,"distance":0.0,"speed":0.0},{"calorie":0.0,"count":0,"distance":0.0,"speed":0.0},{"calorie":0.0,"count":0,"distance":0.0,"speed":0.0},{"calorie":0.45476531982421875,"count":8,"distance":6.2518310546875,"speed":6.548926830291748},{"calorie":4.732612609863281,"count":83,"distance":63.46038818359375,"speed":5.1836724281311035},{"calorie":0.7360458374023438,"count":13,"distance":10.04779052734375,"speed":3.3671419620513916},{"calorie":2.216339111328125,"count":39,"distance":29.8140869140625,"speed":4.263883113861084},{"calorie":0.0,"count":0,"distance":0.0,"speed":0.0},{"calorie":0.416900634765625,"count":7,"distance":5.004638671875,"speed":2.1233136653900146},{"calorie":0.0,"count":0,"distance":0.0,"speed":0.0},{"calorie":0.34717559814453125,"count":6,"distance":4.43743896484375,"speed":2.1491029262542725},{"calorie":19.01464080810547,"count":335,"distance":257.8218994140625,"speed":5.157632827758789},{"calorie":13.712158203125,"count":240,"distance":181.8670654296875,"speed":3.9666404724121094},{"calorie":16.522842407226562,"count":288,"distance":216.49658203125,"speed":4.605803489685059},{"calorie":10.620292663574219,"count":186,"distance":141.6422119140625,"speed":4.450229644775391},{"calorie":0.0,"count":0,"distance":0.0,"speed":0.0},{"calorie":0.0,"count":0,"distance":0.0,"speed":0.0},{"calorie":6.4604034423828125,"count":113,"distance":85.5611572265625,"speed":4.671393871307373},{"calorie":1.4386138916015625,"count":25,"distance":18.677734375,"speed":4.955312252044678},{"calorie":9.833038330078125,"count":173,"distance":132.8809814453125,"speed":4.7745161056518555},{"calorie":0.0,"count":0,"distance":0.0,"speed":0.0},{"calorie":0.0,"count":0,"distance":0.0,"speed":0.0},{"calorie":1.699920654296875,"count":30,"distance":23.163330078125,"speed":5.352393627166748},{"calorie":4.8954315185546875,"count":86,"distance":65.5643310546875,"speed":4.69758939743042},{"calorie":7.6066436767578125,"count":133,"distance":100.5430908203125,"speed":4.8153815269470215},{"calorie":5.78118896484375,"count":102,"distance":79.92626953125,"speed":5.053188323974609},{"calorie":0.0,"count":0,"distance":0.0,"speed":0.0},{"calorie":9.334426879882812,"count":165,"distance":129.91796875,"speed":5.773537635803223},{"calorie":5.5997161865234375,"count":98,"distance":74.251220703125,"speed":3.7877604961395264},{"calorie":0.0,"count":0,"distance":0.0,"speed":0.0},{"calorie":0.0,"count":0,"distance":0.0,"speed":0.0},{"calorie":0.0,"count":0,"distance":0.0,"speed":0.0},{"calorie":3.2373046875,"count":57,"distance":43.873291015625,"speed":2.862208127975464},{"calorie":2.2438201904296875,"count":39,"distance":29.16455078125,"speed":4.503494739532471},{"calorie":1.5604400634765625,"count":27,"distance":19.97021484375,"speed":4.3602986335754395},{"calorie":4.1536102294921875,"count":72,"distance":54.077392578125,"speed":4.7983174324035645},{"calorie":0.0,"count":0,"distance":0.0,"speed":0.0},{"calorie":0.0,"count":0,"distance":0.0,"speed":0.0},{"calorie":0.0,"count":0,"distance":0.0,"speed":0.0},{"calorie":0.0,"count":0,"distance":0.0,"speed":0.0},{"calorie":0.0,"count":0,"distance":0.0,"speed":0.0},{"calorie":5.154022216796875,"count":91,"distance":70.67626953125,"speed":5.349383354187012},{"calorie":3.4919586181640625,"count":61,"distance":46.517822265625,"speed":3.6242754459381104},{"calorie":1.6974334716796875,"count":30,"distance":23.307373046875,"speed":4.491755485534668},{"calorie":3.6233367919921875,"count":64,"distance":49.557861328125,"speed":5.2597808837890625},{"calorie":0.635650634765625,"count":11,"distance":8.1787109375,"speed":4.973052501678467},{"calorie":0.0,"count":0,"distance":0.0,"speed":0.0},{"calorie":2.2757110595703125,"count":40,"distance":30.63232421875,"speed":4.838350772857666},{"calorie":4.043914794921875,"count":71,"distance":54.349609375,"speed":4.496908664703369},{"calorie":15.710647583007812,"count":277,"distance":214.188720703125,"speed":5.262252330780029},{"calorie":8.026626586914062,"count":141,"distance":108.693603515625,"speed":4.079888820648193},{"calorie":0.0,"count":0,"distance":0.0,"speed":0.0},{"calorie":0.0,"count":0,"distance":0.0,"speed":0.0},{"calorie":3.08294677734375,"count":54,"distance":40.84228515625,"speed":4.696681022644043},{"calorie":1.4810028076171875,"count":26,"distance":19.80859375,"speed":5.139988422393799},{"calorie":0.0,"count":0,"distance":0.0,"speed":0.0},{"calorie":0.0,"count":0,"distance":0.0,"speed":0.0},{"calorie":0.0,"count":0,"distance":0.0,"speed":0.0},{"calorie":3.8347625732421875,"count":68,"distance":53.52783203125,"speed":5.818392276763916},{"calorie":0.0,"count":0,"distance":0.0,"speed":0.0},{"calorie":0.0,"count":0,"distance":0.0,"speed":0.0},{"calorie":0.0,"count":0,"distance":0.0,"speed":0.0},{"calorie":0.0,"count":0,"distance":0.0,"speed":0.0},{"calorie":0.0,"count":0,"distance":0.0,"speed":0.0},{"calorie":0.0,"count":0,"distance":0.0,"speed":0.0},{"calorie":0.0,"count":0,"distance":0.0,"speed":0.0},{"calorie":0.0,"count":0,"distance":0.0,"speed":0.0},{"calorie":0.0,"count":0,"distance":0.0,"speed":0.0},{"calorie":0.0,"count":0,"distance":0.0,"speed":0.0},{"calorie":0.0,"count":0,"distance":0.0,"speed":0.0},{"calorie":0.0,"count":0,"distance":0.0,"speed":0.0},{"calorie":0.0,"count":0,"distance":0.0,"speed":0.0},{"calorie":0.0,"count":0,"distance":0.0,"speed":0.0},{"calorie":0.0,"count":0,"distance":0.0,"speed":0.0},{"calorie":0.0,"count":0,"distance":0.0,"speed":0.0},{"calorie":0.0,"count":0,"distance":0.0,"speed":0.0},{"calorie":0.0,"count":0,"distance":0.0,"speed":0.0},{"calorie":0.0,"count":0,"distance":0.0,"speed":0.0},{"calorie":0.0,"count":0,"distance":0.0,"speed":0.0},{"calorie":0.0,"count":0,"distance":0.0,"speed":0.0},{"calorie":0.0,"count":0,"distance":0.0,"speed":0.0},{"calorie":0.0,"count":0,"distance":0.0,"speed":0.0},{"calorie":0.0,"count":0,"distance":0.0,"speed":0.0},{"calorie":0.0,"count":0,"distance":0.0,"speed":0.0},{"calorie":0.0,"count":0,"distance":0.0,"speed":0.0},{"calorie":0.0,"count":0,"distance":0.0,"speed":0.0},{"calorie":0.0,"count":0,"distance":0.0,"speed":0.0},{"calorie":0.0,"count":0,"distance":0.0,"speed":0.0},{"calorie":0.0,"count":0,"distance":0.0,"speed":0.0},{"calorie":0.0,"count":0,"distance":0.0,"speed":0.0},{"calorie":0.0,"count":0,"distance":0.0,"speed":0.0},{"calorie":0.0,"count":0,"distance":0.0,"speed":0.0},{"calorie":0.0,"count":0,"distance":0.0,"speed":0.0},{"calorie":0.0,"count":0,"distance":0.0,"speed":0.0},{"calorie":0.0,"count":0,"distance":0.0,"speed":0.0}]