[{"calorie":0.0,"count":0,"distance":0.0,"speed":0.0},{"calorie":0.0,"count":0,"distance":0.0,"speed":0.0},{"calorie":0.0,"count":0,"distance":0.0,"speed":0.0},{"calorie":0.0,"count":0,"distance":0.0,"speed":0.0},{"calorie":0.0,"count":0,"distance":0.0,"speed":0.0},{"calorie":0.0,"count":0,"distance":0.0,"speed":0.0},{"calorie":0.0,"count":0,"distance":0.0,"speed":0.0},{"calorie":0.0,"count":0,"distance":0.0,"speed":0.0},{"calorie":0.0,"count":0,"distance":0.0,"speed":0.0},{"calorie":0.0,"count":0,"distance":0.0,"speed":0.0},{"calorie":0.0,"count":0,"distance":0.0,"speed":0.0},{"calorie":0.0,"count":0,"distance":0.0,"speed":0.0},{"calorie":0.0,"count":0,"distance":0.0,"speed":0.0},{"calorie":0.0,"count":0,"distance":0.0,"speed":0.0},{"calorie":0.0,"count":0,"distance":0.0,"speed":0.0},{"calorie":0.0,"count":0,"distance":0.0,"speed":0.0},{"calorie":0.0,"count":0,"distance":0.0,"speed":0.0},{"calorie":0.0,"count":0,"distance":0.0,"speed":0.0},{"calorie":0.0,"count":0,"distance":0.0,"speed":0.0},{"calorie":0.0,"count":0,"distance":0.0,"speed":0.0},{"calorie":0.0,"count":0,"distance":0.0,"speed":0.0},{"calorie":0.0,"count":0,"distance":0.0,"speed":0.0},{"calorie":0.0,"count":0,"distance":0.0,"speed":0.0},{"calorie":0.0,"count":0,"distance":0.0,"speed":0.0},{"calorie":0.0,"count":0,"distance":0.0,"speed":0.0},{"calorie":0.0,"count":0,"distance":0.0,"speed":0.0},{"calorie":0.0,"count":0,"distance":0.0,"speed":0.0},{"calorie":0.0,"count":0,"distance":0.0,"speed":0.0},{"calorie":0.0,"count":0,"distance":0.0,"speed":0.0},{"calorie":0.0,"count":0,"distance":0.0,"speed":0.0},{"calorie":0.0,"count":0,"distance":0.0,"speed":0.0},{"calorie":0.0,"count":0,"distance":0.0,"speed":0.0},{"calorie":0.0,"count":0,"distance":0.0,"speed":0.0},{"calorie":0.0,"count":0,"distance":0.0,"speed":0.0},{"calorie":0.0,"count":0,"distance":0.0,"speed":0.0},{"calorie":0.0,"count":0,"distance":0.0,"speed":0.0},{"calorie":0.0,"count":0,"distance":0.0,"speed":0.0},{"calorie":0.5226396322250366,"count":9,"distance":6.615573883056641,"speed":3.956881523132324},{"calorie":6.50690758228302,"count":114,"distance":86.76174449920654,"speed":4.51878023147583},{"calorie":0.0,"count":0,"distance":0.0,"speed":0.0},{"calorie":0.0,"count":0,"distance":0.0,"speed":0.0},{"calorie":2.1491827964782715,"count":36,"distance":25.666847229003906,"speed":3.573084592819214},{"calorie":3.0548810958862305,"count":54,"distance":41.911720275878906,"speed":5.582710266113281},{"calorie":15.572182655334473,"count":273,"distance":208.7909393310547,"speed":4.337630271911621},{"calorie":10.708580017089844,"count":187,"distance":141.77587890625,"speed":4.1964263916015625},{"calorie":8.870471954345703,"count":156,"distance":119.47454833984375,"speed":4.0932297706604},{"calorie":0.0,"count":0,"distance":0.0,"speed":0.0},{"calorie":0.3398170471191406,"count":6,"distance":4.627685546875,"speed":2.6213433742523193},{"calorie":3.4121665954589844,"count":60,"distance":45.93743896484375,"speed":5.082804203033447},{"calorie":0.0,"count":0,"distance":0.0,"speed":0.0},{"calorie":0.0,"count":0,"distance":0.0,"speed":0.0},{"calorie":11.157730102539062,"count":194,"distance":145.5294189453125,"speed":3.798403739929199},{"calorie":4.400707244873047,"count":76,"distance":56.36737060546875,"speed":4.745678424835205},{"calorie":4.307273864746094,"count":76,"distance":58.6593017578125,"speed":5.452876091003418},{"calorie":0.0,"count":0,"distance":0.0,"speed":0.0},{"calorie":0.0,"count":0,"distance":0.0,"speed":0.0},{"calorie":0.0,"count":0,"distance":0.0,"speed":0.0},{"calorie":0.0,"count":0,"distance":0.0,"speed":0.0},{"calorie":0.0,"count":0,"distance":0.0,"speed":0.0},{"calorie":0.0,"count":0,"distance":0.0,"speed":0.0},{"calorie":0.0,"count":0,"distance":0.0,"speed":0.0},{"calorie":0.0,"count":0,"distance":0.0,"speed":0.0},{"calorie":0.0,"count":0,"distance":0.0,"speed":0.0},{"calorie":0.0,"count":0,"distance":0.0,"speed":0.0},{"calorie":0.0,"count":0,"distance":0.0,"speed":0.0},{"calorie":0.0,"count":0,"distance":0.0,"speed":0.0},{"calorie":4.5709381103515625,"count":80,"distance":60.51873779296875,"speed":5.076620578765869},{"calorie":0.0,"count":0,"distance":0.0,"speed":0.0},{"calorie":7.3195343017578125,"count":128,"distance":97.0963134765625,"speed":5.003725051879883},{"calorie":3.88861083984375,"count":68,"distance":51.3177490234375,"speed":4.886612892150879},{"calorie":0.0,"count":0,"distance":0.0,"speed":0.0},{"calorie":0.0,"count":0,"distance":0.0,"speed":0.0},{"calorie":2.5954818725585938,"count":45,"distance":35.615234375,"speed":5.425196170806885},{"calorie":2.0155792236328125,"count":35,"distance":26.1673583984375,"speed":4.457254409790039},{"calorie":0.0,"count":0,"distance":0.0,"speed":0.0},{"calorie":4.9459075927734375,"count":87,"distance":67.0081787109375,"speed":4.715482711791992},{"calorie":0.0,"count":0,"distance":0.0,"speed":0.0},{"calorie":0.0,"count":0,"distance":0.0,"speed":0.0},{"calorie":0.0,"count":0,"distance":0.0,"speed":0.0},{"calorie":0.0,"count":0,"distance":0.0,"speed":0.0},{"calorie":0.0,"count":0,"distance":0.0,"speed":0.0},{"calorie":0.0,"count":0,"distance":0.0,"speed":0.0},{"calorie":0.0,"count":0,"distance":0.0,"speed":0.0},{"calorie":0.0,"count":0,"distance":0.0,"speed":0.0},{"calorie":0.0,"count":0,"distance":0.0,"speed":0.0},{"calorie":0.0,"count":0,"distance":0.0,"speed":0.0},{"calorie":0.0,"count":0,"distance":0.0,"speed":0.0},{"calorie":0.0,"count":0,"distance":0.0,"speed":0.0},{"calorie":0.0,"count":0,"distance":0.0,"speed":0.0},{"calorie":12.946090698242188,"count":228,"distance":175.5489501953125,"speed":4.772955894470215},{"calorie":3.557373046875,"count":63,"distance":49.2625732421875,"speed":4.571065902709961},{"calorie":2.9939651489257812,"count":53,"distance":41.46044921875,"speed":5.657721996307373},{"calorie":12.069564819335938,"count":212,"distance":162.128662109375,"speed":4.841991901397705},{"calorie":0.0,"count":0,"distance":0.0,"speed":0.0},{"calorie":0.0,"count":0,"distance":0.0,"speed":0.0},{"calorie":2.3492355346679688,"count":38,"distance":29.8619384765625,"speed":4.831015586853027},{"calorie":2.4082183837890625,"count":42,"distance":31.6005859375,"speed":4.515743255615234},{"calorie":0.0,"count":0,"distance":0.0,"speed":0.0},{"calorie":0.0,"count":0,"distance":0.0,"speed":0.0},{"calorie":0.0,"count":0,"distance":0.0,"speed":0.0},{"calorie":5.6088961362838745,"count":99,"distance":76.90913391113281,"speed":5.2993316650390625},{"calorie":1.8884148597717285,"count":33,"distance":24.939781188964844,"speed":4.058657169342041},{"calorie":0.0,"count":0,"distance":0.0,"speed":0.0},{"calorie":0.0,"count":0,"distance":0.0,"speed":0.0},{"calorie":0.0,"count":0,"distance":0.0,"speed":0.0},{"calorie":0.39981332421302795,"count":7,"distance":5.300312042236328,"speed":4.378608703613281},{"calorie":0.0,"count":0,"distance":0.0,"speed":0.0},{"calorie":0.0,"count":0,"distance":0.0,"speed":0.0},{"calorie":0.3404853641986847,"count":6,"distance":4.654420852661133,"speed":2.900865316390991},{"calorie":8.06188440322876,"count":142,"distance":109.33588409423828,"speed":4.959447860717773},{"calorie":19.352893829345703,"count":341,"distance":261.8583984375,"speed":5.205440998077393},{"calorie":6.307363510131836,"count":111,"distance":84.85275268554688,"speed":4.767942428588867},{"calorie":0.0,"count":0,"distance":0.0,"speed":0.0},{"calorie":0.0,"count":0,"distance":0.0,"speed":0.0},{"calorie":0.0,"count":0,"distance":0.0,"speed":0.0},{"calorie":5.839893341064453,"count":102,"distance":76.87225341796875,"speed":4.781912326812744},{"calorie":0.9650955200195312,"count":17,"distance":13.03131103515625,"speed":4.8890790939331055},{"calorie":4.219978332519531,"count":73,"distance":54.10552978515625,"speed":4.339698314666748},{"calorie":0.0,"count":0,"distance":0.0,"speed":0.0},{"calorie":0.9524612426757812,"count":17,"distance":13.73394775390625,"speed":6.070589065551758},{"calorie":0.0,"count":0,"distance":0.0,"speed":0.0},{"calorie":0.0,"count":0,"distance":0.0,"speed":0.0},{"calorie":0.0,"count":0,"distance":0.0,"speed":0.0},{"calorie":0.3505287170410156,"count":6,"distance":4.38232421875,"speed":2.119420289993286},{"calorie":0.0,"count":0,"distance":0.0,"speed":0.0},{"calorie":0.0,"count":0,"distance":0.0,"speed":0.0},{"calorie":0.0,"count":0,"distance":0.0,"speed":0.0},{"calorie":0.0,"count":0,"distance":0.0,"speed":0.0},{"calorie":0.0,"count":0,"distance":0.0,"speed":0.0},{"calorie":0.0,"count":0,"distance":0.0,"speed":0.0},{"calorie":0.0,"count":0,"distance":0.0,"speed":0.0},{"calorie":0.0,"count":0,"distance":0.0,"speed":0.0},{"calorie":0.6050949096679688,"count":10,"distance":7.0413818359375,"speed":3.2949717044830322},{"calorie":0.8473930358886719,"count":15,"distance":11.7528076171875,"speed":3.0698866844177246},{"calorie":7.273063659667969,"count":127,"distance":96.42010498046875,"speed":4.891510486602783},{"calorie":13.504695892333984,"count":215,"distance":167.9815673828125,"speed":4.124161720275879},{"calorie":10.581230163574219,"count":186,"distance":142.642822265625,"speed":4.934722900390625},{"calorie":0.0,"count":0,"distance":0.0,"speed":0.0},{"calorie":0.6051559448242188,"count":10,"distance":7.0413818359375,"speed":3.109940767288208},{"calorie":0.9640350341796875,"count":17,"distance":13.108642578125,"speed":4.747447490692139},{"calorie":0.0,"count":0,"distance":0.0,"speed":0.0},{"calorie":0.0,"count":0,"distance":0.0,"speed":0.0},{"calorie":0.0,"count":0,"distance":0.0,"speed":0.0},{"calorie":0.0,"count":0,"distance":0.0,"speed":0.0}]