[{"calorie":0.0,"count":0,"distance":0.0,"speed":0.0},{"calorie":0.0,"count":0,"distance":0.0,"speed":0.0},{"calorie":0.0,"count":0,"distance":0.0,"speed":0.0},{"calorie":0.0,"count":0,"distance":0.0,"speed":0.0},{"calorie":0.0,"count":0,"distance":0.0,"speed":0.0},{"calorie":0.0,"count":0,"distance":0.0,"speed":0.0},{"calorie":0.0,"count":0,"distance":0.0,"speed":0.0},{"calorie":0.0,"count":0,"distance":0.0,"speed":0.0},{"calorie":0.0,"count":0,"distance":0.0,"speed":0.0},{"calorie":0.0,"count":0,"distance":0.0,"speed":0.0},{"calorie":0.0,"count":0,"distance":0.0,"speed":0.0},{"calorie":0.0,"count":0,"distance":0.0,"speed":0.0},{"calorie":0.0,"count":0,"distance":0.0,"speed":0.0},{"calorie":0.0,"count":0,"distance":0.0,"speed":0.0},{"calorie":0.0,"count":0,"distance":0.0,"speed":0.0},{"calorie":0.0,"count":0,"distance":0.0,"speed":0.0},{"calorie":0.0,"count":0,"distance":0.0,"speed":0.0},{"calorie":0.0,"count":0,"distance":0.0,"speed":0.0},{"calorie":0.0,"count":0,"distance":0.0,"speed":0.0},{"calorie":0.0,"count":0,"distance":0.0,"speed":0.0},{"calorie":0.0,"count":0,"distance":0.0,"speed":0.0},{"calorie":0.0,"count":0,"distance":0.0,"speed":0.0},{"calorie":0.0,"count":0,"distance":0.0,"speed":0.0},{"calorie":0.0,"count":0,"distance":0.0,"speed":0.0},{"calorie":0.0,"count":0,"distance":0.0,"speed":0.0},{"calorie":0.0,"count":0,"distance":0.0,"speed":0.0},{"calorie":0.0,"count":0,"distance":0.0,"speed":0.0},{"calorie":0.0,"count":0,"distance":0.0,"speed":0.0},{"calorie":0.0,"count":0,"distance":0.0,"speed":0.0},{"calorie":0.0,"count":0,"distance":0.0,"speed":0.0},{"calorie":0.0,"count":0,"distance":0.0,"speed":0.0},{"calorie":0.0,"count":0,"distance":0.0,"speed":0.0},{"calorie":0.0,"count":0,"distance":0.0,"speed":0.0},{"calorie":0.0,"count":0,"distance":0.0,"speed":0.0},{"calorie":0.0,"count":0,"distance":0.0,"speed":0.0},{"calorie":0.0,"count":0,"distance":0.0,"speed":0.0},{"calorie":0.0,"count":0,"distance":0.0,"speed":0.0},{"calorie":0.0,"count":0,"distance":0.0,"speed":0.0},{"calorie":0.0,"count":0,"distance":0.0,"speed":0.0},{"calorie":0.0,"count":0,"distance":0.0,"speed":0.0},{"calorie":0.0,"count":0,"distance":0.0,"speed":0.0},{"calorie":0.0,"count":0,"distance":0.0,"speed":0.0},{"calorie":4.409999847412109,"count":74,"distance":52.52000045776367,"speed":4.282472133636475},{"calorie":4.569999992847443,"count":77,"distance":55.549999713897705,"speed":4.679737567901611},{"calorie":1.059999942779541,"count":18,"distance":12.59000015258789,"speed":3.9000003337860107},{"calorie":4.260000109672546,"count":72,"distance":52.779998779296875,"speed":5.336380958557129},{"calorie":3.7799997329711914,"count":63,"distance":44.36999988555908,"speed":4.207231521606445},{"calorie":0.0,"count":0,"distance":0.0,"speed":0.0},{"calorie":3.25,"count":55,"distance":39.34000015258789,"speed":4.548346996307373},{"calorie":2.3199987411499023,"count":39,"distance":27.429994583129883,"speed":4.134050369262695},{"calorie":0.9800000190734863,"count":17,"distance":12.309999465942383,"speed":4.721832275390625},{"calorie":3.7099997997283936,"count":63,"distance":44.72999858856201,"speed":4.14919900894165},{"calorie":0.0,"count":0,"distance":0.0,"speed":0.0},{"calorie":0.0,"count":0,"distance":0.0,"speed":0.0},{"calorie":2.689999997615814,"count":46,"distance":32.739999771118164,"speed":4.332878589630127},{"calorie":0.0,"count":0,"distance":0.0,"speed":0.0},{"calorie":0.0,"count":0,"distance":0.0,"speed":0.0},{"calorie":0.0,"count":0,"distance":0.0,"speed":0.0},{"calorie":0.0,"count":0,"distance":0.0,"speed":0.0},{"calorie":0.0,"count":0,"distance":0.0,"speed":0.0},{"calorie":2.4999998807907104,"count":42,"distance":30.200000762939453,"speed":4.5038533210754395},{"calorie":0.8600000143051147,"count":15,"distance":10.989999771118164,"speed":5.099999904632568},{"calorie":0.0,"count":0,"distance":0.0,"speed":0.0},{"calorie":0.0,"count":0,"distance":0.0,"speed":0.0},{"calorie":0.0,"count":0,"distance":0.0,"speed":0.0},{"calorie":0.0,"count":0,"distance":0.0,"speed":0.0},{"calorie":0.0,"count":0,"distance":0.0,"speed":0.0},{"calorie":1.649999737739563,"count":28,"distance":19.860000610351562,"speed":4.433197021484375},{"calorie":15.00999991595745,"count":253,"distance":184.21999979019165,"speed":4.693419933319092},{"calorie":0.0,"count":0,"distance":0.0,"speed":0.0},{"calorie":8.149999797344208,"count":137,"distance":97.79999732971191,"speed":4.359375953674316},{"calorie":1.2699999809265137,"count":22,"distance":16.25,"speed":4.994542598724365},{"calorie":20.289999544620514,"count":342,"distance":243.40001487731934,"speed":4.384122848510742},{"calorie":0.0,"count":0,"distance":0.0,"speed":0.0},{"calorie":0.0,"count":0,"distance":0.0,"speed":0.0},{"calorie":0.0,"count":0,"distance":0.0,"speed":0.0},{"calorie":0.49000000953674316,"count":8,"distance":5.37999963760376,"speed":3.3123128414154053},{"calorie":12.769999623298645,"count":188,"distance":127.8499984741211,"speed":4.833370685577393},{"calorie":4.819999694824219,"count":81,"distance":56.829999923706055,"speed":4.069974899291992},{"calorie":7.280000030994415,"count":102,"distance":71.0500020980835,"speed":5.098564624786377},{"calorie":5.900000035762787,"count":99,"distance":66.69000053405762,"speed":4.562854290008545},{"calorie":2.2300000190734863,"count":38,"distance":27.450000762939453,"speed":4.5},{"calorie":0.0,"count":0,"distance":0.0,"speed":0.0},{"calorie":9.519999504089355,"count":162,"distance":115.11999607086182,"speed":4.409862041473389},{"calorie":8.82999986410141,"count":150,"distance":107.59000015258789,"speed":4.455275058746338},{"calorie":9.06000018119812,"count":127,"distance":84.010000705719,"speed":4.783246994018555},{"calorie":2.609999895095825,"count":44,"distance":31.819997787475586,"speed":4.77729606628418},{"calorie":1.429999977350235,"count":24,"distance":16.989999294281006,"speed":4.136532306671143},{"calorie":2.59999942779541,"count":44,"distance":31.330001831054688,"speed":4.320530414581299},{"calorie":0.0,"count":0,"distance":0.0,"speed":0.0},{"calorie":0.0,"count":0,"distance":0.0,"speed":0.0},{"calorie":0.0,"count":0,"distance":0.0,"speed":0.0},{"calorie":6.219998359680176,"count":83,"distance":55.449995040893555,"speed":4.852190017700195},{"calorie":0.0,"count":0,"distance":0.0,"speed":0.0},{"calorie":0.0,"count":0,"distance":0.0,"speed":0.0},{"calorie":0.0,"count":0,"distance":0.0,"speed":0.0},{"calorie":17.2399999499321,"count":290,"distance":211.17999744415283,"speed":4.895814895629883},{"calorie":0.0,"count":0,"distance":0.0,"speed":0.0},{"calorie":4.110000014305115,"count":69,"distance":47.65000057220459,"speed":3.7369003295898438},{"calorie":2.2399999499320984,"count":38,"distance":26.940000772476196,"speed":3.975234031677246},{"calorie":8.809999823570251,"count":151,"distance":108.01999950408936,"speed":4.444141387939453},{"calorie":7.309999972581863,"count":124,"distance":87.6000018119812,"speed":4.075953483581543},{"calorie":1.1200000047683716,"count":19,"distance":13.25,"speed":4.0},{"calorie":6.67999929189682,"count":112,"distance":77.28999328613281,"speed":3.559225559234619},{"calorie":10.489999949932098,"count":175,"distance":121.26000118255615,"speed":3.8028299808502197},{"calorie":0.0,"count":0,"distance":0.0,"speed":0.0},{"calorie":1.7300000190734863,"count":29,"distance":20.350000381469727,"speed":4.299999713897705},{"calorie":0.0,"count":0,"distance":0.0,"speed":0.0},{"calorie":3.5199997425079346,"count":60,"distance":41.7400016784668,"speed":4.039651393890381},{"calorie":0.0,"count":0,"distance":0.0,"speed":0.0},{"calorie":0.0,"count":0,"distance":0.0,"speed":0.0},{"calorie":0.9000000357627869,"count":17,"distance":12.510000228881836,"speed":4.939244270324707},{"calorie":0.42000001668930054,"count":7,"distance":4.789999961853027,"speed":3.8852715492248535},{"calorie":0.46000000461935997,"count":8,"distance":5.9700000286102295,"speed":4.774961948394775},{"calorie":0.0,"count":0,"distance":0.0,"speed":0.0},{"calorie":0.0,"count":0,"distance":0.0,"speed":0.0},{"calorie":0.0,"count":0,"distance":0.0,"speed":0.0},{"calorie":0.3499999940395355,"count":6,"distance":4.340000152587891,"speed":4.999999523162842},{"calorie":0.0,"count":0,"distance":0.0,"speed":0.0},{"calorie":0.4699999988079071,"count":8,"distance":5.670000076293945,"speed":4.399603366851807},{"calorie":0.9600000083446503,"count":16,"distance":11.069999694824219,"speed":3.7200448513031006},{"calorie":0.0,"count":0,"distance":0.0,"speed":0.0},{"calorie":0.0,"count":0,"distance":0.0,"speed":0.0},{"calorie":0.0,"count":0,"distance":0.0,"speed":0.0},{"calorie":0.0,"count":0,"distance":0.0,"speed":0.0},{"calorie":0.0,"count":0,"distance":0.0,"speed":0.0},{"calorie":0.0,"count":0,"distance":0.0,"speed":0.0},{"calorie":4.710000038146973,"count":79,"distance":54.94000053405762,"speed":3.799999713897705},{"calorie":0.0,"count":0,"distance":0.0,"speed":0.0},{"calorie":0.0,"count":0,"distance":0.0,"speed":0.0},{"calorie":14.139999866485596,"count":236,"distance":167.73000049591064,"speed":4.374290943145752},{"calorie":1.3900001049041748,"count":23,"distance":15.579999923706055,"speed":3.5385475158691406},{"calorie":0.0,"count":0,"distance":0.0,"speed":0.0},{"calorie":0.0,"count":0,"distance":0.0,"speed":0.0},{"calorie":0.0,"count":0,"distance":0.0,"speed":0.0},{"calorie":0.0,"count":0,"distance":0.0,"speed":0.0},{"calorie":0.0,"count":0,"distance":0.0,"speed":0.0},{"calorie":20.809999346733093,"count":349,"distance":245.96998715400696,"speed":4.157692909240723},{"calorie":0.0,"count":0,"distance":0.0,"speed":0.0},{"calorie":4.510000050067902,"count":76,"distance":53.410000801086426,"speed":3.99172043800354},{"calorie":0.0,"count":0,"distance":0.0,"speed":0.0},{"calorie":0.0,"count":0,"distance":0.0,"speed":0.0},{"calorie":0.0,"count":0,"distance":0.0,"speed":0.0},{"calorie":0.0,"count":0,"distance":0.0,"speed":0.0}]