[{"calorie":0.0,"count":0,"distance":0.0,"speed":0.0},{"calorie":0.0,"count":0,"distance":0.0,"speed":0.0},{"calorie":0.0,"count":0,"distance":0.0,"speed":0.0},{"calorie":0.0,"count":0,"distance":0.0,"speed":0.0},{"calorie":0.0,"count":0,"distance":0.0,"speed":0.0},{"calorie":0.0,"count":0,"distance":0.0,"speed":0.0},{"calorie":0.0,"count":0,"distance":0.0,"speed":0.0},{"calorie":0.0,"count":0,"distance":0.0,"speed":0.0},{"calorie":0.0,"count":0,"distance":0.0,"speed":0.0},{"calorie":0.0,"count":0,"distance":0.0,"speed":0.0},{"calorie":0.0,"count":0,"distance":0.0,"speed":0.0},{"calorie":0.0,"count":0,"distance":0.0,"speed":0.0},{"calorie":0.0,"count":0,"distance":0.0,"speed":0.0},{"calorie":0.0,"count":0,"distance":0.0,"speed":0.0},{"calorie":0.0,"count":0,"distance":0.0,"speed":0.0},{"calorie":0.0,"count":0,"distance":0.0,"speed":0.0},{"calorie":0.0,"count":0,"distance":0.0,"speed":0.0},{"calorie":0.0,"count":0,"distance":0.0,"speed":0.0},{"calorie":0.0,"count":0,"distance":0.0,"speed":0.0},{"calorie":0.0,"count":0,"distance":0.0,"speed":0.0},{"calorie":0.0,"count":0,"distance":0.0,"speed":0.0},{"calorie":0.0,"count":0,"distance":0.0,"speed":0.0},{"calorie":0.0,"count":0,"distance":0.0,"speed":0.0},{"calorie":0.0,"count":0,"distance":0.0,"speed":0.0},{"calorie":0.0,"count":0,"distance":0.0,"speed":0.0},{"calorie":0.0,"count":0,"distance":0.0,"speed":0.0},{"calorie":0.0,"count":0,"distance":0.0,"speed":0.0},{"calorie":0.0,"count":0,"distance":0.0,"speed":0.0},{"calorie":0.0,"count":0,"distance":0.0,"speed":0.0},{"calorie":0.0,"count":0,"distance":0.0,"speed":0.0},{"calorie":0.0,"count":0,"distance":0.0,"speed":0.0},{"calorie":0.0,"count":0,"distance":0.0,"speed":0.0},{"calorie":0.0,"count":0,"distance":0.0,"speed":0.0},{"calorie":0.0,"count":0,"distance":0.0,"speed":0.0},{"calorie":0.0,"count":0,"distance":0.0,"speed":0.0},{"calorie":0.0,"count":0,"distance":0.0,"speed":0.0},{"calorie":0.0,"count":0,"distance":0.0,"speed":0.0},{"calorie":0.0,"count":0,"distance":0.0,"speed":0.0},{"calorie":0.0,"count":0,"distance":0.0,"speed":0.0},{"calorie":0.0,"count":0,"distance":0.0,"speed":0.0},{"calorie":0.0,"count":0,"distance":0.0,"speed":0.0},{"calorie":0.0,"count":0,"distance":0.0,"speed":0.0},{"calorie":0.0,"count":0,"distance":0.0,"speed":0.0},{"calorie":0.0,"count":0,"distance":0.0,"speed":0.0},{"calorie":0.0,"count":0,"distance":0.0,"speed":0.0},{"calorie":0.0,"count":0,"distance":0.0,"speed":0.0},{"calorie":0.0,"count":0,"distance":0.0,"speed":0.0},{"calorie":3.0299999713897705,"count":56,"distance":40.76999855041504,"speed":4.393438339233398},{"calorie":12.40999960899353,"count":248,"distance":180.3700008392334,"speed":4.860601902008057},{"calorie":1.059999942779541,"count":21,"distance":15.339999198913574,"speed":4.818210601806641},{"calorie":0.0,"count":0,"distance":0.0,"speed":0.0},{"calorie":0.0,"count":0,"distance":0.0,"speed":0.0},{"calorie":0.0,"count":0,"distance":0.0,"speed":0.0},{"calorie":0.0,"count":0,"distance":0.0,"speed":0.0},{"calorie":0.0,"count":0,"distance":0.0,"speed":0.0},{"calorie":5.549999952316284,"count":110,"distance":79.61999893188477,"speed":4.74609375},{"calorie":2.2100000381469727,"count":44,"distance":32.41999816894531,"speed":5.199999809265137},{"calorie":0.0,"count":0,"distance":0.0,"speed":0.0},{"calorie":2.0099995136260986,"count":40,"distance":28.769994735717773,"speed":4.656938076019287},{"calorie":2.3700002431869507,"count":47,"distance":34.50999641418457,"speed":5.0002055168151855},{"calorie":0.0,"count":0,"distance":0.0,"speed":0.0},{"calorie":0.0,"count":0,"distance":0.0,"speed":0.0},{"calorie":0.0,"count":0,"distance":0.0,"speed":0.0},{"calorie":14.73000055551529,"count":294,"distance":211.8200101852417,"speed":4.8007493019104},{"calorie":1.2300000190734863,"count":24,"distance":17.40999984741211,"speed":4.700000286102295},{"calorie":0.0,"count":0,"distance":0.0,"speed":0.0},{"calorie":0.0,"count":0,"distance":0.0,"speed":0.0},{"calorie":11.769999265670776,"count":234,"distance":169.79000091552734,"speed":5.0754265785217285},{"calorie":0.0,"count":0,"distance":0.0,"speed":0.0},{"calorie":0.0,"count":0,"distance":0.0,"speed":0.0},{"calorie":0.0,"count":0,"distance":0.0,"speed":0.0},{"calorie":0.0,"count":0,"distance":0.0,"speed":0.0},{"calorie":0.0,"count":0,"distance":0.0,"speed":0.0},{"calorie":0.0,"count":0,"distance":0.0,"speed":0.0},{"calorie":0.0,"count":0,"distance":0.0,"speed":0.0},{"calorie":0.0,"count":0,"distance":0.0,"speed":0.0},{"calorie":0.0,"count":0,"distance":0.0,"speed":0.0},{"calorie":0.0,"count":0,"distance":0.0,"speed":0.0},{"calorie":0.0,"count":0,"distance":0.0,"speed":0.0},{"calorie":0.0,"count":0,"distance":0.0,"speed":0.0},{"calorie":0.0,"count":0,"distance":0.0,"speed":0.0},{"calorie":0.0,"count":0,"distance":0.0,"speed":0.0},{"calorie":0.0,"count":0,"distance":0.0,"speed":0.0},{"calorie":0.0,"count":0,"distance":0.0,"speed":0.0},{"calorie":0.0,"count":0,"distance":0.0,"speed":0.0},{"calorie":0.0,"count":0,"distance":0.0,"speed":0.0},{"calorie":0.0,"count":0,"distance":0.0,"speed":0.0},{"calorie":0.0,"count":0,"distance":0.0,"speed":0.0},{"calorie":0.5,"count":10,"distance":7.559999942779541,"speed":4.999999523162842},{"calorie":4.2499988079071045,"count":84,"distance":60.1099967956543,"speed":4.4660539627075195},{"calorie":0.0,"count":0,"distance":0.0,"speed":0.0},{"calorie":0.0,"count":0,"distance":0.0,"speed":0.0},{"calorie":0.0,"count":0,"distance":0.0,"speed":0.0},{"calorie":0.0,"count":0,"distance":0.0,"speed":0.0},{"calorie":0.0,"count":0,"distance":0.0,"speed":0.0},{"calorie":0.0,"count":0,"distance":0.0,"speed":0.0},{"calorie":0.0,"count":0,"distance":0.0,"speed":0.0},{"calorie":5.299999833106995,"count":103,"distance":74.78000259399414,"speed":4.64011812210083},{"calorie":1.0500000715255737,"count":21,"distance":15.080001831054688,"speed":4.565544605255127},{"calorie":0.0,"count":0,"distance":0.0,"speed":0.0},{"calorie":0.0,"count":0,"distance":0.0,"speed":0.0},{"calorie":9.119995832443237,"count":181,"distance":128.0999526977539,"speed":4.2777886390686035},{"calorie":5.059999525547028,"count":101,"distance":71.79999256134033,"speed":4.262805938720703},{"calorie":2.7899999618530273,"count":55,"distance":39.46000099182129,"speed":4.5031304359436035},{"calorie":13.880000352859497,"count":272,"distance":194.39000034332275,"speed":4.61345100402832},{"calorie":0.0,"count":0,"distance":0.0,"speed":0.0},{"calorie":5.699999958276749,"count":111,"distance":79.78999948501587,"speed":4.679121494293213},{"calorie":15.469999581575394,"count":306,"distance":220.70000076293945,"speed":4.62588357925415},{"calorie":10.40999984741211,"count":205,"distance":146.82999801635742,"speed":4.43726921081543},{"calorie":3.040000021457672,"count":60,"distance":43.83999967575073,"speed":4.769121170043945},{"calorie":2.2799999713897705,"count":44,"distance":31.299999713897705,"speed":4.224282264709473},{"calorie":9.199999898672104,"count":181,"distance":128.90999937057495,"speed":4.487974643707275},{"calorie":7.110000133514404,"count":140,"distance":100.16999816894531,"speed":4.481667518615723},{"calorie":1.4700000286102295,"count":29,"distance":19.799999237060547,"speed":3.491786479949951},{"calorie":0.0,"count":0,"distance":0.0,"speed":0.0},{"calorie":8.540000140666962,"count":168,"distance":120.14999866485596,"speed":4.453950881958008},{"calorie":5.659999966621399,"count":112,"distance":78.1299991607666,"speed":3.8247530460357666},{"calorie":0.0,"count":0,"distance":0.0,"speed":0.0},{"calorie":0.0,"count":0,"distance":0.0,"speed":0.0},{"calorie":0.36000001430511475,"count":7,"distance":4.960000038146973,"speed":4.614251613616943},{"calorie":0.0,"count":0,"distance":0.0,"speed":0.0},{"calorie":1.1799999475479126,"count":23,"distance":16.380001068115234,"speed":3.8953206539154053},{"calorie":10.06000018119812,"count":199,"distance":140.38000106811523,"speed":4.131216049194336},{"calorie":5.490000128746033,"count":108,"distance":76.2400016784668,"speed":4.181800842285156},{"calorie":2.1500001698732376,"count":42,"distance":29.219998598098755,"speed":3.8338632583618164},{"calorie":2.869999885559082,"count":56,"distance":38.37000513076782,"speed":3.5562994480133057},{"calorie":0.0,"count":0,"distance":0.0,"speed":0.0},{"calorie":0.0,"count":0,"distance":0.0,"speed":0.0},{"calorie":0.0,"count":0,"distance":0.0,"speed":0.0},{"calorie":0.0,"count":0,"distance":0.0,"speed":0.0},{"calorie":0.0,"count":0,"distance":0.0,"speed":0.0},{"calorie":0.0,"count":0,"distance":0.0,"speed":0.0},{"calorie":0.9800000190734863,"count":19,"distance":12.829999923706055,"speed":3.4333336353302},{"calorie":1.0699999928474426,"count":21,"distance":14.820000171661377,"speed":4.1051154136657715},{"calorie":1.2200000286102295,"count":24,"distance":16.66999912261963,"speed":3.946100950241089},{"calorie":0.940000057220459,"count":18,"distance":12.399999141693115,"speed":3.9263319969177246},{"calorie":0.0,"count":0,"distance":0.0,"speed":0.0},{"calorie":0.0,"count":0,"distance":0.0,"speed":0.0},{"calorie":0.0,"count":0,"distance":0.0,"speed":0.0},{"calorie":0.0,"count":0,"distance":0.0,"speed":0.0},{"calorie":0.0,"count":0,"distance":0.0,"speed":0.0},{"calorie":0.0,"count":0,"distance":0.0,"speed":0.0},{"calorie":0.0,"count":0,"distance":0.0,"speed":0.0},{"calorie":0.0,"count":0,"distance":0.0,"speed":0.0}]