[{"calorie":0.0,"count":0,"distance":0.0,"speed":0.0},{"calorie":0.0,"count":0,"distance":0.0,"speed":0.0},{"calorie":0.0,"count":0,"distance":0.0,"speed":0.0},{"calorie":0.0,"count":0,"distance":0.0,"speed":0.0},{"calorie":0.0,"count":0,"distance":0.0,"speed":0.0},{"calorie":0.0,"count":0,"distance":0.0,"speed":0.0},{"calorie":0.0,"count":0,"distance":0.0,"speed":0.0},{"calorie":0.0,"count":0,"distance":0.0,"speed":0.0},{"calorie":0.0,"count":0,"distance":0.0,"speed":0.0},{"calorie":0.0,"count":0,"distance":0.0,"speed":0.0},{"calorie":0.0,"count":0,"distance":0.0,"speed":0.0},{"calorie":0.0,"count":0,"distance":0.0,"speed":0.0},{"calorie":0.0,"count":0,"distance":0.0,"speed":0.0},{"calorie":0.0,"count":0,"distance":0.0,"speed":0.0},{"calorie":0.0,"count":0,"distance":0.0,"speed":0.0},{"calorie":0.0,"count":0,"distance":0.0,"speed":0.0},{"calorie":0.0,"count":0,"distance":0.0,"speed":0.0},{"calorie":0.0,"count":0,"distance":0.0,"speed":0.0},{"calorie":0.0,"count":0,"distance":0.0,"speed":0.0},{"calorie":0.0,"count":0,"distance":0.0,"speed":0.0},{"calorie":0.0,"count":0,"distance":0.0,"speed":0.0},{"calorie":0.0,"count":0,"distance":0.0,"speed":0.0},{"calorie":0.0,"count":0,"distance":0.0,"speed":0.0},{"calorie":0.0,"count":0,"distance":0.0,"speed":0.0},{"calorie":0.0,"count":0,"distance":0.0,"speed":0.0},{"calorie":0.0,"count":0,"distance":0.0,"speed":0.0},{"calorie":0.0,"count":0,"distance":0.0,"speed":0.0},{"calorie":0.0,"count":0,"distance":0.0,"speed":0.0},{"calorie":0.0,"count":0,"distance":0.0,"speed":0.0},{"calorie":0.0,"count":0,"distance":0.0,"speed":0.0},{"calorie":0.0,"count":0,"distance":0.0,"speed":0.0},{"calorie":0.0,"count":0,"distance":0.0,"speed":0.0},{"calorie":0.0,"count":0,"distance":0.0,"speed":0.0},{"calorie":0.0,"count":0,"distance":0.0,"speed":0.0},{"calorie":0.0,"count":0,"distance":0.0,"speed":0.0},{"calorie":0.0,"count":0,"distance":0.0,"speed":0.0},{"calorie":0.0,"count":0,"distance":0.0,"speed":0.0},{"calorie":0.0,"count":0,"distance":0.0,"speed":0.0},{"calorie":0.0,"count":0,"distance":0.0,"speed":0.0},{"calorie":0.0,"count":0,"distance":0.0,"speed":0.0},{"calorie":0.0,"count":0,"distance":0.0,"speed":0.0},{"calorie":0.0,"count":0,"distance":0.0,"speed":0.0},{"calorie":0.0,"count":0,"distance":0.0,"speed":0.0},{"calorie":0.0,"count":0,"distance":0.0,"speed":0.0},{"calorie":0.0,"count":0,"distance":0.0,"speed":0.0},{"calorie":0.0,"count":0,"distance":0.0,"speed":0.0},{"calorie":0.0,"count":0,"distance":0.0,"speed":0.0},{"calorie":9.42000013589859,"count":265,"distance":201.50999927520752,"speed":4.699963569641113},{"calorie":6.119999885559082,"count":173,"distance":131.94000148773193,"speed":5.0830078125},{"calorie":2.509999930858612,"count":75,"distance":57.40999984741211,"speed":5.285367965698242},{"calorie":5.7799999713897705,"count":160,"distance":118.98000049591064,"speed":4.6662397384643555},{"calorie":0.0,"count":0,"distance":0.0,"speed":0.0},{"calorie":2.3899999856948853,"count":68,"distance":50.89000129699707,"speed":4.657532215118408},{"calorie":0.0,"count":0,"distance":0.0,"speed":0.0},{"calorie":0.0,"count":0,"distance":0.0,"speed":0.0},{"calorie":7.209999918937683,"count":194,"distance":144.43000507354736,"speed":4.390366554260254},{"calorie":2.1399999260902405,"count":58,"distance":43.09000110626221,"speed":4.420348167419434},{"calorie":6.2799999713897705,"count":169,"distance":128.03999996185303,"speed":4.516633987426758},{"calorie":16.389999270439148,"count":462,"distance":351.6599922180176,"speed":5.110996246337891},{"calorie":14.799999207258224,"count":394,"distance":294.26000213623047,"speed":4.49160099029541},{"calorie":0.699999988079071,"count":21,"distance":16.530000686645508,"speed":5.700000286102295},{"calorie":3.990000009536743,"count":101,"distance":78.25000238418579,"speed":4.6036248207092285},{"calorie":6.8499999940395355,"count":185,"distance":138.12999963760376,"speed":4.440080165863037},{"calorie":7.5599992871284485,"count":198,"distance":148.91000080108643,"speed":4.4615349769592285},{"calorie":6.099999845027924,"count":176,"distance":132.87001514434814,"speed":4.882216930389404},{"calorie":0.0,"count":0,"distance":0.0,"speed":0.0},{"calorie":2.290000021457672,"count":66,"distance":49.85000038146973,"speed":4.700502872467041},{"calorie":4.779999911785126,"count":128,"distance":93.32999897003174,"speed":3.773437738418579},{"calorie":5.400000035762787,"count":143,"distance":105.91000175476074,"speed":4.36314058303833},{"calorie":10.25999927520752,"count":283,"distance":212.8900089263916,"speed":4.761995315551758},{"calorie":1.179999977350235,"count":32,"distance":23.539999961853027,"speed":4.097170352935791},{"calorie":9.009999990463257,"count":247,"distance":184.51999855041504,"speed":4.517487525939941},{"calorie":4.800000071525574,"count":143,"distance":108.97000026702881,"speed":5.272815704345703},{"calorie":3.0800000429153442,"count":85,"distance":64.15999984741211,"speed":4.876832008361816},{"calorie":0.8199999928474426,"count":22,"distance":16.25,"speed":4.400000095367432},{"calorie":3.299999952316284,"count":81,"distance":63.98999881744385,"speed":5.175032138824463},{"calorie":4.119999945163727,"count":118,"distance":89.0,"speed":4.689301013946533},{"calorie":0.2199999988079071,"count":6,"distance":4.21999979019165,"speed":3.3000001907348633},{"calorie":1.2199999690055847,"count":32,"distance":23.579999923706055,"speed":4.30569314956665},{"calorie":0.0,"count":0,"distance":0.0,"speed":0.0},{"calorie":0.0,"count":0,"distance":0.0,"speed":0.0},{"calorie":0.0,"count":0,"distance":0.0,"speed":0.0},{"calorie":0.0,"count":0,"distance":0.0,"speed":0.0},{"calorie":0.0,"count":0,"distance":0.0,"speed":0.0},{"calorie":4.879999786615372,"count":136,"distance":101.24999856948853,"speed":4.595256328582764},{"calorie":8.849999725818634,"count":244,"distance":182.97999715805054,"speed":4.528774261474609},{"calorie":5.429999947547913,"count":154,"distance":119.33999824523926,"speed":5.355367183685303},{"calorie":12.279999509453773,"count":341,"distance":256.460000038147,"speed":4.773551940917969},{"calorie":3.240000009536743,"count":89,"distance":66.96000099182129,"speed":4.719821929931641},{"calorie":10.300000339746475,"count":274,"distance":201.94998979568481,"speed":4.1765947341918945},{"calorie":14.389999747276306,"count":412,"distance":313.79999923706055,"speed":4.943970203399658},{"calorie":1.7299999594688416,"count":49,"distance":36.84000015258789,"speed":4.490335941314697},{"calorie":2.040000021457672,"count":54,"distance":39.35999774932861,"speed":3.932100296020508},{"calorie":2.839999943971634,"count":79,"distance":58.53999996185303,"speed":4.35011100769043},{"calorie":6.339999556541443,"count":173,"distance":129.85999727249146,"speed":4.634437561035156},{"calorie":3.8000000715255737,"count":89,"distance":64.0699987411499,"speed":4.4383111000061035},{"calorie":8.530000045895576,"count":204,"distance":144.23000240325928,"speed":4.600963115692139},{"calorie":5.7200000286102295,"count":158,"distance":113.55000019073486,"speed":4.6032915115356445},{"calorie":1.6299999952316284,"count":44,"distance":32.71000003814697,"speed":4.583846569061279},{"calorie":1.4699999690055847,"count":40,"distance":30.490000247955322,"speed":4.963908672332764},{"calorie":1.9700000137090683,"count":53,"distance":39.639999866485596,"speed":4.593003273010254},{"calorie":5.049999892711639,"count":120,"distance":85.55999755859375,"speed":4.712022304534912},{"calorie":10.299999073147774,"count":292,"distance":221.14001083374023,"speed":4.9603986740112305},{"calorie":0.41999998688697815,"count":12,"distance":9.010000228881836,"speed":5.099999904632568},{"calorie":1.9900000095367432,"count":56,"distance":42.71999931335449,"speed":5.076760292053223},{"calorie":1.9299999475479126,"count":50,"distance":40.35000038146973,"speed":5.538745403289795},{"calorie":2.55000002682209,"count":70,"distance":53.37999963760376,"speed":5.026970863342285},{"calorie":1.520000010728836,"count":44,"distance":32.839999198913574,"speed":4.4311089515686035},{"calorie":1.4300000071525574,"count":39,"distance":28.90999984741211,"speed":4.4395575523376465},{"calorie":0.0,"count":0,"distance":0.0,"speed":0.0},{"calorie":2.2099999487400055,"count":64,"distance":47.810001373291016,"speed":4.9200358390808105},{"calorie":3.480000138282776,"count":92,"distance":67.79999923706055,"speed":4.299999713897705},{"calorie":0.0,"count":0,"distance":0.0,"speed":0.0},{"calorie":3.3500000834465027,"count":89,"distance":65.48999691009521,"speed":4.190446853637695},{"calorie":2.2899999618530273,"count":64,"distance":47.3799991607666,"speed":4.571127891540527},{"calorie":3.25,"count":93,"distance":70.60999965667725,"speed":4.953588008880615},{"calorie":4.629999876022339,"count":120,"distance":89.6200008392334,"speed":4.594424724578857},{"calorie":1.149999976158142,"count":31,"distance":22.670000076293945,"speed":4.158818244934082},{"calorie":0.0,"count":0,"distance":0.0,"speed":0.0},{"calorie":0.0,"count":0,"distance":0.0,"speed":0.0},{"calorie":0.0,"count":0,"distance":0.0,"speed":0.0},{"calorie":0.0,"count":0,"distance":0.0,"speed":0.0},{"calorie":0.0,"count":0,"distance":0.0,"speed":0.0},{"calorie":0.0,"count":0,"distance":0.0,"speed":0.0},{"calorie":0.0,"count":0,"distance":0.0,"speed":0.0},{"calorie":0.0,"count":0,"distance":0.0,"speed":0.0},{"calorie":0.0,"count":0,"distance":0.0,"speed":0.0},{"calorie":0.0,"count":0,"distance":0.0,"speed":0.0},{"calorie":4.169999957084656,"count":109,"distance":80.9900016784668,"speed":4.155959606170654},{"calorie":2.1499999463558197,"count":58,"distance":42.31000089645386,"speed":4.334234237670898},{"calorie":0.0,"count":0,"distance":0.0,"speed":0.0},{"calorie":0.0,"count":0,"distance":0.0,"speed":0.0},{"calorie":4.589999794960022,"count":120,"distance":87.3099946975708,"speed":3.9222371578216553},{"calorie":3.5599999129772186,"count":95,"distance":70.57999897003174,"speed":4.367714881896973},{"calorie":1.3200000524520874,"count":35,"distance":25.329999923706055,"speed":3.799999952316284},{"calorie":0.0,"count":0,"distance":0.0,"speed":0.0},{"calorie":0.47999998927116394,"count":13,"distance":9.720000267028809,"speed":4.199999809265137},{"calorie":0.0,"count":0,"distance":0.0,"speed":0.0},{"calorie":0.0,"count":0,"distance":0.0,"speed":0.0},{"calorie":0.0,"count":0,"distance":0.0,"speed":0.0},{"calorie":0.0,"count":0,"distance":0.0,"speed":0.0},{"calorie":5.869999915361404,"count":152,"distance":112.17999958992004,"speed":4.316615581512451},{"calorie":0.6899999976158142,"count":18,"distance":12.99000072479248,"speed":3.705404758453369},{"calorie":0.0,"count":0,"distance":0.0,"speed":0.0}]