[{"calorie":0.0,"count":0,"distance":0.0,"speed":0.0},{"calorie":0.0,"count":0,"distance":0.0,"speed":0.0},{"calorie":0.0,"count":0,"distance":0.0,"speed":0.0},{"calorie":0.0,"count":0,"distance":0.0,"speed":0.0},{"calorie":0.0,"count":0,"distance":0.0,"speed":0.0},{"calorie":0.0,"count":0,"distance":0.0,"speed":0.0},{"calorie":0.0,"count":0,"distance":0.0,"speed":0.0},{"calorie":0.0,"count":0,"distance":0.0,"speed":0.0},{"calorie":0.0,"count":0,"distance":0.0,"speed":0.0},{"calorie":0.0,"count":0,"distance":0.0,"speed":0.0},{"calorie":0.0,"count":0,"distance":0.0,"speed":0.0},{"calorie":0.0,"count":0,"distance":0.0,"speed":0.0},{"calorie":0.0,"count":0,"distance":0.0,"speed":0.0},{"calorie":0.0,"count":0,"distance":0.0,"speed":0.0},{"calorie":0.0,"count":0,"distance":0.0,"speed":0.0},{"calorie":0.0,"count":0,"distance":0.0,"speed":0.0},{"calorie":0.0,"count":0,"distance":0.0,"speed":0.0},{"calorie":0.0,"count":0,"distance":0.0,"speed":0.0},{"calorie":0.0,"count":0,"distance":0.0,"speed":0.0},{"calorie":0.0,"count":0,"distance":0.0,"speed":0.0},{"calorie":0.0,"count":0,"distance":0.0,"speed":0.0},{"calorie":0.0,"count":0,"distance":0.0,"speed":0.0},{"calorie":0.0,"count":0,"distance":0.0,"speed":0.0},{"calorie":0.0,"count":0,"distance":0.0,"speed":0.0},{"calorie":0.0,"count":0,"distance":0.0,"speed":0.0},{"calorie":0.0,"count":0,"distance":0.0,"speed":0.0},{"calorie":0.0,"count":0,"distance":0.0,"speed":0.0},{"calorie":0.0,"count":0,"distance":0.0,"speed":0.0},{"calorie":0.0,"count":0,"distance":0.0,"speed":0.0},{"calorie":0.0,"count":0,"distance":0.0,"speed":0.0},{"calorie":0.0,"count":0,"distance":0.0,"speed":0.0},{"calorie":0.0,"count":0,"distance":0.0,"speed":0.0},{"calorie":0.0,"count":0,"distance":0.0,"speed":0.0},{"calorie":0.0,"count":0,"distance":0.0,"speed":0.0},{"calorie":0.0,"count":0,"distance":0.0,"speed":0.0},{"calorie":0.0,"count":0,"distance":0.0,"speed":0.0},{"calorie":0.0,"count":0,"distance":0.0,"speed":0.0},{"calorie":0.0,"count":0,"distance":0.0,"speed":0.0},{"calorie":0.0,"count":0,"distance":0.0,"speed":0.0},{"calorie":0.0,"count":0,"distance":0.0,"speed":0.0},{"calorie":0.0,"count":0,"distance":0.0,"speed":0.0},{"calorie":0.0,"count":0,"distance":0.0,"speed":0.0},{"calorie":0.0,"count":0,"distance":0.0,"speed":0.0},{"calorie":0.0,"count":0,"distance":0.0,"speed":0.0},{"calorie":0.0,"count":0,"distance":0.0,"speed":0.0},{"calorie":0.0,"count":0,"distance":0.0,"speed":0.0},{"calorie":0.0,"count":0,"distance":0.0,"speed":0.0},{"calorie":0.0,"count":0,"distance":0.0,"speed":0.0},{"calorie":0.0,"count":0,"distance":0.0,"speed":0.0},{"calorie":0.0,"count":0,"distance":0.0,"speed":0.0},{"calorie":0.0,"count":0,"distance":0.0,"speed":0.0},{"calorie":0.0,"count":0,"distance":0.0,"speed":0.0},{"calorie":0.0,"count":0,"distance":0.0,"speed":0.0},{"calorie":0.0,"count":0,"distance":0.0,"speed":0.0},{"calorie":0.0,"count":0,"distance":0.0,"speed":0.0},{"calorie":0.0,"count":0,"distance":0.0,"speed":0.0},{"calorie":0.0,"count":0,"distance":0.0,"speed":0.0},{"calorie":1.369999885559082,"count":27,"distance":19.15999984741211,"speed":4.107133388519287},{"calorie":0.7000000476837158,"count":14,"distance":9.769999504089355,"speed":3.9926645755767822},{"calorie":0.8500000834465027,"count":17,"distance":12.499998092651367,"speed":5.022716045379639},{"calorie":0.0,"count":0,"distance":0.0,"speed":0.0},{"calorie":0.0,"count":0,"distance":0.0,"speed":0.0},{"calorie":0.0,"count":0,"distance":0.0,"speed":0.0},{"calorie":0.0,"count":0,"distance":0.0,"speed":0.0},{"calorie":0.0,"count":0,"distance":0.0,"speed":0.0},{"calorie":4.559999741613865,"count":89,"distance":62.78999602794647,"speed":4.2546491622924805},{"calorie":0.7500000596046448,"count":15,"distance":10.649999618530273,"speed":4.3325090408325195},{"calorie":14.149998664855957,"count":279,"distance":196.66999626159668,"speed":4.085638046264648},{"calorie":9.88000002503395,"count":195,"distance":138.9399995803833,"speed":4.189128875732422},{"calorie":10.29999989271164,"count":202,"distance":142.07999992370605,"speed":3.962731122970581},{"calorie":22.419999957084656,"count":440,"distance":311.0900020599365,"speed":4.152797222137451},{"calorie":18.319999862462282,"count":362,"distance":256.54000133275986,"speed":4.265765190124512},{"calorie":13.040000051259995,"count":256,"distance":178.63999795913696,"speed":3.942404270172119},{"calorie":10.400000095367432,"count":207,"distance":148.48999786376953,"speed":4.534268856048584},{"calorie":15.139999985694885,"count":299,"distance":220.1700038909912,"speed":5.154371738433838},{"calorie":7.129999995231628,"count":133,"distance":97.31000232696533,"speed":4.646664142608643},{"calorie":1.8100000023841858,"count":35,"distance":24.579999923706055,"speed":3.7886881828308105},{"calorie":6.899999976158142,"count":137,"distance":99.9000015258789,"speed":5.012392044067383},{"calorie":0.0,"count":0,"distance":0.0,"speed":0.0},{"calorie":0.0,"count":0,"distance":0.0,"speed":0.0},{"calorie":9.760001331567764,"count":194,"distance":139.93002271652222,"speed":4.800769805908203},{"calorie":0.5300000309944153,"count":10,"distance":6.78000020980835,"speed":3.487260341644287},{"calorie":2.6500000953674316,"count":52,"distance":36.65999984741211,"speed":4.099999904632568},{"calorie":2.8100000619888306,"count":55,"distance":39.44000053405762,"speed":4.602646350860596},{"calorie":2.5799999237060547,"count":51,"distance":36.150001525878906,"speed":4.299999713897705},{"calorie":0.0,"count":0,"distance":0.0,"speed":0.0},{"calorie":0.0,"count":0,"distance":0.0,"speed":0.0},{"calorie":0.0,"count":0,"distance":0.0,"speed":0.0},{"calorie":0.0,"count":0,"distance":0.0,"speed":0.0},{"calorie":0.0,"count":0,"distance":0.0,"speed":0.0},{"calorie":0.0,"count":0,"distance":0.0,"speed":0.0},{"calorie":0.0,"count":0,"distance":0.0,"speed":0.0},{"calorie":0.0,"count":0,"distance":0.0,"speed":0.0},{"calorie":0.0,"count":0,"distance":0.0,"speed":0.0},{"calorie":0.0,"count":0,"distance":0.0,"speed":0.0},{"calorie":0.0,"count":0,"distance":0.0,"speed":0.0},{"calorie":0.0,"count":0,"distance":0.0,"speed":0.0},{"calorie":0.0,"count":0,"distance":0.0,"speed":0.0},{"calorie":0.0,"count":0,"distance":0.0,"speed":0.0},{"calorie":0.0,"count":0,"distance":0.0,"speed":0.0},{"calorie":0.0,"count":0,"distance":0.0,"speed":0.0},{"calorie":0.0,"count":0,"distance":0.0,"speed":0.0},{"calorie":0.0,"count":0,"distance":0.0,"speed":0.0},{"calorie":0.0,"count":0,"distance":0.0,"speed":0.0},{"calorie":0.0,"count":0,"distance":0.0,"speed":0.0},{"calorie":0.0,"count":0,"distance":0.0,"speed":0.0},{"calorie":0.0,"count":0,"distance":0.0,"speed":0.0},{"calorie":0.0,"count":0,"distance":0.0,"speed":0.0},{"calorie":0.0,"count":0,"distance":0.0,"speed":0.0},{"calorie":0.0,"count":0,"distance":0.0,"speed":0.0},{"calorie":0.0,"count":0,"distance":0.0,"speed":0.0},{"calorie":1.4100000262260437,"count":28,"distance":20.479999542236328,"speed":5.023686408996582},{"calorie":0.929999977350235,"count":18,"distance":12.829999923706055,"speed":4.567716121673584},{"calorie":0.0,"count":0,"distance":0.0,"speed":0.0},{"calorie":0.0,"count":0,"distance":0.0,"speed":0.0},{"calorie":1.0999999642372131,"count":21,"distance":14.360000133514404,"speed":3.623199224472046},{"calorie":0.4699999988079071,"count":9,"distance":6.2099995613098145,"speed":3.562465190887451},{"calorie":0.0,"count":0,"distance":0.0,"speed":0.0},{"calorie":0.0,"count":0,"distance":0.0,"speed":0.0},{"calorie":0.0,"count":0,"distance":0.0,"speed":0.0},{"calorie":4.8700001537799835,"count":95,"distance":67.45000123977661,"speed":4.374312400817871},{"calorie":0.0,"count":0,"distance":0.0,"speed":0.0},{"calorie":3.480000078678131,"count":66,"distance":45.17999267578125,"speed":4.090211868286133},{"calorie":0.0,"count":0,"distance":0.0,"speed":0.0},{"calorie":1.8199999332427979,"count":35,"distance":24.579999923706055,"speed":4.099999904632568},{"calorie":0.0,"count":0,"distance":0.0,"speed":0.0},{"calorie":0.0,"count":0,"distance":0.0,"speed":0.0},{"calorie":2.5400002002716064,"count":50,"distance":34.889997482299805,"speed":3.903646230697632},{"calorie":0.0,"count":0,"distance":0.0,"speed":0.0},{"calorie":0.0,"count":0,"distance":0.0,"speed":0.0},{"calorie":0.3100000023841858,"count":6,"distance":4.360000133514404,"speed":4.5},{"calorie":1.8699999824166298,"count":37,"distance":26.270000338554382,"speed":3.922114133834839},{"calorie":0.0,"count":0,"distance":0.0,"speed":0.0},{"calorie":0.0,"count":0,"distance":0.0,"speed":0.0},{"calorie":0.3199999928474426,"count":6,"distance":4.119999885559082,"speed":4.0},{"calorie":0.33000001311302185,"count":6,"distance":4.039999961853027,"speed":3.200000047683716},{"calorie":0.0,"count":0,"distance":0.0,"speed":0.0},{"calorie":0.0,"count":0,"distance":0.0,"speed":0.0},{"calorie":0.30000001192092896,"count":6,"distance":4.480000019073486,"speed":4.999999523162842},{"calorie":0.3700000047683716,"count":7,"distance":4.920000076293945,"speed":4.756105899810791},{"calorie":0.0,"count":0,"distance":0.0,"speed":0.0},{"calorie":0.0,"count":0,"distance":0.0,"speed":0.0},{"calorie":0.8399999737739563,"count":16,"distance":11.149999618530273,"speed":4.099999904632568},{"calorie":0.0,"count":0,"distance":0.0,"speed":0.0}]