[{"calorie":0.0,"count":0,"distance":0.0,"speed":0.0},{"calorie":0.0,"count":0,"distance":0.0,"speed":0.0},{"calorie":0.0,"count":0,"distance":0.0,"speed":0.0},{"calorie":0.0,"count":0,"distance":0.0,"speed":0.0},{"calorie":1.0500000715255737,"count":29,"distance":21.559995651245117,"speed":4.290891170501709},{"calorie":0.0,"count":0,"distance":0.0,"speed":0.0},{"calorie":0.0,"count":0,"distance":0.0,"speed":0.0},{"calorie":0.0,"count":0,"distance":0.0,"speed":0.0},{"calorie":0.0,"count":0,"distance":0.0,"speed":0.0},{"calorie":0.0,"count":0,"distance":0.0,"speed":0.0},{"calorie":0.0,"count":0,"distance":0.0,"speed":0.0},{"calorie":0.0,"count":0,"distance":0.0,"speed":0.0},{"calorie":0.0,"count":0,"distance":0.0,"speed":0.0},{"calorie":0.0,"count":0,"distance":0.0,"speed":0.0},{"calorie":0.0,"count":0,"distance":0.0,"speed":0.0},{"calorie":0.0,"count":0,"distance":0.0,"speed":0.0},{"calorie":0.0,"count":0,"distance":0.0,"speed":0.0},{"calorie":0.0,"count":0,"distance":0.0,"speed":0.0},{"calorie":0.0,"count":0,"distance":0.0,"speed":0.0},{"calorie":0.0,"count":0,"distance":0.0,"speed":0.0},{"calorie":0.0,"count":0,"distance":0.0,"speed":0.0},{"calorie":0.0,"count":0,"distance":0.0,"speed":0.0},{"calorie":0.0,"count":0,"distance":0.0,"speed":0.0},{"calorie":0.0,"count":0,"distance":0.0,"speed":0.0},{"calorie":0.0,"count":0,"distance":0.0,"speed":0.0},{"calorie":0.0,"count":0,"distance":0.0,"speed":0.0},{"calorie":0.0,"count":0,"distance":0.0,"speed":0.0},{"calorie":0.0,"count":0,"distance":0.0,"speed":0.0},{"calorie":0.0,"count":0,"distance":0.0,"speed":0.0},{"calorie":0.0,"count":0,"distance":0.0,"speed":0.0},{"calorie":0.0,"count":0,"distance":0.0,"speed":0.0},{"calorie":0.0,"count":0,"distance":0.0,"speed":0.0},{"calorie":0.0,"count":0,"distance":0.0,"speed":0.0},{"calorie":0.0,"count":0,"distance":0.0,"speed":0.0},{"calorie":0.0,"count":0,"distance":0.0,"speed":0.0},{"calorie":0.0,"count":0,"distance":0.0,"speed":0.0},{"calorie":0.0,"count":0,"distance":0.0,"speed":0.0},{"calorie":0.0,"count":0,"distance":0.0,"speed":0.0},{"calorie":0.0,"count":0,"distance":0.0,"speed":0.0},{"calorie":0.0,"count":0,"distance":0.0,"speed":0.0},{"calorie":0.0,"count":0,"distance":0.0,"speed":0.0},{"calorie":0.0,"count":0,"distance":0.0,"speed":0.0},{"calorie":0.0,"count":0,"distance":0.0,"speed":0.0},{"calorie":0.0,"count":0,"distance":0.0,"speed":0.0},{"calorie":0.7400000095367432,"count":21,"distance":15.369998931884766,"speed":3.9994945526123047},{"calorie":0.0,"count":0,"distance":0.0,"speed":0.0},{"calorie":0.0,"count":0,"distance":0.0,"speed":0.0},{"calorie":2.8599992990493774,"count":75,"distance":56.05999946594238,"speed":4.563098430633545},{"calorie":7.590000033378601,"count":199,"distance":144.71999835968018,"speed":3.8091957569122314},{"calorie":3.579999566078186,"count":94,"distance":70.54000854492188,"speed":4.564108371734619},{"calorie":0.64000004529953,"count":19,"distance":14.860000610351562,"speed":5.509061813354492},{"calorie":0.7700000405311584,"count":21,"distance":15.59000015258789,"speed":4.317911624908447},{"calorie":4.149999976158142,"count":113,"distance":84.88999938964844,"speed":4.606681823730469},{"calorie":0.9300000071525574,"count":25,"distance":18.750000476837158,"speed":4.7803425788879395},{"calorie":0.0,"count":0,"distance":0.0,"speed":0.0},{"calorie":5.419999934732914,"count":147,"distance":111.96999931335449,"speed":4.888576030731201},{"calorie":6.799999088048935,"count":193,"distance":146.45999765396118,"speed":5.122025489807129},{"calorie":7.409999787807465,"count":205,"distance":155.11999607086182,"speed":4.792451858520508},{"calorie":4.399999976158142,"count":121,"distance":91.16000080108643,"speed":4.716411113739014},{"calorie":4.059999853372574,"count":120,"distance":91.63999724388123,"speed":5.200567722320557},{"calorie":7.369999587535858,"count":182,"distance":140.0600004196167,"speed":4.614714622497559},{"calorie":6.53999862074852,"count":196,"distance":150.15996742248535,"speed":5.038283824920654},{"calorie":6.08000011742115,"count":181,"distance":138.4299967288971,"speed":5.113579750061035},{"calorie":0.0,"count":0,"distance":0.0,"speed":0.0},{"calorie":0.0,"count":0,"distance":0.0,"speed":0.0},{"calorie":2.9299999475479126,"count":79,"distance":58.49000072479248,"speed":4.445771217346191},{"calorie":6.409999720752239,"count":175,"distance":129.54000735282898,"speed":4.71376371383667},{"calorie":9.549999982118607,"count":268,"distance":203.07000160217285,"speed":4.9840898513793945},{"calorie":1.3600000143051147,"count":36,"distance":26.130001068115234,"speed":4.356831073760986},{"calorie":0.0,"count":0,"distance":0.0,"speed":0.0},{"calorie":9.989999890327454,"count":278,"distance":208.55998611450195,"speed":4.635481834411621},{"calorie":2.14000004529953,"count":57,"distance":43.08000183105469,"speed":4.83955717086792},{"calorie":3.649999976158142,"count":104,"distance":78.75000095367432,"speed":5.123397350311279},{"calorie":15.449997827410698,"count":336,"distance":283.73999857902527,"speed":5.395582675933838},{"calorie":0.0,"count":0,"distance":0.0,"speed":0.0},{"calorie":1.5399997234344482,"count":41,"distance":30.299989700317383,"speed":4.2881083488464355},{"calorie":0.15000000596046448,"count":4,"distance":2.880000114440918,"speed":3.749333381652832},{"calorie":0.0,"count":0,"distance":0.0,"speed":0.0},{"calorie":0.0,"count":0,"distance":0.0,"speed":0.0},{"calorie":0.0,"count":0,"distance":0.0,"speed":0.0},{"calorie":0.0,"count":0,"distance":0.0,"speed":0.0},{"calorie":0.0,"count":0,"distance":0.0,"speed":0.0},{"calorie":0.0,"count":0,"distance":0.0,"speed":0.0},{"calorie":14.820000112056732,"count":400,"distance":295.8499984741211,"speed":4.256875038146973},{"calorie":6.760000079870224,"count":195,"distance":147.95999908447266,"speed":4.852450370788574},{"calorie":2.100000023841858,"count":60,"distance":45.09999942779541,"speed":4.897055625915527},{"calorie":3.2899996042251587,"count":91,"distance":68.37999439239502,"speed":4.830525875091553},{"calorie":1.5699999928474426,"count":47,"distance":36.54000282287598,"speed":5.400277614593506},{"calorie":3.410000056028366,"count":95,"distance":71.5699987411499,"speed":4.900674343109131},{"calorie":3.369999974966049,"count":91,"distance":66.46999883651733,"speed":4.013550758361816},{"calorie":3.4300000071525574,"count":100,"distance":75.8400011062622,"speed":5.255792617797852},{"calorie":1.4900001287460327,"count":38,"distance":27.82999897003174,"speed":4.596872329711914},{"calorie":7.459999084472656,"count":211,"distance":163.84000205993652,"speed":5.229892730712891},{"calorie":7.629999823868275,"count":223,"distance":170.2100067138672,"speed":5.06575345993042},{"calorie":2.809999942779541,"count":81,"distance":62.22000026702881,"speed":5.051186561584473},{"calorie":1.4600000381469727,"count":40,"distance":30.079999923706055,"speed":4.501237392425537},{"calorie":2.4200000166893005,"count":73,"distance":57.09999942779541,"speed":5.876777648925781},{"calorie":2.7600000202655792,"count":75,"distance":55.060001373291016,"speed":4.174907207489014},{"calorie":5.769999802112579,"count":160,"distance":119.69999980926514,"speed":4.5697150230407715},{"calorie":0.0,"count":0,"distance":0.0,"speed":0.0},{"calorie":3.990000069141388,"count":112,"distance":84.56000089645386,"speed":4.870010852813721},{"calorie":0.0,"count":0,"distance":0.0,"speed":0.0},{"calorie":0.6399998664855957,"count":22,"distance":16.860002517700195,"speed":5.217986106872559},{"calorie":1.4700000286102295,"count":43,"distance":32.82999897003174,"speed":5.004963397979736},{"calorie":6.569999635219574,"count":178,"distance":132.38998699188232,"speed":4.52531623840332},{"calorie":4.759999990463257,"count":146,"distance":111.87000179290771,"speed":5.203604221343994},{"calorie":7.89999994635582,"count":199,"distance":149.1800012588501,"speed":4.301732540130615},{"calorie":5.030000150203705,"count":133,"distance":96.87999725341797,"speed":4.068202018737793},{"calorie":2.490000069141388,"count":68,"distance":50.290000438690186,"speed":4.595035076141357},{"calorie":13.949999928474426,"count":368,"distance":271.9700012207031,"speed":4.142449855804443},{"calorie":0.0,"count":0,"distance":0.0,"speed":0.0},{"calorie":0.0,"count":0,"distance":0.0,"speed":0.0},{"calorie":0.0,"count":0,"distance":0.0,"speed":0.0},{"calorie":1.6600000262260437,"count":45,"distance":33.19000053405762,"speed":3.7655293941497803},{"calorie":21.269997715950012,"count":616,"distance":470.6599655151367,"speed":5.085920333862305},{"calorie":3.529999941587448,"count":100,"distance":76.13000059127808,"speed":4.814410209655762},{"calorie":5.419999659061432,"count":144,"distance":107.90001010894775,"speed":4.4572529792785645},{"calorie":6.450000047683716,"count":167,"distance":124.95000076293945,"speed":4.642727851867676},{"calorie":0.0,"count":0,"distance":0.0,"speed":0.0},{"calorie":0.0,"count":0,"distance":0.0,"speed":0.0},{"calorie":0.0,"count":0,"distance":0.0,"speed":0.0},{"calorie":0.0,"count":0,"distance":0.0,"speed":0.0},{"calorie":0.0,"count":0,"distance":0.0,"speed":0.0},{"calorie":0.0,"count":0,"distance":0.0,"speed":0.0},{"calorie":0.0,"count":0,"distance":0.0,"speed":0.0},{"calorie":0.0,"count":0,"distance":0.0,"speed":0.0},{"calorie":0.0,"count":0,"distance":0.0,"speed":0.0},{"calorie":0.0,"count":0,"distance":0.0,"speed":0.0},{"calorie":2.740000009536743,"count":72,"distance":53.130001068115234,"speed":4.400000095367432},{"calorie":1.5,"count":46,"distance":35.25,"speed":5.247517108917236},{"calorie":0.0,"count":0,"distance":0.0,"speed":0.0},{"calorie":0.0,"count":0,"distance":0.0,"speed":0.0},{"calorie":0.0,"count":0,"distance":0.0,"speed":0.0},{"calorie":0.0,"count":0,"distance":0.0,"speed":0.0},{"calorie":0.0,"count":0,"distance":0.0,"speed":0.0},{"calorie":0.0,"count":0,"distance":0.0,"speed":0.0},{"calorie":0.0,"count":0,"distance":0.0,"speed":0.0},{"calorie":0.0,"count":0,"distance":0.0,"speed":0.0},{"calorie":5.710000038146973,"count":150,"distance":111.51999855041504,"speed":4.4069132804870605},{"calorie":0.8699999749660492,"count":26,"distance":19.139999389648438,"speed":4.391323089599609},{"calorie":2.610000103712082,"count":70,"distance":51.22999954223633,"speed":4.1915059089660645},{"calorie":0.0,"count":0,"distance":0.0,"speed":0.0},{"calorie":20.75998854637146,"count":582,"distance":442.67981719970703,"speed":4.988710403442383},{"calorie":2.7899999022483826,"count":76,"distance":56.59000015258789,"speed":4.422150135040283}]