[{"calorie":3.790000081062317,"count":72,"distance":51.709999561309814,"speed":4.105841636657715},{"calorie":6.739999771118164,"count":133,"distance":95.1299991607666,"speed":4.427013874053955},{"calorie":0.0,"count":0,"distance":0.0,"speed":0.0},{"calorie":0.0,"count":0,"distance":0.0,"speed":0.0},{"calorie":0.0,"count":0,"distance":0.0,"speed":0.0},{"calorie":0.0,"count":0,"distance":0.0,"speed":0.0},{"calorie":0.0,"count":0,"distance":0.0,"speed":0.0},{"calorie":0.0,"count":0,"distance":0.0,"speed":0.0},{"calorie":0.0,"count":0,"distance":0.0,"speed":0.0},{"calorie":0.0,"count":0,"distance":0.0,"speed":0.0},{"calorie":0.0,"count":0,"distance":0.0,"speed":0.0},{"calorie":0.0,"count":0,"distance":0.0,"speed":0.0},{"calorie":0.0,"count":0,"distance":0.0,"speed":0.0},{"calorie":0.0,"count":0,"distance":0.0,"speed":0.0},{"calorie":0.0,"count":0,"distance":0.0,"speed":0.0},{"calorie":0.0,"count":0,"distance":0.0,"speed":0.0},{"calorie":0.0,"count":0,"distance":0.0,"speed":0.0},{"calorie":0.0,"count":0,"distance":0.0,"speed":0.0},{"calorie":0.0,"count":0,"distance":0.0,"speed":0.0},{"calorie":0.0,"count":0,"distance":0.0,"speed":0.0},{"calorie":0.0,"count":0,"distance":0.0,"speed":0.0},{"calorie":0.0,"count":0,"distance":0.0,"speed":0.0},{"calorie":0.0,"count":0,"distance":0.0,"speed":0.0},{"calorie":0.0,"count":0,"distance":0.0,"speed":0.0},{"calorie":0.0,"count":0,"distance":0.0,"speed":0.0},{"calorie":0.0,"count":0,"distance":0.0,"speed":0.0},{"calorie":0.0,"count":0,"distance":0.0,"speed":0.0},{"calorie":0.0,"count":0,"distance":0.0,"speed":0.0},{"calorie":0.0,"count":0,"distance":0.0,"speed":0.0},{"calorie":0.0,"count":0,"distance":0.0,"speed":0.0},{"calorie":0.0,"count":0,"distance":0.0,"speed":0.0},{"calorie":0.0,"count":0,"distance":0.0,"speed":0.0},{"calorie":0.0,"count":0,"distance":0.0,"speed":0.0},{"calorie":0.0,"count":0,"distance":0.0,"speed":0.0},{"calorie":0.0,"count":0,"distance":0.0,"speed":0.0},{"calorie":0.0,"count":0,"distance":0.0,"speed":0.0},{"calorie":0.0,"count":0,"distance":0.0,"speed":0.0},{"calorie":0.0,"count":0,"distance":0.0,"speed":0.0},{"calorie":0.0,"count":0,"distance":0.0,"speed":0.0},{"calorie":0.0,"count":0,"distance":0.0,"speed":0.0},{"calorie":0.0,"count":0,"distance":0.0,"speed":0.0},{"calorie":0.0,"count":0,"distance":0.0,"speed":0.0},{"calorie":0.0,"count":0,"distance":0.0,"speed":0.0},{"calorie":0.0,"count":0,"distance":0.0,"speed":0.0},{"calorie":0.0,"count":0,"distance":0.0,"speed":0.0},{"calorie":0.0,"count":0,"distance":0.0,"speed":0.0},{"calorie":0.0,"count":0,"distance":0.0,"speed":0.0},{"calorie":0.0,"count":0,"distance":0.0,"speed":0.0},{"calorie":0.0,"count":0,"distance":0.0,"speed":0.0},{"calorie":0.0,"count":0,"distance":0.0,"speed":0.0},{"calorie":0.0,"count":0,"distance":0.0,"speed":0.0},{"calorie":0.0,"count":0,"distance":0.0,"speed":0.0},{"calorie":0.0,"count":0,"distance":0.0,"speed":0.0},{"calorie":0.0,"count":0,"distance":0.0,"speed":0.0},{"calorie":0.0,"count":0,"distance":0.0,"speed":0.0},{"calorie":0.0,"count":0,"distance":0.0,"speed":0.0},{"calorie":0.0,"count":0,"distance":0.0,"speed":0.0},{"calorie":0.0,"count":0,"distance":0.0,"speed":0.0},{"calorie":0.0,"count":0,"distance":0.0,"speed":0.0},{"calorie":0.0,"count":0,"distance":0.0,"speed":0.0},{"calorie":0.0,"count":0,"distance":0.0,"speed":0.0},{"calorie":0.0,"count":0,"distance":0.0,"speed":0.0},{"calorie":0.0,"count":0,"distance":0.0,"speed":0.0},{"calorie":0.0,"count":0,"distance":0.0,"speed":0.0},{"calorie":0.0,"count":0,"distance":0.0,"speed":0.0},{"calorie":0.0,"count":0,"distance":0.0,"speed":0.0},{"calorie":0.0,"count":0,"distance":0.0,"speed":0.0},{"calorie":0.0,"count":0,"distance":0.0,"speed":0.0},{"calorie":0.0,"count":0,"distance":0.0,"speed":0.0},{"calorie":0.0,"count":0,"distance":0.0,"speed":0.0},{"calorie":0.0,"count":0,"distance":0.0,"speed":0.0},{"calorie":0.0,"count":0,"distance":0.0,"speed":0.0},{"calorie":0.0,"count":0,"distance":0.0,"speed":0.0},{"calorie":0.0,"count":0,"distance":0.0,"speed":0.0},{"calorie":0.0,"count":0,"distance":0.0,"speed":0.0},{"calorie":0.0,"count":0,"distance":0.0,"speed":0.0},{"calorie":0.0,"count":0,"distance":0.0,"speed":0.0},{"calorie":0.0,"count":0,"distance":0.0,"speed":0.0},{"calorie":0.0,"count":0,"distance":0.0,"speed":0.0},{"calorie":0.0,"count":0,"distance":0.0,"speed":0.0},{"calorie":0.0,"count":0,"distance":0.0,"speed":0.0},{"calorie":0.700000025331974,"count":14,"distance":9.770000100135803,"speed":3.96997332572937},{"calorie":0.0,"count":0,"distance":0.0,"speed":0.0},{"calorie":0.7800000309944153,"count":15,"distance":10.599998474121094,"speed":4.621112823486328},{"calorie":0.3199999928474426,"count":6,"distance":4.059999942779541,"speed":3.9000003337860107},{"calorie":0.0,"count":0,"distance":0.0,"speed":0.0},{"calorie":0.0,"count":0,"distance":0.0,"speed":0.0},{"calorie":0.0,"count":0,"distance":0.0,"speed":0.0},{"calorie":0.0,"count":0,"distance":0.0,"speed":0.0},{"calorie":3.149999976158142,"count":59,"distance":42.500000953674316,"speed":4.211430072784424},{"calorie":1.9700000286102295,"count":39,"distance":28.37999963760376,"speed":4.847450256347656},{"calorie":0.0,"count":0,"distance":0.0,"speed":0.0},{"calorie":2.8600000143051147,"count":56,"distance":40.439998626708984,"speed":5.112706661224365},{"calorie":2.1400000154972076,"count":41,"distance":28.53999900817871,"speed":3.803520679473877},{"calorie":0.8700000047683716,"count":17,"distance":12.140000343322754,"speed":4.524967670440674},{"calorie":0.0,"count":0,"distance":0.0,"speed":0.0},{"calorie":1.0500000715255737,"count":21,"distance":15.180001258850098,"speed":4.615018844604492},{"calorie":1.2799999713897705,"count":25,"distance":17.460000038146973,"speed":3.7420594692230225},{"calorie":1.4800000190734863,"count":29,"distance":20.84000015258789,"speed":4.290274143218994},{"calorie":0.0,"count":0,"distance":0.0,"speed":0.0},{"calorie":0.0,"count":0,"distance":0.0,"speed":0.0},{"calorie":0.4100000150501728,"count":8,"distance":5.900000035762787,"speed":4.661750793457031},{"calorie":0.8200000524520874,"count":16,"distance":11.46999979019165,"speed":4.2589592933654785},{"calorie":2.230000078678131,"count":43,"distance":29.959999561309814,"speed":3.8826470375061035},{"calorie":0.6299999952316284,"count":12,"distance":8.079999923706055,"speed":3.2752389907836914},{"calorie":2.3899999856948853,"count":47,"distance":33.959999561309814,"speed":4.613451957702637},{"calorie":0.0,"count":0,"distance":0.0,"speed":0.0},{"calorie":2.0999999046325684,"count":41,"distance":29.420000076293945,"speed":4.299999713897705},{"calorie":1.2899999618530273,"count":16,"distance":13.970000267028809,"speed":6.700000286102295},{"calorie":0.4099999964237213,"count":8,"distance":5.800000190734863,"speed":4.900000095367432},{"calorie":0.3199999928474426,"count":6,"distance":4.130000114440918,"speed":3.9000003337860107},{"calorie":8.619999766349792,"count":170,"distance":122.46000051498413,"speed":4.538675785064697},{"calorie":0.0,"count":0,"distance":0.0,"speed":0.0},{"calorie":0.0,"count":0,"distance":0.0,"speed":0.0},{"calorie":0.0,"count":0,"distance":0.0,"speed":0.0},{"calorie":1.1999999284744263,"count":24,"distance":17.189998626708984,"speed":4.570080757141113},{"calorie":2.7999989986419678,"count":56,"distance":40.41999816894531,"speed":4.587319850921631},{"calorie":0.0,"count":0,"distance":0.0,"speed":0.0},{"calorie":0.0,"count":0,"distance":0.0,"speed":0.0},{"calorie":0.0,"count":0,"distance":0.0,"speed":0.0},{"calorie":0.0,"count":0,"distance":0.0,"speed":0.0},{"calorie":0.0,"count":0,"distance":0.0,"speed":0.0},{"calorie":0.0,"count":0,"distance":0.0,"speed":0.0},{"calorie":0.0,"count":0,"distance":0.0,"speed":0.0},{"calorie":5.389998257160187,"count":107,"distance":75.22000312805176,"speed":4.102557182312012},{"calorie":0.0,"count":0,"distance":0.0,"speed":0.0},{"calorie":0.0,"count":0,"distance":0.0,"speed":0.0},{"calorie":0.0,"count":0,"distance":0.0,"speed":0.0},{"calorie":0.0,"count":0,"distance":0.0,"speed":0.0},{"calorie":0.3800000250339508,"count":7,"distance":4.680000305175781,"speed":3.1852900981903076},{"calorie":0.0,"count":0,"distance":0.0,"speed":0.0},{"calorie":0.6599999666213989,"count":13,"distance":9.440000534057617,"speed":4.700000286102295},{"calorie":0.0,"count":0,"distance":0.0,"speed":0.0},{"calorie":0.0,"count":0,"distance":0.0,"speed":0.0},{"calorie":0.0,"count":0,"distance":0.0,"speed":0.0},{"calorie":0.0,"count":0,"distance":0.0,"speed":0.0},{"calorie":1.4200000762939453,"count":28,"distance":20.209999084472656,"speed":4.534562110900879},{"calorie":0.0,"count":0,"distance":0.0,"speed":0.0},{"calorie":6.180000007152557,"count":122,"distance":86.5900011062622,"speed":4.290144920349121},{"calorie":0.8600001335144043,"count":17,"distance":12.409997940063477,"speed":5.319129943847656},{"calorie":0.0,"count":0,"distance":0.0,"speed":0.0},{"calorie":0.3700000047683716,"count":7,"distance":4.840000152587891,"speed":4.054368495941162},{"calorie":0.0,"count":0,"distance":0.0,"speed":0.0},{"calorie":0.0,"count":0,"distance":0.0,"speed":0.0}]