[{"calorie":0.0,"count":0,"distance":0.0,"speed":0.0},{"calorie":0.0,"count":0,"distance":0.0,"speed":0.0},{"calorie":0.0,"count":0,"distance":0.0,"speed":0.0},{"calorie":0.0,"count":0,"distance":0.0,"speed":0.0},{"calorie":0.0,"count":0,"distance":0.0,"speed":0.0},{"calorie":0.0,"count":0,"distance":0.0,"speed":0.0},{"calorie":0.0,"count":0,"distance":0.0,"speed":0.0},{"calorie":0.0,"count":0,"distance":0.0,"speed":0.0},{"calorie":0.0,"count":0,"distance":0.0,"speed":0.0},{"calorie":0.0,"count":0,"distance":0.0,"speed":0.0},{"calorie":0.0,"count":0,"distance":0.0,"speed":0.0},{"calorie":0.0,"count":0,"distance":0.0,"speed":0.0},{"calorie":0.0,"count":0,"distance":0.0,"speed":0.0},{"calorie":0.0,"count":0,"distance":0.0,"speed":0.0},{"calorie":0.0,"count":0,"distance":0.0,"speed":0.0},{"calorie":0.0,"count":0,"distance":0.0,"speed":0.0},{"calorie":0.0,"count":0,"distance":0.0,"speed":0.0},{"calorie":0.0,"count":0,"distance":0.0,"speed":0.0},{"calorie":0.0,"count":0,"distance":0.0,"speed":0.0},{"calorie":0.0,"count":0,"distance":0.0,"speed":0.0},{"calorie":0.0,"count":0,"distance":0.0,"speed":0.0},{"calorie":0.0,"count":0,"distance":0.0,"speed":0.0},{"calorie":0.0,"count":0,"distance":0.0,"speed":0.0},{"calorie":0.0,"count":0,"distance":0.0,"speed":0.0},{"calorie":0.0,"count":0,"distance":0.0,"speed":0.0},{"calorie":0.0,"count":0,"distance":0.0,"speed":0.0},{"calorie":0.0,"count":0,"distance":0.0,"speed":0.0},{"calorie":0.0,"count":0,"distance":0.0,"speed":0.0},{"calorie":0.0,"count":0,"distance":0.0,"speed":0.0},{"calorie":0.0,"count":0,"distance":0.0,"speed":0.0},{"calorie":0.0,"count":0,"distance":0.0,"speed":0.0},{"calorie":0.0,"count":0,"distance":0.0,"speed":0.0},{"calorie":0.0,"count":0,"distance":0.0,"speed":0.0},{"calorie":0.0,"count":0,"distance":0.0,"speed":0.0},{"calorie":0.0,"count":0,"distance":0.0,"speed":0.0},{"calorie":0.0,"count":0,"distance":0.0,"speed":0.0},{"calorie":0.0,"count":0,"distance":0.0,"speed":0.0},{"calorie":0.0,"count":0,"distance":0.0,"speed":0.0},{"calorie":2.5200000405311584,"count":50,"distance":35.90000009536743,"speed":4.529542922973633},{"calorie":11.690000295639038,"count":232,"distance":166.57999801635742,"speed":4.661634922027588},{"calorie":2.4200000762939453,"count":48,"distance":34.380001068115234,"speed":4.5},{"calorie":0.0,"count":0,"distance":0.0,"speed":0.0},{"calorie":1.4899999648332596,"count":29,"distance":19.999999046325684,"speed":3.7266600131988525},{"calorie":1.7200000286102295,"count":34,"distance":24.389999389648438,"speed":4.5},{"calorie":0.0,"count":0,"distance":0.0,"speed":0.0},{"calorie":0.0,"count":0,"distance":0.0,"speed":0.0},{"calorie":0.0,"count":0,"distance":0.0,"speed":0.0},{"calorie":0.0,"count":0,"distance":0.0,"speed":0.0},{"calorie":0.0,"count":0,"distance":0.0,"speed":0.0},{"calorie":3.9700000286102295,"count":77,"distance":54.310004234313965,"speed":4.2306318283081055},{"calorie":0.0,"count":0,"distance":0.0,"speed":0.0},{"calorie":0.0,"count":0,"distance":0.0,"speed":0.0},{"calorie":3.3300000727176666,"count":65,"distance":45.88000011444092,"speed":3.9980554580688477},{"calorie":1.9700000286102295,"count":39,"distance":27.90999984741211,"speed":4.410981178283691},{"calorie":3.4700000286102295,"count":65,"distance":47.3500018119812,"speed":4.506837368011475},{"calorie":0.3799999952316284,"count":7,"distance":4.710000038146973,"speed":3.200000047683716},{"calorie":0.0,"count":0,"distance":0.0,"speed":0.0},{"calorie":0.0,"count":0,"distance":0.0,"speed":0.0},{"calorie":0.0,"count":0,"distance":0.0,"speed":0.0},{"calorie":0.0,"count":0,"distance":0.0,"speed":0.0},{"calorie":0.0,"count":0,"distance":0.0,"speed":0.0},{"calorie":0.0,"count":0,"distance":0.0,"speed":0.0},{"calorie":0.0,"count":0,"distance":0.0,"speed":0.0},{"calorie":13.75000011920929,"count":274,"distance":197.83999729156494,"speed":5.060885429382324},{"calorie":6.140000104904175,"count":109,"distance":84.0099983215332,"speed":5.595150947570801},{"calorie":3.189999997615814,"count":63,"distance":44.96000003814697,"speed":4.370777606964111},{"calorie":0.3199999928474426,"count":6,"distance":4.099999904632568,"speed":4.099999904632568},{"calorie":1.230000078678131,"count":24,"distance":17.260000705718994,"speed":4.39819860458374},{"calorie":0.6000000834465027,"count":12,"distance":8.9399995803833,"speed":5.434149742126465},{"calorie":0.0,"count":0,"distance":0.0,"speed":0.0},{"calorie":0.0,"count":0,"distance":0.0,"speed":0.0},{"calorie":4.500000059604645,"count":88,"distance":62.459999561309814,"speed":4.360227584838867},{"calorie":11.559999942779541,"count":216,"distance":151.66000366210938,"speed":4.6189703941345215},{"calorie":0.0,"count":0,"distance":0.0,"speed":0.0},{"calorie":0.0,"count":0,"distance":0.0,"speed":0.0},{"calorie":0.0,"count":0,"distance":0.0,"speed":0.0},{"calorie":0.0,"count":0,"distance":0.0,"speed":0.0},{"calorie":0.0,"count":0,"distance":0.0,"speed":0.0},{"calorie":0.0,"count":0,"distance":0.0,"speed":0.0},{"calorie":0.0,"count":0,"distance":0.0,"speed":0.0},{"calorie":0.0,"count":0,"distance":0.0,"speed":0.0},{"calorie":0.0,"count":0,"distance":0.0,"speed":0.0},{"calorie":0.0,"count":0,"distance":0.0,"speed":0.0},{"calorie":0.0,"count":0,"distance":0.0,"speed":0.0},{"calorie":0.0,"count":0,"distance":0.0,"speed":0.0},{"calorie":0.0,"count":0,"distance":0.0,"speed":0.0},{"calorie":0.0,"count":0,"distance":0.0,"speed":0.0},{"calorie":0.0,"count":0,"distance":0.0,"speed":0.0},{"calorie":2.0900001525878906,"count":41,"distance":27.880001068115234,"speed":3.3380184173583984},{"calorie":0.36000001430511475,"count":7,"distance":5.039999961853027,"speed":4.299999713897705},{"calorie":2.6999999284744263,"count":53,"distance":37.670000076293945,"speed":4.437248706817627},{"calorie":1.980000078678131,"count":39,"distance":27.91000008583069,"speed":4.184803009033203},{"calorie":0.0,"count":0,"distance":0.0,"speed":0.0},{"calorie":1.1200000047683716,"count":22,"distance":16.34000015258789,"speed":5.5},{"calorie":0.8500000834465027,"count":17,"distance":11.899998664855957,"speed":4.1638569831848145},{"calorie":0.0,"count":0,"distance":0.0,"speed":0.0},{"calorie":0.6500000357627869,"count":13,"distance":9.539999961853027,"speed":5.466741561889648},{"calorie":0.0,"count":0,"distance":0.0,"speed":0.0},{"calorie":0.0,"count":0,"distance":0.0,"speed":0.0},{"calorie":3.4100000262260437,"count":67,"distance":47.65999984741211,"speed":4.34036922454834},{"calorie":5.039999827742577,"count":99,"distance":70.29999780654907,"speed":4.39356803894043},{"calorie":18.65999972820282,"count":371,"distance":264.8999967575073,"speed":4.389554023742676},{"calorie":7.659999966621399,"count":151,"distance":106.80999946594238,"speed":4.174853801727295},{"calorie":6.069999992847443,"count":119,"distance":84.97999954223633,"speed":4.379515647888184},{"calorie":3.619999647140503,"count":71,"distance":49.860002517700195,"speed":3.992784023284912},{"calorie":0.0,"count":0,"distance":0.0,"speed":0.0},{"calorie":0.0,"count":0,"distance":0.0,"speed":0.0},{"calorie":0.0,"count":0,"distance":0.0,"speed":0.0},{"calorie":0.0,"count":0,"distance":0.0,"speed":0.0},{"calorie":1.430000126361847,"count":28,"distance":20.059998512268066,"speed":4.234734535217285},{"calorie":0.0,"count":0,"distance":0.0,"speed":0.0},{"calorie":0.0,"count":0,"distance":0.0,"speed":0.0},{"calorie":0.0,"count":0,"distance":0.0,"speed":0.0},{"calorie":0.0,"count":0,"distance":0.0,"speed":0.0},{"calorie":0.7700000107288361,"count":15,"distance":10.940000057220459,"speed":4.777256011962891},{"calorie":0.7200000286102295,"count":6,"distance":6.75,"speed":11.899999618530273},{"calorie":0.7800000086426735,"count":15,"distance":10.350000262260437,"speed":3.7622389793395996},{"calorie":0.0,"count":0,"distance":0.0,"speed":0.0},{"calorie":1.1299999244511127,"count":22,"distance":15.45999950170517,"speed":3.8906614780426025},{"calorie":0.0,"count":0,"distance":0.0,"speed":0.0},{"calorie":0.0,"count":0,"distance":0.0,"speed":0.0},{"calorie":0.0,"count":0,"distance":0.0,"speed":0.0},{"calorie":0.0,"count":0,"distance":0.0,"speed":0.0},{"calorie":0.0,"count":0,"distance":0.0,"speed":0.0},{"calorie":0.0,"count":0,"distance":0.0,"speed":0.0},{"calorie":0.0,"count":0,"distance":0.0,"speed":0.0},{"calorie":0.0,"count":0,"distance":0.0,"speed":0.0},{"calorie":0.0,"count":0,"distance":0.0,"speed":0.0},{"calorie":0.0,"count":0,"distance":0.0,"speed":0.0},{"calorie":0.0,"count":0,"distance":0.0,"speed":0.0},{"calorie":0.0,"count":0,"distance":0.0,"speed":0.0},{"calorie":0.0,"count":0,"distance":0.0,"speed":0.0},{"calorie":2.210000157356262,"count":44,"distance":31.37000036239624,"speed":4.562622547149658},{"calorie":0.6800000071525574,"count":13,"distance":8.699999809265137,"speed":3.1368305683135986},{"calorie":0.0,"count":0,"distance":0.0,"speed":0.0},{"calorie":0.0,"count":0,"distance":0.0,"speed":0.0},{"calorie":0.0,"count":0,"distance":0.0,"speed":0.0},{"calorie":0.0,"count":0,"distance":0.0,"speed":0.0},{"calorie":0.0,"count":0,"distance":0.0,"speed":0.0},{"calorie":0.0,"count":0,"distance":0.0,"speed":0.0},{"calorie":0.0,"count":0,"distance":0.0,"speed":0.0},{"calorie":0.0,"count":0,"distance":0.0,"speed":0.0},{"calorie":0.0,"count":0,"distance":0.0,"speed":0.0},{"calorie":0.0,"count":0,"distance":0.0,"speed":0.0}]