[{"calorie":0.0,"count":0,"distance":0.0,"speed":0.0},{"calorie":0.0,"count":0,"distance":0.0,"speed":0.0},{"calorie":0.0,"count":0,"distance":0.0,"speed":0.0},{"calorie":0.0,"count":0,"distance":0.0,"speed":0.0},{"calorie":0.0,"count":0,"distance":0.0,"speed":0.0},{"calorie":0.0,"count":0,"distance":0.0,"speed":0.0},{"calorie":0.0,"count":0,"distance":0.0,"speed":0.0},{"calorie":0.0,"count":0,"distance":0.0,"speed":0.0},{"calorie":0.0,"count":0,"distance":0.0,"speed":0.0},{"calorie":0.0,"count":0,"distance":0.0,"speed":0.0},{"calorie":0.0,"count":0,"distance":0.0,"speed":0.0},{"calorie":0.0,"count":0,"distance":0.0,"speed":0.0},{"calorie":0.0,"count":0,"distance":0.0,"speed":0.0},{"calorie":0.0,"count":0,"distance":0.0,"speed":0.0},{"calorie":0.0,"count":0,"distance":0.0,"speed":0.0},{"calorie":0.0,"count":0,"distance":0.0,"speed":0.0},{"calorie":0.0,"count":0,"distance":0.0,"speed":0.0},{"calorie":0.0,"count":0,"distance":0.0,"speed":0.0},{"calorie":0.0,"count":0,"distance":0.0,"speed":0.0},{"calorie":0.0,"count":0,"distance":0.0,"speed":0.0},{"calorie":0.0,"count":0,"distance":0.0,"speed":0.0},{"calorie":0.0,"count":0,"distance":0.0,"speed":0.0},{"calorie":0.0,"count":0,"distance":0.0,"speed":0.0},{"calorie":0.0,"count":0,"distance":0.0,"speed":0.0},{"calorie":0.0,"count":0,"distance":0.0,"speed":0.0},{"calorie":0.0,"count":0,"distance":0.0,"speed":0.0},{"calorie":0.0,"count":0,"distance":0.0,"speed":0.0},{"calorie":0.0,"count":0,"distance":0.0,"speed":0.0},{"calorie":0.0,"count":0,"distance":0.0,"speed":0.0},{"calorie":0.0,"count":0,"distance":0.0,"speed":0.0},{"calorie":0.0,"count":0,"distance":0.0,"speed":0.0},{"calorie":0.0,"count":0,"distance":0.0,"speed":0.0},{"calorie":0.0,"count":0,"distance":0.0,"speed":0.0},{"calorie":0.0,"count":0,"distance":0.0,"speed":0.0},{"calorie":0.0,"count":0,"distance":0.0,"speed":0.0},{"calorie":0.0,"count":0,"distance":0.0,"speed":0.0},{"calorie":0.0,"count":0,"distance":0.0,"speed":0.0},{"calorie":0.0,"count":0,"distance":0.0,"speed":0.0},{"calorie":2.4299999475479126,"count":79,"distance":59.32999897003174,"speed":4.674377918243408},{"calorie":0.0,"count":0,"distance":0.0,"speed":0.0},{"calorie":0.0,"count":0,"distance":0.0,"speed":0.0},{"calorie":0.0,"count":0,"distance":0.0,"speed":0.0},{"calorie":4.049999892711639,"count":131,"distance":97.07000732421875,"speed":4.41813325881958},{"calorie":0.0,"count":0,"distance":0.0,"speed":0.0},{"calorie":3.4599997997283936,"count":113,"distance":83.43999671936035,"speed":4.351391792297363},{"calorie":0.0,"count":0,"distance":0.0,"speed":0.0},{"calorie":2.319999933242798,"count":73,"distance":54.3900032043457,"speed":4.3697509765625},{"calorie":0.0,"count":0,"distance":0.0,"speed":0.0},{"calorie":0.0,"count":0,"distance":0.0,"speed":0.0},{"calorie":0.0,"count":0,"distance":0.0,"speed":0.0},{"calorie":0.0,"count":0,"distance":0.0,"speed":0.0},{"calorie":0.0,"count":0,"distance":0.0,"speed":0.0},{"calorie":0.5099999904632568,"count":16,"distance":12.760000228881836,"speed":7.099999904632568},{"calorie":0.9499999582767487,"count":31,"distance":23.950000762939453,"speed":5.332248687744141},{"calorie":0.42000000178813934,"count":13,"distance":9.78000020980835,"speed":4.7444167137146},{"calorie":3.690000057220459,"count":107,"distance":84.99000024795532,"speed":5.17368745803833},{"calorie":0.0,"count":0,"distance":0.0,"speed":0.0},{"calorie":1.8100000023841858,"count":58,"distance":42.86000061035156,"speed":4.330795764923096},{"calorie":0.0,"count":0,"distance":0.0,"speed":0.0},{"calorie":0.0,"count":0,"distance":0.0,"speed":0.0},{"calorie":0.0,"count":0,"distance":0.0,"speed":0.0},{"calorie":0.0,"count":0,"distance":0.0,"speed":0.0},{"calorie":0.0,"count":0,"distance":0.0,"speed":0.0},{"calorie":0.0,"count":0,"distance":0.0,"speed":0.0},{"calorie":0.0,"count":0,"distance":0.0,"speed":0.0},{"calorie":0.0,"count":0,"distance":0.0,"speed":0.0},{"calorie":3.630000114440918,"count":117,"distance":86.93999862670898,"speed":4.359361171722412},{"calorie":0.0,"count":0,"distance":0.0,"speed":0.0},{"calorie":5.79999965429306,"count":187,"distance":138.979998588562,"speed":4.42176628112793},{"calorie":0.0,"count":0,"distance":0.0,"speed":0.0},{"calorie":0.0,"count":0,"distance":0.0,"speed":0.0},{"calorie":0.0,"count":0,"distance":0.0,"speed":0.0},{"calorie":0.0,"count":0,"distance":0.0,"speed":0.0},{"calorie":4.299999505281448,"count":140,"distance":104.80999612808228,"speed":4.645327568054199},{"calorie":0.0,"count":0,"distance":0.0,"speed":0.0},{"calorie":0.0,"count":0,"distance":0.0,"speed":0.0},{"calorie":0.0,"count":0,"distance":0.0,"speed":0.0},{"calorie":0.0,"count":0,"distance":0.0,"speed":0.0},{"calorie":0.0,"count":0,"distance":0.0,"speed":0.0},{"calorie":0.0,"count":0,"distance":0.0,"speed":0.0},{"calorie":0.0,"count":0,"distance":0.0,"speed":0.0},{"calorie":0.0,"count":0,"distance":0.0,"speed":0.0},{"calorie":0.0,"count":0,"distance":0.0,"speed":0.0},{"calorie":0.0,"count":0,"distance":0.0,"speed":0.0},{"calorie":0.0,"count":0,"distance":0.0,"speed":0.0},{"calorie":0.0,"count":0,"distance":0.0,"speed":0.0},{"calorie":2.8700000047683716,"count":93,"distance":67.81999969482422,"speed":4.044971466064453},{"calorie":0.0,"count":0,"distance":0.0,"speed":0.0},{"calorie":0.0,"count":0,"distance":0.0,"speed":0.0},{"calorie":0.0,"count":0,"distance":0.0,"speed":0.0},{"calorie":0.0,"count":0,"distance":0.0,"speed":0.0},{"calorie":0.0,"count":0,"distance":0.0,"speed":0.0},{"calorie":0.0,"count":0,"distance":0.0,"speed":0.0},{"calorie":2.6599996089935303,"count":87,"distance":65.42999267578125,"speed":4.678400993347168},{"calorie":0.9699996709823608,"count":31,"distance":23.480003356933594,"speed":5.031242370605469},{"calorie":2.1799999475479126,"count":70,"distance":51.45999336242676,"speed":4.119845867156982},{"calorie":0.4099999889731407,"count":13,"distance":9.949999809265137,"speed":5.467346668243408},{"calorie":0.739999994635582,"count":22,"distance":15.809999465942383,"speed":3.590899705886841},{"calorie":0.8399999737739563,"count":27,"distance":20.56999969482422,"speed":4.700000286102295},{"calorie":2.119999960064888,"count":68,"distance":50.619999408721924,"speed":4.575257301330566},{"calorie":1.9099996089935303,"count":62,"distance":46.260003089904785,"speed":4.5660576820373535},{"calorie":6.979996383190155,"count":225,"distance":165.06000900268555,"speed":4.1149163246154785},{"calorie":5.5,"count":177,"distance":132.67000007629395,"speed":4.624492645263672},{"calorie":1.409999966621399,"count":47,"distance":35.720001220703125,"speed":4.900000095367432},{"calorie":0.0,"count":0,"distance":0.0,"speed":0.0},{"calorie":0.0,"count":0,"distance":0.0,"speed":0.0},{"calorie":0.0,"count":0,"distance":0.0,"speed":0.0},{"calorie":0.0,"count":0,"distance":0.0,"speed":0.0},{"calorie":0.0,"count":0,"distance":0.0,"speed":0.0},{"calorie":1.7100000381469727,"count":56,"distance":43.16999816894531,"speed":5.099999904632568},{"calorie":4.359999895095825,"count":144,"distance":108.22999954223633,"speed":4.6482391357421875},{"calorie":0.30000001192092896,"count":9,"distance":6.570000171661377,"speed":3.799999952316284},{"calorie":2.819999933242798,"count":90,"distance":66.07000255584717,"speed":4.189434051513672},{"calorie":3.389999881386757,"count":109,"distance":80.87000036239624,"speed":4.419590473175049},{"calorie":0.0,"count":0,"distance":0.0,"speed":0.0},{"calorie":1.2300000190734863,"count":38,"distance":27.25,"speed":3.4000000953674316},{"calorie":0.0,"count":0,"distance":0.0,"speed":0.0},{"calorie":0.0,"count":0,"distance":0.0,"speed":0.0},{"calorie":1.7899993658065796,"count":60,"distance":44.22999572753906,"speed":4.369352340698242},{"calorie":4.339999556541443,"count":142,"distance":106.20999717712402,"speed":4.54693603515625},{"calorie":0.0,"count":0,"distance":0.0,"speed":0.0},{"calorie":5.440000057220459,"count":176,"distance":131.50000095367432,"speed":4.666937351226807},{"calorie":0.0,"count":0,"distance":0.0,"speed":0.0},{"calorie":0.0,"count":0,"distance":0.0,"speed":0.0},{"calorie":0.0,"count":0,"distance":0.0,"speed":0.0},{"calorie":0.0,"count":0,"distance":0.0,"speed":0.0},{"calorie":0.8100000023841858,"count":25,"distance":18.94000005722046,"speed":4.8772172927856445},{"calorie":0.0,"count":0,"distance":0.0,"speed":0.0},{"calorie":0.0,"count":0,"distance":0.0,"speed":0.0},{"calorie":0.3700000010430813,"count":11,"distance":7.970000267028809,"speed":4.261915683746338},{"calorie":0.0,"count":0,"distance":0.0,"speed":0.0},{"calorie":0.0,"count":0,"distance":0.0,"speed":0.0},{"calorie":0.0,"count":0,"distance":0.0,"speed":0.0},{"calorie":0.0,"count":0,"distance":0.0,"speed":0.0},{"calorie":0.0,"count":0,"distance":0.0,"speed":0.0},{"calorie":0.46000000834465027,"count":14,"distance":10.010000228881836,"speed":3.713698625564575},{"calorie":0.0,"count":0,"distance":0.0,"speed":0.0},{"calorie":0.0,"count":0,"distance":0.0,"speed":0.0},{"calorie":0.0,"count":0,"distance":0.0,"speed":0.0},{"calorie":0.0,"count":0,"distance":0.0,"speed":0.0},{"calorie":0.0,"count":0,"distance":0.0,"speed":0.0},{"calorie":0.0,"count":0,"distance":0.0,"speed":0.0},{"calorie":0.0,"count":0,"distance":0.0,"speed":0.0},{"calorie":0.0,"count":0,"distance":0.0,"speed":0.0}]