[{"calorie":0.0,"count":0,"distance":0.0,"speed":0.0},{"calorie":0.0,"count":0,"distance":0.0,"speed":0.0},{"calorie":0.0,"count":0,"distance":0.0,"speed":0.0},{"calorie":0.0,"count":0,"distance":0.0,"speed":0.0},{"calorie":0.0,"count":0,"distance":0.0,"speed":0.0},{"calorie":0.0,"count":0,"distance":0.0,"speed":0.0},{"calorie":0.0,"count":0,"distance":0.0,"speed":0.0},{"calorie":0.0,"count":0,"distance":0.0,"speed":0.0},{"calorie":0.0,"count":0,"distance":0.0,"speed":0.0},{"calorie":0.0,"count":0,"distance":0.0,"speed":0.0},{"calorie":0.0,"count":0,"distance":0.0,"speed":0.0},{"calorie":0.0,"count":0,"distance":0.0,"speed":0.0},{"calorie":0.0,"count":0,"distance":0.0,"speed":0.0},{"calorie":0.0,"count":0,"distance":0.0,"speed":0.0},{"calorie":0.0,"count":0,"distance":0.0,"speed":0.0},{"calorie":0.0,"count":0,"distance":0.0,"speed":0.0},{"calorie":0.0,"count":0,"distance":0.0,"speed":0.0},{"calorie":0.0,"count":0,"distance":0.0,"speed":0.0},{"calorie":0.0,"count":0,"distance":0.0,"speed":0.0},{"calorie":0.0,"count":0,"distance":0.0,"speed":0.0},{"calorie":0.0,"count":0,"distance":0.0,"speed":0.0},{"calorie":0.0,"count":0,"distance":0.0,"speed":0.0},{"calorie":0.0,"count":0,"distance":0.0,"speed":0.0},{"calorie":0.0,"count":0,"distance":0.0,"speed":0.0},{"calorie":0.0,"count":0,"distance":0.0,"speed":0.0},{"calorie":0.0,"count":0,"distance":0.0,"speed":0.0},{"calorie":0.0,"count":0,"distance":0.0,"speed":0.0},{"calorie":0.0,"count":0,"distance":0.0,"speed":0.0},{"calorie":0.0,"count":0,"distance":0.0,"speed":0.0},{"calorie":0.0,"count":0,"distance":0.0,"speed":0.0},{"calorie":0.0,"count":0,"distance":0.0,"speed":0.0},{"calorie":0.0,"count":0,"distance":0.0,"speed":0.0},{"calorie":0.0,"count":0,"distance":0.0,"speed":0.0},{"calorie":0.0,"count":0,"distance":0.0,"speed":0.0},{"calorie":0.0,"count":0,"distance":0.0,"speed":0.0},{"calorie":0.0,"count":0,"distance":0.0,"speed":0.0},{"calorie":0.0,"count":0,"distance":0.0,"speed":0.0},{"calorie":0.0,"count":0,"distance":0.0,"speed":0.0},{"calorie":0.0,"count":0,"distance":0.0,"speed":0.0},{"calorie":0.0,"count":0,"distance":0.0,"speed":0.0},{"calorie":0.0,"count":0,"distance":0.0,"speed":0.0},{"calorie":0.8999999761581421,"count":17,"distance":11.720000267028809,"speed":4.099999904632568},{"calorie":3.7699999809265137,"count":74,"distance":52.88999938964844,"speed":4.600000381469727},{"calorie":1.0999999046325684,"count":23,"distance":16.229999542236328,"speed":4.382167339324951},{"calorie":7.790000230073929,"count":152,"distance":107.57999897003174,"speed":4.257358551025391},{"calorie":1.670000046491623,"count":32,"distance":21.83000087738037,"speed":3.343282699584961},{"calorie":12.749999582767487,"count":250,"distance":177.38999795913696,"speed":4.383972644805908},{"calorie":5.149999976158142,"count":101,"distance":72.12999820709229,"speed":4.498906135559082},{"calorie":1.7499999776482582,"count":34,"distance":23.940000414848328,"speed":4.111342430114746},{"calorie":0.0,"count":0,"distance":0.0,"speed":0.0},{"calorie":1.699999988079071,"count":34,"distance":25.16999912261963,"speed":5.232161045074463},{"calorie":0.4100000262260437,"count":8,"distance":5.699999809265137,"speed":3.7995333671569824},{"calorie":0.0,"count":0,"distance":0.0,"speed":0.0},{"calorie":0.8600000143051147,"count":17,"distance":12.010000228881836,"speed":4.1428961753845215},{"calorie":4.050000011920929,"count":80,"distance":57.940001487731934,"speed":4.501575469970703},{"calorie":11.439999669790268,"count":224,"distance":160.22999906539917,"speed":4.792781352996826},{"calorie":0.0,"count":0,"distance":0.0,"speed":0.0},{"calorie":4.440000057220459,"count":88,"distance":63.60000038146973,"speed":4.666415214538574},{"calorie":1.1200000047683716,"count":22,"distance":15.889999389648438,"speed":4.794741630554199},{"calorie":3.659999966621399,"count":72,"distance":51.61000061035156,"speed":4.563199043273926},{"calorie":3.5699997916817665,"count":71,"distance":52.02000272274017,"speed":4.6523942947387695},{"calorie":0.0,"count":0,"distance":0.0,"speed":0.0},{"calorie":2.4599997997283936,"count":49,"distance":35.70999717712402,"speed":4.913054466247559},{"calorie":3.069999933242798,"count":55,"distance":38.249996185302734,"speed":4.39145040512085},{"calorie":21.05999967455864,"count":407,"distance":300.69000005722046,"speed":5.139479637145996},{"calorie":18.569998741149902,"count":359,"distance":261.1899890899658,"speed":5.031503677368164},{"calorie":6.259999990463257,"count":118,"distance":83.76000213623047,"speed":4.6275177001953125},{"calorie":0.0,"count":0,"distance":0.0,"speed":0.0},{"calorie":0.0,"count":0,"distance":0.0,"speed":0.0},{"calorie":6.809999763965607,"count":134,"distance":94.35999917984009,"speed":4.138186454772949},{"calorie":12.820000171661377,"count":245,"distance":179.93999862670898,"speed":5.152513027191162},{"calorie":0.0,"count":0,"distance":0.0,"speed":0.0},{"calorie":0.0,"count":0,"distance":0.0,"speed":0.0},{"calorie":5.959999442100525,"count":116,"distance":83.26999282836914,"speed":4.6571455001831055},{"calorie":4.800000190734863,"count":95,"distance":67.35000228881836,"speed":5.244385719299316},{"calorie":2.6800000071525574,"count":53,"distance":38.46999979019165,"speed":4.780227184295654},{"calorie":11.190000057220459,"count":221,"distance":159.73999977111816,"speed":4.746547222137451},{"calorie":7.5,"count":149,"distance":108.52000427246094,"speed":4.771673202514648},{"calorie":9.040000021457672,"count":179,"distance":129.45999908447266,"speed":4.537217617034912},{"calorie":0.0,"count":0,"distance":0.0,"speed":0.0},{"calorie":0.0,"count":0,"distance":0.0,"speed":0.0},{"calorie":5.25,"count":106,"distance":78.44000244140625,"speed":5.194090843200684},{"calorie":5.819999933242798,"count":116,"distance":85.43000030517578,"speed":5.099999904632568},{"calorie":0.0,"count":0,"distance":0.0,"speed":0.0},{"calorie":0.0,"count":0,"distance":0.0,"speed":0.0},{"calorie":0.0,"count":0,"distance":0.0,"speed":0.0},{"calorie":9.420000076293945,"count":186,"distance":134.35000371932983,"speed":4.61005163192749},{"calorie":11.109999656677246,"count":212,"distance":153.13999938964844,"speed":5.059333324432373},{"calorie":0.0,"count":0,"distance":0.0,"speed":0.0},{"calorie":4.560000121593475,"count":90,"distance":65.05000114440918,"speed":4.786070346832275},{"calorie":0.9200000762939453,"count":18,"distance":13.030000686645508,"speed":4.821142196655273},{"calorie":8.34000027179718,"count":165,"distance":118.31999778747559,"speed":4.481447219848633},{"calorie":0.0,"count":0,"distance":0.0,"speed":0.0},{"calorie":0.0,"count":0,"distance":0.0,"speed":0.0},{"calorie":4.199999928474426,"count":83,"distance":60.459999561309814,"speed":4.8973307609558105},{"calorie":2.8899993896484375,"count":57,"distance":40.719993591308594,"speed":4.437846660614014},{"calorie":0.0,"count":0,"distance":0.0,"speed":0.0},{"calorie":0.0,"count":0,"distance":0.0,"speed":0.0},{"calorie":0.0,"count":0,"distance":0.0,"speed":0.0},{"calorie":8.929999649524689,"count":177,"distance":127.84999561309814,"speed":4.664154052734375},{"calorie":19.429998636245728,"count":387,"distance":280.5200023651123,"speed":4.7812886238098145},{"calorie":6.519999980926514,"count":130,"distance":93.94999885559082,"speed":4.9459733963012695},{"calorie":5.989999949932098,"count":118,"distance":85.18999767303467,"speed":4.737971305847168},{"calorie":12.35999983549118,"count":243,"distance":174.38999557495117,"speed":4.719417095184326},{"calorie":0.0,"count":0,"distance":0.0,"speed":0.0},{"calorie":0.0,"count":0,"distance":0.0,"speed":0.0},{"calorie":2.1600000262260437,"count":42,"distance":29.09999942779541,"speed":3.8028197288513184},{"calorie":2.0699996948242188,"count":41,"distance":29.56000328063965,"speed":4.524041175842285},{"calorie":2.880000114440918,"count":57,"distance":40.349998474121094,"speed":4.199999809265137},{"calorie":1.7400000095367432,"count":34,"distance":24.459999084472656,"speed":5.299999713897705},{"calorie":0.0,"count":0,"distance":0.0,"speed":0.0},{"calorie":3.3100001215934753,"count":65,"distance":46.20999717712402,"speed":4.171957492828369},{"calorie":0.0,"count":0,"distance":0.0,"speed":0.0},{"calorie":0.0,"count":0,"distance":0.0,"speed":0.0},{"calorie":33.909998536109924,"count":674,"distance":484.9600028991699,"speed":4.7406816482543945},{"calorie":33.609999895095825,"count":671,"distance":491.8099956512451,"speed":5.024697303771973},{"calorie":0.0,"count":0,"distance":0.0,"speed":0.0},{"calorie":0.0,"count":0,"distance":0.0,"speed":0.0},{"calorie":0.0,"count":0,"distance":0.0,"speed":0.0},{"calorie":0.0,"count":0,"distance":0.0,"speed":0.0},{"calorie":0.0,"count":0,"distance":0.0,"speed":0.0},{"calorie":0.0,"count":0,"distance":0.0,"speed":0.0},{"calorie":1.659999966621399,"count":32,"distance":22.78000020980835,"speed":4.2460784912109375},{"calorie":0.0,"count":0,"distance":0.0,"speed":0.0},{"calorie":2.0299999713897705,"count":40,"distance":27.899998664855957,"speed":3.8763928413391113},{"calorie":1.020000010728836,"count":20,"distance":14.179999828338623,"speed":4.126979827880859},{"calorie":0.7599999904632568,"count":15,"distance":11.039999961853027,"speed":4.700000286102295},{"calorie":0.7900000214576721,"count":15,"distance":10.289999961853027,"speed":4.0},{"calorie":0.9399999976158142,"count":18,"distance":12.660000324249268,"speed":4.296102046966553},{"calorie":0.3700000047683716,"count":7,"distance":4.829999923706055,"speed":4.01418924331665},{"calorie":0.0,"count":0,"distance":0.0,"speed":0.0},{"calorie":0.0,"count":0,"distance":0.0,"speed":0.0},{"calorie":0.0,"count":0,"distance":0.0,"speed":0.0},{"calorie":0.0,"count":0,"distance":0.0,"speed":0.0},{"calorie":2.730000078678131,"count":53,"distance":36.86999988555908,"speed":3.8217484951019287},{"calorie":0.0,"count":0,"distance":0.0,"speed":0.0},{"calorie":0.0,"count":0,"distance":0.0,"speed":0.0},{"calorie":1.9999992847442627,"count":40,"distance":28.380006790161133,"speed":4.353955268859863},{"calorie":2.75,"count":54,"distance":37.64999866485596,"speed":3.618312358856201},{"calorie":0.0,"count":0,"distance":0.0,"speed":0.0},{"calorie":0.0,"count":0,"distance":0.0,"speed":0.0},{"calorie":0.0,"count":0,"distance":0.0,"speed":0.0},{"calorie":0.8300000429153442,"count":16,"distance":11.349999904632568,"speed":4.574402332305908},{"calorie":0.0,"count":0,"distance":0.0,"speed":0.0}]