[{"calorie":0.0,"count":0,"distance":0.0,"speed":0.0},{"calorie":0.0,"count":0,"distance":0.0,"speed":0.0},{"calorie":0.0,"count":0,"distance":0.0,"speed":0.0},{"calorie":0.0,"count":0,"distance":0.0,"speed":0.0},{"calorie":0.0,"count":0,"distance":0.0,"speed":0.0},{"calorie":0.0,"count":0,"distance":0.0,"speed":0.0},{"calorie":0.0,"count":0,"distance":0.0,"speed":0.0},{"calorie":0.0,"count":0,"distance":0.0,"speed":0.0},{"calorie":0.0,"count":0,"distance":0.0,"speed":0.0},{"calorie":0.0,"count":0,"distance":0.0,"speed":0.0},{"calorie":0.0,"count":0,"distance":0.0,"speed":0.0},{"calorie":0.0,"count":0,"distance":0.0,"speed":0.0},{"calorie":0.0,"count":0,"distance":0.0,"speed":0.0},{"calorie":0.0,"count":0,"distance":0.0,"speed":0.0},{"calorie":0.0,"count":0,"distance":0.0,"speed":0.0},{"calorie":0.0,"count":0,"distance":0.0,"speed":0.0},{"calorie":0.0,"count":0,"distance":0.0,"speed":0.0},{"calorie":0.0,"count":0,"distance":0.0,"speed":0.0},{"calorie":0.0,"count":0,"distance":0.0,"speed":0.0},{"calorie":0.0,"count":0,"distance":0.0,"speed":0.0},{"calorie":0.0,"count":0,"distance":0.0,"speed":0.0},{"calorie":0.0,"count":0,"distance":0.0,"speed":0.0},{"calorie":0.0,"count":0,"distance":0.0,"speed":0.0},{"calorie":0.0,"count":0,"distance":0.0,"speed":0.0},{"calorie":0.0,"count":0,"distance":0.0,"speed":0.0},{"calorie":0.0,"count":0,"distance":0.0,"speed":0.0},{"calorie":0.0,"count":0,"distance":0.0,"speed":0.0},{"calorie":0.0,"count":0,"distance":0.0,"speed":0.0},{"calorie":0.0,"count":0,"distance":0.0,"speed":0.0},{"calorie":0.0,"count":0,"distance":0.0,"speed":0.0},{"calorie":0.0,"count":0,"distance":0.0,"speed":0.0},{"calorie":0.0,"count":0,"distance":0.0,"speed":0.0},{"calorie":0.0,"count":0,"distance":0.0,"speed":0.0},{"calorie":0.0,"count":0,"distance":0.0,"speed":0.0},{"calorie":0.0,"count":0,"distance":0.0,"speed":0.0},{"calorie":0.0,"count":0,"distance":0.0,"speed":0.0},{"calorie":0.0,"count":0,"distance":0.0,"speed":0.0},{"calorie":0.0,"count":0,"distance":0.0,"speed":0.0},{"calorie":0.0,"count":0,"distance":0.0,"speed":0.0},{"calorie":0.0,"count":0,"distance":0.0,"speed":0.0},{"calorie":0.0,"count":0,"distance":0.0,"speed":0.0},{"calorie":0.0,"count":0,"distance":0.0,"speed":0.0},{"calorie":0.0,"count":0,"distance":0.0,"speed":0.0},{"calorie":0.26999998092651367,"count":8,"distance":6.229999542236328,"speed":5.561549663543701},{"calorie":0.0,"count":0,"distance":0.0,"speed":0.0},{"calorie":0.47999998927116394,"count":14,"distance":10.289999961853027,"speed":4.199999809265137},{"calorie":1.4700000882148743,"count":40,"distance":28.719999313354492,"speed":3.68827486038208},{"calorie":4.559999734163284,"count":122,"distance":91.18000030517578,"speed":4.551921367645264},{"calorie":2.709999978542328,"count":72,"distance":52.20000076293945,"speed":3.805450677871704},{"calorie":0.0,"count":0,"distance":0.0,"speed":0.0},{"calorie":0.0,"count":0,"distance":0.0,"speed":0.0},{"calorie":0.0,"count":0,"distance":0.0,"speed":0.0},{"calorie":0.0,"count":0,"distance":0.0,"speed":0.0},{"calorie":0.0,"count":0,"distance":0.0,"speed":0.0},{"calorie":0.0,"count":0,"distance":0.0,"speed":0.0},{"calorie":0.0,"count":0,"distance":0.0,"speed":0.0},{"calorie":0.0,"count":0,"distance":0.0,"speed":0.0},{"calorie":0.0,"count":0,"distance":0.0,"speed":0.0},{"calorie":1.9699999392032623,"count":54,"distance":40.179999351501465,"speed":4.56960391998291},{"calorie":1.340000033378601,"count":40,"distance":30.59000015258789,"speed":5.199999809265137},{"calorie":6.349999099969864,"count":176,"distance":131.139995098114,"speed":4.539438247680664},{"calorie":0.8500000238418579,"count":23,"distance":17.110000610351562,"speed":4.5},{"calorie":0.0,"count":0,"distance":0.0,"speed":0.0},{"calorie":4.769999980926514,"count":110,"distance":77.88000106811523,"speed":4.7763848304748535},{"calorie":1.4399999976158142,"count":39,"distance":29.009999752044678,"speed":4.543533802032471},{"calorie":0.5699999928474426,"count":18,"distance":13.970000267028809,"speed":5.400000095367432},{"calorie":6.840000033378601,"count":191,"distance":145.4499979019165,"speed":4.932825565338135},{"calorie":6.75,"count":196,"distance":147.27000427246094,"speed":5.093325614929199},{"calorie":5.78999987244606,"count":163,"distance":123.80999803543091,"speed":4.835198402404785},{"calorie":0.0,"count":0,"distance":0.0,"speed":0.0},{"calorie":1.6699998378753662,"count":50,"distance":38.620004653930664,"speed":5.285016059875488},{"calorie":5.599999517202377,"count":159,"distance":123.40998268127441,"speed":5.342678546905518},{"calorie":4.739999949932098,"count":127,"distance":92.47999954223633,"speed":3.8598570823669434},{"calorie":4.959999978542328,"count":133,"distance":98.8700008392334,"speed":4.030150413513184},{"calorie":0.5800000429153442,"count":17,"distance":13.239999771118164,"speed":5.122215270996094},{"calorie":0.8200000524520874,"count":23,"distance":16.869998931884766,"speed":4.698253154754639},{"calorie":0.8899999260902405,"count":24,"distance":17.87000036239624,"speed":4.372523307800293},{"calorie":1.3799998611211777,"count":37,"distance":27.130001068115234,"speed":4.286760330200195},{"calorie":0.20999999344348907,"count":6,"distance":4.539999961853027,"speed":4.700000286102295},{"calorie":0.7599999755620956,"count":21,"distance":15.75,"speed":4.758832931518555},{"calorie":0.0,"count":0,"distance":0.0,"speed":0.0},{"calorie":0.0,"count":0,"distance":0.0,"speed":0.0},{"calorie":0.28999999165534973,"count":8,"distance":6.0,"speed":4.778801918029785},{"calorie":1.3299999237060547,"count":36,"distance":26.729999542236328,"speed":4.3441081047058105},{"calorie":10.140000134706497,"count":267,"distance":206.67999839782715,"speed":4.825278282165527},{"calorie":0.6100000143051147,"count":17,"distance":12.819999694824219,"speed":4.5},{"calorie":4.540000021457672,"count":134,"distance":102.20000171661377,"speed":5.037629127502441},{"calorie":2.099999964237213,"count":58,"distance":43.31999969482422,"speed":4.599803447723389},{"calorie":4.580000102519989,"count":128,"distance":96.83999633789062,"speed":4.912732124328613},{"calorie":3.1700000762939453,"count":92,"distance":65.1399974822998,"speed":5.082341194152832},{"calorie":7.669999957084656,"count":197,"distance":169.5200023651123,"speed":7.284830570220947},{"calorie":3.939999908208847,"count":99,"distance":84.03000068664551,"speed":6.892491817474365},{"calorie":4.090000033378601,"count":118,"distance":90.02999877929688,"speed":5.041953086853027},{"calorie":3.6299999952316284,"count":101,"distance":76.22999954223633,"speed":4.69334602355957},{"calorie":3.0100000500679016,"count":80,"distance":58.64000225067139,"speed":4.1694159507751465},{"calorie":3.7600000631064177,"count":102,"distance":75.6100001335144,"speed":4.320608615875244},{"calorie":0.0,"count":0,"distance":0.0,"speed":0.0},{"calorie":0.0,"count":0,"distance":0.0,"speed":0.0},{"calorie":0.0,"count":0,"distance":0.0,"speed":0.0},{"calorie":0.0,"count":0,"distance":0.0,"speed":0.0},{"calorie":0.0,"count":0,"distance":0.0,"speed":0.0},{"calorie":0.0,"count":0,"distance":0.0,"speed":0.0},{"calorie":0.0,"count":0,"distance":0.0,"speed":0.0},{"calorie":2.4899999797344208,"count":68,"distance":50.84000015258789,"speed":4.565675735473633},{"calorie":0.0,"count":0,"distance":0.0,"speed":0.0},{"calorie":0.0,"count":0,"distance":0.0,"speed":0.0},{"calorie":0.3799999952316284,"count":10,"distance":7.070000171661377,"speed":3.499999761581421},{"calorie":1.0699999928474426,"count":29,"distance":22.099998950958252,"speed":4.851402759552002},{"calorie":10.449999868869781,"count":282,"distance":209.93000030517578,"speed":4.4446635246276855},{"calorie":3.59000001847744,"count":93,"distance":68.58999729156494,"speed":4.265228271484375},{"calorie":0.25999999046325684,"count":7,"distance":4.990000247955322,"speed":3.6653923988342285},{"calorie":1.1700001955032349,"count":32,"distance":23.45999526977539,"speed":4.290643215179443},{"calorie":0.0,"count":0,"distance":0.0,"speed":0.0},{"calorie":0.0,"count":0,"distance":0.0,"speed":0.0},{"calorie":0.0,"count":0,"distance":0.0,"speed":0.0},{"calorie":0.0,"count":0,"distance":0.0,"speed":0.0},{"calorie":0.0,"count":0,"distance":0.0,"speed":0.0},{"calorie":0.0,"count":0,"distance":0.0,"speed":0.0},{"calorie":0.0,"count":0,"distance":0.0,"speed":0.0},{"calorie":0.0,"count":0,"distance":0.0,"speed":0.0},{"calorie":0.0,"count":0,"distance":0.0,"speed":0.0},{"calorie":0.0,"count":0,"distance":0.0,"speed":0.0},{"calorie":0.0,"count":0,"distance":0.0,"speed":0.0},{"calorie":0.0,"count":0,"distance":0.0,"speed":0.0},{"calorie":0.0,"count":0,"distance":0.0,"speed":0.0},{"calorie":1.5000000596046448,"count":41,"distance":29.590001106262207,"speed":3.7150886058807373},{"calorie":0.7999999225139618,"count":21,"distance":14.970000267028809,"speed":3.6298840045928955},{"calorie":0.0,"count":0,"distance":0.0,"speed":0.0},{"calorie":0.0,"count":0,"distance":0.0,"speed":0.0},{"calorie":0.0,"count":0,"distance":0.0,"speed":0.0},{"calorie":0.0,"count":0,"distance":0.0,"speed":0.0},{"calorie":0.0,"count":0,"distance":0.0,"speed":0.0},{"calorie":0.0,"count":0,"distance":0.0,"speed":0.0},{"calorie":0.2800000011920929,"count":8,"distance":6.119999885559082,"speed":4.900000095367432},{"calorie":0.7099999785423279,"count":19,"distance":13.970000267028809,"speed":4.088038444519043},{"calorie":0.2199999988079071,"count":6,"distance":4.420000076293945,"speed":3.200000047683716},{"calorie":0.25,"count":7,"distance":5.309999942779541,"speed":4.700000286102295},{"calorie":0.23999999463558197,"count":7,"distance":5.309999942779541,"speed":4.954219818115234},{"calorie":0.0,"count":0,"distance":0.0,"speed":0.0},{"calorie":0.0,"count":0,"distance":0.0,"speed":0.0},{"calorie":0.0,"count":0,"distance":0.0,"speed":0.0},{"calorie":0.0,"count":0,"distance":0.0,"speed":0.0},{"calorie":0.0,"count":0,"distance":0.0,"speed":0.0},{"calorie":0.0,"count":0,"distance":0.0,"speed":0.0}]