[{"calorie":0.0,"count":0,"distance":0.0,"speed":0.0},{"calorie":0.0,"count":0,"distance":0.0,"speed":0.0},{"calorie":0.0,"count":0,"distance":0.0,"speed":0.0},{"calorie":0.0,"count":0,"distance":0.0,"speed":0.0},{"calorie":0.3199999928474426,"count":6,"distance":4.050000190734863,"speed":3.3000001907348633},{"calorie":0.0,"count":0,"distance":0.0,"speed":0.0},{"calorie":0.0,"count":0,"distance":0.0,"speed":0.0},{"calorie":0.0,"count":0,"distance":0.0,"speed":0.0},{"calorie":0.0,"count":0,"distance":0.0,"speed":0.0},{"calorie":0.0,"count":0,"distance":0.0,"speed":0.0},{"calorie":0.0,"count":0,"distance":0.0,"speed":0.0},{"calorie":0.0,"count":0,"distance":0.0,"speed":0.0},{"calorie":0.0,"count":0,"distance":0.0,"speed":0.0},{"calorie":0.0,"count":0,"distance":0.0,"speed":0.0},{"calorie":0.0,"count":0,"distance":0.0,"speed":0.0},{"calorie":0.0,"count":0,"distance":0.0,"speed":0.0},{"calorie":0.0,"count":0,"distance":0.0,"speed":0.0},{"calorie":0.0,"count":0,"distance":0.0,"speed":0.0},{"calorie":0.0,"count":0,"distance":0.0,"speed":0.0},{"calorie":0.0,"count":0,"distance":0.0,"speed":0.0},{"calorie":0.0,"count":0,"distance":0.0,"speed":0.0},{"calorie":0.0,"count":0,"distance":0.0,"speed":0.0},{"calorie":0.0,"count":0,"distance":0.0,"speed":0.0},{"calorie":0.0,"count":0,"distance":0.0,"speed":0.0},{"calorie":0.0,"count":0,"distance":0.0,"speed":0.0},{"calorie":0.0,"count":0,"distance":0.0,"speed":0.0},{"calorie":0.0,"count":0,"distance":0.0,"speed":0.0},{"calorie":0.0,"count":0,"distance":0.0,"speed":0.0},{"calorie":0.0,"count":0,"distance":0.0,"speed":0.0},{"calorie":0.0,"count":0,"distance":0.0,"speed":0.0},{"calorie":0.0,"count":0,"distance":0.0,"speed":0.0},{"calorie":0.0,"count":0,"distance":0.0,"speed":0.0},{"calorie":0.0,"count":0,"distance":0.0,"speed":0.0},{"calorie":0.0,"count":0,"distance":0.0,"speed":0.0},{"calorie":0.0,"count":0,"distance":0.0,"speed":0.0},{"calorie":0.0,"count":0,"distance":0.0,"speed":0.0},{"calorie":0.42000001668930054,"count":8,"distance":5.53000020980835,"speed":4.386901378631592},{"calorie":0.0,"count":0,"distance":0.0,"speed":0.0},{"calorie":0.0,"count":0,"distance":0.0,"speed":0.0},{"calorie":0.4300000071525574,"count":8,"distance":5.389999866485596,"speed":3.4000000953674316},{"calorie":4.07000008225441,"count":77,"distance":54.75999975204468,"speed":4.103759288787842},{"calorie":6.5899999141693115,"count":89,"distance":56.579999923706055,"speed":5.022541046142578},{"calorie":5.909999966621399,"count":108,"distance":74.61000061035156,"speed":4.02262544631958},{"calorie":16.329999208450317,"count":324,"distance":233.36999320983887,"speed":4.576272487640381},{"calorie":4.409999310970306,"count":86,"distance":60.40998935699463,"speed":3.9303276538848877},{"calorie":3.0199999809265137,"count":60,"distance":43.04999923706055,"speed":4.600000381469727},{"calorie":6.220000088214874,"count":124,"distance":89.87000179290771,"speed":4.709848880767822},{"calorie":0.8299999833106995,"count":16,"distance":11.220000267028809,"speed":4.0},{"calorie":0.0,"count":0,"distance":0.0,"speed":0.0},{"calorie":3.540000081062317,"count":70,"distance":49.519996643066406,"speed":4.181059837341309},{"calorie":3.5500000715255737,"count":69,"distance":48.03999900817871,"speed":3.943605661392212},{"calorie":0.0,"count":0,"distance":0.0,"speed":0.0},{"calorie":0.0,"count":0,"distance":0.0,"speed":0.0},{"calorie":0.0,"count":0,"distance":0.0,"speed":0.0},{"calorie":2.9500000178813934,"count":58,"distance":41.039997577667236,"speed":4.315818786621094},{"calorie":0.0,"count":0,"distance":0.0,"speed":0.0},{"calorie":0.0,"count":0,"distance":0.0,"speed":0.0},{"calorie":4.309999108314514,"count":72,"distance":49.07998847961426,"speed":3.5398755073547363},{"calorie":0.0,"count":0,"distance":0.0,"speed":0.0},{"calorie":4.309999942779541,"count":45,"distance":26.459999084472656,"speed":3.9000003337860107},{"calorie":5.819999694824219,"count":98,"distance":65.51999998092651,"speed":4.484260559082031},{"calorie":0.0,"count":0,"distance":0.0,"speed":0.0},{"calorie":0.0,"count":0,"distance":0.0,"speed":0.0},{"calorie":0.4099999964237213,"count":7,"distance":4.909999847412109,"speed":3.5858113765716553},{"calorie":1.0099999904632568,"count":17,"distance":11.729999542236328,"speed":3.4000000953674316},{"calorie":5.119998931884766,"count":86,"distance":59.48000431060791,"speed":3.7830183506011963},{"calorie":6.130000114440918,"count":104,"distance":74.2899980545044,"speed":4.2475128173828125},{"calorie":5.519998908042908,"count":93,"distance":65.99998569488525,"speed":4.312472343444824},{"calorie":0.0,"count":0,"distance":0.0,"speed":0.0},{"calorie":3.949999153614044,"count":66,"distance":46.14000415802002,"speed":3.9305479526519775},{"calorie":3.2599987983703613,"count":55,"distance":39.65999412536621,"speed":4.601393222808838},{"calorie":5.480000138282776,"count":92,"distance":64.86000061035156,"speed":4.020089149475098},{"calorie":9.459999799728394,"count":159,"distance":111.580002784729,"speed":4.011955261230469},{"calorie":3.699999988079071,"count":63,"distance":44.11999988555908,"speed":3.9731881618499756},{"calorie":1.75,"count":30,"distance":21.6200008392334,"speed":4.099999904632568},{"calorie":0.0,"count":0,"distance":0.0,"speed":0.0},{"calorie":0.0,"count":0,"distance":0.0,"speed":0.0},{"calorie":0.0,"count":0,"distance":0.0,"speed":0.0},{"calorie":2.559999704360962,"count":43,"distance":30.19000244140625,"speed":4.11592960357666},{"calorie":0.0,"count":0,"distance":0.0,"speed":0.0},{"calorie":5.029999852180481,"count":62,"distance":39.869998931884766,"speed":4.432243824005127},{"calorie":8.459999084472656,"count":142,"distance":95.03999710083008,"speed":4.289883136749268},{"calorie":4.549999833106995,"count":77,"distance":55.070003509521484,"speed":4.577169418334961},{"calorie":0.0,"count":0,"distance":0.0,"speed":0.0},{"calorie":0.36000001430511475,"count":6,"distance":4.119999885559082,"speed":3.499999761581421},{"calorie":0.0,"count":0,"distance":0.0,"speed":0.0},{"calorie":0.0,"count":0,"distance":0.0,"speed":0.0},{"calorie":0.0,"count":0,"distance":0.0,"speed":0.0},{"calorie":0.0,"count":0,"distance":0.0,"speed":0.0},{"calorie":0.0,"count":0,"distance":0.0,"speed":0.0},{"calorie":0.0,"count":0,"distance":0.0,"speed":0.0},{"calorie":1.4800000190734863,"count":25,"distance":17.719999313354492,"speed":4.162740230560303},{"calorie":0.0,"count":0,"distance":0.0,"speed":0.0},{"calorie":0.6399999856948853,"count":11,"distance":7.880000114440918,"speed":4.600000381469727},{"calorie":3.2299999594688416,"count":47,"distance":32.34999942779541,"speed":4.534924030303955},{"calorie":0.0,"count":0,"distance":0.0,"speed":0.0},{"calorie":0.4000000059604645,"count":7,"distance":5.099999904632568,"speed":4.900000095367432},{"calorie":0.0,"count":0,"distance":0.0,"speed":0.0},{"calorie":3.1499998569488525,"count":53,"distance":33.010000228881836,"speed":4.764986038208008},{"calorie":0.0,"count":0,"distance":0.0,"speed":0.0},{"calorie":0.0,"count":0,"distance":0.0,"speed":0.0},{"calorie":0.0,"count":0,"distance":0.0,"speed":0.0},{"calorie":7.650000095367432,"count":129,"distance":89.77000045776367,"speed":3.6504786014556885},{"calorie":0.7599999904632568,"count":13,"distance":9.289999961853027,"speed":4.9153547286987305},{"calorie":0.8799999952316284,"count":15,"distance":10.769998550415039,"speed":5.078312397003174},{"calorie":0.0,"count":0,"distance":0.0,"speed":0.0},{"calorie":4.439999908208847,"count":75,"distance":52.10000038146973,"speed":3.8431036472320557},{"calorie":0.0,"count":0,"distance":0.0,"speed":0.0},{"calorie":0.0,"count":0,"distance":0.0,"speed":0.0},{"calorie":2.020000010728836,"count":34,"distance":23.630000114440918,"speed":3.8009796142578125},{"calorie":0.0,"count":0,"distance":0.0,"speed":0.0},{"calorie":0.0,"count":0,"distance":0.0,"speed":0.0},{"calorie":0.46000000834465027,"count":8,"distance":5.739999771118164,"speed":4.799999713897705},{"calorie":9.229997869580984,"count":154,"distance":106.58998560905457,"speed":3.7181341648101807},{"calorie":16.51999732851982,"count":277,"distance":190.5700135231018,"speed":3.534496307373047},{"calorie":20.959999918937683,"count":348,"distance":234.99000358581543,"speed":3.203108549118042},{"calorie":34.18999767303467,"count":570,"distance":390.20998191833496,"speed":3.4802935123443604},{"calorie":0.0,"count":0,"distance":0.0,"speed":0.0},{"calorie":0.0,"count":0,"distance":0.0,"speed":0.0},{"calorie":0.0,"count":0,"distance":0.0,"speed":0.0},{"calorie":1.3399999737739563,"count":23,"distance":16.649999618530273,"speed":4.603466987609863},{"calorie":1.4300000369548798,"count":24,"distance":16.390000343322754,"speed":3.4006667137145996},{"calorie":0.3400000035762787,"count":6,"distance":4.480000019073486,"speed":4.799999713897705},{"calorie":0.0,"count":0,"distance":0.0,"speed":0.0},{"calorie":0.0,"count":0,"distance":0.0,"speed":0.0},{"calorie":0.0,"count":0,"distance":0.0,"speed":0.0},{"calorie":0.8400000333786011,"count":14,"distance":9.480000257492065,"speed":3.127838611602783},{"calorie":0.8500000238418579,"count":14,"distance":9.509999752044678,"speed":3.4589710235595703},{"calorie":0.6600000262260437,"count":13,"distance":9.300000190734863,"speed":4.392201900482178},{"calorie":0.0,"count":0,"distance":0.0,"speed":0.0},{"calorie":1.8599998950958252,"count":31,"distance":21.69999885559082,"speed":4.1062493324279785},{"calorie":0.0,"count":0,"distance":0.0,"speed":0.0},{"calorie":0.0,"count":0,"distance":0.0,"speed":0.0},{"calorie":0.0,"count":0,"distance":0.0,"speed":0.0},{"calorie":0.0,"count":0,"distance":0.0,"speed":0.0},{"calorie":0.0,"count":0,"distance":0.0,"speed":0.0},{"calorie":0.0,"count":0,"distance":0.0,"speed":0.0},{"calorie":0.0,"count":0,"distance":0.0,"speed":0.0},{"calorie":0.0,"count":0,"distance":0.0,"speed":0.0},{"calorie":0.0,"count":0,"distance":0.0,"speed":0.0},{"calorie":0.0,"count":0,"distance":0.0,"speed":0.0},{"calorie":1.4799999296665192,"count":25,"distance":17.31999969482422,"speed":3.881715774536133},{"calorie":0.0,"count":0,"distance":0.0,"speed":0.0},{"calorie":0.0,"count":0,"distance":0.0,"speed":0.0}]