[{"calorie":0.0,"count":0,"distance":0.0,"speed":0.0},{"calorie":0.0,"count":0,"distance":0.0,"speed":0.0},{"calorie":0.0,"count":0,"distance":0.0,"speed":0.0},{"calorie":0.0,"count":0,"distance":0.0,"speed":0.0},{"calorie":0.0,"count":0,"distance":0.0,"speed":0.0},{"calorie":0.0,"count":0,"distance":0.0,"speed":0.0},{"calorie":0.0,"count":0,"distance":0.0,"speed":0.0},{"calorie":0.0,"count":0,"distance":0.0,"speed":0.0},{"calorie":0.0,"count":0,"distance":0.0,"speed":0.0},{"calorie":0.0,"count":0,"distance":0.0,"speed":0.0},{"calorie":0.0,"count":0,"distance":0.0,"speed":0.0},{"calorie":0.0,"count":0,"distance":0.0,"speed":0.0},{"calorie":0.0,"count":0,"distance":0.0,"speed":0.0},{"calorie":0.0,"count":0,"distance":0.0,"speed":0.0},{"calorie":0.0,"count":0,"distance":0.0,"speed":0.0},{"calorie":0.0,"count":0,"distance":0.0,"speed":0.0},{"calorie":0.0,"count":0,"distance":0.0,"speed":0.0},{"calorie":0.0,"count":0,"distance":0.0,"speed":0.0},{"calorie":0.0,"count":0,"distance":0.0,"speed":0.0},{"calorie":0.0,"count":0,"distance":0.0,"speed":0.0},{"calorie":0.0,"count":0,"distance":0.0,"speed":0.0},{"calorie":0.0,"count":0,"distance":0.0,"speed":0.0},{"calorie":0.0,"count":0,"distance":0.0,"speed":0.0},{"calorie":0.0,"count":0,"distance":0.0,"speed":0.0},{"calorie":0.0,"count":0,"distance":0.0,"speed":0.0},{"calorie":0.0,"count":0,"distance":0.0,"speed":0.0},{"calorie":0.0,"count":0,"distance":0.0,"speed":0.0},{"calorie":0.0,"count":0,"distance":0.0,"speed":0.0},{"calorie":0.0,"count":0,"distance":0.0,"speed":0.0},{"calorie":0.0,"count":0,"distance":0.0,"speed":0.0},{"calorie":0.0,"count":0,"distance":0.0,"speed":0.0},{"calorie":0.0,"count":0,"distance":0.0,"speed":0.0},{"calorie":0.0,"count":0,"distance":0.0,"speed":0.0},{"calorie":0.0,"count":0,"distance":0.0,"speed":0.0},{"calorie":0.0,"count":0,"distance":0.0,"speed":0.0},{"calorie":0.0,"count":0,"distance":0.0,"speed":0.0},{"calorie":0.0,"count":0,"distance":0.0,"speed":0.0},{"calorie":0.0,"count":0,"distance":0.0,"speed":0.0},{"calorie":4.759999968111515,"count":93,"distance":65.42999827861786,"speed":4.120494842529297},{"calorie":2.78000009059906,"count":55,"distance":39.13000011444092,"speed":4.305099964141846},{"calorie":0.20000000298023224,"count":4,"distance":2.7699999809265137,"speed":3.671367883682251},{"calorie":1.0000001192092896,"count":20,"distance":14.200000762939453,"speed":4.579432010650635},{"calorie":3.7100000381469727,"count":74,"distance":53.40999984741211,"speed":4.5},{"calorie":0.5099999904632568,"count":10,"distance":7.110000133514404,"speed":4.400000095367432},{"calorie":3.2300000190734863,"count":64,"distance":45.170000076293945,"speed":4.434568405151367},{"calorie":6.3399999141693115,"count":124,"distance":87.20000171661377,"speed":4.1566338539123535},{"calorie":2.930000066757202,"count":58,"distance":42.320000648498535,"speed":4.793237209320068},{"calorie":1.4100000858306885,"count":28,"distance":20.029998779296875,"speed":4.52074670791626},{"calorie":0.0,"count":0,"distance":0.0,"speed":0.0},{"calorie":0.0,"count":0,"distance":0.0,"speed":0.0},{"calorie":0.4700000286102295,"count":9,"distance":6.25,"speed":3.799574851989746},{"calorie":2.069999933242798,"count":42,"distance":29.959999084472656,"speed":4.305994987487793},{"calorie":3.440000057220459,"count":46,"distance":27.989999771118164,"speed":3.6760177612304688},{"calorie":0.0,"count":0,"distance":0.0,"speed":0.0},{"calorie":4.600000083446503,"count":91,"distance":65.02000141143799,"speed":4.48192834854126},{"calorie":0.0,"count":0,"distance":0.0,"speed":0.0},{"calorie":1.1200000047683716,"count":22,"distance":15.84000015258789,"speed":4.643551349639893},{"calorie":1.2599999904632568,"count":24,"distance":16.549999237060547,"speed":3.9000003337860107},{"calorie":0.0,"count":0,"distance":0.0,"speed":0.0},{"calorie":0.0,"count":0,"distance":0.0,"speed":0.0},{"calorie":0.0,"count":0,"distance":0.0,"speed":0.0},{"calorie":0.0,"count":0,"distance":0.0,"speed":0.0},{"calorie":0.0,"count":0,"distance":0.0,"speed":0.0},{"calorie":5.460000038146973,"count":103,"distance":69.96000099182129,"speed":4.215363502502441},{"calorie":0.0,"count":0,"distance":0.0,"speed":0.0},{"calorie":0.0,"count":0,"distance":0.0,"speed":0.0},{"calorie":4.539999961853027,"count":89,"distance":63.0099983215332,"speed":4.215065002441406},{"calorie":15.519999593496323,"count":276,"distance":187.7300043106079,"speed":4.364253520965576},{"calorie":0.0,"count":0,"distance":0.0,"speed":0.0},{"calorie":6.859999030828476,"count":135,"distance":94.40998840332031,"speed":3.9765570163726807},{"calorie":0.0,"count":0,"distance":0.0,"speed":0.0},{"calorie":5.390000075101852,"count":106,"distance":75.90999841690063,"speed":4.235876083374023},{"calorie":3.0100001096725464,"count":59,"distance":41.94000053405762,"speed":4.405938148498535},{"calorie":0.0,"count":0,"distance":0.0,"speed":0.0},{"calorie":0.0,"count":0,"distance":0.0,"speed":0.0},{"calorie":0.0,"count":0,"distance":0.0,"speed":0.0},{"calorie":0.0,"count":0,"distance":0.0,"speed":0.0},{"calorie":0.0,"count":0,"distance":0.0,"speed":0.0},{"calorie":3.6499999165534973,"count":71,"distance":49.40000057220459,"speed":3.8360347747802734},{"calorie":0.0,"count":0,"distance":0.0,"speed":0.0},{"calorie":3.4700000286102295,"count":47,"distance":30.220001220703125,"speed":4.290509223937988},{"calorie":0.0,"count":0,"distance":0.0,"speed":0.0},{"calorie":2.2399998903274536,"count":44,"distance":28.289997100830078,"speed":4.361730575561523},{"calorie":1.4600000381469727,"count":29,"distance":20.709999084472656,"speed":4.373959541320801},{"calorie":1.280000001192093,"count":25,"distance":17.709999561309814,"speed":4.199999809265137},{"calorie":0.0,"count":0,"distance":0.0,"speed":0.0},{"calorie":0.0,"count":0,"distance":0.0,"speed":0.0},{"calorie":0.4300000071525574,"count":8,"distance":5.369999885559082,"speed":3.4000003337860107},{"calorie":0.8700000643730164,"count":17,"distance":11.930000305175781,"speed":4.221883773803711},{"calorie":0.0,"count":0,"distance":0.0,"speed":0.0},{"calorie":0.0,"count":0,"distance":0.0,"speed":0.0},{"calorie":1.7199999690055847,"count":34,"distance":24.31999969482422,"speed":4.3159990310668945},{"calorie":0.6700000166893005,"count":13,"distance":9.09000015258789,"speed":4.099999904632568},{"calorie":0.8500000238418579,"count":17,"distance":11.480000019073486,"speed":3.405763864517212},{"calorie":0.0,"count":0,"distance":0.0,"speed":0.0},{"calorie":0.0,"count":0,"distance":0.0,"speed":0.0},{"calorie":13.779999613761902,"count":273,"distance":196.7899990081787,"speed":4.7007880210876465},{"calorie":6.120000004768372,"count":107,"distance":69.68999862670898,"speed":4.896399021148682},{"calorie":0.0,"count":0,"distance":0.0,"speed":0.0},{"calorie":0.0,"count":0,"distance":0.0,"speed":0.0},{"calorie":3.4900001287460327,"count":69,"distance":49.6700005531311,"speed":4.630522727966309},{"calorie":5.710000038146973,"count":114,"distance":83.5999984741211,"speed":4.910556793212891},{"calorie":10.859999984502792,"count":215,"distance":153.89999532699585,"speed":4.438663959503174},{"calorie":0.0,"count":0,"distance":0.0,"speed":0.0},{"calorie":1.3000000715255737,"count":26,"distance":18.440000534057617,"speed":4.213288307189941},{"calorie":0.0,"count":0,"distance":0.0,"speed":0.0},{"calorie":0.0,"count":0,"distance":0.0,"speed":0.0},{"calorie":0.0,"count":0,"distance":0.0,"speed":0.0},{"calorie":0.0,"count":0,"distance":0.0,"speed":0.0},{"calorie":0.0,"count":0,"distance":0.0,"speed":0.0},{"calorie":0.0,"count":0,"distance":0.0,"speed":0.0},{"calorie":3.1700000166893005,"count":62,"distance":43.170000076293945,"speed":4.011534690856934},{"calorie":0.0,"count":0,"distance":0.0,"speed":0.0},{"calorie":0.0,"count":0,"distance":0.0,"speed":0.0},{"calorie":0.0,"count":0,"distance":0.0,"speed":0.0},{"calorie":13.45999950170517,"count":266,"distance":186.98999691009521,"speed":3.977600336074829},{"calorie":17.159998655319214,"count":340,"distance":235.6099967956543,"speed":3.6862475872039795},{"calorie":0.0,"count":0,"distance":0.0,"speed":0.0},{"calorie":0.0,"count":0,"distance":0.0,"speed":0.0},{"calorie":0.0,"count":0,"distance":0.0,"speed":0.0},{"calorie":32.230000257492065,"count":641,"distance":448.0999984741211,"speed":3.9433515071868896},{"calorie":0.0,"count":0,"distance":0.0,"speed":0.0},{"calorie":0.0,"count":0,"distance":0.0,"speed":0.0},{"calorie":0.0,"count":0,"distance":0.0,"speed":0.0},{"calorie":0.0,"count":0,"distance":0.0,"speed":0.0},{"calorie":0.0,"count":0,"distance":0.0,"speed":0.0},{"calorie":0.0,"count":0,"distance":0.0,"speed":0.0},{"calorie":3.459999680519104,"count":68,"distance":50.20999622344971,"speed":4.988018989562988},{"calorie":0.0,"count":0,"distance":0.0,"speed":0.0},{"calorie":0.0,"count":0,"distance":0.0,"speed":0.0},{"calorie":0.0,"count":0,"distance":0.0,"speed":0.0},{"calorie":0.0,"count":0,"distance":0.0,"speed":0.0},{"calorie":0.0,"count":0,"distance":0.0,"speed":0.0},{"calorie":0.0,"count":0,"distance":0.0,"speed":0.0},{"calorie":0.0,"count":0,"distance":0.0,"speed":0.0},{"calorie":0.0,"count":0,"distance":0.0,"speed":0.0},{"calorie":0.0,"count":0,"distance":0.0,"speed":0.0},{"calorie":0.0,"count":0,"distance":0.0,"speed":0.0},{"calorie":0.0,"count":0,"distance":0.0,"speed":0.0},{"calorie":0.0,"count":0,"distance":0.0,"speed":0.0},{"calorie":0.0,"count":0,"distance":0.0,"speed":0.0},{"calorie":0.0,"count":0,"distance":0.0,"speed":0.0},{"calorie":0.0,"count":0,"distance":0.0,"speed":0.0},{"calorie":0.0,"count":0,"distance":0.0,"speed":0.0}]