[{"calorie":0.0,"count":0,"distance":0.0,"speed":0.0},{"calorie":0.0,"count":0,"distance":0.0,"speed":0.0},{"calorie":0.0,"count":0,"distance":0.0,"speed":0.0},{"calorie":0.0,"count":0,"distance":0.0,"speed":0.0},{"calorie":0.0,"count":0,"distance":0.0,"speed":0.0},{"calorie":0.0,"count":0,"distance":0.0,"speed":0.0},{"calorie":0.0,"count":0,"distance":0.0,"speed":0.0},{"calorie":0.0,"count":0,"distance":0.0,"speed":0.0},{"calorie":0.0,"count":0,"distance":0.0,"speed":0.0},{"calorie":0.0,"count":0,"distance":0.0,"speed":0.0},{"calorie":0.0,"count":0,"distance":0.0,"speed":0.0},{"calorie":0.0,"count":0,"distance":0.0,"speed":0.0},{"calorie":0.0,"count":0,"distance":0.0,"speed":0.0},{"calorie":0.0,"count":0,"distance":0.0,"speed":0.0},{"calorie":0.0,"count":0,"distance":0.0,"speed":0.0},{"calorie":0.0,"count":0,"distance":0.0,"speed":0.0},{"calorie":0.0,"count":0,"distance":0.0,"speed":0.0},{"calorie":0.0,"count":0,"distance":0.0,"speed":0.0},{"calorie":0.0,"count":0,"distance":0.0,"speed":0.0},{"calorie":0.0,"count":0,"distance":0.0,"speed":0.0},{"calorie":0.0,"count":0,"distance":0.0,"speed":0.0},{"calorie":0.0,"count":0,"distance":0.0,"speed":0.0},{"calorie":0.0,"count":0,"distance":0.0,"speed":0.0},{"calorie":0.0,"count":0,"distance":0.0,"speed":0.0},{"calorie":0.0,"count":0,"distance":0.0,"speed":0.0},{"calorie":0.0,"count":0,"distance":0.0,"speed":0.0},{"calorie":0.0,"count":0,"distance":0.0,"speed":0.0},{"calorie":0.0,"count":0,"distance":0.0,"speed":0.0},{"calorie":0.0,"count":0,"distance":0.0,"speed":0.0},{"calorie":0.0,"count":0,"distance":0.0,"speed":0.0},{"calorie":0.0,"count":0,"distance":0.0,"speed":0.0},{"calorie":0.0,"count":0,"distance":0.0,"speed":0.0},{"calorie":0.0,"count":0,"distance":0.0,"speed":0.0},{"calorie":0.0,"count":0,"distance":0.0,"speed":0.0},{"calorie":0.0,"count":0,"distance":0.0,"speed":0.0},{"calorie":0.0,"count":0,"distance":0.0,"speed":0.0},{"calorie":0.0,"count":0,"distance":0.0,"speed":0.0},{"calorie":0.0,"count":0,"distance":0.0,"speed":0.0},{"calorie":0.0,"count":0,"distance":0.0,"speed":0.0},{"calorie":0.0,"count":0,"distance":0.0,"speed":0.0},{"calorie":0.0,"count":0,"distance":0.0,"speed":0.0},{"calorie":0.0,"count":0,"distance":0.0,"speed":0.0},{"calorie":0.0,"count":0,"distance":0.0,"speed":0.0},{"calorie":0.0,"count":0,"distance":0.0,"speed":0.0},{"calorie":0.0,"count":0,"distance":0.0,"speed":0.0},{"calorie":0.0,"count":0,"distance":0.0,"speed":0.0},{"calorie":0.0,"count":0,"distance":0.0,"speed":0.0},{"calorie":2.630000054836273,"count":69,"distance":51.489999771118164,"speed":4.52739143371582},{"calorie":6.759999930858612,"count":174,"distance":128.87999725341797,"speed":3.9993643760681152},{"calorie":0.9300000071525574,"count":25,"distance":18.540000915527344,"speed":4.299999713897705},{"calorie":15.079998672008514,"count":390,"distance":287.86997985839844,"speed":4.369433879852295},{"calorie":7.129999876022339,"count":172,"distance":124.99999809265137,"speed":4.650885105133057},{"calorie":6.630000054836273,"count":186,"distance":141.32999801635742,"speed":4.827367782592773},{"calorie":1.4999999552965164,"count":39,"distance":29.27999973297119,"speed":4.886821746826172},{"calorie":6.820000112056732,"count":200,"distance":154.35000038146973,"speed":5.235545635223389},{"calorie":10.690000057220459,"count":289,"distance":217.2099986076355,"speed":4.695549964904785},{"calorie":20.53000020980835,"count":565,"distance":429.850004196167,"speed":5.002493381500244},{"calorie":1.780000001192093,"count":51,"distance":38.359999656677246,"speed":4.660276889801025},{"calorie":7.740000128746033,"count":202,"distance":150.83999824523926,"speed":4.576354026794434},{"calorie":12.949999988079071,"count":346,"distance":260.70999813079834,"speed":4.854221820831299},{"calorie":6.699999928474426,"count":181,"distance":136.38000202178955,"speed":4.8378005027771},{"calorie":11.640000104904175,"count":327,"distance":248.54999923706055,"speed":5.0096306800842285},{"calorie":7.260000050067902,"count":199,"distance":148.78999996185303,"speed":4.555683135986328},{"calorie":8.630000203847885,"count":235,"distance":176.8300018310547,"speed":4.750601768493652},{"calorie":3.700000062584877,"count":100,"distance":74.97000074386597,"speed":4.747141361236572},{"calorie":3.549999952316284,"count":97,"distance":71.87999820709229,"speed":4.469761848449707},{"calorie":12.78000009059906,"count":335,"distance":250.41000175476074,"speed":4.629827976226807},{"calorie":1.199999988079071,"count":33,"distance":23.449999809265137,"speed":3.7162768840789795},{"calorie":1.6800000667572021,"count":46,"distance":35.170000076293945,"speed":4.905097484588623},{"calorie":3.46999990940094,"count":99,"distance":74.99999809265137,"speed":4.937864303588867},{"calorie":0.0,"count":0,"distance":0.0,"speed":0.0},{"calorie":1.7400000095367432,"count":49,"distance":36.99000072479248,"speed":4.805994033813477},{"calorie":5.860000133514404,"count":161,"distance":121.47000122070312,"speed":4.809624671936035},{"calorie":5.9200000166893005,"count":161,"distance":120.2599983215332,"speed":4.589283466339111},{"calorie":7.159999743103981,"count":193,"distance":143.5900068283081,"speed":4.209599018096924},{"calorie":0.0,"count":0,"distance":0.0,"speed":0.0},{"calorie":0.8400000333786011,"count":23,"distance":16.78999900817871,"speed":4.096405982971191},{"calorie":0.0,"count":0,"distance":0.0,"speed":0.0},{"calorie":0.44999995827674866,"count":12,"distance":8.810001373291016,"speed":4.223367691040039},{"calorie":0.0,"count":0,"distance":0.0,"speed":0.0},{"calorie":0.0,"count":0,"distance":0.0,"speed":0.0},{"calorie":0.0,"count":0,"distance":0.0,"speed":0.0},{"calorie":0.0,"count":0,"distance":0.0,"speed":0.0},{"calorie":0.0,"count":0,"distance":0.0,"speed":0.0},{"calorie":0.0,"count":0,"distance":0.0,"speed":0.0},{"calorie":0.0,"count":0,"distance":0.0,"speed":0.0},{"calorie":0.0,"count":0,"distance":0.0,"speed":0.0},{"calorie":0.0,"count":0,"distance":0.0,"speed":0.0},{"calorie":0.0,"count":0,"distance":0.0,"speed":0.0},{"calorie":0.0,"count":0,"distance":0.0,"speed":0.0},{"calorie":0.0,"count":0,"distance":0.0,"speed":0.0},{"calorie":0.0,"count":0,"distance":0.0,"speed":0.0},{"calorie":0.0,"count":0,"distance":0.0,"speed":0.0},{"calorie":0.0,"count":0,"distance":0.0,"speed":0.0},{"calorie":0.0,"count":0,"distance":0.0,"speed":0.0},{"calorie":0.0,"count":0,"distance":0.0,"speed":0.0},{"calorie":0.0,"count":0,"distance":0.0,"speed":0.0},{"calorie":0.0,"count":0,"distance":0.0,"speed":0.0},{"calorie":0.0,"count":0,"distance":0.0,"speed":0.0},{"calorie":0.0,"count":0,"distance":0.0,"speed":0.0},{"calorie":0.0,"count":0,"distance":0.0,"speed":0.0},{"calorie":0.0,"count":0,"distance":0.0,"speed":0.0},{"calorie":0.0,"count":0,"distance":0.0,"speed":0.0},{"calorie":0.0,"count":0,"distance":0.0,"speed":0.0},{"calorie":0.0,"count":0,"distance":0.0,"speed":0.0},{"calorie":0.4300000071525574,"count":13,"distance":9.850000381469727,"speed":5.015078544616699},{"calorie":0.25,"count":7,"distance":5.310000419616699,"speed":4.655762195587158},{"calorie":0.6799999922513962,"count":20,"distance":15.149999618530273,"speed":4.519765377044678},{"calorie":0.0,"count":0,"distance":0.0,"speed":0.0},{"calorie":0.0,"count":0,"distance":0.0,"speed":0.0},{"calorie":0.28999999165534973,"count":8,"distance":6.079999923706055,"speed":4.246945858001709},{"calorie":0.0,"count":0,"distance":0.0,"speed":0.0},{"calorie":0.0,"count":0,"distance":0.0,"speed":0.0},{"calorie":1.4000000655651093,"count":37,"distance":27.40000009536743,"speed":4.25949764251709},{"calorie":0.0,"count":0,"distance":0.0,"speed":0.0},{"calorie":0.0,"count":0,"distance":0.0,"speed":0.0},{"calorie":0.0,"count":0,"distance":0.0,"speed":0.0},{"calorie":0.0,"count":0,"distance":0.0,"speed":0.0},{"calorie":0.0,"count":0,"distance":0.0,"speed":0.0},{"calorie":1.3100000023841858,"count":35,"distance":25.489996910095215,"speed":4.094788074493408},{"calorie":0.0,"count":0,"distance":0.0,"speed":0.0},{"calorie":9.259999483823776,"count":243,"distance":179.2699956893921,"speed":4.27553129196167},{"calorie":15.589999824762344,"count":408,"distance":295.46999645233154,"speed":3.748537063598633},{"calorie":8.110000014305115,"count":223,"distance":167.65999794006348,"speed":4.8118896484375},{"calorie":0.0,"count":0,"distance":0.0,"speed":0.0},{"calorie":2.1000000536441803,"count":57,"distance":41.40999889373779,"speed":4.015922546386719},{"calorie":1.1100000143051147,"count":30,"distance":22.780000686645508,"speed":4.745743751525879},{"calorie":1.9599999785423279,"count":39,"distance":33.1899995803833,"speed":5.389526844024658},{"calorie":5.169999480247498,"count":137,"distance":100.84001922607422,"speed":4.057351589202881},{"calorie":13.499999940395355,"count":355,"distance":264.42999792099,"speed":4.544548034667969},{"calorie":14.449999898672104,"count":375,"distance":270.1399998664856,"speed":3.657724618911743},{"calorie":5.459999576210976,"count":149,"distance":109.74998569488525,"speed":4.285619258880615},{"calorie":0.949999988079071,"count":27,"distance":20.75,"speed":5.08983850479126},{"calorie":5.119999885559082,"count":138,"distance":104.82000160217285,"speed":4.602047443389893},{"calorie":0.0,"count":0,"distance":0.0,"speed":0.0},{"calorie":0.0,"count":0,"distance":0.0,"speed":0.0},{"calorie":0.0,"count":0,"distance":0.0,"speed":0.0},{"calorie":4.92999991774559,"count":131,"distance":100.83000040054321,"speed":5.108090877532959},{"calorie":1.270000159740448,"count":34,"distance":25.059999465942383,"speed":4.1831374168396},{"calorie":0.0,"count":0,"distance":0.0,"speed":0.0},{"calorie":0.3199999928474426,"count":9,"distance":6.809999942779541,"speed":5.199999809265137},{"calorie":0.0,"count":0,"distance":0.0,"speed":0.0},{"calorie":0.7299999743700027,"count":21,"distance":15.079998970031738,"speed":3.6609010696411133},{"calorie":0.0,"count":0,"distance":0.0,"speed":0.0}]