[{"calorie":0.0,"count":0,"distance":0.0,"speed":0.0},{"calorie":0.0,"count":0,"distance":0.0,"speed":0.0},{"calorie":0.0,"count":0,"distance":0.0,"speed":0.0},{"calorie":0.0,"count":0,"distance":0.0,"speed":0.0},{"calorie":0.0,"count":0,"distance":0.0,"speed":0.0},{"calorie":0.0,"count":0,"distance":0.0,"speed":0.0},{"calorie":0.0,"count":0,"distance":0.0,"speed":0.0},{"calorie":0.0,"count":0,"distance":0.0,"speed":0.0},{"calorie":0.0,"count":0,"distance":0.0,"speed":0.0},{"calorie":0.0,"count":0,"distance":0.0,"speed":0.0},{"calorie":0.0,"count":0,"distance":0.0,"speed":0.0},{"calorie":0.0,"count":0,"distance":0.0,"speed":0.0},{"calorie":0.0,"count":0,"distance":0.0,"speed":0.0},{"calorie":0.0,"count":0,"distance":0.0,"speed":0.0},{"calorie":0.0,"count":0,"distance":0.0,"speed":0.0},{"calorie":0.0,"count":0,"distance":0.0,"speed":0.0},{"calorie":0.0,"count":0,"distance":0.0,"speed":0.0},{"calorie":0.0,"count":0,"distance":0.0,"speed":0.0},{"calorie":0.0,"count":0,"distance":0.0,"speed":0.0},{"calorie":0.0,"count":0,"distance":0.0,"speed":0.0},{"calorie":0.0,"count":0,"distance":0.0,"speed":0.0},{"calorie":0.0,"count":0,"distance":0.0,"speed":0.0},{"calorie":0.0,"count":0,"distance":0.0,"speed":0.0},{"calorie":0.0,"count":0,"distance":0.0,"speed":0.0},{"calorie":0.0,"count":0,"distance":0.0,"speed":0.0},{"calorie":0.0,"count":0,"distance":0.0,"speed":0.0},{"calorie":0.0,"count":0,"distance":0.0,"speed":0.0},{"calorie":0.0,"count":0,"distance":0.0,"speed":0.0},{"calorie":0.0,"count":0,"distance":0.0,"speed":0.0},{"calorie":0.0,"count":0,"distance":0.0,"speed":0.0},{"calorie":0.0,"count":0,"distance":0.0,"speed":0.0},{"calorie":0.0,"count":0,"distance":0.0,"speed":0.0},{"calorie":0.0,"count":0,"distance":0.0,"speed":0.0},{"calorie":0.0,"count":0,"distance":0.0,"speed":0.0},{"calorie":0.0,"count":0,"distance":0.0,"speed":0.0},{"calorie":0.0,"count":0,"distance":0.0,"speed":0.0},{"calorie":0.0,"count":0,"distance":0.0,"speed":0.0},{"calorie":0.0,"count":0,"distance":0.0,"speed":0.0},{"calorie":0.0,"count":0,"distance":0.0,"speed":0.0},{"calorie":0.0,"count":0,"distance":0.0,"speed":0.0},{"calorie":0.0,"count":0,"distance":0.0,"speed":0.0},{"calorie":0.0,"count":0,"distance":0.0,"speed":0.0},{"calorie":0.0,"count":0,"distance":0.0,"speed":0.0},{"calorie":0.0,"count":0,"distance":0.0,"speed":0.0},{"calorie":0.7400000095367432,"count":21,"distance":15.760000228881836,"speed":4.799999713897705},{"calorie":0.679999977350235,"count":19,"distance":13.97999906539917,"speed":4.136615753173828},{"calorie":0.2199999988079071,"count":6,"distance":4.360000133514404,"speed":3.700000047683716},{"calorie":3.2500001788139343,"count":91,"distance":68.32999897003174,"speed":4.512024879455566},{"calorie":1.850000262260437,"count":48,"distance":34.87999725341797,"speed":3.927964448928833},{"calorie":1.8299999833106995,"count":50,"distance":36.739999771118164,"speed":4.400000095367432},{"calorie":0.0,"count":0,"distance":0.0,"speed":0.0},{"calorie":3.640000104904175,"count":98,"distance":71.89999771118164,"speed":4.209007263183594},{"calorie":6.0299999713897705,"count":166,"distance":124.93999862670898,"speed":4.706684589385986},{"calorie":0.9799999594688416,"count":26,"distance":19.229999542236328,"speed":4.308099269866943},{"calorie":5.400000214576721,"count":149,"distance":113.17000389099121,"speed":4.976217746734619},{"calorie":0.0,"count":0,"distance":0.0,"speed":0.0},{"calorie":0.0,"count":0,"distance":0.0,"speed":0.0},{"calorie":0.0,"count":0,"distance":0.0,"speed":0.0},{"calorie":0.0,"count":0,"distance":0.0,"speed":0.0},{"calorie":0.0,"count":0,"distance":0.0,"speed":0.0},{"calorie":6.340000152587891,"count":173,"distance":130.95999717712402,"speed":4.872057914733887},{"calorie":6.279999822378159,"count":177,"distance":131.18001174926758,"speed":4.413353443145752},{"calorie":11.459999799728394,"count":317,"distance":239.11000442504883,"speed":4.768433570861816},{"calorie":1.5400000214576721,"count":42,"distance":31.18000030517578,"speed":4.137667655944824},{"calorie":0.47999998927116394,"count":15,"distance":11.649999618530273,"speed":5.723352909088135},{"calorie":1.1299997866153717,"count":35,"distance":27.50000286102295,"speed":5.82175350189209},{"calorie":6.130000114440918,"count":174,"distance":130.26999950408936,"speed":4.392233371734619},{"calorie":6.629999995231628,"count":175,"distance":131.69000244140625,"speed":4.703313827514648},{"calorie":1.770000010728836,"count":48,"distance":35.519999504089355,"speed":4.632246494293213},{"calorie":7.5499997437000275,"count":210,"distance":155.38000869750977,"speed":4.2448039054870605},{"calorie":0.0,"count":0,"distance":0.0,"speed":0.0},{"calorie":0.5899999737739563,"count":16,"distance":11.510000228881836,"speed":3.700000047683716},{"calorie":5.510000020265579,"count":152,"distance":115.31000280380249,"speed":4.876133918762207},{"calorie":0.0,"count":0,"distance":0.0,"speed":0.0},{"calorie":0.0,"count":0,"distance":0.0,"speed":0.0},{"calorie":1.1699999570846558,"count":32,"distance":24.100000381469727,"speed":4.603352069854736},{"calorie":0.0,"count":0,"distance":0.0,"speed":0.0},{"calorie":3.2899999618530273,"count":92,"distance":69.24999713897705,"speed":4.777033805847168},{"calorie":1.7999999523162842,"count":56,"distance":43.34000015258789,"speed":5.299999713897705},{"calorie":0.0,"count":0,"distance":0.0,"speed":0.0},{"calorie":0.0,"count":0,"distance":0.0,"speed":0.0},{"calorie":0.6099999994039536,"count":18,"distance":13.53000020980835,"speed":4.726601600646973},{"calorie":2.82000008225441,"count":78,"distance":57.670000076293945,"speed":4.368516445159912},{"calorie":9.90999773144722,"count":258,"distance":191.78002166748047,"speed":4.389074802398682},{"calorie":3.4800000190734863,"count":99,"distance":75.00000190734863,"speed":4.931157112121582},{"calorie":3.4800000488758087,"count":103,"distance":79.35999822616577,"speed":5.4272894859313965},{"calorie":6.559999912977219,"count":184,"distance":134.17999935150146,"speed":4.829022407531738},{"calorie":0.5900000333786011,"count":17,"distance":12.649999618530273,"speed":4.439441680908203},{"calorie":6.670000195503235,"count":181,"distance":133.38000106811523,"speed":4.2751078605651855},{"calorie":8.93999981880188,"count":242,"distance":182.23999881744385,"speed":4.6711812019348145},{"calorie":0.5400000214576721,"count":15,"distance":11.170000076293945,"speed":4.4128828048706055},{"calorie":0.0,"count":0,"distance":0.0,"speed":0.0},{"calorie":0.0,"count":0,"distance":0.0,"speed":0.0},{"calorie":0.0,"count":0,"distance":0.0,"speed":0.0},{"calorie":0.0,"count":0,"distance":0.0,"speed":0.0},{"calorie":0.5899999737739563,"count":16,"distance":11.5600004196167,"speed":4.400000095367432},{"calorie":0.5600000023841858,"count":15,"distance":11.270000457763672,"speed":4.438258171081543},{"calorie":0.32999998331069946,"count":9,"distance":6.849999904632568,"speed":4.877276420593262},{"calorie":0.0,"count":0,"distance":0.0,"speed":0.0},{"calorie":0.0,"count":0,"distance":0.0,"speed":0.0},{"calorie":0.0,"count":0,"distance":0.0,"speed":0.0},{"calorie":0.0,"count":0,"distance":0.0,"speed":0.0},{"calorie":0.0,"count":0,"distance":0.0,"speed":0.0},{"calorie":1.0700000524520874,"count":28,"distance":20.280000686645508,"speed":4.300000190734863},{"calorie":3.0000000596046448,"count":81,"distance":64.38999938964844,"speed":5.392242908477783},{"calorie":4.100000083446503,"count":117,"distance":89.08999919891357,"speed":4.945164203643799},{"calorie":1.2899999544024467,"count":35,"distance":26.579999208450317,"speed":4.808417320251465},{"calorie":0.7200000882148743,"count":20,"distance":14.759998321533203,"speed":4.143543720245361},{"calorie":4.419999957084656,"count":141,"distance":108.89000415802002,"speed":5.482235908508301},{"calorie":3.869999945163727,"count":109,"distance":82.64000129699707,"speed":4.950137615203857},{"calorie":5.579999804496765,"count":149,"distance":107.61000061035156,"speed":3.692901134490967},{"calorie":0.5199999809265137,"count":15,"distance":11.039999961853027,"speed":4.785864353179932},{"calorie":0.41999995708465576,"count":11,"distance":7.910000801086426,"speed":3.6443560123443604},{"calorie":0.2199999988079071,"count":6,"distance":4.349999904632568,"speed":4.0},{"calorie":1.4399999678134918,"count":38,"distance":28.099997997283936,"speed":4.32122278213501},{"calorie":0.0,"count":0,"distance":0.0,"speed":0.0},{"calorie":0.8300000131130219,"count":25,"distance":18.830000400543213,"speed":4.7331695556640625},{"calorie":0.5399999618530273,"count":14,"distance":9.839999198913574,"speed":3.2333569526672363},{"calorie":0.0,"count":0,"distance":0.0,"speed":0.0},{"calorie":0.0,"count":0,"distance":0.0,"speed":0.0},{"calorie":0.0,"count":0,"distance":0.0,"speed":0.0},{"calorie":0.0,"count":0,"distance":0.0,"speed":0.0},{"calorie":0.0,"count":0,"distance":0.0,"speed":0.0},{"calorie":0.0,"count":0,"distance":0.0,"speed":0.0},{"calorie":0.0,"count":0,"distance":0.0,"speed":0.0},{"calorie":0.0,"count":0,"distance":0.0,"speed":0.0},{"calorie":0.0,"count":0,"distance":0.0,"speed":0.0},{"calorie":0.0,"count":0,"distance":0.0,"speed":0.0},{"calorie":0.0,"count":0,"distance":0.0,"speed":0.0},{"calorie":0.0,"count":0,"distance":0.0,"speed":0.0},{"calorie":0.0,"count":0,"distance":0.0,"speed":0.0},{"calorie":0.0,"count":0,"distance":0.0,"speed":0.0},{"calorie":0.0,"count":0,"distance":0.0,"speed":0.0},{"calorie":0.0,"count":0,"distance":0.0,"speed":0.0},{"calorie":0.0,"count":0,"distance":0.0,"speed":0.0},{"calorie":0.0,"count":0,"distance":0.0,"speed":0.0},{"calorie":0.0,"count":0,"distance":0.0,"speed":0.0},{"calorie":0.0,"count":0,"distance":0.0,"speed":0.0},{"calorie":0.0,"count":0,"distance":0.0,"speed":0.0},{"calorie":0.0,"count":0,"distance":0.0,"speed":0.0},{"calorie":0.0,"count":0,"distance":0.0,"speed":0.0},{"calorie":0.0,"count":0,"distance":0.0,"speed":0.0},{"calorie":0.0,"count":0,"distance":0.0,"speed":0.0},{"calorie":0.0,"count":0,"distance":0.0,"speed":0.0}]