[{"calorie":0.0,"count":0,"distance":0.0,"speed":0.0},{"calorie":0.0,"count":0,"distance":0.0,"speed":0.0},{"calorie":0.0,"count":0,"distance":0.0,"speed":0.0},{"calorie":0.0,"count":0,"distance":0.0,"speed":0.0},{"calorie":0.0,"count":0,"distance":0.0,"speed":0.0},{"calorie":0.0,"count":0,"distance":0.0,"speed":0.0},{"calorie":0.0,"count":0,"distance":0.0,"speed":0.0},{"calorie":0.0,"count":0,"distance":0.0,"speed":0.0},{"calorie":0.0,"count":0,"distance":0.0,"speed":0.0},{"calorie":0.0,"count":0,"distance":0.0,"speed":0.0},{"calorie":0.0,"count":0,"distance":0.0,"speed":0.0},{"calorie":0.0,"count":0,"distance":0.0,"speed":0.0},{"calorie":0.0,"count":0,"distance":0.0,"speed":0.0},{"calorie":0.0,"count":0,"distance":0.0,"speed":0.0},{"calorie":0.0,"count":0,"distance":0.0,"speed":0.0},{"calorie":0.0,"count":0,"distance":0.0,"speed":0.0},{"calorie":0.0,"count":0,"distance":0.0,"speed":0.0},{"calorie":0.0,"count":0,"distance":0.0,"speed":0.0},{"calorie":0.0,"count":0,"distance":0.0,"speed":0.0},{"calorie":0.0,"count":0,"distance":0.0,"speed":0.0},{"calorie":0.0,"count":0,"distance":0.0,"speed":0.0},{"calorie":0.0,"count":0,"distance":0.0,"speed":0.0},{"calorie":0.0,"count":0,"distance":0.0,"speed":0.0},{"calorie":0.0,"count":0,"distance":0.0,"speed":0.0},{"calorie":0.0,"count":0,"distance":0.0,"speed":0.0},{"calorie":0.0,"count":0,"distance":0.0,"speed":0.0},{"calorie":0.0,"count":0,"distance":0.0,"speed":0.0},{"calorie":0.0,"count":0,"distance":0.0,"speed":0.0},{"calorie":0.0,"count":0,"distance":0.0,"speed":0.0},{"calorie":0.0,"count":0,"distance":0.0,"speed":0.0},{"calorie":0.0,"count":0,"distance":0.0,"speed":0.0},{"calorie":0.0,"count":0,"distance":0.0,"speed":0.0},{"calorie":0.0,"count":0,"distance":0.0,"speed":0.0},{"calorie":0.0,"count":0,"distance":0.0,"speed":0.0},{"calorie":0.0,"count":0,"distance":0.0,"speed":0.0},{"calorie":0.0,"count":0,"distance":0.0,"speed":0.0},{"calorie":0.0,"count":0,"distance":0.0,"speed":0.0},{"calorie":0.0,"count":0,"distance":0.0,"speed":0.0},{"calorie":0.0,"count":0,"distance":0.0,"speed":0.0},{"calorie":0.0,"count":0,"distance":0.0,"speed":0.0},{"calorie":0.0,"count":0,"distance":0.0,"speed":0.0},{"calorie":2.5599990487098694,"count":43,"distance":29.900005340576172,"speed":3.9111874103546143},{"calorie":1.399999976158142,"count":24,"distance":16.59000015258789,"speed":3.8057146072387695},{"calorie":12.519994080066681,"count":211,"distance":150.33996963500977,"speed":4.433145999908447},{"calorie":7.589999973773956,"count":128,"distance":91.98000049591064,"speed":4.503034591674805},{"calorie":0.0,"count":0,"distance":0.0,"speed":0.0},{"calorie":0.0,"count":0,"distance":0.0,"speed":0.0},{"calorie":1.14000004529953,"count":19,"distance":13.070000171661377,"speed":3.7737793922424316},{"calorie":0.0,"count":0,"distance":0.0,"speed":0.0},{"calorie":3.379999488592148,"count":57,"distance":39.97999906539917,"speed":3.996154546737671},{"calorie":1.4199997186660767,"count":24,"distance":17.14000129699707,"speed":4.427643299102783},{"calorie":0.9000000059604645,"count":15,"distance":10.419999599456787,"speed":3.6362218856811523},{"calorie":0.0,"count":0,"distance":0.0,"speed":0.0},{"calorie":0.0,"count":0,"distance":0.0,"speed":0.0},{"calorie":0.0,"count":0,"distance":0.0,"speed":0.0},{"calorie":7.739999353885651,"count":131,"distance":92.9399995803833,"speed":4.294983386993408},{"calorie":15.909997761249542,"count":241,"distance":167.4200086593628,"speed":4.550865173339844},{"calorie":0.9599999785423279,"count":16,"distance":11.869999885559082,"speed":5.19365119934082},{"calorie":10.609995067119598,"count":146,"distance":97.12998580932617,"speed":4.618601322174072},{"calorie":0.0,"count":0,"distance":0.0,"speed":0.0},{"calorie":7.9899958074092865,"count":136,"distance":95.53998613357544,"speed":5.061380863189697},{"calorie":0.0,"count":0,"distance":0.0,"speed":0.0},{"calorie":0.0,"count":0,"distance":0.0,"speed":0.0},{"calorie":0.0,"count":0,"distance":0.0,"speed":0.0},{"calorie":0.0,"count":0,"distance":0.0,"speed":0.0},{"calorie":0.7599999904632568,"count":13,"distance":8.84999942779541,"speed":3.5999996662139893},{"calorie":4.75,"count":80,"distance":57.67999839782715,"speed":4.599050998687744},{"calorie":0.0,"count":0,"distance":0.0,"speed":0.0},{"calorie":0.8999999761581421,"count":15,"distance":10.1899995803833,"speed":3.200000047683716},{"calorie":0.0,"count":0,"distance":0.0,"speed":0.0},{"calorie":0.0,"count":0,"distance":0.0,"speed":0.0},{"calorie":2.7999989986419678,"count":47,"distance":32.809993743896484,"speed":3.981811761856079},{"calorie":0.0,"count":0,"distance":0.0,"speed":0.0},{"calorie":13.499997582286596,"count":223,"distance":157.08999794721603,"speed":4.1864776611328125},{"calorie":0.0,"count":0,"distance":0.0,"speed":0.0},{"calorie":12.249998331069946,"count":205,"distance":145.86998462677002,"speed":4.344577312469482},{"calorie":3.150000035762787,"count":53,"distance":37.179999351501465,"speed":4.303781986236572},{"calorie":2.8999998569488525,"count":49,"distance":34.45999813079834,"speed":4.129306316375732},{"calorie":0.0,"count":0,"distance":0.0,"speed":0.0},{"calorie":0.0,"count":0,"distance":0.0,"speed":0.0},{"calorie":0.0,"count":0,"distance":0.0,"speed":0.0},{"calorie":0.0,"count":0,"distance":0.0,"speed":0.0},{"calorie":3.9099984169006348,"count":67,"distance":47.119991302490234,"speed":4.122187614440918},{"calorie":0.0,"count":0,"distance":0.0,"speed":0.0},{"calorie":0.0,"count":0,"distance":0.0,"speed":0.0},{"calorie":0.0,"count":0,"distance":0.0,"speed":0.0},{"calorie":0.0,"count":0,"distance":0.0,"speed":0.0},{"calorie":0.0,"count":0,"distance":0.0,"speed":0.0},{"calorie":0.0,"count":0,"distance":0.0,"speed":0.0},{"calorie":0.0,"count":0,"distance":0.0,"speed":0.0},{"calorie":0.0,"count":0,"distance":0.0,"speed":0.0},{"calorie":0.0,"count":0,"distance":0.0,"speed":0.0},{"calorie":0.0,"count":0,"distance":0.0,"speed":0.0},{"calorie":0.8600000143051147,"count":15,"distance":11.029999732971191,"speed":5.099999904632568},{"calorie":6.299998044967651,"count":94,"distance":58.24000930786133,"speed":4.598726749420166},{"calorie":6.2399996519088745,"count":78,"distance":49.55000114440918,"speed":3.9181437492370605},{"calorie":0.0,"count":0,"distance":0.0,"speed":0.0},{"calorie":1.9199997186660767,"count":28,"distance":24.259999752044678,"speed":7.896708011627197},{"calorie":3.759999781847,"count":63,"distance":43.799997329711914,"speed":3.928361415863037},{"calorie":4.4099999368190765,"count":67,"distance":49.280001163482666,"speed":4.355814456939697},{"calorie":0.0,"count":0,"distance":0.0,"speed":0.0},{"calorie":5.269999921321869,"count":66,"distance":42.16000175476074,"speed":4.347486972808838},{"calorie":0.0,"count":0,"distance":0.0,"speed":0.0},{"calorie":0.3499999940395355,"count":6,"distance":4.239999771118164,"speed":5.199999809265137},{"calorie":0.0,"count":0,"distance":0.0,"speed":0.0},{"calorie":0.0,"count":0,"distance":0.0,"speed":0.0},{"calorie":8.280000120401382,"count":140,"distance":92.78000211715698,"speed":4.6781182289123535},{"calorie":7.23999696969986,"count":122,"distance":88.28000164031982,"speed":4.653841495513916},{"calorie":2.169999599456787,"count":37,"distance":25.880001068115234,"speed":4.126378059387207},{"calorie":0.0,"count":0,"distance":0.0,"speed":0.0},{"calorie":0.0,"count":0,"distance":0.0,"speed":0.0},{"calorie":17.51999855041504,"count":293,"distance":204.17999267578125,"speed":3.9254496097564697},{"calorie":6.619999706745148,"count":112,"distance":77.89999771118164,"speed":3.9220187664031982},{"calorie":6.690000116825104,"count":113,"distance":79.52999973297119,"speed":3.9928133487701416},{"calorie":10.749999821186066,"count":181,"distance":127.63999795913696,"speed":3.990846872329712},{"calorie":1.1799999475479126,"count":20,"distance":14.229999542236328,"speed":4.5},{"calorie":1.7799999713897705,"count":30,"distance":21.199999809265137,"speed":4.010185241699219},{"calorie":2.8300000429153442,"count":48,"distance":33.790000915527344,"speed":3.9000000953674316},{"calorie":0.0,"count":0,"distance":0.0,"speed":0.0},{"calorie":10.869999647140503,"count":184,"distance":129.1200008392334,"speed":3.9541964530944824},{"calorie":0.0,"count":0,"distance":0.0,"speed":0.0},{"calorie":4.919999957084656,"count":83,"distance":57.83000040054321,"speed":3.9489340782165527},{"calorie":0.0,"count":0,"distance":0.0,"speed":0.0},{"calorie":0.0,"count":0,"distance":0.0,"speed":0.0},{"calorie":0.5899999886751175,"count":10,"distance":7.159999847412109,"speed":4.829746246337891},{"calorie":0.0,"count":0,"distance":0.0,"speed":0.0},{"calorie":1.9799997806549072,"count":33,"distance":22.999998569488525,"speed":3.9466750621795654},{"calorie":0.0,"count":0,"distance":0.0,"speed":0.0},{"calorie":0.0,"count":0,"distance":0.0,"speed":0.0},{"calorie":0.0,"count":0,"distance":0.0,"speed":0.0},{"calorie":0.0,"count":0,"distance":0.0,"speed":0.0},{"calorie":0.0,"count":0,"distance":0.0,"speed":0.0},{"calorie":0.0,"count":0,"distance":0.0,"speed":0.0},{"calorie":0.0,"count":0,"distance":0.0,"speed":0.0},{"calorie":0.48000001907348633,"count":8,"distance":5.380000114440918,"speed":3.1744942665100098},{"calorie":0.0,"count":0,"distance":0.0,"speed":0.0},{"calorie":0.0,"count":0,"distance":0.0,"speed":0.0},{"calorie":0.0,"count":0,"distance":0.0,"speed":0.0},{"calorie":0.0,"count":0,"distance":0.0,"speed":0.0},{"calorie":20.110000133514404,"count":336,"distance":237.3499984741211,"speed":4.200875759124756},{"calorie":11.939999960362911,"count":200,"distance":142.9800021648407,"speed":4.340475082397461},{"calorie":8.949999809265137,"count":150,"distance":108.04000091552734,"speed":4.433484077453613},{"calorie":3.650000035762787,"count":61,"distance":42.70000171661377,"speed":4.031081199645996},{"calorie":0.0,"count":0,"distance":0.0,"speed":0.0}]