[{"calorie":0.0,"count":0,"distance":0.0,"speed":0.0},{"calorie":0.0,"count":0,"distance":0.0,"speed":0.0},{"calorie":0.0,"count":0,"distance":0.0,"speed":0.0},{"calorie":0.0,"count":0,"distance":0.0,"speed":0.0},{"calorie":0.0,"count":0,"distance":0.0,"speed":0.0},{"calorie":0.0,"count":0,"distance":0.0,"speed":0.0},{"calorie":0.0,"count":0,"distance":0.0,"speed":0.0},{"calorie":0.0,"count":0,"distance":0.0,"speed":0.0},{"calorie":0.0,"count":0,"distance":0.0,"speed":0.0},{"calorie":0.0,"count":0,"distance":0.0,"speed":0.0},{"calorie":0.0,"count":0,"distance":0.0,"speed":0.0},{"calorie":0.0,"count":0,"distance":0.0,"speed":0.0},{"calorie":0.0,"count":0,"distance":0.0,"speed":0.0},{"calorie":0.0,"count":0,"distance":0.0,"speed":0.0},{"calorie":0.0,"count":0,"distance":0.0,"speed":0.0},{"calorie":0.0,"count":0,"distance":0.0,"speed":0.0},{"calorie":0.0,"count":0,"distance":0.0,"speed":0.0},{"calorie":0.0,"count":0,"distance":0.0,"speed":0.0},{"calorie":0.0,"count":0,"distance":0.0,"speed":0.0},{"calorie":0.0,"count":0,"distance":0.0,"speed":0.0},{"calorie":0.0,"count":0,"distance":0.0,"speed":0.0},{"calorie":0.0,"count":0,"distance":0.0,"speed":0.0},{"calorie":0.0,"count":0,"distance":0.0,"speed":0.0},{"calorie":0.0,"count":0,"distance":0.0,"speed":0.0},{"calorie":0.0,"count":0,"distance":0.0,"speed":0.0},{"calorie":0.0,"count":0,"distance":0.0,"speed":0.0},{"calorie":0.0,"count":0,"distance":0.0,"speed":0.0},{"calorie":0.0,"count":0,"distance":0.0,"speed":0.0},{"calorie":0.0,"count":0,"distance":0.0,"speed":0.0},{"calorie":0.0,"count":0,"distance":0.0,"speed":0.0},{"calorie":0.0,"count":0,"distance":0.0,"speed":0.0},{"calorie":0.0,"count":0,"distance":0.0,"speed":0.0},{"calorie":0.0,"count":0,"distance":0.0,"speed":0.0},{"calorie":0.0,"count":0,"distance":0.0,"speed":0.0},{"calorie":0.0,"count":0,"distance":0.0,"speed":0.0},{"calorie":0.0,"count":0,"distance":0.0,"speed":0.0},{"calorie":1.0443676710128784,"count":17,"distance":12.852476119995117,"speed":4.568969249725342},{"calorie":0.0,"count":0,"distance":0.0,"speed":0.0},{"calorie":4.2123414278030396,"count":70,"distance":53.811702728271484,"speed":5.209778308868408},{"calorie":0.11960887908935547,"count":2,"distance":1.55743408203125,"speed":4.094996929168701},{"calorie":0.0,"count":0,"distance":0.0,"speed":0.0},{"calorie":0.0,"count":0,"distance":0.0,"speed":0.0},{"calorie":8.199109077453613,"count":135,"distance":102.11457061767578,"speed":4.641604900360107},{"calorie":19.006260871887207,"count":314,"distance":239.40835571289062,"speed":4.214144706726074},{"calorie":8.218246459960938,"count":137,"distance":106.44247436523438,"speed":5.11914587020874},{"calorie":19.564453125,"count":316,"distance":245.69976806640625,"speed":4.350946426391602},{"calorie":11.959625244140625,"count":196,"distance":146.568115234375,"speed":4.4090776443481445},{"calorie":11.353134155273438,"count":188,"distance":143.54925537109375,"speed":4.580130577087402},{"calorie":23.191932678222656,"count":383,"distance":297.3624267578125,"speed":5.62634801864624},{"calorie":19.22454071044922,"count":315,"distance":246.7545166015625,"speed":5.059020042419434},{"calorie":12.705345153808594,"count":211,"distance":161.740478515625,"speed":5.062178134918213},{"calorie":33.999664306640625,"count":563,"distance":436.314453125,"speed":4.921530723571777},{"calorie":7.8994903564453125,"count":131,"distance":100.956787109375,"speed":5.059459686279297},{"calorie":15.008071899414062,"count":249,"distance":192.170654296875,"speed":4.975117206573486},{"calorie":4.9650726318359375,"count":82,"distance":62.05517578125,"speed":4.678794860839844},{"calorie":21.087814331054688,"count":350,"distance":269.364990234375,"speed":4.954250335693359},{"calorie":3.7083587646484375,"count":61,"distance":46.156005859375,"speed":4.8299760818481445},{"calorie":0.0,"count":0,"distance":0.0,"speed":0.0},{"calorie":0.0,"count":0,"distance":0.0,"speed":0.0},{"calorie":0.0,"count":0,"distance":0.0,"speed":0.0},{"calorie":0.0,"count":0,"distance":0.0,"speed":0.0},{"calorie":0.0,"count":0,"distance":0.0,"speed":0.0},{"calorie":0.0,"count":0,"distance":0.0,"speed":0.0},{"calorie":0.0,"count":0,"distance":0.0,"speed":0.0},{"calorie":2.737152099609375,"count":45,"distance":33.918212890625,"speed":4.86842155456543},{"calorie":11.061874389648438,"count":184,"distance":141.882568359375,"speed":3.903751850128174},{"calorie":6.1722869873046875,"count":101,"distance":75.232177734375,"speed":4.336544513702393},{"calorie":3.062042236328125,"count":50,"distance":37.03515625,"speed":3.6056747436523438},{"calorie":0.0,"count":0,"distance":0.0,"speed":0.0},{"calorie":0.3829498291015625,"count":6,"distance":4.24560546875,"speed":1.838629126548767},{"calorie":3.5934600830078125,"count":59,"distance":44.17578125,"speed":4.210134983062744},{"calorie":9.605377197265625,"count":159,"distance":121.12158203125,"speed":4.562453746795654},{"calorie":0.544891357421875,"count":9,"distance":6.78662109375,"speed":4.602356910705566},{"calorie":0.0,"count":0,"distance":0.0,"speed":0.0},{"calorie":1.857421875,"count":31,"distance":24.074462890625,"speed":5.573034763336182},{"calorie":4.221710205078125,"count":70,"distance":53.27978515625,"speed":4.5293474197387695},{"calorie":4.034454345703125,"count":67,"distance":51.447265625,"speed":5.099407196044922},{"calorie":0.0,"count":0,"distance":0.0,"speed":0.0},{"calorie":0.0,"count":0,"distance":0.0,"speed":0.0},{"calorie":3.583648681640625,"count":60,"distance":47.087158203125,"speed":5.769865989685059},{"calorie":0.0,"count":0,"distance":0.0,"speed":0.0},{"calorie":0.0,"count":0,"distance":0.0,"speed":0.0},{"calorie":0.0,"count":0,"distance":0.0,"speed":0.0},{"calorie":0.0,"count":0,"distance":0.0,"speed":0.0},{"calorie":0.0,"count":0,"distance":0.0,"speed":0.0},{"calorie":5.63446044921875,"count":94,"distance":72.723876953125,"speed":5.300084114074707},{"calorie":1.795745849609375,"count":24,"distance":20.63427734375,"speed":6.307515621185303},{"calorie":3.664825439453125,"count":61,"distance":46.97900390625,"speed":5.177176475524902},{"calorie":0.0,"count":0,"distance":0.0,"speed":0.0},{"calorie":0.0,"count":0,"distance":0.0,"speed":0.0},{"calorie":0.0,"count":0,"distance":0.0,"speed":0.0},{"calorie":0.0,"count":0,"distance":0.0,"speed":0.0},{"calorie":0.0,"count":0,"distance":0.0,"speed":0.0},{"calorie":0.0,"count":0,"distance":0.0,"speed":0.0},{"calorie":0.0,"count":0,"distance":0.0,"speed":0.0},{"calorie":0.0,"count":0,"distance":0.0,"speed":0.0},{"calorie":0.0,"count":0,"distance":0.0,"speed":0.0},{"calorie":0.0,"count":0,"distance":0.0,"speed":0.0},{"calorie":0.0,"count":0,"distance":0.0,"speed":0.0},{"calorie":0.0,"count":0,"distance":0.0,"speed":0.0},{"calorie":0.0,"count":0,"distance":0.0,"speed":0.0},{"calorie":6.327484130859375,"count":105,"distance":80.584716796875,"speed":4.485470294952393},{"calorie":11.268157958984375,"count":173,"distance":140.177001953125,"speed":5.872612476348877},{"calorie":0.661376953125,"count":11,"distance":8.468017578125,"speed":5.188542366027832},{"calorie":1.560028076171875,"count":26,"distance":20.027587890625,"speed":5.220317840576172},{"calorie":0.0,"count":0,"distance":0.0,"speed":0.0},{"calorie":0.0,"count":0,"distance":0.0,"speed":0.0},{"calorie":8.92901611328125,"count":149,"distance":117.32470703125,"speed":5.465518474578857},{"calorie":7.54766845703125,"count":125,"distance":96.735595703125,"speed":5.680816650390625},{"calorie":0.0,"count":0,"distance":0.0,"speed":0.0},{"calorie":0.0,"count":0,"distance":0.0,"speed":0.0},{"calorie":1.443695068359375,"count":24,"distance":18.41748046875,"speed":5.23259973526001},{"calorie":1.209625244140625,"count":20,"distance":15.26416015625,"speed":3.535270929336548},{"calorie":0.0,"count":0,"distance":0.0,"speed":0.0},{"calorie":10.643829345703125,"count":178,"distance":142.8876953125,"speed":6.224180221557617},{"calorie":0.0,"count":0,"distance":0.0,"speed":0.0},{"calorie":3.99810791015625,"count":67,"distance":52.90478515625,"speed":5.771248817443848},{"calorie":4.21563720703125,"count":70,"distance":53.84033203125,"speed":5.382119178771973},{"calorie":0.0,"count":0,"distance":0.0,"speed":0.0},{"calorie":0.0,"count":0,"distance":0.0,"speed":0.0},{"calorie":0.0,"count":0,"distance":0.0,"speed":0.0},{"calorie":0.0,"count":0,"distance":0.0,"speed":0.0},{"calorie":0.0,"count":0,"distance":0.0,"speed":0.0},{"calorie":0.0,"count":0,"distance":0.0,"speed":0.0},{"calorie":0.0,"count":0,"distance":0.0,"speed":0.0},{"calorie":0.0,"count":0,"distance":0.0,"speed":0.0},{"calorie":0.0,"count":0,"distance":0.0,"speed":0.0},{"calorie":0.43824583292007446,"count":7,"distance":5.061776161193848,"speed":4.633976459503174},{"calorie":0.0,"count":0,"distance":0.0,"speed":0.0},{"calorie":0.0,"count":0,"distance":0.0,"speed":0.0},{"calorie":0.0,"count":0,"distance":0.0,"speed":0.0},{"calorie":0.0,"count":0,"distance":0.0,"speed":0.0},{"calorie":0.0,"count":0,"distance":0.0,"speed":0.0},{"calorie":0.0,"count":0,"distance":0.0,"speed":0.0},{"calorie":0.0,"count":0,"distance":0.0,"speed":0.0},{"calorie":1.947253167629242,"count":31,"distance":22.307551383972168,"speed":3.6485958099365234},{"calorie":0.0,"count":0,"distance":0.0,"speed":0.0},{"calorie":0.0,"count":0,"distance":0.0,"speed":0.0},{"calorie":0.0,"count":0,"distance":0.0,"speed":0.0},{"calorie":0.0,"count":0,"distance":0.0,"speed":0.0},{"calorie":0.0,"count":0,"distance":0.0,"speed":0.0},{"calorie":0.0,"count":0,"distance":0.0,"speed":0.0},{"calorie":0.0,"count":0,"distance":0.0,"speed":0.0},{"calorie":0.0,"count":0,"distance":0.0,"speed":0.0}]