[{"calorie":0.0,"count":0,"distance":0.0,"speed":0.0},{"calorie":0.0,"count":0,"distance":0.0,"speed":0.0},{"calorie":0.0,"count":0,"distance":0.0,"speed":0.0},{"calorie":0.0,"count":0,"distance":0.0,"speed":0.0},{"calorie":0.0,"count":0,"distance":0.0,"speed":0.0},{"calorie":0.0,"count":0,"distance":0.0,"speed":0.0},{"calorie":0.0,"count":0,"distance":0.0,"speed":0.0},{"calorie":0.0,"count":0,"distance":0.0,"speed":0.0},{"calorie":0.0,"count":0,"distance":0.0,"speed":0.0},{"calorie":0.0,"count":0,"distance":0.0,"speed":0.0},{"calorie":0.0,"count":0,"distance":0.0,"speed":0.0},{"calorie":0.0,"count":0,"distance":0.0,"speed":0.0},{"calorie":0.0,"count":0,"distance":0.0,"speed":0.0},{"calorie":0.0,"count":0,"distance":0.0,"speed":0.0},{"calorie":0.0,"count":0,"distance":0.0,"speed":0.0},{"calorie":0.0,"count":0,"distance":0.0,"speed":0.0},{"calorie":0.0,"count":0,"distance":0.0,"speed":0.0},{"calorie":0.0,"count":0,"distance":0.0,"speed":0.0},{"calorie":0.0,"count":0,"distance":0.0,"speed":0.0},{"calorie":0.0,"count":0,"distance":0.0,"speed":0.0},{"calorie":0.0,"count":0,"distance":0.0,"speed":0.0},{"calorie":0.0,"count":0,"distance":0.0,"speed":0.0},{"calorie":0.0,"count":0,"distance":0.0,"speed":0.0},{"calorie":0.0,"count":0,"distance":0.0,"speed":0.0},{"calorie":0.0,"count":0,"distance":0.0,"speed":0.0},{"calorie":0.0,"count":0,"distance":0.0,"speed":0.0},{"calorie":0.0,"count":0,"distance":0.0,"speed":0.0},{"calorie":0.0,"count":0,"distance":0.0,"speed":0.0},{"calorie":0.0,"count":0,"distance":0.0,"speed":0.0},{"calorie":0.0,"count":0,"distance":0.0,"speed":0.0},{"calorie":0.0,"count":0,"distance":0.0,"speed":0.0},{"calorie":0.0,"count":0,"distance":0.0,"speed":0.0},{"calorie":0.0,"count":0,"distance":0.0,"speed":0.0},{"calorie":0.0,"count":0,"distance":0.0,"speed":0.0},{"calorie":0.0,"count":0,"distance":0.0,"speed":0.0},{"calorie":0.0,"count":0,"distance":0.0,"speed":0.0},{"calorie":0.0,"count":0,"distance":0.0,"speed":0.0},{"calorie":0.0,"count":0,"distance":0.0,"speed":0.0},{"calorie":0.0,"count":0,"distance":0.0,"speed":0.0},{"calorie":2.990000069141388,"count":50,"distance":36.140000343322754,"speed":3.8661770820617676},{"calorie":4.5199978947639465,"count":76,"distance":56.10998821258545,"speed":4.320711612701416},{"calorie":12.759999752044678,"count":193,"distance":145.97000122070312,"speed":5.483105182647705},{"calorie":4.369999825954437,"count":74,"distance":55.65999794006348,"speed":4.678433895111084},{"calorie":0.0,"count":0,"distance":0.0,"speed":0.0},{"calorie":3.2599997520446777,"count":55,"distance":41.47000312805176,"speed":4.831425189971924},{"calorie":11.039998292922974,"count":188,"distance":141.90000104904175,"speed":4.665136814117432},{"calorie":0.7099999785423279,"count":12,"distance":8.800000190734863,"speed":3.799999475479126},{"calorie":0.550000011920929,"count":9,"distance":6.329999923706055,"speed":3.200000047683716},{"calorie":1.1099999845027924,"count":19,"distance":14.530000686645508,"speed":4.942734241485596},{"calorie":0.47999998927116394,"count":8,"distance":5.699999809265137,"speed":3.9000003337860107},{"calorie":12.00999641418457,"count":202,"distance":153.35001182556152,"speed":4.72212553024292},{"calorie":2.5,"count":43,"distance":33.27000045776367,"speed":4.533294200897217},{"calorie":0.0,"count":0,"distance":0.0,"speed":0.0},{"calorie":0.0,"count":0,"distance":0.0,"speed":0.0},{"calorie":0.0,"count":0,"distance":0.0,"speed":0.0},{"calorie":0.0,"count":0,"distance":0.0,"speed":0.0},{"calorie":0.7200000286102295,"count":14,"distance":10.699999809265137,"speed":4.663482189178467},{"calorie":11.02999746799469,"count":190,"distance":144.8600254058838,"speed":4.972593784332275},{"calorie":8.879998922348022,"count":149,"distance":110.18998622894287,"speed":4.226750373840332},{"calorie":3.4399993419647217,"count":60,"distance":44.02999687194824,"speed":4.033102989196777},{"calorie":4.909999191761017,"count":84,"distance":62.20000410079956,"speed":4.2782135009765625},{"calorie":10.39999806880951,"count":151,"distance":117.2000036239624,"speed":5.174646377563477},{"calorie":1.7699997425079346,"count":30,"distance":21.979997634887695,"speed":3.8457751274108887},{"calorie":0.699999988079071,"count":12,"distance":8.609999656677246,"speed":3.9000003337860107},{"calorie":5.169999331235886,"count":88,"distance":66.79000234603882,"speed":4.813025951385498},{"calorie":7.589998543262482,"count":130,"distance":96.72999286651611,"speed":4.466937065124512},{"calorie":11.059998512268066,"count":162,"distance":111.6299991607666,"speed":4.750862121582031},{"calorie":4.9700000286102295,"count":84,"distance":63.529998779296875,"speed":4.777567386627197},{"calorie":8.12999975681305,"count":120,"distance":94.49999904632568,"speed":4.558170795440674},{"calorie":2.6999998092651367,"count":45,"distance":33.720001220703125,"speed":4.4763922691345215},{"calorie":0.0,"count":0,"distance":0.0,"speed":0.0},{"calorie":4.169999420642853,"count":70,"distance":56.23000431060791,"speed":5.6346001625061035},{"calorie":9.339999794960022,"count":158,"distance":118.65999817848206,"speed":4.58695650100708},{"calorie":0.0,"count":0,"distance":0.0,"speed":0.0},{"calorie":0.0,"count":0,"distance":0.0,"speed":0.0},{"calorie":0.0,"count":0,"distance":0.0,"speed":0.0},{"calorie":2.9099995493888855,"count":51,"distance":38.05999946594238,"speed":4.483449459075928},{"calorie":11.679999947547913,"count":168,"distance":115.33000183105469,"speed":4.979018211364746},{"calorie":0.0,"count":0,"distance":0.0,"speed":0.0},{"calorie":0.0,"count":0,"distance":0.0,"speed":0.0},{"calorie":0.0,"count":0,"distance":0.0,"speed":0.0},{"calorie":0.0,"count":0,"distance":0.0,"speed":0.0},{"calorie":0.0,"count":0,"distance":0.0,"speed":0.0},{"calorie":0.0,"count":0,"distance":0.0,"speed":0.0},{"calorie":0.0,"count":0,"distance":0.0,"speed":0.0},{"calorie":3.609999656677246,"count":61,"distance":45.78999710083008,"speed":4.517649173736572},{"calorie":0.0,"count":0,"distance":0.0,"speed":0.0},{"calorie":0.6100000143051147,"count":10,"distance":7.1100006103515625,"speed":3.450650691986084},{"calorie":0.0,"count":0,"distance":0.0,"speed":0.0},{"calorie":0.0,"count":0,"distance":0.0,"speed":0.0},{"calorie":0.0,"count":0,"distance":0.0,"speed":0.0},{"calorie":0.0,"count":0,"distance":0.0,"speed":0.0},{"calorie":0.0,"count":0,"distance":0.0,"speed":0.0},{"calorie":0.0,"count":0,"distance":0.0,"speed":0.0},{"calorie":0.0,"count":0,"distance":0.0,"speed":0.0},{"calorie":0.0,"count":0,"distance":0.0,"speed":0.0},{"calorie":0.0,"count":0,"distance":0.0,"speed":0.0},{"calorie":0.6399999782443047,"count":11,"distance":8.700000166893005,"speed":6.837048053741455},{"calorie":7.069998532533646,"count":120,"distance":89.47999238967896,"speed":4.42699670791626},{"calorie":3.9000000953674316,"count":67,"distance":51.489999771118164,"speed":5.537738800048828},{"calorie":1.7599999904632568,"count":30,"distance":22.940000534057617,"speed":4.5},{"calorie":0.0,"count":0,"distance":0.0,"speed":0.0},{"calorie":2.799999952316284,"count":47,"distance":35.25,"speed":4.5664873123168945},{"calorie":0.800000011920929,"count":14,"distance":10.550000190734863,"speed":4.600000381469727},{"calorie":0.0,"count":0,"distance":0.0,"speed":0.0},{"calorie":0.0,"count":0,"distance":0.0,"speed":0.0},{"calorie":0.0,"count":0,"distance":0.0,"speed":0.0},{"calorie":0.699999988079071,"count":12,"distance":8.960000038146973,"speed":4.5},{"calorie":0.0,"count":0,"distance":0.0,"speed":0.0},{"calorie":0.0,"count":0,"distance":0.0,"speed":0.0},{"calorie":0.0,"count":0,"distance":0.0,"speed":0.0},{"calorie":0.0,"count":0,"distance":0.0,"speed":0.0},{"calorie":4.9700000286102295,"count":83,"distance":60.64999866485596,"speed":3.9779257774353027},{"calorie":0.0,"count":0,"distance":0.0,"speed":0.0},{"calorie":12.81999771296978,"count":210,"distance":156.08002400398254,"speed":4.5454277992248535},{"calorie":0.0,"count":0,"distance":0.0,"speed":0.0},{"calorie":1.2499998807907104,"count":21,"distance":15.559999465942383,"speed":4.295135974884033},{"calorie":6.109999567270279,"count":103,"distance":77.49001693725586,"speed":4.6108551025390625},{"calorie":7.439999461174011,"count":110,"distance":85.53999900817871,"speed":4.968402862548828},{"calorie":3.0299999713897705,"count":52,"distance":38.86999797821045,"speed":4.610049724578857},{"calorie":0.0,"count":0,"distance":0.0,"speed":0.0},{"calorie":0.0,"count":0,"distance":0.0,"speed":0.0},{"calorie":6.570000052452087,"count":111,"distance":84.86000061035156,"speed":5.070101737976074},{"calorie":0.41999998688697815,"count":7,"distance":5.320000171661377,"speed":4.900000095367432},{"calorie":0.0,"count":0,"distance":0.0,"speed":0.0},{"calorie":1.059999942779541,"count":18,"distance":13.34000015258789,"speed":4.543710231781006},{"calorie":22.909995913505554,"count":385,"distance":284.45999813079834,"speed":4.547877788543701},{"calorie":0.0,"count":0,"distance":0.0,"speed":0.0},{"calorie":3.0199999809265137,"count":51,"distance":38.0600004196167,"speed":4.6400017738342285},{"calorie":0.8299999833106995,"count":14,"distance":10.550000190734863,"speed":4.600000381469727},{"calorie":0.0,"count":0,"distance":0.0,"speed":0.0},{"calorie":0.6600000262260437,"count":11,"distance":7.990000247955322,"speed":4.081355571746826},{"calorie":1.300000011920929,"count":22,"distance":16.34000015258789,"speed":4.326404094696045},{"calorie":0.0,"count":0,"distance":0.0,"speed":0.0},{"calorie":0.0,"count":0,"distance":0.0,"speed":0.0},{"calorie":0.0,"count":0,"distance":0.0,"speed":0.0},{"calorie":3.0699989795684814,"count":52,"distance":38.20000076293945,"speed":4.11262845993042},{"calorie":0.0,"count":0,"distance":0.0,"speed":0.0},{"calorie":0.6600000262260437,"count":11,"distance":8.010000228881836,"speed":4.600000381469727},{"calorie":0.0,"count":0,"distance":0.0,"speed":0.0},{"calorie":0.0,"count":0,"distance":0.0,"speed":0.0},{"calorie":0.0,"count":0,"distance":0.0,"speed":0.0},{"calorie":0.0,"count":0,"distance":0.0,"speed":0.0},{"calorie":0.0,"count":0,"distance":0.0,"speed":0.0}]