[{"calorie":0.0,"count":0,"distance":0.0,"speed":0.0},{"calorie":0.0,"count":0,"distance":0.0,"speed":0.0},{"calorie":0.0,"count":0,"distance":0.0,"speed":0.0},{"calorie":0.0,"count":0,"distance":0.0,"speed":0.0},{"calorie":0.0,"count":0,"distance":0.0,"speed":0.0},{"calorie":0.0,"count":0,"distance":0.0,"speed":0.0},{"calorie":0.0,"count":0,"distance":0.0,"speed":0.0},{"calorie":0.0,"count":0,"distance":0.0,"speed":0.0},{"calorie":0.0,"count":0,"distance":0.0,"speed":0.0},{"calorie":0.0,"count":0,"distance":0.0,"speed":0.0},{"calorie":0.0,"count":0,"distance":0.0,"speed":0.0},{"calorie":0.0,"count":0,"distance":0.0,"speed":0.0},{"calorie":0.0,"count":0,"distance":0.0,"speed":0.0},{"calorie":0.0,"count":0,"distance":0.0,"speed":0.0},{"calorie":0.0,"count":0,"distance":0.0,"speed":0.0},{"calorie":0.0,"count":0,"distance":0.0,"speed":0.0},{"calorie":0.0,"count":0,"distance":0.0,"speed":0.0},{"calorie":0.0,"count":0,"distance":0.0,"speed":0.0},{"calorie":0.0,"count":0,"distance":0.0,"speed":0.0},{"calorie":0.0,"count":0,"distance":0.0,"speed":0.0},{"calorie":0.0,"count":0,"distance":0.0,"speed":0.0},{"calorie":0.0,"count":0,"distance":0.0,"speed":0.0},{"calorie":0.0,"count":0,"distance":0.0,"speed":0.0},{"calorie":0.0,"count":0,"distance":0.0,"speed":0.0},{"calorie":0.0,"count":0,"distance":0.0,"speed":0.0},{"calorie":0.0,"count":0,"distance":0.0,"speed":0.0},{"calorie":0.0,"count":0,"distance":0.0,"speed":0.0},{"calorie":0.0,"count":0,"distance":0.0,"speed":0.0},{"calorie":0.0,"count":0,"distance":0.0,"speed":0.0},{"calorie":0.0,"count":0,"distance":0.0,"speed":0.0},{"calorie":0.0,"count":0,"distance":0.0,"speed":0.0},{"calorie":0.0,"count":0,"distance":0.0,"speed":0.0},{"calorie":0.0,"count":0,"distance":0.0,"speed":0.0},{"calorie":0.0,"count":0,"distance":0.0,"speed":0.0},{"calorie":0.0,"count":0,"distance":0.0,"speed":0.0},{"calorie":0.4000000059604645,"count":7,"distance":5.119999885559082,"speed":4.900000095367432},{"calorie":0.0,"count":0,"distance":0.0,"speed":0.0},{"calorie":0.0,"count":0,"distance":0.0,"speed":0.0},{"calorie":0.0,"count":0,"distance":0.0,"speed":0.0},{"calorie":0.0,"count":0,"distance":0.0,"speed":0.0},{"calorie":0.0,"count":0,"distance":0.0,"speed":0.0},{"calorie":3.269999861717224,"count":51,"distance":34.77999687194824,"speed":4.092305660247803},{"calorie":5.769999980926514,"count":98,"distance":70.48000144958496,"speed":4.5123467445373535},{"calorie":2.169999122619629,"count":37,"distance":26.220003128051758,"speed":4.203711032867432},{"calorie":0.7099999785423279,"count":12,"distance":8.319999694824219,"speed":3.700000047683716},{"calorie":1.0500000417232513,"count":18,"distance":12.730000019073486,"speed":4.464389324188232},{"calorie":8.159999966621399,"count":138,"distance":99.0699987411499,"speed":4.453553676605225},{"calorie":0.0,"count":0,"distance":0.0,"speed":0.0},{"calorie":0.0,"count":0,"distance":0.0,"speed":0.0},{"calorie":0.0,"count":0,"distance":0.0,"speed":0.0},{"calorie":0.0,"count":0,"distance":0.0,"speed":0.0},{"calorie":5.3399999141693115,"count":90,"distance":63.779998779296875,"speed":4.307352542877197},{"calorie":1.8500000163912773,"count":31,"distance":22.200000405311584,"speed":4.447727680206299},{"calorie":0.0,"count":0,"distance":0.0,"speed":0.0},{"calorie":1.8500000536441803,"count":31,"distance":21.260000228881836,"speed":3.629041910171509},{"calorie":5.800000071525574,"count":73,"distance":45.95000648498535,"speed":3.8999338150024414},{"calorie":1.9099994599819183,"count":35,"distance":21.699998378753662,"speed":4.794390678405762},{"calorie":0.0,"count":0,"distance":0.0,"speed":0.0},{"calorie":0.0,"count":0,"distance":0.0,"speed":0.0},{"calorie":0.0,"count":0,"distance":0.0,"speed":0.0},{"calorie":0.0,"count":0,"distance":0.0,"speed":0.0},{"calorie":3.2799997329711914,"count":55,"distance":39.8900032043457,"speed":4.743559837341309},{"calorie":0.0,"count":0,"distance":0.0,"speed":0.0},{"calorie":0.0,"count":0,"distance":0.0,"speed":0.0},{"calorie":9.789999723434448,"count":134,"distance":85.92000007629395,"speed":4.616225242614746},{"calorie":2.1999999284744263,"count":38,"distance":26.630000114440918,"speed":4.110080242156982},{"calorie":0.0,"count":0,"distance":0.0,"speed":0.0},{"calorie":7.580000035464764,"count":127,"distance":89.6499981880188,"speed":4.226582050323486},{"calorie":0.0,"count":0,"distance":0.0,"speed":0.0},{"calorie":0.0,"count":0,"distance":0.0,"speed":0.0},{"calorie":1.6399999856948853,"count":28,"distance":19.860000610351562,"speed":3.5999996662139893},{"calorie":5.73999810218811,"count":96,"distance":67.11999320983887,"speed":3.929931640625},{"calorie":4.679999947547913,"count":79,"distance":55.55000019073486,"speed":3.840245246887207},{"calorie":0.8199999928474426,"count":14,"distance":9.639999389648438,"speed":3.4272565841674805},{"calorie":0.0,"count":0,"distance":0.0,"speed":0.0},{"calorie":0.0,"count":0,"distance":0.0,"speed":0.0},{"calorie":0.0,"count":0,"distance":0.0,"speed":0.0},{"calorie":0.0,"count":0,"distance":0.0,"speed":0.0},{"calorie":9.779999613761902,"count":164,"distance":114.71999931335449,"speed":4.033937931060791},{"calorie":21.229994654655457,"count":327,"distance":226.64998865127563,"speed":4.560517311096191},{"calorie":12.399998657405376,"count":209,"distance":146.7700034379959,"speed":4.025466442108154},{"calorie":2.1399993896484375,"count":36,"distance":25.329999923706055,"speed":3.992908239364624},{"calorie":0.0,"count":0,"distance":0.0,"speed":0.0},{"calorie":0.0,"count":0,"distance":0.0,"speed":0.0},{"calorie":0.0,"count":0,"distance":0.0,"speed":0.0},{"calorie":0.0,"count":0,"distance":0.0,"speed":0.0},{"calorie":0.0,"count":0,"distance":0.0,"speed":0.0},{"calorie":0.0,"count":0,"distance":0.0,"speed":0.0},{"calorie":2.3899998664855957,"count":40,"distance":28.299999237060547,"speed":4.291012763977051},{"calorie":0.0,"count":0,"distance":0.0,"speed":0.0},{"calorie":0.0,"count":0,"distance":0.0,"speed":0.0},{"calorie":0.0,"count":0,"distance":0.0,"speed":0.0},{"calorie":0.0,"count":0,"distance":0.0,"speed":0.0},{"calorie":0.0,"count":0,"distance":0.0,"speed":0.0},{"calorie":0.0,"count":0,"distance":0.0,"speed":0.0},{"calorie":0.0,"count":0,"distance":0.0,"speed":0.0},{"calorie":4.960000038146973,"count":83,"distance":58.41999816894531,"speed":4.169998645782471},{"calorie":0.6600000262260437,"count":13,"distance":9.549999237060547,"speed":4.992212295532227},{"calorie":0.0,"count":0,"distance":0.0,"speed":0.0},{"calorie":0.0,"count":0,"distance":0.0,"speed":0.0},{"calorie":0.0,"count":0,"distance":0.0,"speed":0.0},{"calorie":0.0,"count":0,"distance":0.0,"speed":0.0},{"calorie":1.5899997651576996,"count":27,"distance":18.58999729156494,"speed":3.7311227321624756},{"calorie":0.3400000035762787,"count":6,"distance":4.550000190734863,"speed":5.800000190734863},{"calorie":6.820000052452087,"count":115,"distance":83.09000015258789,"speed":4.77744197845459},{"calorie":2.09000001847744,"count":37,"distance":26.06000018119812,"speed":4.070086479187012},{"calorie":0.0,"count":0,"distance":0.0,"speed":0.0},{"calorie":0.0,"count":0,"distance":0.0,"speed":0.0},{"calorie":0.0,"count":0,"distance":0.0,"speed":0.0},{"calorie":0.0,"count":0,"distance":0.0,"speed":0.0},{"calorie":0.0,"count":0,"distance":0.0,"speed":0.0},{"calorie":0.0,"count":0,"distance":0.0,"speed":0.0},{"calorie":0.0,"count":0,"distance":0.0,"speed":0.0},{"calorie":4.679999589920044,"count":80,"distance":58.12000036239624,"speed":4.768378257751465},{"calorie":0.0,"count":0,"distance":0.0,"speed":0.0},{"calorie":0.0,"count":0,"distance":0.0,"speed":0.0},{"calorie":0.3400000035762787,"count":6,"distance":4.400000095367432,"speed":4.400000095367432},{"calorie":0.0,"count":0,"distance":0.0,"speed":0.0},{"calorie":4.009998291730881,"count":68,"distance":48.73000192642212,"speed":4.519861698150635},{"calorie":0.0,"count":0,"distance":0.0,"speed":0.0},{"calorie":4.009999692440033,"count":69,"distance":48.86999797821045,"speed":4.331363677978516},{"calorie":1.3200000524520874,"count":24,"distance":16.920000076293945,"speed":4.0984344482421875},{"calorie":3.309999793767929,"count":56,"distance":39.55999803543091,"speed":4.181576728820801},{"calorie":3.2799996733665466,"count":55,"distance":37.77999830245972,"speed":3.656817674636841},{"calorie":0.6000000238418579,"count":10,"distance":6.909999847412109,"speed":3.9000003337860107},{"calorie":0.0,"count":0,"distance":0.0,"speed":0.0},{"calorie":0.0,"count":0,"distance":0.0,"speed":0.0},{"calorie":6.65999960899353,"count":114,"distance":80.54999732971191,"speed":4.064183712005615},{"calorie":18.58999902009964,"count":292,"distance":216.33998489379883,"speed":4.508970737457275},{"calorie":21.57999938726425,"count":353,"distance":253.61999893188477,"speed":4.436966419219971},{"calorie":9.119999885559082,"count":153,"distance":108.55999946594238,"speed":4.307619571685791},{"calorie":0.0,"count":0,"distance":0.0,"speed":0.0},{"calorie":0.0,"count":0,"distance":0.0,"speed":0.0},{"calorie":0.0,"count":0,"distance":0.0,"speed":0.0},{"calorie":0.0,"count":0,"distance":0.0,"speed":0.0},{"calorie":0.0,"count":0,"distance":0.0,"speed":0.0},{"calorie":0.0,"count":0,"distance":0.0,"speed":0.0},{"calorie":0.0,"count":0,"distance":0.0,"speed":0.0},{"calorie":0.0,"count":0,"distance":0.0,"speed":0.0},{"calorie":0.0,"count":0,"distance":0.0,"speed":0.0},{"calorie":0.0,"count":0,"distance":0.0,"speed":0.0},{"calorie":0.0,"count":0,"distance":0.0,"speed":0.0},{"calorie":0.0,"count":0,"distance":0.0,"speed":0.0},{"calorie":0.0,"count":0,"distance":0.0,"speed":0.0}]