[{"calorie":0.0,"count":0,"distance":0.0,"speed":0.0},{"calorie":0.0,"count":0,"distance":0.0,"speed":0.0},{"calorie":0.0,"count":0,"distance":0.0,"speed":0.0},{"calorie":0.0,"count":0,"distance":0.0,"speed":0.0},{"calorie":0.0,"count":0,"distance":0.0,"speed":0.0},{"calorie":0.0,"count":0,"distance":0.0,"speed":0.0},{"calorie":0.0,"count":0,"distance":0.0,"speed":0.0},{"calorie":0.0,"count":0,"distance":0.0,"speed":0.0},{"calorie":0.0,"count":0,"distance":0.0,"speed":0.0},{"calorie":0.0,"count":0,"distance":0.0,"speed":0.0},{"calorie":0.0,"count":0,"distance":0.0,"speed":0.0},{"calorie":0.0,"count":0,"distance":0.0,"speed":0.0},{"calorie":0.0,"count":0,"distance":0.0,"speed":0.0},{"calorie":0.0,"count":0,"distance":0.0,"speed":0.0},{"calorie":0.0,"count":0,"distance":0.0,"speed":0.0},{"calorie":0.0,"count":0,"distance":0.0,"speed":0.0},{"calorie":0.0,"count":0,"distance":0.0,"speed":0.0},{"calorie":0.0,"count":0,"distance":0.0,"speed":0.0},{"calorie":0.0,"count":0,"distance":0.0,"speed":0.0},{"calorie":0.0,"count":0,"distance":0.0,"speed":0.0},{"calorie":0.0,"count":0,"distance":0.0,"speed":0.0},{"calorie":0.0,"count":0,"distance":0.0,"speed":0.0},{"calorie":0.0,"count":0,"distance":0.0,"speed":0.0},{"calorie":0.0,"count":0,"distance":0.0,"speed":0.0},{"calorie":0.0,"count":0,"distance":0.0,"speed":0.0},{"calorie":0.0,"count":0,"distance":0.0,"speed":0.0},{"calorie":0.0,"count":0,"distance":0.0,"speed":0.0},{"calorie":0.0,"count":0,"distance":0.0,"speed":0.0},{"calorie":0.0,"count":0,"distance":0.0,"speed":0.0},{"calorie":0.0,"count":0,"distance":0.0,"speed":0.0},{"calorie":0.0,"count":0,"distance":0.0,"speed":0.0},{"calorie":0.0,"count":0,"distance":0.0,"speed":0.0},{"calorie":0.0,"count":0,"distance":0.0,"speed":0.0},{"calorie":0.0,"count":0,"distance":0.0,"speed":0.0},{"calorie":0.0,"count":0,"distance":0.0,"speed":0.0},{"calorie":0.0,"count":0,"distance":0.0,"speed":0.0},{"calorie":0.0,"count":0,"distance":0.0,"speed":0.0},{"calorie":0.0,"count":0,"distance":0.0,"speed":0.0},{"calorie":7.570000022649765,"count":136,"distance":100.12999963760376,"speed":4.778086185455322},{"calorie":13.980002880096436,"count":278,"distance":198.0299835205078,"speed":4.409936428070068},{"calorie":0.0,"count":0,"distance":0.0,"speed":0.0},{"calorie":0.0,"count":0,"distance":0.0,"speed":0.0},{"calorie":1.9300002455711365,"count":38,"distance":26.97000217437744,"speed":4.367515563964844},{"calorie":0.0,"count":0,"distance":0.0,"speed":0.0},{"calorie":45.16000783443451,"count":903,"distance":659.1501884460449,"speed":4.925670146942139},{"calorie":17.41000008583069,"count":345,"distance":248.12000274658203,"speed":4.582132816314697},{"calorie":0.7100000977516174,"count":14,"distance":10.09000015258789,"speed":4.653763771057129},{"calorie":7.949999153614044,"count":156,"distance":110.46999931335449,"speed":4.253261089324951},{"calorie":1.9300000071525574,"count":38,"distance":27.020000457763672,"speed":4.253174781799316},{"calorie":7.229998081922531,"count":143,"distance":102.35999393463135,"speed":4.432682991027832},{"calorie":6.2399986535310745,"count":123,"distance":87.83997988700867,"speed":4.442464351654053},{"calorie":3.039999485015869,"count":60,"distance":42.53999710083008,"speed":4.28262186050415},{"calorie":1.7800002098083496,"count":35,"distance":24.96000099182129,"speed":4.231034278869629},{"calorie":2.469999685883522,"count":49,"distance":35.46999740600586,"speed":4.73838472366333},{"calorie":0.0,"count":0,"distance":0.0,"speed":0.0},{"calorie":0.0,"count":0,"distance":0.0,"speed":0.0},{"calorie":0.0,"count":0,"distance":0.0,"speed":0.0},{"calorie":0.0,"count":0,"distance":0.0,"speed":0.0},{"calorie":3.3100000619888306,"count":66,"distance":46.58999848365784,"speed":3.7447152137756348},{"calorie":0.0,"count":0,"distance":0.0,"speed":0.0},{"calorie":0.0,"count":0,"distance":0.0,"speed":0.0},{"calorie":0.0,"count":0,"distance":0.0,"speed":0.0},{"calorie":0.0,"count":0,"distance":0.0,"speed":0.0},{"calorie":18.589996933937073,"count":370,"distance":268.4100065231323,"speed":4.878384590148926},{"calorie":4.410000115633011,"count":86,"distance":60.71000146865845,"speed":4.101995944976807},{"calorie":5.960000097751617,"count":118,"distance":84.84999895095825,"speed":4.656689167022705},{"calorie":0.0,"count":0,"distance":0.0,"speed":0.0},{"calorie":0.0,"count":0,"distance":0.0,"speed":0.0},{"calorie":1.0500000715255737,"count":21,"distance":14.65000057220459,"speed":3.704962968826294},{"calorie":0.0,"count":0,"distance":0.0,"speed":0.0},{"calorie":0.0,"count":0,"distance":0.0,"speed":0.0},{"calorie":7.519998610019684,"count":149,"distance":105.08998775482178,"speed":4.164959907531738},{"calorie":12.079999595880508,"count":240,"distance":175.47999668121338,"speed":5.068575382232666},{"calorie":0.0,"count":0,"distance":0.0,"speed":0.0},{"calorie":0.0,"count":0,"distance":0.0,"speed":0.0},{"calorie":6.53999924659729,"count":129,"distance":91.70998954772949,"speed":4.331837177276611},{"calorie":0.0,"count":0,"distance":0.0,"speed":0.0},{"calorie":0.0,"count":0,"distance":0.0,"speed":0.0},{"calorie":0.0,"count":0,"distance":0.0,"speed":0.0},{"calorie":0.0,"count":0,"distance":0.0,"speed":0.0},{"calorie":0.0,"count":0,"distance":0.0,"speed":0.0},{"calorie":0.0,"count":0,"distance":0.0,"speed":0.0},{"calorie":0.0,"count":0,"distance":0.0,"speed":0.0},{"calorie":5.100000083446503,"count":101,"distance":71.87000036239624,"speed":4.419703960418701},{"calorie":0.0,"count":0,"distance":0.0,"speed":0.0},{"calorie":0.0,"count":0,"distance":0.0,"speed":0.0},{"calorie":0.0,"count":0,"distance":0.0,"speed":0.0},{"calorie":0.0,"count":0,"distance":0.0,"speed":0.0},{"calorie":0.0,"count":0,"distance":0.0,"speed":0.0},{"calorie":12.070000052452087,"count":240,"distance":173.85999870300293,"speed":4.711053848266602},{"calorie":5.859999716281891,"count":116,"distance":82.97999954223633,"speed":4.42559814453125},{"calorie":0.0,"count":0,"distance":0.0,"speed":0.0},{"calorie":5.7099990248680115,"count":113,"distance":79.26999282836914,"speed":4.085193157196045},{"calorie":10.869999706745148,"count":215,"distance":152.51998901367188,"speed":4.280714988708496},{"calorie":0.0,"count":0,"distance":0.0,"speed":0.0},{"calorie":0.0,"count":0,"distance":0.0,"speed":0.0},{"calorie":1.809999942779541,"count":36,"distance":27.359999656677246,"speed":5.966098785400391},{"calorie":0.0,"count":0,"distance":0.0,"speed":0.0},{"calorie":0.0,"count":0,"distance":0.0,"speed":0.0},{"calorie":0.0,"count":0,"distance":0.0,"speed":0.0},{"calorie":0.0,"count":0,"distance":0.0,"speed":0.0},{"calorie":2.880000114440918,"count":57,"distance":40.91999816894531,"speed":4.700000286102295},{"calorie":0.7200000286102295,"count":14,"distance":9.689998626708984,"speed":3.9209771156311035},{"calorie":0.0,"count":0,"distance":0.0,"speed":0.0},{"calorie":0.0,"count":0,"distance":0.0,"speed":0.0},{"calorie":2.049999952316284,"count":40,"distance":27.719999313354492,"speed":3.6000001430511475},{"calorie":9.739999949932098,"count":192,"distance":137.80999851226807,"speed":4.609318733215332},{"calorie":2.6999990940093994,"count":54,"distance":38.53998947143555,"speed":4.500393390655518},{"calorie":0.0,"count":0,"distance":0.0,"speed":0.0},{"calorie":0.0,"count":0,"distance":0.0,"speed":0.0},{"calorie":8.059999227523804,"count":160,"distance":114.98999786376953,"speed":4.5887227058410645},{"calorie":4.6499998569488525,"count":92,"distance":66.85000228881836,"speed":4.858901500701904},{"calorie":0.0,"count":0,"distance":0.0,"speed":0.0},{"calorie":8.769999921321869,"count":173,"distance":124.84000015258789,"speed":4.814124584197998},{"calorie":0.0,"count":0,"distance":0.0,"speed":0.0},{"calorie":0.0,"count":0,"distance":0.0,"speed":0.0},{"calorie":0.0,"count":0,"distance":0.0,"speed":0.0},{"calorie":1.1700000166893005,"count":23,"distance":15.969999313354492,"speed":3.8999757766723633},{"calorie":1.300000011920929,"count":25,"distance":17.84000015258789,"speed":4.191684246063232},{"calorie":0.0,"count":0,"distance":0.0,"speed":0.0},{"calorie":2.529999256134033,"count":50,"distance":36.220001220703125,"speed":4.8159284591674805},{"calorie":0.0,"count":0,"distance":0.0,"speed":0.0},{"calorie":1.159999966621399,"count":23,"distance":16.60999870300293,"speed":4.513479232788086},{"calorie":2.5700000524520874,"count":50,"distance":34.85000038146973,"speed":3.9962317943573},{"calorie":6.09999992325902,"count":120,"distance":85.4700009226799,"speed":4.476304054260254},{"calorie":4.279999911785126,"count":83,"distance":57.86000299453735,"speed":3.992048501968384},{"calorie":0.0,"count":0,"distance":0.0,"speed":0.0},{"calorie":0.0,"count":0,"distance":0.0,"speed":0.0},{"calorie":0.0,"count":0,"distance":0.0,"speed":0.0},{"calorie":0.0,"count":0,"distance":0.0,"speed":0.0},{"calorie":0.0,"count":0,"distance":0.0,"speed":0.0},{"calorie":1.0199999809265137,"count":20,"distance":14.300000190734863,"speed":4.379034996032715},{"calorie":0.0,"count":0,"distance":0.0,"speed":0.0},{"calorie":0.0,"count":0,"distance":0.0,"speed":0.0},{"calorie":0.0,"count":0,"distance":0.0,"speed":0.0},{"calorie":0.0,"count":0,"distance":0.0,"speed":0.0},{"calorie":0.0,"count":0,"distance":0.0,"speed":0.0},{"calorie":0.0,"count":0,"distance":0.0,"speed":0.0},{"calorie":0.0,"count":0,"distance":0.0,"speed":0.0},{"calorie":0.0,"count":0,"distance":0.0,"speed":0.0},{"calorie":0.0,"count":0,"distance":0.0,"speed":0.0},{"calorie":0.0,"count":0,"distance":0.0,"speed":0.0},{"calorie":0.0,"count":0,"distance":0.0,"speed":0.0},{"calorie":0.0,"count":0,"distance":0.0,"speed":0.0}]