[{"calorie":0.0,"count":0,"distance":0.0,"speed":0.0},{"calorie":0.0,"count":0,"distance":0.0,"speed":0.0},{"calorie":0.0,"count":0,"distance":0.0,"speed":0.0},{"calorie":0.0,"count":0,"distance":0.0,"speed":0.0},{"calorie":0.0,"count":0,"distance":0.0,"speed":0.0},{"calorie":0.0,"count":0,"distance":0.0,"speed":0.0},{"calorie":0.0,"count":0,"distance":0.0,"speed":0.0},{"calorie":0.0,"count":0,"distance":0.0,"speed":0.0},{"calorie":0.0,"count":0,"distance":0.0,"speed":0.0},{"calorie":0.0,"count":0,"distance":0.0,"speed":0.0},{"calorie":0.0,"count":0,"distance":0.0,"speed":0.0},{"calorie":0.0,"count":0,"distance":0.0,"speed":0.0},{"calorie":0.0,"count":0,"distance":0.0,"speed":0.0},{"calorie":0.0,"count":0,"distance":0.0,"speed":0.0},{"calorie":0.0,"count":0,"distance":0.0,"speed":0.0},{"calorie":0.0,"count":0,"distance":0.0,"speed":0.0},{"calorie":0.0,"count":0,"distance":0.0,"speed":0.0},{"calorie":0.0,"count":0,"distance":0.0,"speed":0.0},{"calorie":0.0,"count":0,"distance":0.0,"speed":0.0},{"calorie":0.0,"count":0,"distance":0.0,"speed":0.0},{"calorie":0.0,"count":0,"distance":0.0,"speed":0.0},{"calorie":0.0,"count":0,"distance":0.0,"speed":0.0},{"calorie":0.0,"count":0,"distance":0.0,"speed":0.0},{"calorie":0.0,"count":0,"distance":0.0,"speed":0.0},{"calorie":0.0,"count":0,"distance":0.0,"speed":0.0},{"calorie":0.0,"count":0,"distance":0.0,"speed":0.0},{"calorie":0.0,"count":0,"distance":0.0,"speed":0.0},{"calorie":0.0,"count":0,"distance":0.0,"speed":0.0},{"calorie":0.0,"count":0,"distance":0.0,"speed":0.0},{"calorie":0.0,"count":0,"distance":0.0,"speed":0.0},{"calorie":0.0,"count":0,"distance":0.0,"speed":0.0},{"calorie":0.0,"count":0,"distance":0.0,"speed":0.0},{"calorie":0.0,"count":0,"distance":0.0,"speed":0.0},{"calorie":0.0,"count":0,"distance":0.0,"speed":0.0},{"calorie":0.0,"count":0,"distance":0.0,"speed":0.0},{"calorie":0.0,"count":0,"distance":0.0,"speed":0.0},{"calorie":0.0,"count":0,"distance":0.0,"speed":0.0},{"calorie":0.0,"count":0,"distance":0.0,"speed":0.0},{"calorie":0.0,"count":0,"distance":0.0,"speed":0.0},{"calorie":0.0,"count":0,"distance":0.0,"speed":0.0},{"calorie":3.800000101327896,"count":75,"distance":52.91999959945679,"speed":4.084122657775879},{"calorie":4.959999918937683,"count":96,"distance":67.60999965667725,"speed":4.44838809967041},{"calorie":4.7799999713897705,"count":93,"distance":65.53999900817871,"speed":4.322253227233887},{"calorie":23.339999556541443,"count":454,"distance":325.0099992752075,"speed":4.6567230224609375},{"calorie":10.279999732971191,"count":200,"distance":145.2500023841858,"speed":4.639335632324219},{"calorie":6.450000002980232,"count":127,"distance":90.54999709129333,"speed":4.366049766540527},{"calorie":0.7100000977516174,"count":14,"distance":10.220001220703125,"speed":4.975124835968018},{"calorie":0.0,"count":0,"distance":0.0,"speed":0.0},{"calorie":0.0,"count":0,"distance":0.0,"speed":0.0},{"calorie":0.46000000834465027,"count":9,"distance":6.360000133514404,"speed":4.400000095367432},{"calorie":0.0,"count":0,"distance":0.0,"speed":0.0},{"calorie":1.4900001287460327,"count":29,"distance":20.549999713897705,"speed":4.408915042877197},{"calorie":2.1499998569488525,"count":43,"distance":30.69000244140625,"speed":4.050076007843018},{"calorie":12.889999866485596,"count":235,"distance":178.02000045776367,"speed":5.4093546867370605},{"calorie":9.409999966621399,"count":185,"distance":131.53999996185303,"speed":4.70697546005249},{"calorie":0.0,"count":0,"distance":0.0,"speed":0.0},{"calorie":8.73999959230423,"count":162,"distance":115.58999824523926,"speed":5.076338291168213},{"calorie":1.4499999284744263,"count":28,"distance":19.55000114440918,"speed":4.032046318054199},{"calorie":0.0,"count":0,"distance":0.0,"speed":0.0},{"calorie":0.0,"count":0,"distance":0.0,"speed":0.0},{"calorie":0.0,"count":0,"distance":0.0,"speed":0.0},{"calorie":3.06999933719635,"count":61,"distance":43.91999626159668,"speed":4.673847198486328},{"calorie":10.849999457597733,"count":214,"distance":153.78999042510986,"speed":4.611025333404541},{"calorie":2.549999952316284,"count":50,"distance":35.329999923706055,"speed":4.178834915161133},{"calorie":2.7400000989437103,"count":54,"distance":39.010000228881836,"speed":4.5826921463012695},{"calorie":0.0,"count":0,"distance":0.0,"speed":0.0},{"calorie":0.0,"count":0,"distance":0.0,"speed":0.0},{"calorie":0.0,"count":0,"distance":0.0,"speed":0.0},{"calorie":0.0,"count":0,"distance":0.0,"speed":0.0},{"calorie":0.0,"count":0,"distance":0.0,"speed":0.0},{"calorie":8.329998940229416,"count":165,"distance":116.2200083732605,"speed":4.108996391296387},{"calorie":1.4000000357627869,"count":27,"distance":19.16999912261963,"speed":3.9913289546966553},{"calorie":0.0,"count":0,"distance":0.0,"speed":0.0},{"calorie":0.0,"count":0,"distance":0.0,"speed":0.0},{"calorie":0.0,"count":0,"distance":0.0,"speed":0.0},{"calorie":7.339999973773956,"count":145,"distance":106.59999752044678,"speed":5.233374118804932},{"calorie":0.0,"count":0,"distance":0.0,"speed":0.0},{"calorie":0.0,"count":0,"distance":0.0,"speed":0.0},{"calorie":0.0,"count":0,"distance":0.0,"speed":0.0},{"calorie":0.0,"count":0,"distance":0.0,"speed":0.0},{"calorie":3.430000066757202,"count":67,"distance":47.68000078201294,"speed":4.332941055297852},{"calorie":0.0,"count":0,"distance":0.0,"speed":0.0},{"calorie":12.509999960660934,"count":248,"distance":179.00999927520752,"speed":4.622734546661377},{"calorie":5.349998354911804,"count":106,"distance":76.79998779296875,"speed":4.785702705383301},{"calorie":0.0,"count":0,"distance":0.0,"speed":0.0},{"calorie":14.079998791217804,"count":278,"distance":198.74000644683838,"speed":4.2994303703308105},{"calorie":14.250000059604645,"count":282,"distance":204.20000076293945,"speed":4.73779296875},{"calorie":10.340000033378601,"count":204,"distance":148.87999820709229,"speed":4.998126029968262},{"calorie":3.509999990463257,"count":70,"distance":51.470001220703125,"speed":4.999999523162842},{"calorie":0.4699999988079071,"count":9,"distance":6.190000057220459,"speed":3.799999952316284},{"calorie":0.0,"count":0,"distance":0.0,"speed":0.0},{"calorie":0.0,"count":0,"distance":0.0,"speed":0.0},{"calorie":11.61999997496605,"count":227,"distance":163.70000171661377,"speed":4.412487506866455},{"calorie":5.249999642372131,"count":104,"distance":75.64999580383301,"speed":4.865286350250244},{"calorie":2.7400000393390656,"count":54,"distance":39.11999988555908,"speed":4.671972751617432},{"calorie":2.9700000286102295,"count":58,"distance":41.5,"speed":4.700000286102295},{"calorie":0.0,"count":0,"distance":0.0,"speed":0.0},{"calorie":0.0,"count":0,"distance":0.0,"speed":0.0},{"calorie":0.0,"count":0,"distance":0.0,"speed":0.0},{"calorie":0.0,"count":0,"distance":0.0,"speed":0.0},{"calorie":0.0,"count":0,"distance":0.0,"speed":0.0},{"calorie":0.0,"count":0,"distance":0.0,"speed":0.0},{"calorie":0.0,"count":0,"distance":0.0,"speed":0.0},{"calorie":6.379998832941055,"count":126,"distance":90.92998504638672,"speed":4.557492733001709},{"calorie":11.360000014305115,"count":223,"distance":158.22999954223633,"speed":4.456339359283447},{"calorie":0.0,"count":0,"distance":0.0,"speed":0.0},{"calorie":0.0,"count":0,"distance":0.0,"speed":0.0},{"calorie":0.0,"count":0,"distance":0.0,"speed":0.0},{"calorie":9.209999918937683,"count":168,"distance":118.54999923706055,"speed":4.677160263061523},{"calorie":7.099999964237213,"count":139,"distance":98.64000129699707,"speed":4.243290424346924},{"calorie":3.7200000882148743,"count":73,"distance":50.80999946594238,"speed":3.8255491256713867},{"calorie":0.0,"count":0,"distance":0.0,"speed":0.0},{"calorie":1.9600000381469727,"count":39,"distance":28.1200008392334,"speed":4.700000286102295},{"calorie":5.040000081062317,"count":99,"distance":71.20000171661377,"speed":4.735715389251709},{"calorie":0.0,"count":0,"distance":0.0,"speed":0.0},{"calorie":0.0,"count":0,"distance":0.0,"speed":0.0},{"calorie":0.0,"count":0,"distance":0.0,"speed":0.0},{"calorie":0.0,"count":0,"distance":0.0,"speed":0.0},{"calorie":2.559999942779541,"count":50,"distance":35.59000015258789,"speed":4.618391513824463},{"calorie":12.099999755620956,"count":232,"distance":167.73000288009644,"speed":4.939042568206787},{"calorie":2.2899999618530273,"count":45,"distance":32.09000015258789,"speed":4.5},{"calorie":0.0,"count":0,"distance":0.0,"speed":0.0},{"calorie":0.0,"count":0,"distance":0.0,"speed":0.0},{"calorie":0.0,"count":0,"distance":0.0,"speed":0.0},{"calorie":3.65999972820282,"count":72,"distance":51.82000112533569,"speed":4.5937299728393555},{"calorie":3.0,"count":59,"distance":42.480003356933594,"speed":4.360646724700928},{"calorie":0.0,"count":0,"distance":0.0,"speed":0.0},{"calorie":0.0,"count":0,"distance":0.0,"speed":0.0},{"calorie":0.0,"count":0,"distance":0.0,"speed":0.0},{"calorie":0.0,"count":0,"distance":0.0,"speed":0.0},{"calorie":0.3700000047683716,"count":7,"distance":4.820000171661377,"speed":3.527294635772705},{"calorie":0.0,"count":0,"distance":0.0,"speed":0.0},{"calorie":2.5299999117851257,"count":49,"distance":34.43999671936035,"speed":4.071033477783203},{"calorie":1.7100000977516174,"count":34,"distance":24.17999839782715,"speed":4.429623603820801},{"calorie":2.09999942779541,"count":42,"distance":29.92999267578125,"speed":4.407217502593994},{"calorie":0.0,"count":0,"distance":0.0,"speed":0.0},{"calorie":2.7399994134902954,"count":53,"distance":37.39999866485596,"speed":4.009152889251709},{"calorie":0.0,"count":0,"distance":0.0,"speed":0.0},{"calorie":0.0,"count":0,"distance":0.0,"speed":0.0},{"calorie":0.43000003695487976,"count":8,"distance":5.350000381469727,"speed":3.1000001430511475},{"calorie":0.0,"count":0,"distance":0.0,"speed":0.0},{"calorie":0.0,"count":0,"distance":0.0,"speed":0.0},{"calorie":3.9700000882148743,"count":78,"distance":54.57000255584717,"speed":3.791534423828125},{"calorie":0.0,"count":0,"distance":0.0,"speed":0.0}]