[{"calorie":0.0,"count":0,"distance":0.0,"speed":0.0},{"calorie":0.0,"count":0,"distance":0.0,"speed":0.0},{"calorie":0.0,"count":0,"distance":0.0,"speed":0.0},{"calorie":0.0,"count":0,"distance":0.0,"speed":0.0},{"calorie":0.0,"count":0,"distance":0.0,"speed":0.0},{"calorie":0.0,"count":0,"distance":0.0,"speed":0.0},{"calorie":0.0,"count":0,"distance":0.0,"speed":0.0},{"calorie":0.0,"count":0,"distance":0.0,"speed":0.0},{"calorie":0.0,"count":0,"distance":0.0,"speed":0.0},{"calorie":0.0,"count":0,"distance":0.0,"speed":0.0},{"calorie":0.0,"count":0,"distance":0.0,"speed":0.0},{"calorie":0.0,"count":0,"distance":0.0,"speed":0.0},{"calorie":0.0,"count":0,"distance":0.0,"speed":0.0},{"calorie":0.0,"count":0,"distance":0.0,"speed":0.0},{"calorie":0.0,"count":0,"distance":0.0,"speed":0.0},{"calorie":0.0,"count":0,"distance":0.0,"speed":0.0},{"calorie":0.0,"count":0,"distance":0.0,"speed":0.0},{"calorie":0.0,"count":0,"distance":0.0,"speed":0.0},{"calorie":0.0,"count":0,"distance":0.0,"speed":0.0},{"calorie":0.0,"count":0,"distance":0.0,"speed":0.0},{"calorie":0.0,"count":0,"distance":0.0,"speed":0.0},{"calorie":0.0,"count":0,"distance":0.0,"speed":0.0},{"calorie":0.0,"count":0,"distance":0.0,"speed":0.0},{"calorie":0.0,"count":0,"distance":0.0,"speed":0.0},{"calorie":0.0,"count":0,"distance":0.0,"speed":0.0},{"calorie":0.0,"count":0,"distance":0.0,"speed":0.0},{"calorie":0.0,"count":0,"distance":0.0,"speed":0.0},{"calorie":0.0,"count":0,"distance":0.0,"speed":0.0},{"calorie":0.0,"count":0,"distance":0.0,"speed":0.0},{"calorie":0.0,"count":0,"distance":0.0,"speed":0.0},{"calorie":0.0,"count":0,"distance":0.0,"speed":0.0},{"calorie":0.0,"count":0,"distance":0.0,"speed":0.0},{"calorie":0.0,"count":0,"distance":0.0,"speed":0.0},{"calorie":0.0,"count":0,"distance":0.0,"speed":0.0},{"calorie":0.0,"count":0,"distance":0.0,"speed":0.0},{"calorie":0.0,"count":0,"distance":0.0,"speed":0.0},{"calorie":0.0,"count":0,"distance":0.0,"speed":0.0},{"calorie":0.0,"count":0,"distance":0.0,"speed":0.0},{"calorie":0.0,"count":0,"distance":0.0,"speed":0.0},{"calorie":0.0,"count":0,"distance":0.0,"speed":0.0},{"calorie":0.0,"count":0,"distance":0.0,"speed":0.0},{"calorie":0.0,"count":0,"distance":0.0,"speed":0.0},{"calorie":0.0,"count":0,"distance":0.0,"speed":0.0},{"calorie":0.0,"count":0,"distance":0.0,"speed":0.0},{"calorie":0.0,"count":0,"distance":0.0,"speed":0.0},{"calorie":0.0,"count":0,"distance":0.0,"speed":0.0},{"calorie":0.0,"count":0,"distance":0.0,"speed":0.0},{"calorie":1.159999966621399,"count":41,"distance":28.610000610351562,"speed":4.600000381469727},{"calorie":2.7899997532367706,"count":98,"distance":67.3400011062622,"speed":4.183494567871094},{"calorie":0.4899999797344208,"count":18,"distance":11.970000267028809,"speed":3.84643292427063},{"calorie":2.120000034570694,"count":80,"distance":56.72999954223633,"speed":4.823177337646484},{"calorie":0.0,"count":0,"distance":0.0,"speed":0.0},{"calorie":1.7399999797344208,"count":65,"distance":44.1899995803833,"speed":3.9800162315368652},{"calorie":1.949999988079071,"count":69,"distance":48.11000061035156,"speed":4.630101203918457},{"calorie":4.539999961853027,"count":161,"distance":109.27999877929688,"speed":4.14893102645874},{"calorie":0.8899999856948853,"count":31,"distance":20.520000457763672,"speed":3.6999995708465576},{"calorie":0.0,"count":0,"distance":0.0,"speed":0.0},{"calorie":5.120000034570694,"count":184,"distance":128.88000011444092,"speed":4.66756534576416},{"calorie":3.9499999284744263,"count":140,"distance":97.98000049591064,"speed":4.612081527709961},{"calorie":0.0,"count":0,"distance":0.0,"speed":0.0},{"calorie":8.949999868869781,"count":315,"distance":216.11999893188477,"speed":4.247063636779785},{"calorie":8.459998905658722,"count":292,"distance":202.350004196167,"speed":4.506359100341797},{"calorie":3.0599999725818634,"count":109,"distance":75.23999977111816,"speed":4.448030471801758},{"calorie":0.2800000011920929,"count":10,"distance":6.640000343322754,"speed":3.8098573684692383},{"calorie":0.5600000023841858,"count":21,"distance":14.260000228881836,"speed":4.299999713897705},{"calorie":5.9400001764297485,"count":213,"distance":144.97999954223633,"speed":4.0681939125061035},{"calorie":4.299999952316284,"count":157,"distance":108.0900011062622,"speed":4.256369113922119},{"calorie":2.509999990463257,"count":92,"distance":63.14000129699707,"speed":4.199999809265137},{"calorie":0.0,"count":0,"distance":0.0,"speed":0.0},{"calorie":0.9700000286102295,"count":34,"distance":22.56999969482422,"speed":3.4000000953674316},{"calorie":2.810000002384186,"count":101,"distance":67.69000339508057,"speed":3.805018663406372},{"calorie":4.249999284744263,"count":151,"distance":102.58000326156616,"speed":4.001438140869141},{"calorie":2.8799999952316284,"count":103,"distance":69.14999914169312,"speed":3.839801549911499},{"calorie":2.839999958872795,"count":99,"distance":67.98000144958496,"speed":4.523733615875244},{"calorie":0.0,"count":0,"distance":0.0,"speed":0.0},{"calorie":0.25,"count":9,"distance":5.759999752044678,"speed":2.8999996185302734},{"calorie":3.7800001204013824,"count":131,"distance":86.89000034332275,"speed":4.2291364669799805},{"calorie":0.0,"count":0,"distance":0.0,"speed":0.0},{"calorie":0.0,"count":0,"distance":0.0,"speed":0.0},{"calorie":0.0,"count":0,"distance":0.0,"speed":0.0},{"calorie":0.0,"count":0,"distance":0.0,"speed":0.0},{"calorie":0.0,"count":0,"distance":0.0,"speed":0.0},{"calorie":0.1899999976158142,"count":7,"distance":4.71999979019165,"speed":3.2558529376983643},{"calorie":0.75,"count":27,"distance":18.550000190734863,"speed":4.248611927032471},{"calorie":2.939999997615814,"count":104,"distance":71.50999927520752,"speed":4.268230438232422},{"calorie":2.6999999582767487,"count":98,"distance":64.44000005722046,"speed":3.482161045074463},{"calorie":9.369998395442963,"count":324,"distance":217.05001068115234,"speed":3.778348207473755},{"calorie":7.0099999606609344,"count":249,"distance":171.63000106811523,"speed":4.442134857177734},{"calorie":0.0,"count":0,"distance":0.0,"speed":0.0},{"calorie":0.0,"count":0,"distance":0.0,"speed":0.0},{"calorie":0.0,"count":0,"distance":0.0,"speed":0.0},{"calorie":0.7400000095367432,"count":27,"distance":18.000000476837158,"speed":3.7614192962646484},{"calorie":1.4099994897842407,"count":51,"distance":35.08000183105469,"speed":4.460567474365234},{"calorie":14.249999582767487,"count":505,"distance":345.98999404907227,"speed":4.270705699920654},{"calorie":7.689999580383301,"count":270,"distance":190.7799892425537,"speed":4.9704108238220215},{"calorie":2.930000066757202,"count":107,"distance":73.65999984741211,"speed":4.285927772521973},{"calorie":11.28999948501587,"count":386,"distance":268.5700054168701,"speed":4.599079132080078},{"calorie":5.549999920651317,"count":187,"distance":133.41000026464462,"speed":4.951117992401123},{"calorie":4.430000007152557,"count":160,"distance":109.98000144958496,"speed":4.3672590255737305},{"calorie":3.219999983906746,"count":116,"distance":78.57000017166138,"speed":4.180599212646484},{"calorie":1.0600000005215406,"count":38,"distance":26.07999938726425,"speed":4.4225687980651855},{"calorie":3.3600000143051147,"count":123,"distance":84.75000190734863,"speed":4.405673027038574},{"calorie":4.179999947547913,"count":150,"distance":101.19000053405762,"speed":4.136868476867676},{"calorie":0.9900000095367432,"count":35,"distance":24.969999313354492,"speed":5.5},{"calorie":10.849999994039536,"count":388,"distance":269.7200040817261,"speed":4.590315818786621},{"calorie":3.32999986410141,"count":121,"distance":81.22000074386597,"speed":3.836698055267334},{"calorie":1.4600000083446503,"count":53,"distance":35.14999961853027,"speed":3.551704168319702},{"calorie":4.969999670982361,"count":177,"distance":120.489990234375,"speed":4.088773250579834},{"calorie":0.6599998753517866,"count":25,"distance":17.389998614788055,"speed":4.71764612197876},{"calorie":1.399999976158142,"count":50,"distance":34.439998626708984,"speed":4.400000095367432},{"calorie":0.0,"count":0,"distance":0.0,"speed":0.0},{"calorie":0.9200000166893005,"count":33,"distance":22.689997673034668,"speed":4.07806921005249},{"calorie":0.0,"count":0,"distance":0.0,"speed":0.0},{"calorie":0.0,"count":0,"distance":0.0,"speed":0.0},{"calorie":0.0,"count":0,"distance":0.0,"speed":0.0},{"calorie":1.2099997997283936,"count":43,"distance":30.029996395111084,"speed":4.625321865081787},{"calorie":0.0,"count":0,"distance":0.0,"speed":0.0},{"calorie":11.5,"count":392,"distance":272.1899995803833,"speed":4.493880271911621},{"calorie":0.24000000953674316,"count":8,"distance":5.410000324249268,"speed":3.9491777420043945},{"calorie":0.4000000059604645,"count":14,"distance":9.199999809265137,"speed":3.700000047683716},{"calorie":0.0,"count":0,"distance":0.0,"speed":0.0},{"calorie":0.0,"count":0,"distance":0.0,"speed":0.0},{"calorie":0.0,"count":0,"distance":0.0,"speed":0.0},{"calorie":0.0,"count":0,"distance":0.0,"speed":0.0},{"calorie":0.0,"count":0,"distance":0.0,"speed":0.0},{"calorie":0.0,"count":0,"distance":0.0,"speed":0.0},{"calorie":0.0,"count":0,"distance":0.0,"speed":0.0},{"calorie":0.0,"count":0,"distance":0.0,"speed":0.0},{"calorie":2.370000034570694,"count":83,"distance":56.78999900817871,"speed":4.271734237670898},{"calorie":0.0,"count":0,"distance":0.0,"speed":0.0},{"calorie":0.0,"count":0,"distance":0.0,"speed":0.0},{"calorie":0.0,"count":0,"distance":0.0,"speed":0.0},{"calorie":0.0,"count":0,"distance":0.0,"speed":0.0},{"calorie":0.0,"count":0,"distance":0.0,"speed":0.0},{"calorie":0.0,"count":0,"distance":0.0,"speed":0.0},{"calorie":0.0,"count":0,"distance":0.0,"speed":0.0},{"calorie":0.0,"count":0,"distance":0.0,"speed":0.0},{"calorie":4.7200000286102295,"count":163,"distance":107.73999977111816,"speed":3.511539936065674},{"calorie":2.4100000262260437,"count":83,"distance":56.430002212524414,"speed":3.983015537261963},{"calorie":1.7099999785423279,"count":61,"distance":41.17999839782715,"speed":3.8505499362945557},{"calorie":1.3600000143051147,"count":47,"distance":32.01000118255615,"speed":3.961009979248047},{"calorie":2.099999964237213,"count":75,"distance":52.04999923706055,"speed":4.654356956481934},{"calorie":0.0,"count":0,"distance":0.0,"speed":0.0},{"calorie":0.820000022649765,"count":30,"distance":20.160000801086426,"speed":3.8977229595184326}]