[{"calorie":0.0,"count":0,"distance":0.0,"speed":0.0},{"calorie":0.0,"count":0,"distance":0.0,"speed":0.0},{"calorie":0.0,"count":0,"distance":0.0,"speed":0.0},{"calorie":0.0,"count":0,"distance":0.0,"speed":0.0},{"calorie":0.0,"count":0,"distance":0.0,"speed":0.0},{"calorie":0.0,"count":0,"distance":0.0,"speed":0.0},{"calorie":0.0,"count":0,"distance":0.0,"speed":0.0},{"calorie":0.0,"count":0,"distance":0.0,"speed":0.0},{"calorie":0.0,"count":0,"distance":0.0,"speed":0.0},{"calorie":0.0,"count":0,"distance":0.0,"speed":0.0},{"calorie":0.0,"count":0,"distance":0.0,"speed":0.0},{"calorie":0.0,"count":0,"distance":0.0,"speed":0.0},{"calorie":0.0,"count":0,"distance":0.0,"speed":0.0},{"calorie":0.0,"count":0,"distance":0.0,"speed":0.0},{"calorie":0.0,"count":0,"distance":0.0,"speed":0.0},{"calorie":0.0,"count":0,"distance":0.0,"speed":0.0},{"calorie":0.0,"count":0,"distance":0.0,"speed":0.0},{"calorie":0.0,"count":0,"distance":0.0,"speed":0.0},{"calorie":0.0,"count":0,"distance":0.0,"speed":0.0},{"calorie":0.0,"count":0,"distance":0.0,"speed":0.0},{"calorie":0.0,"count":0,"distance":0.0,"speed":0.0},{"calorie":0.0,"count":0,"distance":0.0,"speed":0.0},{"calorie":0.0,"count":0,"distance":0.0,"speed":0.0},{"calorie":0.0,"count":0,"distance":0.0,"speed":0.0},{"calorie":0.0,"count":0,"distance":0.0,"speed":0.0},{"calorie":0.0,"count":0,"distance":0.0,"speed":0.0},{"calorie":0.0,"count":0,"distance":0.0,"speed":0.0},{"calorie":0.0,"count":0,"distance":0.0,"speed":0.0},{"calorie":0.0,"count":0,"distance":0.0,"speed":0.0},{"calorie":0.0,"count":0,"distance":0.0,"speed":0.0},{"calorie":0.0,"count":0,"distance":0.0,"speed":0.0},{"calorie":0.0,"count":0,"distance":0.0,"speed":0.0},{"calorie":0.0,"count":0,"distance":0.0,"speed":0.0},{"calorie":0.0,"count":0,"distance":0.0,"speed":0.0},{"calorie":0.0,"count":0,"distance":0.0,"speed":0.0},{"calorie":0.0,"count":0,"distance":0.0,"speed":0.0},{"calorie":0.0,"count":0,"distance":0.0,"speed":0.0},{"calorie":0.0,"count":0,"distance":0.0,"speed":0.0},{"calorie":0.0,"count":0,"distance":0.0,"speed":0.0},{"calorie":2.690000057220459,"count":53,"distance":37.809998512268066,"speed":4.51840877532959},{"calorie":0.0,"count":0,"distance":0.0,"speed":0.0},{"calorie":2.049999237060547,"count":41,"distance":23.110002517700195,"speed":4.151819229125977},{"calorie":1.3000000715255737,"count":26,"distance":17.75999927520752,"speed":3.4159722328186035},{"calorie":2.5199998021125793,"count":50,"distance":34.9900016784668,"speed":4.022627830505371},{"calorie":13.499997586011887,"count":234,"distance":159.5599844455719,"speed":4.136179447174072},{"calorie":13.149996519088745,"count":254,"distance":176.98000717163086,"speed":3.8747446537017822},{"calorie":11.5299973487854,"count":230,"distance":161.96998977661133,"speed":4.251434803009033},{"calorie":11.919998168945312,"count":236,"distance":164.13997268676758,"speed":3.945540189743042},{"calorie":10.479999125003815,"count":208,"distance":144.11998176574707,"speed":3.7415919303894043},{"calorie":8.859999030828476,"count":174,"distance":119.47000193595886,"speed":3.6431021690368652},{"calorie":0.0,"count":0,"distance":0.0,"speed":0.0},{"calorie":0.0,"count":0,"distance":0.0,"speed":0.0},{"calorie":1.7499994039535522,"count":35,"distance":23.04999351501465,"speed":3.59525465965271},{"calorie":0.6000000238418579,"count":12,"distance":8.229999542236328,"speed":3.700000047683716},{"calorie":5.519999206066132,"count":109,"distance":74.30001068115234,"speed":3.558861255645752},{"calorie":2.660000264644623,"count":52,"distance":36.07999801635742,"speed":3.789997100830078},{"calorie":0.0,"count":0,"distance":0.0,"speed":0.0},{"calorie":0.0,"count":0,"distance":0.0,"speed":0.0},{"calorie":0.6500000357627869,"count":13,"distance":8.680000305175781,"speed":3.0999996662139893},{"calorie":0.0,"count":0,"distance":0.0,"speed":0.0},{"calorie":0.0,"count":0,"distance":0.0,"speed":0.0},{"calorie":0.0,"count":0,"distance":0.0,"speed":0.0},{"calorie":1.4100001454353333,"count":28,"distance":19.600000381469727,"speed":4.522839069366455},{"calorie":0.0,"count":0,"distance":0.0,"speed":0.0},{"calorie":0.750000037252903,"count":15,"distance":10.020000338554382,"speed":3.0999996662139893},{"calorie":0.9500001072883606,"count":19,"distance":13.19999885559082,"speed":3.857814073562622},{"calorie":0.8600000031292439,"count":16,"distance":10.879999577999115,"speed":3.799999952316284},{"calorie":0.0,"count":0,"distance":0.0,"speed":0.0},{"calorie":0.6000000238418579,"count":12,"distance":8.34000015258789,"speed":4.099999904632568},{"calorie":3.7300002574920654,"count":74,"distance":53.439998626708984,"speed":4.713265419006348},{"calorie":6.299999952316284,"count":125,"distance":89.15999984741211,"speed":4.400000095367432},{"calorie":6.540000081062317,"count":128,"distance":90.88000011444092,"speed":4.282201766967773},{"calorie":0.5099999904632568,"count":10,"distance":7.319999694824219,"speed":5.159459590911865},{"calorie":0.8100000619888306,"count":16,"distance":12.019999504089355,"speed":5.881582260131836},{"calorie":0.8300000429153442,"count":16,"distance":11.289999961853027,"speed":3.8108978271484375},{"calorie":8.72000002861023,"count":172,"distance":123.37999868392944,"speed":4.562825679779053},{"calorie":15.520000994205475,"count":299,"distance":211.05002117156982,"speed":4.418412685394287},{"calorie":1.100000023841858,"count":21,"distance":14.710000038146973,"speed":4.700000286102295},{"calorie":15.31999957561493,"count":305,"distance":221.95000076293945,"speed":4.736534595489502},{"calorie":0.8199999928474426,"count":16,"distance":11.149998664855957,"speed":4.033133029937744},{"calorie":0.0,"count":0,"distance":0.0,"speed":0.0},{"calorie":0.7900000512599945,"count":15,"distance":10.450000762939453,"speed":3.8049347400665283},{"calorie":0.0,"count":0,"distance":0.0,"speed":0.0},{"calorie":0.6600000262260437,"count":13,"distance":9.359999656677246,"speed":4.099999904632568},{"calorie":1.1800000071525574,"count":23,"distance":16.610000133514404,"speed":4.682680130004883},{"calorie":7.060000121593475,"count":140,"distance":99.83999919891357,"speed":4.4254560470581055},{"calorie":0.0,"count":0,"distance":0.0,"speed":0.0},{"calorie":0.0,"count":0,"distance":0.0,"speed":0.0},{"calorie":0.0,"count":0,"distance":0.0,"speed":0.0},{"calorie":0.0,"count":0,"distance":0.0,"speed":0.0},{"calorie":0.0,"count":0,"distance":0.0,"speed":0.0},{"calorie":0.0,"count":0,"distance":0.0,"speed":0.0},{"calorie":15.059994876384735,"count":300,"distance":210.62000799179077,"speed":4.015024662017822},{"calorie":19.469995498657227,"count":386,"distance":267.34999656677246,"speed":3.7689363956451416},{"calorie":29.53000009059906,"count":588,"distance":415.1400146484375,"speed":4.13251256942749},{"calorie":16.819998741149902,"count":333,"distance":231.52998781204224,"speed":3.837282180786133},{"calorie":25.680000066757202,"count":477,"distance":333.19999980926514,"speed":4.26823616027832},{"calorie":4.409999847412109,"count":88,"distance":57.58000183105469,"speed":4.299999713897705},{"calorie":12.059999585151672,"count":240,"distance":167.350004196167,"speed":4.125758171081543},{"calorie":1.7299997806549072,"count":34,"distance":23.799999237060547,"speed":4.052708625793457},{"calorie":2.4500001072883606,"count":48,"distance":34.05000114440918,"speed":4.457150459289551},{"calorie":5.809998035430908,"count":115,"distance":82.04998302459717,"speed":4.443991661071777},{"calorie":0.8500000834465027,"count":17,"distance":11.879998207092285,"speed":3.7642176151275635},{"calorie":6.6399999260902405,"count":122,"distance":90.3999981880188,"speed":4.676331520080566},{"calorie":0.0,"count":0,"distance":0.0,"speed":0.0},{"calorie":0.0,"count":0,"distance":0.0,"speed":0.0},{"calorie":0.0,"count":0,"distance":0.0,"speed":0.0},{"calorie":2.1700000762939453,"count":43,"distance":29.80999755859375,"speed":3.8718955516815186},{"calorie":1.870000183582306,"count":37,"distance":25.960000038146973,"speed":4.067686557769775},{"calorie":0.0,"count":0,"distance":0.0,"speed":0.0},{"calorie":0.0,"count":0,"distance":0.0,"speed":0.0},{"calorie":0.0,"count":0,"distance":0.0,"speed":0.0},{"calorie":0.0,"count":0,"distance":0.0,"speed":0.0},{"calorie":0.0,"count":0,"distance":0.0,"speed":0.0},{"calorie":0.0,"count":0,"distance":0.0,"speed":0.0},{"calorie":0.43000003695487976,"count":8,"distance":5.380000114440918,"speed":3.20011830329895},{"calorie":0.0,"count":0,"distance":0.0,"speed":0.0},{"calorie":7.919999957084656,"count":156,"distance":110.7300033569336,"speed":4.2790961265563965},{"calorie":0.0,"count":0,"distance":0.0,"speed":0.0},{"calorie":2.799999952316284,"count":55,"distance":38.15999984741211,"speed":4.0},{"calorie":0.0,"count":0,"distance":0.0,"speed":0.0},{"calorie":0.0,"count":0,"distance":0.0,"speed":0.0},{"calorie":0.0,"count":0,"distance":0.0,"speed":0.0},{"calorie":0.0,"count":0,"distance":0.0,"speed":0.0},{"calorie":0.0,"count":0,"distance":0.0,"speed":0.0},{"calorie":0.0,"count":0,"distance":0.0,"speed":0.0},{"calorie":0.0,"count":0,"distance":0.0,"speed":0.0},{"calorie":4.329999923706055,"count":86,"distance":61.79999542236328,"speed":4.488914489746094},{"calorie":6.430000066757202,"count":126,"distance":88.32999992370605,"speed":4.149697303771973},{"calorie":0.0,"count":0,"distance":0.0,"speed":0.0},{"calorie":0.0,"count":0,"distance":0.0,"speed":0.0},{"calorie":0.0,"count":0,"distance":0.0,"speed":0.0},{"calorie":0.0,"count":0,"distance":0.0,"speed":0.0},{"calorie":0.0,"count":0,"distance":0.0,"speed":0.0},{"calorie":0.0,"count":0,"distance":0.0,"speed":0.0},{"calorie":0.0,"count":0,"distance":0.0,"speed":0.0},{"calorie":0.0,"count":0,"distance":0.0,"speed":0.0},{"calorie":0.0,"count":0,"distance":0.0,"speed":0.0},{"calorie":0.0,"count":0,"distance":0.0,"speed":0.0},{"calorie":0.0,"count":0,"distance":0.0,"speed":0.0},{"calorie":0.0,"count":0,"distance":0.0,"speed":0.0},{"calorie":0.0,"count":0,"distance":0.0,"speed":0.0},{"calorie":0.0,"count":0,"distance":0.0,"speed":0.0},{"calorie":0.0,"count":0,"distance":0.0,"speed":0.0}]