[{"calorie":0.0,"count":0,"distance":0.0,"speed":0.0},{"calorie":0.0,"count":0,"distance":0.0,"speed":0.0},{"calorie":0.0,"count":0,"distance":0.0,"speed":0.0},{"calorie":0.0,"count":0,"distance":0.0,"speed":0.0},{"calorie":0.0,"count":0,"distance":0.0,"speed":0.0},{"calorie":0.0,"count":0,"distance":0.0,"speed":0.0},{"calorie":0.0,"count":0,"distance":0.0,"speed":0.0},{"calorie":0.0,"count":0,"distance":0.0,"speed":0.0},{"calorie":0.0,"count":0,"distance":0.0,"speed":0.0},{"calorie":0.0,"count":0,"distance":0.0,"speed":0.0},{"calorie":0.0,"count":0,"distance":0.0,"speed":0.0},{"calorie":0.0,"count":0,"distance":0.0,"speed":0.0},{"calorie":0.0,"count":0,"distance":0.0,"speed":0.0},{"calorie":0.0,"count":0,"distance":0.0,"speed":0.0},{"calorie":0.0,"count":0,"distance":0.0,"speed":0.0},{"calorie":0.0,"count":0,"distance":0.0,"speed":0.0},{"calorie":0.0,"count":0,"distance":0.0,"speed":0.0},{"calorie":0.0,"count":0,"distance":0.0,"speed":0.0},{"calorie":0.0,"count":0,"distance":0.0,"speed":0.0},{"calorie":0.0,"count":0,"distance":0.0,"speed":0.0},{"calorie":0.0,"count":0,"distance":0.0,"speed":0.0},{"calorie":0.0,"count":0,"distance":0.0,"speed":0.0},{"calorie":0.0,"count":0,"distance":0.0,"speed":0.0},{"calorie":0.0,"count":0,"distance":0.0,"speed":0.0},{"calorie":0.0,"count":0,"distance":0.0,"speed":0.0},{"calorie":0.0,"count":0,"distance":0.0,"speed":0.0},{"calorie":0.0,"count":0,"distance":0.0,"speed":0.0},{"calorie":0.0,"count":0,"distance":0.0,"speed":0.0},{"calorie":0.0,"count":0,"distance":0.0,"speed":0.0},{"calorie":0.0,"count":0,"distance":0.0,"speed":0.0},{"calorie":0.0,"count":0,"distance":0.0,"speed":0.0},{"calorie":0.0,"count":0,"distance":0.0,"speed":0.0},{"calorie":0.0,"count":0,"distance":0.0,"speed":0.0},{"calorie":0.0,"count":0,"distance":0.0,"speed":0.0},{"calorie":0.0,"count":0,"distance":0.0,"speed":0.0},{"calorie":0.0,"count":0,"distance":0.0,"speed":0.0},{"calorie":0.0,"count":0,"distance":0.0,"speed":0.0},{"calorie":0.0,"count":0,"distance":0.0,"speed":0.0},{"calorie":0.0,"count":0,"distance":0.0,"speed":0.0},{"calorie":0.0,"count":0,"distance":0.0,"speed":0.0},{"calorie":3.7799999713897705,"count":64,"distance":45.34999895095825,"speed":4.184573650360107},{"calorie":1.850000023841858,"count":31,"distance":21.630000114440918,"speed":4.295063018798828},{"calorie":2.7300000190734863,"count":46,"distance":32.10000038146973,"speed":3.958889961242676},{"calorie":20.919997096061707,"count":301,"distance":194.99001121520996,"speed":4.249876976013184},{"calorie":8.359998911619186,"count":141,"distance":98.19000911712646,"speed":3.9442968368530273},{"calorie":1.5199999511241913,"count":26,"distance":19.289999961853027,"speed":5.164194583892822},{"calorie":3.1999990940093994,"count":54,"distance":38.31999492645264,"speed":4.260165691375732},{"calorie":2.6800000071525574,"count":45,"distance":31.360000610351562,"speed":3.9080710411071777},{"calorie":0.0,"count":0,"distance":0.0,"speed":0.0},{"calorie":0.0,"count":0,"distance":0.0,"speed":0.0},{"calorie":1.0699999332427979,"count":20,"distance":14.629998207092285,"speed":4.854504108428955},{"calorie":6.529999136924744,"count":110,"distance":77.92999172210693,"speed":4.2481889724731445},{"calorie":0.0,"count":0,"distance":0.0,"speed":0.0},{"calorie":0.0,"count":0,"distance":0.0,"speed":0.0},{"calorie":11.659996911883354,"count":174,"distance":117.45998573303223,"speed":5.081326007843018},{"calorie":5.489999324083328,"count":93,"distance":67.40000057220459,"speed":4.6537322998046875},{"calorie":0.0,"count":0,"distance":0.0,"speed":0.0},{"calorie":9.599998205900192,"count":163,"distance":117.71998834609985,"speed":4.8422770500183105},{"calorie":0.0,"count":0,"distance":0.0,"speed":0.0},{"calorie":6.289998441934586,"count":106,"distance":74.69998836517334,"speed":4.281069755554199},{"calorie":8.909998655319214,"count":155,"distance":110.00998878479004,"speed":4.552074909210205},{"calorie":0.0,"count":0,"distance":0.0,"speed":0.0},{"calorie":7.670000791549683,"count":105,"distance":70.37000942230225,"speed":4.435365676879883},{"calorie":5.1399983167648315,"count":82,"distance":52.77999687194824,"speed":4.737087726593018},{"calorie":1.7699999809265137,"count":30,"distance":21.809999465942383,"speed":5.199999809265137},{"calorie":0.0,"count":0,"distance":0.0,"speed":0.0},{"calorie":0.0,"count":0,"distance":0.0,"speed":0.0},{"calorie":0.0,"count":0,"distance":0.0,"speed":0.0},{"calorie":1.4899998903274536,"count":27,"distance":19.389999389648438,"speed":4.536903381347656},{"calorie":0.0,"count":0,"distance":0.0,"speed":0.0},{"calorie":0.0,"count":0,"distance":0.0,"speed":0.0},{"calorie":7.999997496604919,"count":132,"distance":93.60999345779419,"speed":4.3406267166137695},{"calorie":3.5099987983703613,"count":60,"distance":39.47999954223633,"speed":4.703379154205322},{"calorie":5.339998245239258,"count":89,"distance":61.63999795913696,"speed":3.7386107444763184},{"calorie":3.219999849796295,"count":56,"distance":39.54000377655029,"speed":4.1521806716918945},{"calorie":2.190000057220459,"count":37,"distance":26.130000114440918,"speed":4.166481971740723},{"calorie":1.0099999904632568,"count":17,"distance":12.109999656677246,"speed":4.219529151916504},{"calorie":13.569999694824219,"count":230,"distance":163.9200038909912,"speed":4.760569095611572},{"calorie":10.749999791383743,"count":181,"distance":130.99000358581543,"speed":4.615876197814941},{"calorie":0.0,"count":0,"distance":0.0,"speed":0.0},{"calorie":3.290000081062317,"count":56,"distance":40.620001792907715,"speed":5.046525955200195},{"calorie":8.219997815787792,"count":138,"distance":97.11000502109528,"speed":4.2800517082214355},{"calorie":7.219998836517334,"count":123,"distance":87.62998104095459,"speed":4.8517889976501465},{"calorie":0.7699999809265137,"count":13,"distance":9.130000114440918,"speed":4.268805027008057},{"calorie":0.0,"count":0,"distance":0.0,"speed":0.0},{"calorie":0.0,"count":0,"distance":0.0,"speed":0.0},{"calorie":0.0,"count":0,"distance":0.0,"speed":0.0},{"calorie":6.759998619556427,"count":114,"distance":81.19999122619629,"speed":4.337268829345703},{"calorie":10.529996991157532,"count":179,"distance":125.5600094795227,"speed":4.289332866668701},{"calorie":0.0,"count":0,"distance":0.0,"speed":0.0},{"calorie":9.47999757528305,"count":136,"distance":86.01999187469482,"speed":4.43086576461792},{"calorie":4.029998809099197,"count":68,"distance":48.10999298095703,"speed":4.210718631744385},{"calorie":6.699999183416367,"count":113,"distance":79.95000314712524,"speed":4.3031392097473145},{"calorie":6.129999876022339,"count":104,"distance":74.75000190734863,"speed":4.636542320251465},{"calorie":0.0,"count":0,"distance":0.0,"speed":0.0},{"calorie":2.2599997520446777,"count":39,"distance":27.66999912261963,"speed":4.405860900878906},{"calorie":5.629998683929443,"count":97,"distance":69.6299901008606,"speed":4.485825538635254},{"calorie":2.399999976158142,"count":40,"distance":27.670000076293945,"speed":3.843297004699707},{"calorie":1.4699999690055847,"count":25,"distance":17.600000381469727,"speed":4.468114376068115},{"calorie":0.0,"count":0,"distance":0.0,"speed":0.0},{"calorie":0.0,"count":0,"distance":0.0,"speed":0.0},{"calorie":0.0,"count":0,"distance":0.0,"speed":0.0},{"calorie":0.0,"count":0,"distance":0.0,"speed":0.0},{"calorie":1.5299999713897705,"count":26,"distance":18.170000076293945,"speed":4.061022758483887},{"calorie":0.5299999713897705,"count":9,"distance":6.230000019073486,"speed":3.799999952316284},{"calorie":4.549999415874481,"count":76,"distance":52.44000005722046,"speed":3.613804578781128},{"calorie":0.7099999785423279,"count":12,"distance":8.420000076293945,"speed":3.9000003337860107},{"calorie":2.7399988174438477,"count":46,"distance":32.209999084472656,"speed":3.9320945739746094},{"calorie":4.819999933242798,"count":70,"distance":46.10999870300293,"speed":3.97806715965271},{"calorie":0.0,"count":0,"distance":0.0,"speed":0.0},{"calorie":2.049999952316284,"count":35,"distance":23.830001831054688,"speed":3.522367477416992},{"calorie":0.0,"count":0,"distance":0.0,"speed":0.0},{"calorie":0.0,"count":0,"distance":0.0,"speed":0.0},{"calorie":0.0,"count":0,"distance":0.0,"speed":0.0},{"calorie":0.0,"count":0,"distance":0.0,"speed":0.0},{"calorie":0.0,"count":0,"distance":0.0,"speed":0.0},{"calorie":6.509998440742493,"count":110,"distance":77.33000755310059,"speed":4.055539131164551},{"calorie":0.0,"count":0,"distance":0.0,"speed":0.0},{"calorie":1.4900000095367432,"count":25,"distance":17.549999237060547,"speed":4.099999904632568},{"calorie":0.4699999988079071,"count":8,"distance":5.559999942779541,"speed":4.0},{"calorie":0.0,"count":0,"distance":0.0,"speed":0.0},{"calorie":0.0,"count":0,"distance":0.0,"speed":0.0},{"calorie":0.0,"count":0,"distance":0.0,"speed":0.0},{"calorie":0.0,"count":0,"distance":0.0,"speed":0.0},{"calorie":0.0,"count":0,"distance":0.0,"speed":0.0},{"calorie":0.0,"count":0,"distance":0.0,"speed":0.0},{"calorie":0.0,"count":0,"distance":0.0,"speed":0.0},{"calorie":0.3499999940395355,"count":6,"distance":4.159999847412109,"speed":4.099999904632568},{"calorie":0.0,"count":0,"distance":0.0,"speed":0.0},{"calorie":1.429999977350235,"count":24,"distance":16.640000343322754,"speed":4.0756916999816895},{"calorie":0.0,"count":0,"distance":0.0,"speed":0.0},{"calorie":3.2599998712539673,"count":55,"distance":38.959999084472656,"speed":4.188096046447754},{"calorie":0.0,"count":0,"distance":0.0,"speed":0.0},{"calorie":0.0,"count":0,"distance":0.0,"speed":0.0},{"calorie":0.0,"count":0,"distance":0.0,"speed":0.0},{"calorie":0.0,"count":0,"distance":0.0,"speed":0.0},{"calorie":0.0,"count":0,"distance":0.0,"speed":0.0},{"calorie":0.0,"count":0,"distance":0.0,"speed":0.0},{"calorie":0.0,"count":0,"distance":0.0,"speed":0.0},{"calorie":0.0,"count":0,"distance":0.0,"speed":0.0},{"calorie":0.0,"count":0,"distance":0.0,"speed":0.0},{"calorie":0.0,"count":0,"distance":0.0,"speed":0.0},{"calorie":0.0,"count":0,"distance":0.0,"speed":0.0},{"calorie":0.0,"count":0,"distance":0.0,"speed":0.0}]