[{"calorie":0.0,"count":0,"distance":0.0,"speed":0.0},{"calorie":0.0,"count":0,"distance":0.0,"speed":0.0},{"calorie":0.0,"count":0,"distance":0.0,"speed":0.0},{"calorie":0.0,"count":0,"distance":0.0,"speed":0.0},{"calorie":5.0500001311302185,"count":99,"distance":70.95000076293945,"speed":4.524342060089111},{"calorie":0.0,"count":0,"distance":0.0,"speed":0.0},{"calorie":0.0,"count":0,"distance":0.0,"speed":0.0},{"calorie":0.0,"count":0,"distance":0.0,"speed":0.0},{"calorie":0.0,"count":0,"distance":0.0,"speed":0.0},{"calorie":0.0,"count":0,"distance":0.0,"speed":0.0},{"calorie":0.0,"count":0,"distance":0.0,"speed":0.0},{"calorie":0.0,"count":0,"distance":0.0,"speed":0.0},{"calorie":0.0,"count":0,"distance":0.0,"speed":0.0},{"calorie":0.0,"count":0,"distance":0.0,"speed":0.0},{"calorie":0.0,"count":0,"distance":0.0,"speed":0.0},{"calorie":0.0,"count":0,"distance":0.0,"speed":0.0},{"calorie":0.0,"count":0,"distance":0.0,"speed":0.0},{"calorie":0.0,"count":0,"distance":0.0,"speed":0.0},{"calorie":0.0,"count":0,"distance":0.0,"speed":0.0},{"calorie":0.0,"count":0,"distance":0.0,"speed":0.0},{"calorie":0.0,"count":0,"distance":0.0,"speed":0.0},{"calorie":0.0,"count":0,"distance":0.0,"speed":0.0},{"calorie":0.0,"count":0,"distance":0.0,"speed":0.0},{"calorie":0.0,"count":0,"distance":0.0,"speed":0.0},{"calorie":0.0,"count":0,"distance":0.0,"speed":0.0},{"calorie":0.0,"count":0,"distance":0.0,"speed":0.0},{"calorie":0.0,"count":0,"distance":0.0,"speed":0.0},{"calorie":0.0,"count":0,"distance":0.0,"speed":0.0},{"calorie":0.0,"count":0,"distance":0.0,"speed":0.0},{"calorie":0.0,"count":0,"distance":0.0,"speed":0.0},{"calorie":0.0,"count":0,"distance":0.0,"speed":0.0},{"calorie":0.0,"count":0,"distance":0.0,"speed":0.0},{"calorie":0.0,"count":0,"distance":0.0,"speed":0.0},{"calorie":0.0,"count":0,"distance":0.0,"speed":0.0},{"calorie":0.0,"count":0,"distance":0.0,"speed":0.0},{"calorie":0.0,"count":0,"distance":0.0,"speed":0.0},{"calorie":0.0,"count":0,"distance":0.0,"speed":0.0},{"calorie":0.0,"count":0,"distance":0.0,"speed":0.0},{"calorie":0.0,"count":0,"distance":0.0,"speed":0.0},{"calorie":0.0,"count":0,"distance":0.0,"speed":0.0},{"calorie":0.0,"count":0,"distance":0.0,"speed":0.0},{"calorie":0.0,"count":0,"distance":0.0,"speed":0.0},{"calorie":0.0,"count":0,"distance":0.0,"speed":0.0},{"calorie":0.0,"count":0,"distance":0.0,"speed":0.0},{"calorie":9.389999866485596,"count":186,"distance":132.81000232696533,"speed":4.422078609466553},{"calorie":8.380000352859497,"count":166,"distance":119.04999732971191,"speed":4.465027332305908},{"calorie":0.0,"count":0,"distance":0.0,"speed":0.0},{"calorie":0.0,"count":0,"distance":0.0,"speed":0.0},{"calorie":0.0,"count":0,"distance":0.0,"speed":0.0},{"calorie":0.0,"count":0,"distance":0.0,"speed":0.0},{"calorie":0.0,"count":0,"distance":0.0,"speed":0.0},{"calorie":0.0,"count":0,"distance":0.0,"speed":0.0},{"calorie":0.0,"count":0,"distance":0.0,"speed":0.0},{"calorie":0.0,"count":0,"distance":0.0,"speed":0.0},{"calorie":0.0,"count":0,"distance":0.0,"speed":0.0},{"calorie":0.0,"count":0,"distance":0.0,"speed":0.0},{"calorie":0.0,"count":0,"distance":0.0,"speed":0.0},{"calorie":0.0,"count":0,"distance":0.0,"speed":0.0},{"calorie":0.0,"count":0,"distance":0.0,"speed":0.0},{"calorie":0.0,"count":0,"distance":0.0,"speed":0.0},{"calorie":0.0,"count":0,"distance":0.0,"speed":0.0},{"calorie":3.609999358654022,"count":71,"distance":50.519991397857666,"speed":4.2794647216796875},{"calorie":0.0,"count":0,"distance":0.0,"speed":0.0},{"calorie":0.0,"count":0,"distance":0.0,"speed":0.0},{"calorie":0.0,"count":0,"distance":0.0,"speed":0.0},{"calorie":0.0,"count":0,"distance":0.0,"speed":0.0},{"calorie":2.6800001859664917,"count":52,"distance":36.13000202178955,"speed":3.9704430103302},{"calorie":0.0,"count":0,"distance":0.0,"speed":0.0},{"calorie":3.6999999061226845,"count":73,"distance":51.4699991941452,"speed":4.299999713897705},{"calorie":14.42999991774559,"count":286,"distance":205.88999843597412,"speed":4.726191997528076},{"calorie":2.090000033378601,"count":40,"distance":28.04999876022339,"speed":4.2581658363342285},{"calorie":1.309999942779541,"count":26,"distance":18.780000686645508,"speed":4.549925804138184},{"calorie":0.0,"count":0,"distance":0.0,"speed":0.0},{"calorie":0.8800000548362732,"count":17,"distance":11.819999694824219,"speed":3.698362112045288},{"calorie":0.0,"count":0,"distance":0.0,"speed":0.0},{"calorie":0.0,"count":0,"distance":0.0,"speed":0.0},{"calorie":0.0,"count":0,"distance":0.0,"speed":0.0},{"calorie":9.24999988079071,"count":184,"distance":131.13000202178955,"speed":4.34985876083374},{"calorie":11.069999903440475,"count":220,"distance":157.42000007629395,"speed":4.6177496910095215},{"calorie":3.2200000286102295,"count":63,"distance":44.22999954223633,"speed":4.030920505523682},{"calorie":0.0,"count":0,"distance":0.0,"speed":0.0},{"calorie":0.0,"count":0,"distance":0.0,"speed":0.0},{"calorie":3.600000023841858,"count":71,"distance":50.46999931335449,"speed":4.185473918914795},{"calorie":0.0,"count":0,"distance":0.0,"speed":0.0},{"calorie":0.0,"count":0,"distance":0.0,"speed":0.0},{"calorie":0.9600000381469727,"count":19,"distance":14.029999732971191,"speed":5.248194694519043},{"calorie":0.0,"count":0,"distance":0.0,"speed":0.0},{"calorie":1.4500000476837158,"count":28,"distance":19.650001525878906,"speed":4.073784828186035},{"calorie":0.46000000834465027,"count":9,"distance":6.349999904632568,"speed":3.799999952316284},{"calorie":0.0,"count":0,"distance":0.0,"speed":0.0},{"calorie":0.0,"count":0,"distance":0.0,"speed":0.0},{"calorie":0.0,"count":0,"distance":0.0,"speed":0.0},{"calorie":0.0,"count":0,"distance":0.0,"speed":0.0},{"calorie":0.0,"count":0,"distance":0.0,"speed":0.0},{"calorie":0.0,"count":0,"distance":0.0,"speed":0.0},{"calorie":0.0,"count":0,"distance":0.0,"speed":0.0},{"calorie":2.480000078678131,"count":49,"distance":35.000000953674316,"speed":4.481452465057373},{"calorie":2.85999995470047,"count":56,"distance":40.13000011444092,"speed":4.533895492553711},{"calorie":0.0,"count":0,"distance":0.0,"speed":0.0},{"calorie":3.009999543428421,"count":59,"distance":41.59999752044678,"speed":4.138829708099365},{"calorie":0.0,"count":0,"distance":0.0,"speed":0.0},{"calorie":0.0,"count":0,"distance":0.0,"speed":0.0},{"calorie":2.1500000953674316,"count":43,"distance":31.119997024536133,"speed":4.898163318634033},{"calorie":0.0,"count":0,"distance":0.0,"speed":0.0},{"calorie":0.0,"count":0,"distance":0.0,"speed":0.0},{"calorie":0.0,"count":0,"distance":0.0,"speed":0.0},{"calorie":6.549997687339783,"count":130,"distance":91.52000427246094,"speed":4.117334365844727},{"calorie":3.9799996614456177,"count":78,"distance":54.37999248504639,"speed":3.9093172550201416},{"calorie":0.0,"count":0,"distance":0.0,"speed":0.0},{"calorie":0.0,"count":0,"distance":0.0,"speed":0.0},{"calorie":0.0,"count":0,"distance":0.0,"speed":0.0},{"calorie":12.019999742507935,"count":239,"distance":168.32000160217285,"speed":4.103715419769287},{"calorie":8.06000006198883,"count":160,"distance":114.21999835968018,"speed":4.492645740509033},{"calorie":5.039999902248383,"count":99,"distance":70.60000038146973,"speed":4.395904064178467},{"calorie":0.6500000357627869,"count":13,"distance":9.619999885559082,"speed":4.7844319343566895},{"calorie":0.0,"count":0,"distance":0.0,"speed":0.0},{"calorie":9.530001252889633,"count":189,"distance":136.32001781463623,"speed":4.68034029006958},{"calorie":2.120000123977661,"count":42,"distance":30.260000228881836,"speed":4.5883612632751465},{"calorie":14.269999861717224,"count":282,"distance":198.4499969482422,"speed":3.994235038757324},{"calorie":6.619999885559082,"count":132,"distance":89.61000061035156,"speed":3.323369026184082},{"calorie":0.0,"count":0,"distance":0.0,"speed":0.0},{"calorie":0.0,"count":0,"distance":0.0,"speed":0.0},{"calorie":0.0,"count":0,"distance":0.0,"speed":0.0},{"calorie":0.0,"count":0,"distance":0.0,"speed":0.0},{"calorie":0.0,"count":0,"distance":0.0,"speed":0.0},{"calorie":0.0,"count":0,"distance":0.0,"speed":0.0},{"calorie":14.339999675750732,"count":285,"distance":199.0299949645996,"speed":3.9028539657592773},{"calorie":4.5,"count":86,"distance":62.849998474121094,"speed":4.542766571044922},{"calorie":14.039999634027481,"count":277,"distance":197.22000980377197,"speed":4.348942279815674},{"calorie":0.6000000238418579,"count":12,"distance":8.59000015258789,"speed":4.400000095367432},{"calorie":2.2300000488758087,"count":44,"distance":31.65999984741211,"speed":4.735162734985352},{"calorie":0.9000000953674316,"count":18,"distance":13.130001068115234,"speed":4.819113731384277},{"calorie":0.0,"count":0,"distance":0.0,"speed":0.0},{"calorie":0.0,"count":0,"distance":0.0,"speed":0.0},{"calorie":0.0,"count":0,"distance":0.0,"speed":0.0},{"calorie":0.8199999928474426,"count":16,"distance":11.479999542236328,"speed":4.700000286102295},{"calorie":2.7899997234344482,"count":54,"distance":37.49999952316284,"speed":3.850114107131958},{"calorie":0.0,"count":0,"distance":0.0,"speed":0.0},{"calorie":0.0,"count":0,"distance":0.0,"speed":0.0},{"calorie":0.0,"count":0,"distance":0.0,"speed":0.0},{"calorie":0.0,"count":0,"distance":0.0,"speed":0.0},{"calorie":0.0,"count":0,"distance":0.0,"speed":0.0},{"calorie":0.0,"count":0,"distance":0.0,"speed":0.0},{"calorie":0.0,"count":0,"distance":0.0,"speed":0.0}]