[{"calorie":0.0,"count":0,"distance":0.0,"speed":0.0},{"calorie":0.0,"count":0,"distance":0.0,"speed":0.0},{"calorie":0.0,"count":0,"distance":0.0,"speed":0.0},{"calorie":0.0,"count":0,"distance":0.0,"speed":0.0},{"calorie":0.0,"count":0,"distance":0.0,"speed":0.0},{"calorie":0.0,"count":0,"distance":0.0,"speed":0.0},{"calorie":0.0,"count":0,"distance":0.0,"speed":0.0},{"calorie":0.0,"count":0,"distance":0.0,"speed":0.0},{"calorie":0.0,"count":0,"distance":0.0,"speed":0.0},{"calorie":0.0,"count":0,"distance":0.0,"speed":0.0},{"calorie":0.0,"count":0,"distance":0.0,"speed":0.0},{"calorie":0.0,"count":0,"distance":0.0,"speed":0.0},{"calorie":0.0,"count":0,"distance":0.0,"speed":0.0},{"calorie":0.0,"count":0,"distance":0.0,"speed":0.0},{"calorie":0.0,"count":0,"distance":0.0,"speed":0.0},{"calorie":0.0,"count":0,"distance":0.0,"speed":0.0},{"calorie":0.0,"count":0,"distance":0.0,"speed":0.0},{"calorie":0.0,"count":0,"distance":0.0,"speed":0.0},{"calorie":0.0,"count":0,"distance":0.0,"speed":0.0},{"calorie":0.0,"count":0,"distance":0.0,"speed":0.0},{"calorie":0.0,"count":0,"distance":0.0,"speed":0.0},{"calorie":0.0,"count":0,"distance":0.0,"speed":0.0},{"calorie":0.0,"count":0,"distance":0.0,"speed":0.0},{"calorie":0.0,"count":0,"distance":0.0,"speed":0.0},{"calorie":0.0,"count":0,"distance":0.0,"speed":0.0},{"calorie":0.0,"count":0,"distance":0.0,"speed":0.0},{"calorie":0.0,"count":0,"distance":0.0,"speed":0.0},{"calorie":0.0,"count":0,"distance":0.0,"speed":0.0},{"calorie":0.0,"count":0,"distance":0.0,"speed":0.0},{"calorie":0.0,"count":0,"distance":0.0,"speed":0.0},{"calorie":0.0,"count":0,"distance":0.0,"speed":0.0},{"calorie":0.0,"count":0,"distance":0.0,"speed":0.0},{"calorie":0.0,"count":0,"distance":0.0,"speed":0.0},{"calorie":0.0,"count":0,"distance":0.0,"speed":0.0},{"calorie":0.0,"count":0,"distance":0.0,"speed":0.0},{"calorie":0.0,"count":0,"distance":0.0,"speed":0.0},{"calorie":0.0,"count":0,"distance":0.0,"speed":0.0},{"calorie":0.0,"count":0,"distance":0.0,"speed":0.0},{"calorie":0.0,"count":0,"distance":0.0,"speed":0.0},{"calorie":0.0,"count":0,"distance":0.0,"speed":0.0},{"calorie":0.0,"count":0,"distance":0.0,"speed":0.0},{"calorie":1.0,"count":17,"distance":11.360000610351562,"speed":3.128480911254883},{"calorie":4.479998886585236,"count":76,"distance":53.81998634338379,"speed":4.1125407218933105},{"calorie":3.32999911904335,"count":56,"distance":39.77999830245972,"speed":4.225785255432129},{"calorie":0.8600000143051147,"count":15,"distance":11.020001411437988,"speed":4.734690189361572},{"calorie":4.7099990248680115,"count":79,"distance":54.85000419616699,"speed":3.7365357875823975},{"calorie":15.349995911121368,"count":261,"distance":186.69998168945312,"speed":4.593496322631836},{"calorie":4.920000106096268,"count":83,"distance":59.9300000667572,"speed":4.397897720336914},{"calorie":0.8400000333786011,"count":14,"distance":9.650000095367432,"speed":3.771388530731201},{"calorie":1.4199998378753662,"count":24,"distance":16.94999885559082,"speed":4.07781457901001},{"calorie":0.0,"count":0,"distance":0.0,"speed":0.0},{"calorie":0.0,"count":0,"distance":0.0,"speed":0.0},{"calorie":0.0,"count":0,"distance":0.0,"speed":0.0},{"calorie":0.0,"count":0,"distance":0.0,"speed":0.0},{"calorie":0.0,"count":0,"distance":0.0,"speed":0.0},{"calorie":0.0,"count":0,"distance":0.0,"speed":0.0},{"calorie":0.0,"count":0,"distance":0.0,"speed":0.0},{"calorie":4.2099997997283936,"count":72,"distance":51.10000038146973,"speed":4.3620781898498535},{"calorie":9.379999607801437,"count":155,"distance":111.66999673843384,"speed":4.405776500701904},{"calorie":0.0,"count":0,"distance":0.0,"speed":0.0},{"calorie":0.4099999964237213,"count":7,"distance":4.849999904632568,"speed":3.3266525268554688},{"calorie":0.0,"count":0,"distance":0.0,"speed":0.0},{"calorie":1.919999361038208,"count":32,"distance":21.910003662109375,"speed":3.538422107696533},{"calorie":0.4699999988079071,"count":8,"distance":5.630000114440918,"speed":4.236116409301758},{"calorie":1.5399999618530273,"count":26,"distance":18.369999408721924,"speed":4.19889497756958},{"calorie":0.5400000214576721,"count":9,"distance":6.059999942779541,"speed":3.3411636352539062},{"calorie":0.0,"count":0,"distance":0.0,"speed":0.0},{"calorie":0.0,"count":0,"distance":0.0,"speed":0.0},{"calorie":17.280000299215317,"count":289,"distance":203.6299991607666,"speed":4.156825065612793},{"calorie":0.0,"count":0,"distance":0.0,"speed":0.0},{"calorie":9.99999713897705,"count":167,"distance":117.60999298095703,"speed":4.174657821655273},{"calorie":1.1300000250339508,"count":19,"distance":13.240000247955322,"speed":3.868668794631958},{"calorie":0.0,"count":0,"distance":0.0,"speed":0.0},{"calorie":3.959998607635498,"count":67,"distance":47.35000801086426,"speed":4.056973457336426},{"calorie":4.029999494552612,"count":70,"distance":49.42000198364258,"speed":4.089104175567627},{"calorie":1.1299998760223389,"count":19,"distance":13.010000228881836,"speed":3.661245107650757},{"calorie":0.0,"count":0,"distance":0.0,"speed":0.0},{"calorie":0.0,"count":0,"distance":0.0,"speed":0.0},{"calorie":0.0,"count":0,"distance":0.0,"speed":0.0},{"calorie":0.0,"count":0,"distance":0.0,"speed":0.0},{"calorie":0.0,"count":0,"distance":0.0,"speed":0.0},{"calorie":7.239999979734421,"count":121,"distance":86.74000358581543,"speed":4.811500072479248},{"calorie":0.6899999976158142,"count":12,"distance":8.609999656677246,"speed":4.400000095367432},{"calorie":0.0,"count":0,"distance":0.0,"speed":0.0},{"calorie":8.089998602867126,"count":136,"distance":95.28000164031982,"speed":4.065473556518555},{"calorie":23.209995985031128,"count":320,"distance":214.07000064849854,"speed":4.3847150802612305},{"calorie":5.509999752044678,"count":80,"distance":55.13999557495117,"speed":4.527406215667725},{"calorie":0.0,"count":0,"distance":0.0,"speed":0.0},{"calorie":0.0,"count":0,"distance":0.0,"speed":0.0},{"calorie":3.719999074935913,"count":63,"distance":44.75999355316162,"speed":4.48867654800415},{"calorie":0.0,"count":0,"distance":0.0,"speed":0.0},{"calorie":16.839996814727783,"count":247,"distance":167.38998985290527,"speed":4.621880054473877},{"calorie":0.0,"count":0,"distance":0.0,"speed":0.0},{"calorie":0.0,"count":0,"distance":0.0,"speed":0.0},{"calorie":0.47999998927116394,"count":8,"distance":5.440000057220459,"speed":3.499999761581421},{"calorie":0.0,"count":0,"distance":0.0,"speed":0.0},{"calorie":0.0,"count":0,"distance":0.0,"speed":0.0},{"calorie":2.439999967813492,"count":40,"distance":31.879998683929443,"speed":6.101467609405518},{"calorie":4.529999762773514,"count":76,"distance":53.06999969482422,"speed":4.02466344833374},{"calorie":0.0,"count":0,"distance":0.0,"speed":0.0},{"calorie":11.609997987747192,"count":195,"distance":134.87999725341797,"speed":4.094686031341553},{"calorie":5.279999941587448,"count":88,"distance":60.73999881744385,"speed":3.9452576637268066},{"calorie":2.930000066757202,"count":49,"distance":34.150001525878906,"speed":3.799999952316284},{"calorie":8.899999380111694,"count":149,"distance":103.56999492645264,"speed":4.100233554840088},{"calorie":7.3299998342990875,"count":123,"distance":86.75000143051147,"speed":4.081113338470459},{"calorie":11.719996631145477,"count":198,"distance":134.860004901886,"speed":4.334615230560303},{"calorie":0.0,"count":0,"distance":0.0,"speed":0.0},{"calorie":9.799998104572296,"count":168,"distance":120.26997661590576,"speed":4.525951385498047},{"calorie":1.8999991416931152,"count":33,"distance":23.119993209838867,"speed":3.9889447689056396},{"calorie":0.0,"count":0,"distance":0.0,"speed":0.0},{"calorie":0.0,"count":0,"distance":0.0,"speed":0.0},{"calorie":0.0,"count":0,"distance":0.0,"speed":0.0},{"calorie":1.6899999380111694,"count":30,"distance":21.510000228881836,"speed":4.535196781158447},{"calorie":0.0,"count":0,"distance":0.0,"speed":0.0},{"calorie":0.0,"count":0,"distance":0.0,"speed":0.0},{"calorie":0.0,"count":0,"distance":0.0,"speed":0.0},{"calorie":0.0,"count":0,"distance":0.0,"speed":0.0},{"calorie":0.0,"count":0,"distance":0.0,"speed":0.0},{"calorie":0.0,"count":0,"distance":0.0,"speed":0.0},{"calorie":0.0,"count":0,"distance":0.0,"speed":0.0},{"calorie":0.0,"count":0,"distance":0.0,"speed":0.0},{"calorie":0.0,"count":0,"distance":0.0,"speed":0.0},{"calorie":0.0,"count":0,"distance":0.0,"speed":0.0},{"calorie":2.940000057220459,"count":49,"distance":34.209999084472656,"speed":4.299999713897705},{"calorie":1.6999999284744263,"count":29,"distance":20.639999389648438,"speed":4.689174175262451},{"calorie":0.0,"count":0,"distance":0.0,"speed":0.0},{"calorie":0.0,"count":0,"distance":0.0,"speed":0.0},{"calorie":0.0,"count":0,"distance":0.0,"speed":0.0},{"calorie":0.0,"count":0,"distance":0.0,"speed":0.0},{"calorie":1.600000023841858,"count":27,"distance":18.31999969482422,"speed":3.586447238922119},{"calorie":0.0,"count":0,"distance":0.0,"speed":0.0},{"calorie":0.0,"count":0,"distance":0.0,"speed":0.0},{"calorie":0.9399999678134918,"count":16,"distance":11.380000114440918,"speed":4.532959938049316},{"calorie":0.0,"count":0,"distance":0.0,"speed":0.0},{"calorie":0.36000001430511475,"count":6,"distance":4.730000019073486,"speed":9.699999809265137},{"calorie":0.0,"count":0,"distance":0.0,"speed":0.0},{"calorie":0.0,"count":0,"distance":0.0,"speed":0.0},{"calorie":0.0,"count":0,"distance":0.0,"speed":0.0},{"calorie":0.0,"count":0,"distance":0.0,"speed":0.0},{"calorie":0.0,"count":0,"distance":0.0,"speed":0.0},{"calorie":0.0,"count":0,"distance":0.0,"speed":0.0},{"calorie":0.0,"count":0,"distance":0.0,"speed":0.0},{"calorie":0.0,"count":0,"distance":0.0,"speed":0.0},{"calorie":0.0,"count":0,"distance":0.0,"speed":0.0}]