[{"calorie":0.0,"count":0,"distance":0.0,"speed":0.0},{"calorie":0.0,"count":0,"distance":0.0,"speed":0.0},{"calorie":0.0,"count":0,"distance":0.0,"speed":0.0},{"calorie":0.0,"count":0,"distance":0.0,"speed":0.0},{"calorie":0.0,"count":0,"distance":0.0,"speed":0.0},{"calorie":0.0,"count":0,"distance":0.0,"speed":0.0},{"calorie":0.0,"count":0,"distance":0.0,"speed":0.0},{"calorie":0.0,"count":0,"distance":0.0,"speed":0.0},{"calorie":0.0,"count":0,"distance":0.0,"speed":0.0},{"calorie":0.0,"count":0,"distance":0.0,"speed":0.0},{"calorie":0.0,"count":0,"distance":0.0,"speed":0.0},{"calorie":0.0,"count":0,"distance":0.0,"speed":0.0},{"calorie":0.0,"count":0,"distance":0.0,"speed":0.0},{"calorie":0.0,"count":0,"distance":0.0,"speed":0.0},{"calorie":0.0,"count":0,"distance":0.0,"speed":0.0},{"calorie":0.0,"count":0,"distance":0.0,"speed":0.0},{"calorie":0.0,"count":0,"distance":0.0,"speed":0.0},{"calorie":0.0,"count":0,"distance":0.0,"speed":0.0},{"calorie":0.0,"count":0,"distance":0.0,"speed":0.0},{"calorie":0.0,"count":0,"distance":0.0,"speed":0.0},{"calorie":0.0,"count":0,"distance":0.0,"speed":0.0},{"calorie":0.0,"count":0,"distance":0.0,"speed":0.0},{"calorie":0.0,"count":0,"distance":0.0,"speed":0.0},{"calorie":0.0,"count":0,"distance":0.0,"speed":0.0},{"calorie":0.0,"count":0,"distance":0.0,"speed":0.0},{"calorie":0.0,"count":0,"distance":0.0,"speed":0.0},{"calorie":0.0,"count":0,"distance":0.0,"speed":0.0},{"calorie":0.0,"count":0,"distance":0.0,"speed":0.0},{"calorie":0.0,"count":0,"distance":0.0,"speed":0.0},{"calorie":0.0,"count":0,"distance":0.0,"speed":0.0},{"calorie":0.0,"count":0,"distance":0.0,"speed":0.0},{"calorie":0.0,"count":0,"distance":0.0,"speed":0.0},{"calorie":0.0,"count":0,"distance":0.0,"speed":0.0},{"calorie":0.0,"count":0,"distance":0.0,"speed":0.0},{"calorie":0.0,"count":0,"distance":0.0,"speed":0.0},{"calorie":0.0,"count":0,"distance":0.0,"speed":0.0},{"calorie":0.0,"count":0,"distance":0.0,"speed":0.0},{"calorie":0.0,"count":0,"distance":0.0,"speed":0.0},{"calorie":0.0,"count":0,"distance":0.0,"speed":0.0},{"calorie":0.0,"count":0,"distance":0.0,"speed":0.0},{"calorie":0.0,"count":0,"distance":0.0,"speed":0.0},{"calorie":0.0,"count":0,"distance":0.0,"speed":0.0},{"calorie":0.0,"count":0,"distance":0.0,"speed":0.0},{"calorie":0.0,"count":0,"distance":0.0,"speed":0.0},{"calorie":0.0,"count":0,"distance":0.0,"speed":0.0},{"calorie":0.0,"count":0,"distance":0.0,"speed":0.0},{"calorie":0.0,"count":0,"distance":0.0,"speed":0.0},{"calorie":0.5299999713897705,"count":18,"distance":11.59999942779541,"speed":3.065397262573242},{"calorie":3.439999371767044,"count":123,"distance":83.86000442504883,"speed":4.010458469390869},{"calorie":1.050000011920929,"count":39,"distance":26.389999389648438,"speed":4.0432353019714355},{"calorie":1.2600000202655792,"count":45,"distance":31.179999351501465,"speed":4.51608943939209},{"calorie":1.2599997520446777,"count":47,"distance":31.66000270843506,"speed":3.894868850708008},{"calorie":1.059999942779541,"count":38,"distance":25.559999465942383,"speed":3.799999952316284},{"calorie":0.0,"count":0,"distance":0.0,"speed":0.0},{"calorie":0.0,"count":0,"distance":0.0,"speed":0.0},{"calorie":3.5899999141693115,"count":128,"distance":88.15999984741211,"speed":4.310498237609863},{"calorie":6.419999986886978,"count":233,"distance":158.2400016784668,"speed":4.151717185974121},{"calorie":4.01999968290329,"count":140,"distance":93.49999618530273,"speed":3.7778067588806152},{"calorie":6.499999701976776,"count":228,"distance":155.899995803833,"speed":4.196122646331787},{"calorie":8.419999420642853,"count":294,"distance":204.58000373840332,"speed":4.63414192199707},{"calorie":2.0199999809265137,"count":73,"distance":48.80000114440918,"speed":3.7874956130981445},{"calorie":0.8299999833106995,"count":30,"distance":20.110000610351562,"speed":3.799999952316284},{"calorie":6.920000161975622,"count":239,"distance":165.6599966287613,"speed":4.442333698272705},{"calorie":3.2499999701976776,"count":115,"distance":79.01000022888184,"speed":4.313650131225586},{"calorie":1.0600000023841858,"count":40,"distance":27.589999675750732,"speed":4.770392894744873},{"calorie":2.4199999272823334,"count":87,"distance":60.28999996185303,"speed":4.388869762420654},{"calorie":7.220000088214874,"count":252,"distance":172.3600025177002,"speed":4.111256122589111},{"calorie":4.5,"count":154,"distance":104.48999977111816,"speed":4.003996849060059},{"calorie":3.3799999356269836,"count":123,"distance":82.89999961853027,"speed":3.8938112258911133},{"calorie":1.4200000166893005,"count":52,"distance":35.299999713897705,"speed":4.0071539878845215},{"calorie":1.7199997305870056,"count":65,"distance":44.17000198364258,"speed":4.176619529724121},{"calorie":4.029999792575836,"count":150,"distance":102.25000095367432,"speed":4.241565227508545},{"calorie":3.190000057220459,"count":114,"distance":78.79000043869019,"speed":4.361461639404297},{"calorie":1.7699997425079346,"count":62,"distance":42.92000198364258,"speed":4.488922119140625},{"calorie":0.0,"count":0,"distance":0.0,"speed":0.0},{"calorie":0.0,"count":0,"distance":0.0,"speed":0.0},{"calorie":0.0,"count":0,"distance":0.0,"speed":0.0},{"calorie":0.0,"count":0,"distance":0.0,"speed":0.0},{"calorie":0.0,"count":0,"distance":0.0,"speed":0.0},{"calorie":0.0,"count":0,"distance":0.0,"speed":0.0},{"calorie":1.2899999618530273,"count":45,"distance":31.06999969482422,"speed":4.400000095367432},{"calorie":2.340000033378601,"count":82,"distance":56.15999984741211,"speed":3.9221115112304688},{"calorie":0.0,"count":0,"distance":0.0,"speed":0.0},{"calorie":0.5700000077486038,"count":20,"distance":13.28999948501587,"speed":3.576793670654297},{"calorie":6.909999668598175,"count":241,"distance":162.13000679016113,"speed":3.829423427581787},{"calorie":3.679999500513077,"count":133,"distance":90.73999738693237,"speed":4.040561676025391},{"calorie":4.410000022500753,"count":155,"distance":107.09999978542328,"speed":4.27675199508667},{"calorie":3.2299999445676804,"count":116,"distance":80.72999811172485,"speed":4.754952430725098},{"calorie":7.609998494386673,"count":262,"distance":182.1699981689453,"speed":4.5922722816467285},{"calorie":0.25,"count":9,"distance":5.96999979019165,"speed":3.799999475479126},{"calorie":0.0,"count":0,"distance":0.0,"speed":0.0},{"calorie":0.0,"count":0,"distance":0.0,"speed":0.0},{"calorie":0.0,"count":0,"distance":0.0,"speed":0.0},{"calorie":0.0,"count":0,"distance":0.0,"speed":0.0},{"calorie":0.0,"count":0,"distance":0.0,"speed":0.0},{"calorie":3.9099999964237213,"count":136,"distance":94.15999698638916,"speed":4.358982086181641},{"calorie":2.9899998903274536,"count":105,"distance":72.21999549865723,"speed":4.299822807312012},{"calorie":3.090000033378601,"count":116,"distance":80.10999965667725,"speed":4.627938270568848},{"calorie":2.1999999843537807,"count":80,"distance":54.78000009059906,"speed":4.309206485748291},{"calorie":1.3400000035762787,"count":49,"distance":33.579999923706055,"speed":4.219683647155762},{"calorie":0.27000001072883606,"count":10,"distance":6.989999771118164,"speed":4.700000286102295},{"calorie":0.0,"count":0,"distance":0.0,"speed":0.0},{"calorie":1.9900000393390656,"count":72,"distance":48.84999942779541,"speed":4.02885627746582},{"calorie":1.6100000441074371,"count":58,"distance":39.390000343322754,"speed":4.1334075927734375},{"calorie":0.0,"count":0,"distance":0.0,"speed":0.0},{"calorie":0.47999998927116394,"count":18,"distance":12.289999961853027,"speed":4.199999809265137},{"calorie":0.0,"count":0,"distance":0.0,"speed":0.0},{"calorie":0.33000001311302185,"count":13,"distance":9.0,"speed":4.392168998718262},{"calorie":1.159999966621399,"count":42,"distance":28.22000026702881,"speed":3.935173749923706},{"calorie":5.029999956488609,"count":178,"distance":121.23999881744385,"speed":4.109541416168213},{"calorie":6.239999920129776,"count":219,"distance":149.47999906539917,"speed":4.293733596801758},{"calorie":7.600000023841858,"count":268,"distance":180.51999950408936,"speed":3.881986618041992},{"calorie":2.5799999237060547,"count":88,"distance":60.20000076293945,"speed":4.231606483459473},{"calorie":4.10999995470047,"count":143,"distance":97.3199987411499,"speed":4.043652057647705},{"calorie":2.349999964237213,"count":84,"distance":56.11999702453613,"speed":3.7085177898406982},{"calorie":0.0,"count":0,"distance":0.0,"speed":0.0},{"calorie":0.0,"count":0,"distance":0.0,"speed":0.0},{"calorie":2.7300000190734863,"count":98,"distance":65.69999885559082,"speed":3.722151756286621},{"calorie":3.25,"count":109,"distance":73.23999977111816,"speed":4.183285236358643},{"calorie":0.0,"count":0,"distance":0.0,"speed":0.0},{"calorie":0.0,"count":0,"distance":0.0,"speed":0.0},{"calorie":4.610000133514404,"count":157,"distance":107.08000183105469,"speed":4.150181770324707},{"calorie":7.0599983017891645,"count":239,"distance":160.4699918627739,"speed":3.7434723377227783},{"calorie":0.7800000011920929,"count":28,"distance":19.40999984741211,"speed":4.0930280685424805},{"calorie":0.0,"count":0,"distance":0.0,"speed":0.0},{"calorie":0.0,"count":0,"distance":0.0,"speed":0.0},{"calorie":1.8100000023841858,"count":64,"distance":44.040000915527344,"speed":4.199999809265137},{"calorie":0.0,"count":0,"distance":0.0,"speed":0.0},{"calorie":0.0,"count":0,"distance":0.0,"speed":0.0},{"calorie":0.0,"count":0,"distance":0.0,"speed":0.0},{"calorie":0.0,"count":0,"distance":0.0,"speed":0.0},{"calorie":0.0,"count":0,"distance":0.0,"speed":0.0},{"calorie":0.0,"count":0,"distance":0.0,"speed":0.0},{"calorie":0.0,"count":0,"distance":0.0,"speed":0.0},{"calorie":0.0,"count":0,"distance":0.0,"speed":0.0},{"calorie":0.0,"count":0,"distance":0.0,"speed":0.0},{"calorie":0.0,"count":0,"distance":0.0,"speed":0.0},{"calorie":0.3100000023841858,"count":11,"distance":7.350000381469727,"speed":3.8537769317626953},{"calorie":0.0,"count":0,"distance":0.0,"speed":0.0},{"calorie":0.0,"count":0,"distance":0.0,"speed":0.0},{"calorie":0.0,"count":0,"distance":0.0,"speed":0.0},{"calorie":0.0,"count":0,"distance":0.0,"speed":0.0},{"calorie":0.0,"count":0,"distance":0.0,"speed":0.0},{"calorie":0.1899999976158142,"count":7,"distance":4.539999961853027,"speed":3.200000047683716}]