[{"calorie":0.0,"count":0,"distance":0.0,"speed":0.0},{"calorie":0.0,"count":0,"distance":0.0,"speed":0.0},{"calorie":0.0,"count":0,"distance":0.0,"speed":0.0},{"calorie":0.0,"count":0,"distance":0.0,"speed":0.0},{"calorie":0.0,"count":0,"distance":0.0,"speed":0.0},{"calorie":0.0,"count":0,"distance":0.0,"speed":0.0},{"calorie":0.0,"count":0,"distance":0.0,"speed":0.0},{"calorie":0.0,"count":0,"distance":0.0,"speed":0.0},{"calorie":0.0,"count":0,"distance":0.0,"speed":0.0},{"calorie":0.0,"count":0,"distance":0.0,"speed":0.0},{"calorie":0.0,"count":0,"distance":0.0,"speed":0.0},{"calorie":0.0,"count":0,"distance":0.0,"speed":0.0},{"calorie":0.0,"count":0,"distance":0.0,"speed":0.0},{"calorie":0.0,"count":0,"distance":0.0,"speed":0.0},{"calorie":0.0,"count":0,"distance":0.0,"speed":0.0},{"calorie":0.0,"count":0,"distance":0.0,"speed":0.0},{"calorie":0.0,"count":0,"distance":0.0,"speed":0.0},{"calorie":0.0,"count":0,"distance":0.0,"speed":0.0},{"calorie":0.0,"count":0,"distance":0.0,"speed":0.0},{"calorie":0.0,"count":0,"distance":0.0,"speed":0.0},{"calorie":0.0,"count":0,"distance":0.0,"speed":0.0},{"calorie":0.0,"count":0,"distance":0.0,"speed":0.0},{"calorie":0.0,"count":0,"distance":0.0,"speed":0.0},{"calorie":0.0,"count":0,"distance":0.0,"speed":0.0},{"calorie":0.0,"count":0,"distance":0.0,"speed":0.0},{"calorie":0.0,"count":0,"distance":0.0,"speed":0.0},{"calorie":0.0,"count":0,"distance":0.0,"speed":0.0},{"calorie":0.0,"count":0,"distance":0.0,"speed":0.0},{"calorie":0.0,"count":0,"distance":0.0,"speed":0.0},{"calorie":0.0,"count":0,"distance":0.0,"speed":0.0},{"calorie":0.0,"count":0,"distance":0.0,"speed":0.0},{"calorie":0.0,"count":0,"distance":0.0,"speed":0.0},{"calorie":0.0,"count":0,"distance":0.0,"speed":0.0},{"calorie":0.0,"count":0,"distance":0.0,"speed":0.0},{"calorie":0.0,"count":0,"distance":0.0,"speed":0.0},{"calorie":0.0,"count":0,"distance":0.0,"speed":0.0},{"calorie":0.0,"count":0,"distance":0.0,"speed":0.0},{"calorie":0.0,"count":0,"distance":0.0,"speed":0.0},{"calorie":0.0,"count":0,"distance":0.0,"speed":0.0},{"calorie":0.0,"count":0,"distance":0.0,"speed":0.0},{"calorie":4.579999327659607,"count":80,"distance":55.95999622344971,"speed":4.0988640785217285},{"calorie":12.12999713420868,"count":187,"distance":129.2100124359131,"speed":4.203831195831299},{"calorie":4.049999952316284,"count":69,"distance":49.619998931884766,"speed":4.549156188964844},{"calorie":0.0,"count":0,"distance":0.0,"speed":0.0},{"calorie":11.649993896484375,"count":197,"distance":141.21998977661133,"speed":4.535091400146484},{"calorie":0.0,"count":0,"distance":0.0,"speed":0.0},{"calorie":0.0,"count":0,"distance":0.0,"speed":0.0},{"calorie":10.009998083114624,"count":169,"distance":121.35998439788818,"speed":4.468631744384766},{"calorie":1.4699999652802944,"count":25,"distance":17.910000324249268,"speed":4.517230033874512},{"calorie":6.259999573230743,"count":106,"distance":75.37000274658203,"speed":4.281735420227051},{"calorie":0.0,"count":0,"distance":0.0,"speed":0.0},{"calorie":0.0,"count":0,"distance":0.0,"speed":0.0},{"calorie":0.0,"count":0,"distance":0.0,"speed":0.0},{"calorie":2.2099997997283936,"count":37,"distance":25.3700008392334,"speed":3.583052396774292},{"calorie":2.5700000524520874,"count":45,"distance":31.6899995803833,"speed":4.2575178146362305},{"calorie":0.0,"count":0,"distance":0.0,"speed":0.0},{"calorie":1.6199999451637268,"count":27,"distance":18.390000343322754,"speed":3.535412073135376},{"calorie":0.0,"count":0,"distance":0.0,"speed":0.0},{"calorie":0.0,"count":0,"distance":0.0,"speed":0.0},{"calorie":4.019999980926514,"count":68,"distance":48.47999858856201,"speed":4.226683139801025},{"calorie":0.0,"count":0,"distance":0.0,"speed":0.0},{"calorie":0.0,"count":0,"distance":0.0,"speed":0.0},{"calorie":0.0,"count":0,"distance":0.0,"speed":0.0},{"calorie":0.0,"count":0,"distance":0.0,"speed":0.0},{"calorie":0.0,"count":0,"distance":0.0,"speed":0.0},{"calorie":0.0,"count":0,"distance":0.0,"speed":0.0},{"calorie":6.330000042915344,"count":83,"distance":52.71999931335449,"speed":4.178194522857666},{"calorie":15.869998514652252,"count":269,"distance":186.7199993133545,"speed":4.547092437744141},{"calorie":0.0,"count":0,"distance":0.0,"speed":0.0},{"calorie":0.0,"count":0,"distance":0.0,"speed":0.0},{"calorie":10.539999604225159,"count":177,"distance":125.15999984741211,"speed":4.149456977844238},{"calorie":0.0,"count":0,"distance":0.0,"speed":0.0},{"calorie":4.459999322891235,"count":77,"distance":55.0,"speed":4.268106937408447},{"calorie":1.3099998235702515,"count":21,"distance":14.389999389648438,"speed":4.171055316925049},{"calorie":0.0,"count":0,"distance":0.0,"speed":0.0},{"calorie":6.360000014305115,"count":82,"distance":52.660000801086426,"speed":3.9969170093536377},{"calorie":3.1699981689453125,"count":54,"distance":32.2500114440918,"speed":4.2245283126831055},{"calorie":6.689999878406525,"count":113,"distance":80.96000099182129,"speed":4.517224311828613},{"calorie":0.0,"count":0,"distance":0.0,"speed":0.0},{"calorie":0.0,"count":0,"distance":0.0,"speed":0.0},{"calorie":0.0,"count":0,"distance":0.0,"speed":0.0},{"calorie":0.0,"count":0,"distance":0.0,"speed":0.0},{"calorie":0.0,"count":0,"distance":0.0,"speed":0.0},{"calorie":0.7299999892711639,"count":12,"distance":8.230000019073486,"speed":3.718862295150757},{"calorie":0.0,"count":0,"distance":0.0,"speed":0.0},{"calorie":0.8299999833106995,"count":14,"distance":9.919999122619629,"speed":4.184997081756592},{"calorie":0.0,"count":0,"distance":0.0,"speed":0.0},{"calorie":0.0,"count":0,"distance":0.0,"speed":0.0},{"calorie":0.0,"count":0,"distance":0.0,"speed":0.0},{"calorie":0.0,"count":0,"distance":0.0,"speed":0.0},{"calorie":0.0,"count":0,"distance":0.0,"speed":0.0},{"calorie":0.0,"count":0,"distance":0.0,"speed":0.0},{"calorie":0.0,"count":0,"distance":0.0,"speed":0.0},{"calorie":0.0,"count":0,"distance":0.0,"speed":0.0},{"calorie":0.0,"count":0,"distance":0.0,"speed":0.0},{"calorie":0.0,"count":0,"distance":0.0,"speed":0.0},{"calorie":0.0,"count":0,"distance":0.0,"speed":0.0},{"calorie":5.140000104904175,"count":87,"distance":62.59000015258789,"speed":4.594419479370117},{"calorie":4.5,"count":76,"distance":53.8100004196167,"speed":4.202579021453857},{"calorie":2.490000009536743,"count":42,"distance":29.759999752044678,"speed":4.420962810516357},{"calorie":0.0,"count":0,"distance":0.0,"speed":0.0},{"calorie":1.1999998092651367,"count":20,"distance":13.90000057220459,"speed":3.7298200130462646},{"calorie":14.889998316764832,"count":251,"distance":176.57000398635864,"speed":4.044722557067871},{"calorie":0.0,"count":0,"distance":0.0,"speed":0.0},{"calorie":10.019996255636215,"count":166,"distance":117.88998317718506,"speed":4.6603217124938965},{"calorie":3.119999885559082,"count":56,"distance":40.11000061035156,"speed":4.5817155838012695},{"calorie":0.0,"count":0,"distance":0.0,"speed":0.0},{"calorie":1.180000051856041,"count":22,"distance":15.910001039505005,"speed":4.797807693481445},{"calorie":0.0,"count":0,"distance":0.0,"speed":0.0},{"calorie":0.0,"count":0,"distance":0.0,"speed":0.0},{"calorie":0.8899999856948853,"count":15,"distance":10.4399995803833,"speed":3.799999475479126},{"calorie":0.8199999928474426,"count":14,"distance":10.0,"speed":4.289626598358154},{"calorie":0.0,"count":0,"distance":0.0,"speed":0.0},{"calorie":0.0,"count":0,"distance":0.0,"speed":0.0},{"calorie":0.0,"count":0,"distance":0.0,"speed":0.0},{"calorie":0.0,"count":0,"distance":0.0,"speed":0.0},{"calorie":3.859999656677246,"count":65,"distance":46.0,"speed":4.1834635734558105},{"calorie":0.0,"count":0,"distance":0.0,"speed":0.0},{"calorie":12.509999752044678,"count":182,"distance":121.93999671936035,"speed":4.23341178894043},{"calorie":0.800000011920929,"count":14,"distance":9.970000267028809,"speed":4.099999904632568},{"calorie":7.7099995613098145,"count":130,"distance":91.97999572753906,"speed":4.314239978790283},{"calorie":0.0,"count":0,"distance":0.0,"speed":0.0},{"calorie":0.0,"count":0,"distance":0.0,"speed":0.0},{"calorie":0.0,"count":0,"distance":0.0,"speed":0.0},{"calorie":0.699999988079071,"count":12,"distance":8.270000457763672,"speed":3.5999996662139893},{"calorie":0.0,"count":0,"distance":0.0,"speed":0.0},{"calorie":7.340000033378601,"count":124,"distance":87.23999881744385,"speed":4.170921802520752},{"calorie":0.0,"count":0,"distance":0.0,"speed":0.0},{"calorie":2.0299999713897705,"count":34,"distance":23.790000915527344,"speed":4.199999809265137},{"calorie":0.0,"count":0,"distance":0.0,"speed":0.0},{"calorie":12.52999722957611,"count":206,"distance":144.14997959136963,"speed":4.110262870788574},{"calorie":0.0,"count":0,"distance":0.0,"speed":0.0},{"calorie":3.349999189376831,"count":58,"distance":42.309993743896484,"speed":4.83212947845459},{"calorie":0.0,"count":0,"distance":0.0,"speed":0.0},{"calorie":4.3999998569488525,"count":74,"distance":51.709999561309814,"speed":3.963170289993286},{"calorie":25.3599910736084,"count":426,"distance":296.57999420166016,"speed":3.984098196029663},{"calorie":6.710000038146973,"count":112,"distance":79.3499984741211,"speed":4.7609992027282715},{"calorie":15.889999747276306,"count":266,"distance":187.97999954223633,"speed":4.152714252471924},{"calorie":0.0,"count":0,"distance":0.0,"speed":0.0},{"calorie":0.0,"count":0,"distance":0.0,"speed":0.0},{"calorie":0.0,"count":0,"distance":0.0,"speed":0.0},{"calorie":0.0,"count":0,"distance":0.0,"speed":0.0},{"calorie":0.0,"count":0,"distance":0.0,"speed":0.0},{"calorie":0.0,"count":0,"distance":0.0,"speed":0.0}]