[{"calorie":0.0,"count":0,"distance":0.0,"speed":0.0},{"calorie":0.0,"count":0,"distance":0.0,"speed":0.0},{"calorie":0.0,"count":0,"distance":0.0,"speed":0.0},{"calorie":0.0,"count":0,"distance":0.0,"speed":0.0},{"calorie":0.0,"count":0,"distance":0.0,"speed":0.0},{"calorie":0.0,"count":0,"distance":0.0,"speed":0.0},{"calorie":0.0,"count":0,"distance":0.0,"speed":0.0},{"calorie":0.0,"count":0,"distance":0.0,"speed":0.0},{"calorie":0.0,"count":0,"distance":0.0,"speed":0.0},{"calorie":0.0,"count":0,"distance":0.0,"speed":0.0},{"calorie":0.0,"count":0,"distance":0.0,"speed":0.0},{"calorie":0.0,"count":0,"distance":0.0,"speed":0.0},{"calorie":0.0,"count":0,"distance":0.0,"speed":0.0},{"calorie":0.0,"count":0,"distance":0.0,"speed":0.0},{"calorie":0.0,"count":0,"distance":0.0,"speed":0.0},{"calorie":0.0,"count":0,"distance":0.0,"speed":0.0},{"calorie":0.0,"count":0,"distance":0.0,"speed":0.0},{"calorie":0.0,"count":0,"distance":0.0,"speed":0.0},{"calorie":0.0,"count":0,"distance":0.0,"speed":0.0},{"calorie":0.0,"count":0,"distance":0.0,"speed":0.0},{"calorie":0.0,"count":0,"distance":0.0,"speed":0.0},{"calorie":0.0,"count":0,"distance":0.0,"speed":0.0},{"calorie":0.0,"count":0,"distance":0.0,"speed":0.0},{"calorie":0.0,"count":0,"distance":0.0,"speed":0.0},{"calorie":0.0,"count":0,"distance":0.0,"speed":0.0},{"calorie":0.0,"count":0,"distance":0.0,"speed":0.0},{"calorie":0.0,"count":0,"distance":0.0,"speed":0.0},{"calorie":0.0,"count":0,"distance":0.0,"speed":0.0},{"calorie":0.0,"count":0,"distance":0.0,"speed":0.0},{"calorie":0.0,"count":0,"distance":0.0,"speed":0.0},{"calorie":0.0,"count":0,"distance":0.0,"speed":0.0},{"calorie":0.0,"count":0,"distance":0.0,"speed":0.0},{"calorie":0.0,"count":0,"distance":0.0,"speed":0.0},{"calorie":0.0,"count":0,"distance":0.0,"speed":0.0},{"calorie":0.0,"count":0,"distance":0.0,"speed":0.0},{"calorie":0.0,"count":0,"distance":0.0,"speed":0.0},{"calorie":0.8699997663497925,"count":27,"distance":19.40999984741211,"speed":3.745875120162964},{"calorie":0.0,"count":0,"distance":0.0,"speed":0.0},{"calorie":6.389997780323029,"count":212,"distance":160.2500114440918,"speed":4.752852439880371},{"calorie":0.0,"count":0,"distance":0.0,"speed":0.0},{"calorie":0.0,"count":0,"distance":0.0,"speed":0.0},{"calorie":0.0,"count":0,"distance":0.0,"speed":0.0},{"calorie":0.0,"count":0,"distance":0.0,"speed":0.0},{"calorie":3.679999887943268,"count":119,"distance":88.60000038146973,"speed":4.432829856872559},{"calorie":2.9000000655651093,"count":94,"distance":70.80999946594238,"speed":4.811565399169922},{"calorie":0.0,"count":0,"distance":0.0,"speed":0.0},{"calorie":1.3699993938207626,"count":44,"distance":31.87999677658081,"speed":3.896094799041748},{"calorie":0.3799999952316284,"count":12,"distance":8.960000038146973,"speed":4.374288082122803},{"calorie":1.199999988079071,"count":38,"distance":29.09000015258789,"speed":5.064589977264404},{"calorie":0.0,"count":0,"distance":0.0,"speed":0.0},{"calorie":0.0,"count":0,"distance":0.0,"speed":0.0},{"calorie":0.0,"count":0,"distance":0.0,"speed":0.0},{"calorie":3.779998779296875,"count":122,"distance":90.84997653961182,"speed":4.428452014923096},{"calorie":0.3499999940395355,"count":11,"distance":8.209999799728394,"speed":4.478693962097168},{"calorie":0.0,"count":0,"distance":0.0,"speed":0.0},{"calorie":2.409999966621399,"count":77,"distance":58.17000102996826,"speed":4.608959197998047},{"calorie":2.3199999928474426,"count":73,"distance":53.52999973297119,"speed":3.7759218215942383},{"calorie":0.0,"count":0,"distance":0.0,"speed":0.0},{"calorie":0.8500000238418579,"count":27,"distance":20.219999313354492,"speed":4.700000286102295},{"calorie":0.7599999904632568,"count":24,"distance":17.90999984741211,"speed":4.799999713897705},{"calorie":4.169999957084656,"count":132,"distance":97.24000072479248,"speed":4.155632495880127},{"calorie":3.3799999058246613,"count":105,"distance":77.30999946594238,"speed":4.22536563873291},{"calorie":2.100000051781535,"count":67,"distance":50.57999920845032,"speed":4.8084235191345215},{"calorie":2.889999747276306,"count":97,"distance":74.06000328063965,"speed":5.126102924346924},{"calorie":0.0,"count":0,"distance":0.0,"speed":0.0},{"calorie":1.4699997901916504,"count":47,"distance":34.589996337890625,"speed":4.299533843994141},{"calorie":6.289999902248383,"count":200,"distance":145.40000247955322,"speed":3.9337878227233887},{"calorie":2.2299997806549072,"count":73,"distance":55.11000061035156,"speed":4.77738618850708},{"calorie":1.1399999856948853,"count":37,"distance":27.130000114440918,"speed":3.9982776641845703},{"calorie":0.0,"count":0,"distance":0.0,"speed":0.0},{"calorie":0.0,"count":0,"distance":0.0,"speed":0.0},{"calorie":0.0,"count":0,"distance":0.0,"speed":0.0},{"calorie":0.0,"count":0,"distance":0.0,"speed":0.0},{"calorie":1.1599997282028198,"count":37,"distance":27.18999481201172,"speed":4.209115982055664},{"calorie":0.0,"count":0,"distance":0.0,"speed":0.0},{"calorie":0.0,"count":0,"distance":0.0,"speed":0.0},{"calorie":0.0,"count":0,"distance":0.0,"speed":0.0},{"calorie":0.0,"count":0,"distance":0.0,"speed":0.0},{"calorie":0.0,"count":0,"distance":0.0,"speed":0.0},{"calorie":0.0,"count":0,"distance":0.0,"speed":0.0},{"calorie":0.0,"count":0,"distance":0.0,"speed":0.0},{"calorie":0.0,"count":0,"distance":0.0,"speed":0.0},{"calorie":0.0,"count":0,"distance":0.0,"speed":0.0},{"calorie":0.0,"count":0,"distance":0.0,"speed":0.0},{"calorie":0.0,"count":0,"distance":0.0,"speed":0.0},{"calorie":0.0,"count":0,"distance":0.0,"speed":0.0},{"calorie":0.0,"count":0,"distance":0.0,"speed":0.0},{"calorie":0.5199999809265137,"count":16,"distance":11.69999885559082,"speed":4.099695205688477},{"calorie":0.3799999952316284,"count":12,"distance":8.930000305175781,"speed":4.900000095367432},{"calorie":0.9600000232458115,"count":30,"distance":22.109999656677246,"speed":4.3231520652771},{"calorie":0.0,"count":0,"distance":0.0,"speed":0.0},{"calorie":0.0,"count":0,"distance":0.0,"speed":0.0},{"calorie":0.0,"count":0,"distance":0.0,"speed":0.0},{"calorie":0.0,"count":0,"distance":0.0,"speed":0.0},{"calorie":0.0,"count":0,"distance":0.0,"speed":0.0},{"calorie":1.2499999850988388,"count":40,"distance":29.53000020980835,"speed":4.400000095367432},{"calorie":1.2499994039535522,"count":40,"distance":30.020004272460938,"speed":4.576355457305908},{"calorie":0.0,"count":0,"distance":0.0,"speed":0.0},{"calorie":0.0,"count":0,"distance":0.0,"speed":0.0},{"calorie":0.0,"count":0,"distance":0.0,"speed":0.0},{"calorie":0.0,"count":0,"distance":0.0,"speed":0.0},{"calorie":0.0,"count":0,"distance":0.0,"speed":0.0},{"calorie":3.7999998927116394,"count":123,"distance":91.19999980926514,"speed":4.374441623687744},{"calorie":1.549999713897705,"count":51,"distance":37.89999008178711,"speed":4.392021656036377},{"calorie":0.0,"count":0,"distance":0.0,"speed":0.0},{"calorie":0.0,"count":0,"distance":0.0,"speed":0.0},{"calorie":0.0,"count":0,"distance":0.0,"speed":0.0},{"calorie":3.0100000500679016,"count":91,"distance":70.16999912261963,"speed":4.417055130004883},{"calorie":0.0,"count":0,"distance":0.0,"speed":0.0},{"calorie":0.0,"count":0,"distance":0.0,"speed":0.0},{"calorie":0.0,"count":0,"distance":0.0,"speed":0.0},{"calorie":0.0,"count":0,"distance":0.0,"speed":0.0},{"calorie":0.0,"count":0,"distance":0.0,"speed":0.0},{"calorie":0.0,"count":0,"distance":0.0,"speed":0.0},{"calorie":0.0,"count":0,"distance":0.0,"speed":0.0},{"calorie":0.0,"count":0,"distance":0.0,"speed":0.0},{"calorie":0.0,"count":0,"distance":0.0,"speed":0.0},{"calorie":0.0,"count":0,"distance":0.0,"speed":0.0},{"calorie":2.869998872280121,"count":92,"distance":68.48000526428223,"speed":4.506174087524414},{"calorie":0.0,"count":0,"distance":0.0,"speed":0.0},{"calorie":0.0,"count":0,"distance":0.0,"speed":0.0},{"calorie":3.009998843073845,"count":100,"distance":73.81001138687134,"speed":4.276547431945801},{"calorie":0.0,"count":0,"distance":0.0,"speed":0.0},{"calorie":0.0,"count":0,"distance":0.0,"speed":0.0},{"calorie":0.0,"count":0,"distance":0.0,"speed":0.0},{"calorie":0.0,"count":0,"distance":0.0,"speed":0.0},{"calorie":0.0,"count":0,"distance":0.0,"speed":0.0},{"calorie":0.0,"count":0,"distance":0.0,"speed":0.0},{"calorie":1.5999999642372131,"count":52,"distance":39.02000045776367,"speed":4.428888320922852},{"calorie":0.0,"count":0,"distance":0.0,"speed":0.0},{"calorie":0.0,"count":0,"distance":0.0,"speed":0.0},{"calorie":0.0,"count":0,"distance":0.0,"speed":0.0},{"calorie":0.0,"count":0,"distance":0.0,"speed":0.0},{"calorie":0.0,"count":0,"distance":0.0,"speed":0.0},{"calorie":0.0,"count":0,"distance":0.0,"speed":0.0},{"calorie":0.0,"count":0,"distance":0.0,"speed":0.0},{"calorie":0.0,"count":0,"distance":0.0,"speed":0.0},{"calorie":0.0,"count":0,"distance":0.0,"speed":0.0},{"calorie":0.0,"count":0,"distance":0.0,"speed":0.0},{"calorie":0.0,"count":0,"distance":0.0,"speed":0.0},{"calorie":0.0,"count":0,"distance":0.0,"speed":0.0},{"calorie":0.0,"count":0,"distance":0.0,"speed":0.0},{"calorie":0.0,"count":0,"distance":0.0,"speed":0.0},{"calorie":0.0,"count":0,"distance":0.0,"speed":0.0}]