[{"calorie":0.0,"count":0,"distance":0.0,"speed":0.0},{"calorie":0.0,"count":0,"distance":0.0,"speed":0.0},{"calorie":0.0,"count":0,"distance":0.0,"speed":0.0},{"calorie":0.0,"count":0,"distance":0.0,"speed":0.0},{"calorie":0.0,"count":0,"distance":0.0,"speed":0.0},{"calorie":0.0,"count":0,"distance":0.0,"speed":0.0},{"calorie":0.0,"count":0,"distance":0.0,"speed":0.0},{"calorie":0.0,"count":0,"distance":0.0,"speed":0.0},{"calorie":0.0,"count":0,"distance":0.0,"speed":0.0},{"calorie":0.0,"count":0,"distance":0.0,"speed":0.0},{"calorie":0.0,"count":0,"distance":0.0,"speed":0.0},{"calorie":0.0,"count":0,"distance":0.0,"speed":0.0},{"calorie":0.0,"count":0,"distance":0.0,"speed":0.0},{"calorie":0.0,"count":0,"distance":0.0,"speed":0.0},{"calorie":0.0,"count":0,"distance":0.0,"speed":0.0},{"calorie":0.0,"count":0,"distance":0.0,"speed":0.0},{"calorie":0.0,"count":0,"distance":0.0,"speed":0.0},{"calorie":0.0,"count":0,"distance":0.0,"speed":0.0},{"calorie":0.0,"count":0,"distance":0.0,"speed":0.0},{"calorie":0.0,"count":0,"distance":0.0,"speed":0.0},{"calorie":0.0,"count":0,"distance":0.0,"speed":0.0},{"calorie":0.0,"count":0,"distance":0.0,"speed":0.0},{"calorie":0.0,"count":0,"distance":0.0,"speed":0.0},{"calorie":0.0,"count":0,"distance":0.0,"speed":0.0},{"calorie":0.0,"count":0,"distance":0.0,"speed":0.0},{"calorie":0.0,"count":0,"distance":0.0,"speed":0.0},{"calorie":0.0,"count":0,"distance":0.0,"speed":0.0},{"calorie":0.0,"count":0,"distance":0.0,"speed":0.0},{"calorie":0.0,"count":0,"distance":0.0,"speed":0.0},{"calorie":0.0,"count":0,"distance":0.0,"speed":0.0},{"calorie":0.0,"count":0,"distance":0.0,"speed":0.0},{"calorie":0.0,"count":0,"distance":0.0,"speed":0.0},{"calorie":0.0,"count":0,"distance":0.0,"speed":0.0},{"calorie":0.7999999970197678,"count":25,"distance":17.860000133514404,"speed":3.504513740539551},{"calorie":0.0,"count":0,"distance":0.0,"speed":0.0},{"calorie":0.0,"count":0,"distance":0.0,"speed":0.0},{"calorie":0.0,"count":0,"distance":0.0,"speed":0.0},{"calorie":0.0,"count":0,"distance":0.0,"speed":0.0},{"calorie":3.7699991166591644,"count":120,"distance":88.26999139785767,"speed":4.156652927398682},{"calorie":0.0,"count":0,"distance":0.0,"speed":0.0},{"calorie":0.0,"count":0,"distance":0.0,"speed":0.0},{"calorie":0.0,"count":0,"distance":0.0,"speed":0.0},{"calorie":0.0,"count":0,"distance":0.0,"speed":0.0},{"calorie":5.909999907016754,"count":191,"distance":144.27999687194824,"speed":4.7887420654296875},{"calorie":2.4499993175268173,"count":75,"distance":56.75998878479004,"speed":4.360341548919678},{"calorie":0.0,"count":0,"distance":0.0,"speed":0.0},{"calorie":3.129999876022339,"count":95,"distance":73.47000026702881,"speed":4.785776138305664},{"calorie":0.0,"count":0,"distance":0.0,"speed":0.0},{"calorie":0.0,"count":0,"distance":0.0,"speed":0.0},{"calorie":0.0,"count":0,"distance":0.0,"speed":0.0},{"calorie":0.0,"count":0,"distance":0.0,"speed":0.0},{"calorie":0.8399999737739563,"count":26,"distance":19.219999313354492,"speed":4.400000095367432},{"calorie":4.879999965429306,"count":156,"distance":115.3000020980835,"speed":4.395016670227051},{"calorie":0.0,"count":0,"distance":0.0,"speed":0.0},{"calorie":0.0,"count":0,"distance":0.0,"speed":0.0},{"calorie":0.0,"count":0,"distance":0.0,"speed":0.0},{"calorie":0.0,"count":0,"distance":0.0,"speed":0.0},{"calorie":0.0,"count":0,"distance":0.0,"speed":0.0},{"calorie":0.949999988079071,"count":30,"distance":21.890000820159912,"speed":4.2390828132629395},{"calorie":0.0,"count":0,"distance":0.0,"speed":0.0},{"calorie":0.0,"count":0,"distance":0.0,"speed":0.0},{"calorie":0.0,"count":0,"distance":0.0,"speed":0.0},{"calorie":2.0299993753433228,"count":65,"distance":47.28998947143555,"speed":3.9210023880004883},{"calorie":0.0,"count":0,"distance":0.0,"speed":0.0},{"calorie":0.0,"count":0,"distance":0.0,"speed":0.0},{"calorie":1.0299999862909317,"count":34,"distance":25.519999504089355,"speed":4.651593208312988},{"calorie":6.959999978542328,"count":223,"distance":165.07000350952148,"speed":4.380889415740967},{"calorie":1.3799999952316284,"count":44,"distance":33.18000030517578,"speed":4.799999713897705},{"calorie":4.8900001011788845,"count":156,"distance":114.09000051021576,"speed":4.016503810882568},{"calorie":0.0,"count":0,"distance":0.0,"speed":0.0},{"calorie":0.0,"count":0,"distance":0.0,"speed":0.0},{"calorie":0.0,"count":0,"distance":0.0,"speed":0.0},{"calorie":2.8499995470046997,"count":93,"distance":68.27999305725098,"speed":4.134786128997803},{"calorie":0.6000000238418579,"count":19,"distance":13.660000324249268,"speed":3.8473024368286133},{"calorie":0.8999999165534973,"count":28,"distance":20.23999786376953,"speed":3.8438992500305176},{"calorie":1.4000000357627869,"count":45,"distance":32.80000114440918,"speed":4.008058547973633},{"calorie":1.3299998044967651,"count":42,"distance":30.43999671936035,"speed":3.9269003868103027},{"calorie":0.0,"count":0,"distance":0.0,"speed":0.0},{"calorie":0.0,"count":0,"distance":0.0,"speed":0.0},{"calorie":0.48000001907348633,"count":18,"distance":14.260002136230469,"speed":6.230046272277832},{"calorie":2.0300000309944153,"count":66,"distance":49.7599983215332,"speed":4.666715621948242},{"calorie":0.7699999809265137,"count":25,"distance":18.389999389648438,"speed":4.099999904632568},{"calorie":0.0,"count":0,"distance":0.0,"speed":0.0},{"calorie":0.0,"count":0,"distance":0.0,"speed":0.0},{"calorie":0.0,"count":0,"distance":0.0,"speed":0.0},{"calorie":0.0,"count":0,"distance":0.0,"speed":0.0},{"calorie":0.0,"count":0,"distance":0.0,"speed":0.0},{"calorie":0.0,"count":0,"distance":0.0,"speed":0.0},{"calorie":0.0,"count":0,"distance":0.0,"speed":0.0},{"calorie":0.0,"count":0,"distance":0.0,"speed":0.0},{"calorie":0.0,"count":0,"distance":0.0,"speed":0.0},{"calorie":0.0,"count":0,"distance":0.0,"speed":0.0},{"calorie":0.0,"count":0,"distance":0.0,"speed":0.0},{"calorie":0.0,"count":0,"distance":0.0,"speed":0.0},{"calorie":0.8700000047683716,"count":31,"distance":23.56999969482422,"speed":4.771557807922363},{"calorie":1.2099999785423279,"count":38,"distance":27.59999990463257,"speed":4.0408549308776855},{"calorie":0.0,"count":0,"distance":0.0,"speed":0.0},{"calorie":5.919999480247498,"count":191,"distance":141.12999725341797,"speed":4.289355278015137},{"calorie":0.4099999964237213,"count":13,"distance":9.470000267028809,"speed":3.9000003337860107},{"calorie":0.0,"count":0,"distance":0.0,"speed":0.0},{"calorie":1.9299996495246887,"count":61,"distance":44.13999557495117,"speed":3.9241244792938232},{"calorie":0.0,"count":0,"distance":0.0,"speed":0.0},{"calorie":3.369999885559082,"count":108,"distance":80.7400016784668,"speed":4.51448917388916},{"calorie":0.0,"count":0,"distance":0.0,"speed":0.0},{"calorie":0.0,"count":0,"distance":0.0,"speed":0.0},{"calorie":0.0,"count":0,"distance":0.0,"speed":0.0},{"calorie":0.0,"count":0,"distance":0.0,"speed":0.0},{"calorie":0.0,"count":0,"distance":0.0,"speed":0.0},{"calorie":0.0,"count":0,"distance":0.0,"speed":0.0},{"calorie":8.490000069141388,"count":276,"distance":208.79000091552734,"speed":4.671939849853516},{"calorie":0.0,"count":0,"distance":0.0,"speed":0.0},{"calorie":0.7999999970197678,"count":24,"distance":17.4399995803833,"speed":3.8603641986846924},{"calorie":0.0,"count":0,"distance":0.0,"speed":0.0},{"calorie":0.0,"count":0,"distance":0.0,"speed":0.0},{"calorie":0.5299999713897705,"count":16,"distance":11.6899995803833,"speed":4.099999904632568},{"calorie":0.3499999940395355,"count":11,"distance":8.020000457763672,"speed":4.099999904632568},{"calorie":0.0,"count":0,"distance":0.0,"speed":0.0},{"calorie":4.969998419284821,"count":160,"distance":118.19998550415039,"speed":4.324479103088379},{"calorie":0.0,"count":0,"distance":0.0,"speed":0.0},{"calorie":3.099999874830246,"count":100,"distance":74.4300012588501,"speed":4.219351291656494},{"calorie":0.6399999856948853,"count":20,"distance":14.670000076293945,"speed":4.214389324188232},{"calorie":0.0,"count":0,"distance":0.0,"speed":0.0},{"calorie":0.0,"count":0,"distance":0.0,"speed":0.0},{"calorie":7.019997179508209,"count":229,"distance":170.34999465942383,"speed":4.435631275177002},{"calorie":0.0,"count":0,"distance":0.0,"speed":0.0},{"calorie":0.0,"count":0,"distance":0.0,"speed":0.0},{"calorie":0.0,"count":0,"distance":0.0,"speed":0.0},{"calorie":0.0,"count":0,"distance":0.0,"speed":0.0},{"calorie":0.5199999809265137,"count":16,"distance":12.420000076293945,"speed":4.799999713897705},{"calorie":0.0,"count":0,"distance":0.0,"speed":0.0},{"calorie":0.0,"count":0,"distance":0.0,"speed":0.0},{"calorie":1.1600000262260437,"count":37,"distance":27.25,"speed":4.090900897979736},{"calorie":0.0,"count":0,"distance":0.0,"speed":0.0},{"calorie":0.0,"count":0,"distance":0.0,"speed":0.0},{"calorie":0.0,"count":0,"distance":0.0,"speed":0.0},{"calorie":0.0,"count":0,"distance":0.0,"speed":0.0},{"calorie":0.0,"count":0,"distance":0.0,"speed":0.0},{"calorie":0.0,"count":0,"distance":0.0,"speed":0.0},{"calorie":0.0,"count":0,"distance":0.0,"speed":0.0},{"calorie":0.0,"count":0,"distance":0.0,"speed":0.0},{"calorie":0.0,"count":0,"distance":0.0,"speed":0.0},{"calorie":0.0,"count":0,"distance":0.0,"speed":0.0},{"calorie":0.0,"count":0,"distance":0.0,"speed":0.0},{"calorie":0.0,"count":0,"distance":0.0,"speed":0.0}]