[{"calorie":0.0,"count":0,"distance":0.0,"speed":0.0},{"calorie":0.0,"count":0,"distance":0.0,"speed":0.0},{"calorie":0.0,"count":0,"distance":0.0,"speed":0.0},{"calorie":0.0,"count":0,"distance":0.0,"speed":0.0},{"calorie":0.0,"count":0,"distance":0.0,"speed":0.0},{"calorie":0.0,"count":0,"distance":0.0,"speed":0.0},{"calorie":0.0,"count":0,"distance":0.0,"speed":0.0},{"calorie":0.0,"count":0,"distance":0.0,"speed":0.0},{"calorie":0.0,"count":0,"distance":0.0,"speed":0.0},{"calorie":0.0,"count":0,"distance":0.0,"speed":0.0},{"calorie":0.0,"count":0,"distance":0.0,"speed":0.0},{"calorie":0.0,"count":0,"distance":0.0,"speed":0.0},{"calorie":0.0,"count":0,"distance":0.0,"speed":0.0},{"calorie":0.0,"count":0,"distance":0.0,"speed":0.0},{"calorie":0.0,"count":0,"distance":0.0,"speed":0.0},{"calorie":0.0,"count":0,"distance":0.0,"speed":0.0},{"calorie":0.0,"count":0,"distance":0.0,"speed":0.0},{"calorie":0.0,"count":0,"distance":0.0,"speed":0.0},{"calorie":0.0,"count":0,"distance":0.0,"speed":0.0},{"calorie":0.0,"count":0,"distance":0.0,"speed":0.0},{"calorie":0.0,"count":0,"distance":0.0,"speed":0.0},{"calorie":0.0,"count":0,"distance":0.0,"speed":0.0},{"calorie":0.0,"count":0,"distance":0.0,"speed":0.0},{"calorie":0.0,"count":0,"distance":0.0,"speed":0.0},{"calorie":0.0,"count":0,"distance":0.0,"speed":0.0},{"calorie":0.0,"count":0,"distance":0.0,"speed":0.0},{"calorie":0.0,"count":0,"distance":0.0,"speed":0.0},{"calorie":0.0,"count":0,"distance":0.0,"speed":0.0},{"calorie":0.0,"count":0,"distance":0.0,"speed":0.0},{"calorie":0.0,"count":0,"distance":0.0,"speed":0.0},{"calorie":0.0,"count":0,"distance":0.0,"speed":0.0},{"calorie":0.0,"count":0,"distance":0.0,"speed":0.0},{"calorie":0.0,"count":0,"distance":0.0,"speed":0.0},{"calorie":0.0,"count":0,"distance":0.0,"speed":0.0},{"calorie":0.0,"count":0,"distance":0.0,"speed":0.0},{"calorie":0.0,"count":0,"distance":0.0,"speed":0.0},{"calorie":0.0,"count":0,"distance":0.0,"speed":0.0},{"calorie":0.0,"count":0,"distance":0.0,"speed":0.0},{"calorie":0.0,"count":0,"distance":0.0,"speed":0.0},{"calorie":0.0,"count":0,"distance":0.0,"speed":0.0},{"calorie":0.0,"count":0,"distance":0.0,"speed":0.0},{"calorie":0.0,"count":0,"distance":0.0,"speed":0.0},{"calorie":0.0,"count":0,"distance":0.0,"speed":0.0},{"calorie":0.0,"count":0,"distance":0.0,"speed":0.0},{"calorie":0.0,"count":0,"distance":0.0,"speed":0.0},{"calorie":0.0,"count":0,"distance":0.0,"speed":0.0},{"calorie":0.2199999988079071,"count":6,"distance":4.300000190734863,"speed":4.199999809265137},{"calorie":0.4099999964237213,"count":11,"distance":8.0,"speed":3.6000001430511475},{"calorie":3.4300000071525574,"count":98,"distance":74.41999959945679,"speed":4.902515888214111},{"calorie":0.0,"count":0,"distance":0.0,"speed":0.0},{"calorie":0.0,"count":0,"distance":0.0,"speed":0.0},{"calorie":2.070000112056732,"count":55,"distance":40.829999923706055,"speed":4.246906280517578},{"calorie":1.3799999952316284,"count":39,"distance":29.52999973297119,"speed":4.748754024505615},{"calorie":4.240000009536743,"count":111,"distance":80.44000053405762,"speed":3.799999952316284},{"calorie":0.0,"count":0,"distance":0.0,"speed":0.0},{"calorie":11.080000199377537,"count":314,"distance":239.420001745224,"speed":5.095570087432861},{"calorie":1.3499999642372131,"count":37,"distance":27.709999084472656,"speed":4.562162399291992},{"calorie":3.370000123977661,"count":93,"distance":69.63000249862671,"speed":4.466914176940918},{"calorie":6.080000057816505,"count":166,"distance":125.4800033569336,"speed":4.667183876037598},{"calorie":4.320000007748604,"count":120,"distance":90.35999917984009,"speed":4.7860493659973145},{"calorie":2.350000023841858,"count":67,"distance":50.60000038146973,"speed":4.882932662963867},{"calorie":3.8499991297721863,"count":113,"distance":85.97001266479492,"speed":4.986595630645752},{"calorie":1.8000000715255737,"count":47,"distance":35.560001373291016,"speed":4.868024826049805},{"calorie":3.7899996042251587,"count":105,"distance":79.63000297546387,"speed":4.957604885101318},{"calorie":10.209998935461044,"count":278,"distance":208.99999523162842,"speed":4.641388416290283},{"calorie":1.409999966621399,"count":39,"distance":28.51999855041504,"speed":3.941038131713867},{"calorie":5.319999992847443,"count":150,"distance":114.83999824523926,"speed":5.083498477935791},{"calorie":2.8099998831748962,"count":70,"distance":55.03999996185303,"speed":4.964858531951904},{"calorie":2.7799999713897705,"count":74,"distance":55.189998626708984,"speed":4.665152549743652},{"calorie":2.2200000286102295,"count":59,"distance":43.94999885559082,"speed":4.468472003936768},{"calorie":1.5300000309944153,"count":42,"distance":30.690000534057617,"speed":3.7040863037109375},{"calorie":0.5299999713897705,"count":15,"distance":11.3100004196167,"speed":4.700000286102295},{"calorie":1.9200000166893005,"count":52,"distance":38.82000017166138,"speed":4.378415107727051},{"calorie":7.300000071525574,"count":206,"distance":156.36999893188477,"speed":4.919259548187256},{"calorie":9.519999980926514,"count":252,"distance":187.57999992370605,"speed":4.530200481414795},{"calorie":7.7199998795986176,"count":204,"distance":151.46000289916992,"speed":4.46290397644043},{"calorie":6.649999409914017,"count":191,"distance":145.30001020431519,"speed":4.99559211730957},{"calorie":12.749999403953552,"count":368,"distance":283.3299980163574,"speed":5.171112060546875},{"calorie":3.270000085234642,"count":86,"distance":63.64000177383423,"speed":4.238492965698242},{"calorie":0.7199999392032623,"count":19,"distance":13.74000072479248,"speed":3.8221776485443115},{"calorie":0.29999998211860657,"count":8,"distance":5.730000019073486,"speed":4.0250139236450195},{"calorie":0.32999998331069946,"count":9,"distance":6.75,"speed":4.764706134796143},{"calorie":0.0,"count":0,"distance":0.0,"speed":0.0},{"calorie":5.179999984800816,"count":144,"distance":108.6300003528595,"speed":4.718323707580566},{"calorie":0.0,"count":0,"distance":0.0,"speed":0.0},{"calorie":2.3299999833106995,"count":67,"distance":51.2599983215332,"speed":5.135359287261963},{"calorie":5.979999661445618,"count":183,"distance":141.3200101852417,"speed":5.264902114868164},{"calorie":6.880000054836273,"count":202,"distance":154.1299991607666,"speed":5.070338249206543},{"calorie":7.109999865293503,"count":186,"distance":134.56999969482422,"speed":3.79142689704895},{"calorie":1.8199999928474426,"count":48,"distance":35.140000343322754,"speed":4.172747611999512},{"calorie":1.8000000417232513,"count":52,"distance":39.3700008392334,"speed":5.0916876792907715},{"calorie":2.3199998438358307,"count":67,"distance":49.62999725341797,"speed":4.388589859008789},{"calorie":0.0,"count":0,"distance":0.0,"speed":0.0},{"calorie":0.6600000262260437,"count":21,"distance":16.329999923706055,"speed":5.400000095367432},{"calorie":0.5799999833106995,"count":17,"distance":13.40999984741211,"speed":5.5},{"calorie":0.0,"count":0,"distance":0.0,"speed":0.0},{"calorie":3.4699998944997787,"count":91,"distance":68.52999877929688,"speed":4.6492204666137695},{"calorie":3.0699999630451202,"count":86,"distance":63.959999561309814,"speed":4.527815818786621},{"calorie":4.2800000831484795,"count":115,"distance":87.5900011062622,"speed":4.788698196411133},{"calorie":0.0,"count":0,"distance":0.0,"speed":0.0},{"calorie":0.0,"count":0,"distance":0.0,"speed":0.0},{"calorie":5.369999922811985,"count":147,"distance":109.91000247001648,"speed":4.4882707595825195},{"calorie":8.81999933719635,"count":242,"distance":183.37000441551208,"speed":4.905689716339111},{"calorie":3.459999978542328,"count":96,"distance":73.80000019073486,"speed":4.916069030761719},{"calorie":0.0,"count":0,"distance":0.0,"speed":0.0},{"calorie":5.609999895095825,"count":159,"distance":120.04999923706055,"speed":4.796818733215332},{"calorie":1.1600000262260437,"count":32,"distance":23.4399995803833,"speed":4.334497451782227},{"calorie":2.9900000393390656,"count":87,"distance":66.4600019454956,"speed":5.202550888061523},{"calorie":4.200000137090683,"count":117,"distance":87.3299994468689,"speed":4.670372009277344},{"calorie":12.600000083446503,"count":331,"distance":240.91999912261963,"speed":3.822597026824951},{"calorie":3.07999986410141,"count":82,"distance":61.8800048828125,"speed":4.787766456604004},{"calorie":0.7800000309944153,"count":21,"distance":15.239999771118164,"speed":4.104354381561279},{"calorie":0.7699999809265137,"count":22,"distance":16.700000762939453,"speed":4.729339122772217},{"calorie":2.659999907016754,"count":70,"distance":52.65000057220459,"speed":4.7686967849731445},{"calorie":19.679995387792587,"count":550,"distance":419.47992849349976,"speed":5.051449298858643},{"calorie":8.059997469186783,"count":218,"distance":173.94001293182373,"speed":6.724654674530029},{"calorie":5.219999551773071,"count":134,"distance":98.13000583648682,"speed":4.487421989440918},{"calorie":9.089999437332153,"count":235,"distance":175.54998588562012,"speed":4.486975193023682},{"calorie":0.0,"count":0,"distance":0.0,"speed":0.0},{"calorie":6.249999612569809,"count":168,"distance":124.18998861312866,"speed":4.2243547439575195},{"calorie":0.0,"count":0,"distance":0.0,"speed":0.0},{"calorie":0.0,"count":0,"distance":0.0,"speed":0.0},{"calorie":0.929999977350235,"count":26,"distance":19.859999656677246,"speed":4.838126182556152},{"calorie":0.0,"count":0,"distance":0.0,"speed":0.0},{"calorie":0.8100000023841858,"count":21,"distance":15.760000228881836,"speed":4.700000286102295},{"calorie":6.730000227689743,"count":174,"distance":129.81999969482422,"speed":4.585103988647461},{"calorie":7.799999952316284,"count":197,"distance":143.67000198364258,"speed":4.001115322113037},{"calorie":0.0,"count":0,"distance":0.0,"speed":0.0},{"calorie":13.849999994039536,"count":355,"distance":259.16999983787537,"speed":4.104644298553467},{"calorie":1.8899999633431435,"count":50,"distance":35.45000100135803,"speed":4.495635032653809},{"calorie":2.2399997115135193,"count":60,"distance":44.66999340057373,"speed":4.610992908477783},{"calorie":0.6000000238418579,"count":18,"distance":14.819999694824219,"speed":7.299999713897705},{"calorie":0.0,"count":0,"distance":0.0,"speed":0.0},{"calorie":0.0,"count":0,"distance":0.0,"speed":0.0},{"calorie":0.0,"count":0,"distance":0.0,"speed":0.0},{"calorie":0.0,"count":0,"distance":0.0,"speed":0.0},{"calorie":1.899999976158142,"count":51,"distance":38.13999938964844,"speed":4.780012130737305},{"calorie":0.0,"count":0,"distance":0.0,"speed":0.0},{"calorie":0.0,"count":0,"distance":0.0,"speed":0.0},{"calorie":0.0,"count":0,"distance":0.0,"speed":0.0},{"calorie":0.0,"count":0,"distance":0.0,"speed":0.0},{"calorie":0.0,"count":0,"distance":0.0,"speed":0.0},{"calorie":0.0,"count":0,"distance":0.0,"speed":0.0},{"calorie":0.0,"count":0,"distance":0.0,"speed":0.0}]