{"pubChals":[{"activityID":1,"appVer":"5.9","badgeAniUrl":"https://content.samsungknowledge.com/badge/2018/1/image/original/0wf8b7e387-9ae7-4451-8c23-6ca285458ebd.svg","badgeImgUrl":"https://content.samsungknowledge.com/badge/2025/1/image/original/8s5cfc8d5a-eb0b-45bf-8664-b3f7f96dcff2.png","badgeSmImgUrl":"https://content.samsungknowledge.com/badge/small/2023/1/image/original/G031cb4c10-fcf7-4be7-8911-f610505dbfe2.png","banned":false,"bannerImgUrl":"https://content.samsungknowledge.com/badge/2018/1/image/original/1k6deca625-45d1-45d8-84b2-0179f7167c2b.png","bannerStrkCol":"8dc1ce","cardImgUrl":"https://content.samsungknowledge.com/card/2020/11/image/original/Ph03533853-15de-4208-a879-d02f935f2ef0.png","close":"2026-03-03 18:00:00","createTime":0,"deadline":"2026-03-02 00:00:00","descr":"Como estão indo suas promessas do Novo Ano? Talvez você tenha cumprido algumas e deixado outras de lado.\\n\\nPor que você não dedica algum tempo para revitalizar seu corpo e sua mente em um spa relaxante? Participe do Desafio do spa deste mês para ficar mais feliz e saudável.","finish":"2026-02-28 23:59:59","goal":200000,"goalDesc":null,"goalUrl":null,"itps":[],"joinDate":null,"joined":false,"lineImgUrl":"https://content.samsungknowledge.com/finish/2018/1/image/original/lu1bf8f707-66d3-4e9c-8f26-7be192c61df3.png","maxOfParticipants":2000000,"me":null,"noOfAchievers":230670,"noOfParticipants":808534,"pace":0,"pcID":26020001,"series":2,"st":1771723704,"start":"2026-02-01 00:00:00","startUpcoming":"2026-01-26 00:00:00","status":0,"title2":"Spa","title":"Spa, fevereiro","type":0,"yearMonth":2602},{"activityID":1,"appVer":"5.11","badgeAniUrl":"https://content.samsungknowledge.com/badge/2025/2/image/original/XP7a2b0ad9-49f0-4f1c-9712-168ae9cf4d87.svg","badgeImgUrl":"https://content.samsungknowledge.com/badge/2026/1/image/original/kvdc06f6d3-51da-4606-81c1-fdb08ba8bd82.png","badgeSmImgUrl":"https://content.samsungknowledge.com/badge/small/2026/1/image/original/hq600f3aab-05ea-4a83-b0f1-3bdd24e130e9.png","banned":false,"bannerImgUrl":"https://content.samsungknowledge.com/banner/2026/1/image/original/LC0782c584-8efd-4324-a760-0cdfdd9b9939.png","bannerStrkCol":"ffffff","cardImgUrl":"https://content.samsungknowledge.com/card/2026/1/image/original/AWbef43a70-99f8-41bd-a798-baf9ed5e491d.png","close":"2026-02-25 18:00:00","createTime":0,"deadline":"2026-02-24 18:00:00","descr":"Milão Cortina 2026\nA espera finalmente acabou.\n\nDê um passo hoje,\ncompartilhe a paixão olímpica\ne conclua o desafio\npara receber um prêmio especial.\n\n*Período do desafio: 06/02/2026 – 22/02/2026\n*Período de disponibilidade do prêmio: 06/02/2026 – 22/02/2026","finish":"2026-02-22 23:59:59","goal":150000,"goalDesc":null,"goalUrl":null,"itps":[],"joinDate":null,"joined":false,"lineImgUrl":"https://content.samsungknowledge.com/finish/2026/1/image/original/re3100c583-4a70-4eb9-a266-b30c6555149c.png","maxOfParticipants":1000000,"me":null,"noOfAchievers":148780,"noOfParticipants":498724,"pace":0,"pcID":26020002,"series":3,"st":1771723704,"start":"2026-02-06 00:00:00","startUpcoming":"2026-02-05 00:00:00","status":0,"title2":"Juntos, Milão Cortina 2026","title":"Juntos, Milão Cortina 2026","type":1,"yearMonth":2602}]}