[{"calorie":0.0,"count":0,"distance":0.0,"speed":0.0},{"calorie":0.0,"count":0,"distance":0.0,"speed":0.0},{"calorie":0.0,"count":0,"distance":0.0,"speed":0.0},{"calorie":0.0,"count":0,"distance":0.0,"speed":0.0},{"calorie":0.0,"count":0,"distance":0.0,"speed":0.0},{"calorie":0.0,"count":0,"distance":0.0,"speed":0.0},{"calorie":0.0,"count":0,"distance":0.0,"speed":0.0},{"calorie":0.0,"count":0,"distance":0.0,"speed":0.0},{"calorie":0.0,"count":0,"distance":0.0,"speed":0.0},{"calorie":0.0,"count":0,"distance":0.0,"speed":0.0},{"calorie":0.0,"count":0,"distance":0.0,"speed":0.0},{"calorie":0.0,"count":0,"distance":0.0,"speed":0.0},{"calorie":0.0,"count":0,"distance":0.0,"speed":0.0},{"calorie":0.0,"count":0,"distance":0.0,"speed":0.0},{"calorie":0.0,"count":0,"distance":0.0,"speed":0.0},{"calorie":0.0,"count":0,"distance":0.0,"speed":0.0},{"calorie":0.0,"count":0,"distance":0.0,"speed":0.0},{"calorie":0.0,"count":0,"distance":0.0,"speed":0.0},{"calorie":0.0,"count":0,"distance":0.0,"speed":0.0},{"calorie":0.0,"count":0,"distance":0.0,"speed":0.0},{"calorie":0.0,"count":0,"distance":0.0,"speed":0.0},{"calorie":0.0,"count":0,"distance":0.0,"speed":0.0},{"calorie":0.0,"count":0,"distance":0.0,"speed":0.0},{"calorie":0.0,"count":0,"distance":0.0,"speed":0.0},{"calorie":0.0,"count":0,"distance":0.0,"speed":0.0},{"calorie":0.0,"count":0,"distance":0.0,"speed":0.0},{"calorie":0.0,"count":0,"distance":0.0,"speed":0.0},{"calorie":0.0,"count":0,"distance":0.0,"speed":0.0},{"calorie":0.0,"count":0,"distance":0.0,"speed":0.0},{"calorie":0.0,"count":0,"distance":0.0,"speed":0.0},{"calorie":0.0,"count":0,"distance":0.0,"speed":0.0},{"calorie":0.0,"count":0,"distance":0.0,"speed":0.0},{"calorie":0.0,"count":0,"distance":0.0,"speed":0.0},{"calorie":0.0,"count":0,"distance":0.0,"speed":0.0},{"calorie":0.0,"count":0,"distance":0.0,"speed":0.0},{"calorie":0.0,"count":0,"distance":0.0,"speed":0.0},{"calorie":0.0,"count":0,"distance":0.0,"speed":0.0},{"calorie":0.0,"count":0,"distance":0.0,"speed":0.0},{"calorie":0.0,"count":0,"distance":0.0,"speed":0.0},{"calorie":0.0,"count":0,"distance":0.0,"speed":0.0},{"calorie":0.0,"count":0,"distance":0.0,"speed":0.0},{"calorie":0.0,"count":0,"distance":0.0,"speed":0.0},{"calorie":0.0,"count":0,"distance":0.0,"speed":0.0},{"calorie":0.0,"count":0,"distance":0.0,"speed":0.0},{"calorie":0.0,"count":0,"distance":0.0,"speed":0.0},{"calorie":0.0,"count":0,"distance":0.0,"speed":0.0},{"calorie":0.0,"count":0,"distance":0.0,"speed":0.0},{"calorie":6.64000004529953,"count":173,"distance":125.41999816894531,"speed":3.583148956298828},{"calorie":7.189999759197235,"count":188,"distance":137.27000331878662,"speed":3.8989639282226562},{"calorie":0.6799999922513962,"count":20,"distance":15.100000381469727,"speed":4.759836673736572},{"calorie":9.970000088214874,"count":268,"distance":200.57000160217285,"speed":4.447741508483887},{"calorie":0.7500000596046448,"count":20,"distance":14.389999389648438,"speed":3.7288405895233154},{"calorie":6.1600000858306885,"count":160,"distance":124.07999801635742,"speed":4.863889694213867},{"calorie":0.0,"count":0,"distance":0.0,"speed":0.0},{"calorie":0.0,"count":0,"distance":0.0,"speed":0.0},{"calorie":0.6200000047683716,"count":18,"distance":13.59000015258789,"speed":5.165566921234131},{"calorie":3.3599998354911804,"count":102,"distance":79.74000453948975,"speed":5.54791259765625},{"calorie":8.32999974489212,"count":241,"distance":184.17000770568848,"speed":5.183027267456055},{"calorie":6.9999998807907104,"count":201,"distance":150.8600025177002,"speed":4.520543098449707},{"calorie":0.7699999809265137,"count":20,"distance":15.359999656677246,"speed":4.999999523162842},{"calorie":0.0,"count":0,"distance":0.0,"speed":0.0},{"calorie":0.0,"count":0,"distance":0.0,"speed":0.0},{"calorie":1.7799999713897705,"count":48,"distance":35.710001945495605,"speed":4.409921169281006},{"calorie":0.0,"count":0,"distance":0.0,"speed":0.0},{"calorie":0.0,"count":0,"distance":0.0,"speed":0.0},{"calorie":0.0,"count":0,"distance":0.0,"speed":0.0},{"calorie":0.47999998927116394,"count":13,"distance":9.329999923706055,"speed":3.738675832748413},{"calorie":3.4600000381469727,"count":92,"distance":68.69000053405762,"speed":4.722484588623047},{"calorie":4.209999978542328,"count":123,"distance":93.62000179290771,"speed":5.097342014312744},{"calorie":2.5399999618530273,"count":66,"distance":49.15999984741211,"speed":4.400000095367432},{"calorie":3.340000055730343,"count":89,"distance":65.44999933242798,"speed":4.225917816162109},{"calorie":1.2099999785423279,"count":34,"distance":25.550000190734863,"speed":4.780518531799316},{"calorie":5.219999969005585,"count":142,"distance":106.95999908447266,"speed":4.809194564819336},{"calorie":0.4000000059604645,"count":12,"distance":8.9399995803833,"speed":4.0},{"calorie":2.9100002348423004,"count":77,"distance":55.819997787475586,"speed":3.8939483165740967},{"calorie":0.0,"count":0,"distance":0.0,"speed":0.0},{"calorie":0.4399999976158142,"count":13,"distance":10.180000305175781,"speed":5.276055812835693},{"calorie":0.699999988079071,"count":19,"distance":14.529999732971191,"speed":4.584767818450928},{"calorie":0.0,"count":0,"distance":0.0,"speed":0.0},{"calorie":0.9199999570846558,"count":25,"distance":19.1200008392334,"speed":4.857931137084961},{"calorie":0.0,"count":0,"distance":0.0,"speed":0.0},{"calorie":0.0,"count":0,"distance":0.0,"speed":0.0},{"calorie":2.940000057220459,"count":79,"distance":59.10000038146973,"speed":4.374502182006836},{"calorie":0.0,"count":0,"distance":0.0,"speed":0.0},{"calorie":8.869999997317791,"count":236,"distance":176.66999769210815,"speed":4.543025493621826},{"calorie":4.679999828338623,"count":122,"distance":90.88999557495117,"speed":4.594907760620117},{"calorie":7.279999017715454,"count":182,"distance":130.38999938964844,"speed":4.9173264503479},{"calorie":4.879998952150345,"count":129,"distance":97.03999137878418,"speed":4.718823432922363},{"calorie":13.059997916221619,"count":350,"distance":263.8900451660156,"speed":4.729142189025879},{"calorie":3.8799999952316284,"count":95,"distance":69.95000457763672,"speed":5.095442771911621},{"calorie":4.420000076293945,"count":121,"distance":91.8700008392334,"speed":4.914949893951416},{"calorie":5.790000081062317,"count":149,"distance":125.57999897003174,"speed":6.689510822296143},{"calorie":7.4499998688697815,"count":198,"distance":148.13000106811523,"speed":4.580790042877197},{"calorie":7.10999995470047,"count":191,"distance":144.7000026702881,"speed":4.8142313957214355},{"calorie":3.3799999952316284,"count":87,"distance":63.550002098083496,"speed":4.8509955406188965},{"calorie":12.189999610185623,"count":316,"distance":237.82999753952026,"speed":4.387362003326416},{"calorie":15.7199986577034,"count":411,"distance":300.2100043296814,"speed":3.9423649311065674},{"calorie":1.6400000154972076,"count":43,"distance":30.700000286102295,"speed":3.3416907787323},{"calorie":0.0,"count":0,"distance":0.0,"speed":0.0},{"calorie":0.0,"count":0,"distance":0.0,"speed":0.0},{"calorie":0.0,"count":0,"distance":0.0,"speed":0.0},{"calorie":0.0,"count":0,"distance":0.0,"speed":0.0},{"calorie":0.0,"count":0,"distance":0.0,"speed":0.0},{"calorie":0.0,"count":0,"distance":0.0,"speed":0.0},{"calorie":0.0,"count":0,"distance":0.0,"speed":0.0},{"calorie":0.0,"count":0,"distance":0.0,"speed":0.0},{"calorie":0.0,"count":0,"distance":0.0,"speed":0.0},{"calorie":0.0,"count":0,"distance":0.0,"speed":0.0},{"calorie":0.0,"count":0,"distance":0.0,"speed":0.0},{"calorie":0.0,"count":0,"distance":0.0,"speed":0.0},{"calorie":9.080000221729279,"count":257,"distance":192.56000328063965,"speed":4.526385307312012},{"calorie":0.0,"count":0,"distance":0.0,"speed":0.0},{"calorie":0.0,"count":0,"distance":0.0,"speed":0.0},{"calorie":0.0,"count":0,"distance":0.0,"speed":0.0},{"calorie":1.2099997997283936,"count":35,"distance":27.110002517700195,"speed":5.439861297607422},{"calorie":0.0,"count":0,"distance":0.0,"speed":0.0},{"calorie":0.0,"count":0,"distance":0.0,"speed":0.0},{"calorie":0.0,"count":0,"distance":0.0,"speed":0.0},{"calorie":0.0,"count":0,"distance":0.0,"speed":0.0},{"calorie":0.0,"count":0,"distance":0.0,"speed":0.0},{"calorie":0.0,"count":0,"distance":0.0,"speed":0.0},{"calorie":0.0,"count":0,"distance":0.0,"speed":0.0},{"calorie":0.5899999737739563,"count":16,"distance":12.270000457763672,"speed":4.947445392608643},{"calorie":0.559999942779541,"count":15,"distance":10.800000190734863,"speed":3.9846150875091553},{"calorie":0.0,"count":0,"distance":0.0,"speed":0.0},{"calorie":0.0,"count":0,"distance":0.0,"speed":0.0},{"calorie":0.47999998927116394,"count":14,"distance":10.619999885559082,"speed":4.2202043533325195},{"calorie":1.2100000083446503,"count":32,"distance":23.539999961853027,"speed":4.624818801879883},{"calorie":0.8300000131130219,"count":24,"distance":18.30999994277954,"speed":4.87152099609375},{"calorie":2.009999990463257,"count":54,"distance":39.84000015258789,"speed":4.238201141357422},{"calorie":0.0,"count":0,"distance":0.0,"speed":0.0},{"calorie":0.0,"count":0,"distance":0.0,"speed":0.0},{"calorie":0.0,"count":0,"distance":0.0,"speed":0.0},{"calorie":0.0,"count":0,"distance":0.0,"speed":0.0},{"calorie":0.0,"count":0,"distance":0.0,"speed":0.0},{"calorie":0.0,"count":0,"distance":0.0,"speed":0.0},{"calorie":0.0,"count":0,"distance":0.0,"speed":0.0},{"calorie":0.0,"count":0,"distance":0.0,"speed":0.0},{"calorie":0.0,"count":0,"distance":0.0,"speed":0.0},{"calorie":0.0,"count":0,"distance":0.0,"speed":0.0},{"calorie":0.0,"count":0,"distance":0.0,"speed":0.0},{"calorie":0.0,"count":0,"distance":0.0,"speed":0.0},{"calorie":0.0,"count":0,"distance":0.0,"speed":0.0},{"calorie":0.0,"count":0,"distance":0.0,"speed":0.0}]