[{"calorie":0.0,"count":0,"distance":0.0,"speed":0.0},{"calorie":0.0,"count":0,"distance":0.0,"speed":0.0},{"calorie":0.0,"count":0,"distance":0.0,"speed":0.0},{"calorie":0.0,"count":0,"distance":0.0,"speed":0.0},{"calorie":0.0,"count":0,"distance":0.0,"speed":0.0},{"calorie":0.0,"count":0,"distance":0.0,"speed":0.0},{"calorie":0.0,"count":0,"distance":0.0,"speed":0.0},{"calorie":0.0,"count":0,"distance":0.0,"speed":0.0},{"calorie":0.0,"count":0,"distance":0.0,"speed":0.0},{"calorie":0.0,"count":0,"distance":0.0,"speed":0.0},{"calorie":0.0,"count":0,"distance":0.0,"speed":0.0},{"calorie":0.0,"count":0,"distance":0.0,"speed":0.0},{"calorie":0.0,"count":0,"distance":0.0,"speed":0.0},{"calorie":0.0,"count":0,"distance":0.0,"speed":0.0},{"calorie":0.0,"count":0,"distance":0.0,"speed":0.0},{"calorie":0.0,"count":0,"distance":0.0,"speed":0.0},{"calorie":0.0,"count":0,"distance":0.0,"speed":0.0},{"calorie":0.0,"count":0,"distance":0.0,"speed":0.0},{"calorie":0.0,"count":0,"distance":0.0,"speed":0.0},{"calorie":0.0,"count":0,"distance":0.0,"speed":0.0},{"calorie":0.0,"count":0,"distance":0.0,"speed":0.0},{"calorie":0.0,"count":0,"distance":0.0,"speed":0.0},{"calorie":0.0,"count":0,"distance":0.0,"speed":0.0},{"calorie":0.0,"count":0,"distance":0.0,"speed":0.0},{"calorie":0.0,"count":0,"distance":0.0,"speed":0.0},{"calorie":0.0,"count":0,"distance":0.0,"speed":0.0},{"calorie":0.0,"count":0,"distance":0.0,"speed":0.0},{"calorie":0.0,"count":0,"distance":0.0,"speed":0.0},{"calorie":0.0,"count":0,"distance":0.0,"speed":0.0},{"calorie":0.0,"count":0,"distance":0.0,"speed":0.0},{"calorie":0.0,"count":0,"distance":0.0,"speed":0.0},{"calorie":0.0,"count":0,"distance":0.0,"speed":0.0},{"calorie":0.0,"count":0,"distance":0.0,"speed":0.0},{"calorie":0.0,"count":0,"distance":0.0,"speed":0.0},{"calorie":0.0,"count":0,"distance":0.0,"speed":0.0},{"calorie":0.0,"count":0,"distance":0.0,"speed":0.0},{"calorie":0.0,"count":0,"distance":0.0,"speed":0.0},{"calorie":0.0,"count":0,"distance":0.0,"speed":0.0},{"calorie":0.0,"count":0,"distance":0.0,"speed":0.0},{"calorie":0.0,"count":0,"distance":0.0,"speed":0.0},{"calorie":0.0,"count":0,"distance":0.0,"speed":0.0},{"calorie":0.0,"count":0,"distance":0.0,"speed":0.0},{"calorie":0.0,"count":0,"distance":0.0,"speed":0.0},{"calorie":0.0,"count":0,"distance":0.0,"speed":0.0},{"calorie":0.0,"count":0,"distance":0.0,"speed":0.0},{"calorie":0.0,"count":0,"distance":0.0,"speed":0.0},{"calorie":0.32999998331069946,"count":10,"distance":8.140000343322754,"speed":6.556834697723389},{"calorie":3.8000000715255737,"count":99,"distance":73.85999870300293,"speed":4.578858852386475},{"calorie":5.339999943971634,"count":136,"distance":102.21999979019165,"speed":4.287193298339844},{"calorie":0.0,"count":0,"distance":0.0,"speed":0.0},{"calorie":0.0,"count":0,"distance":0.0,"speed":0.0},{"calorie":0.0,"count":0,"distance":0.0,"speed":0.0},{"calorie":0.0,"count":0,"distance":0.0,"speed":0.0},{"calorie":2.2599999606609344,"count":59,"distance":43.82000112533569,"speed":4.530134201049805},{"calorie":1.2899999618530273,"count":36,"distance":27.540000915527344,"speed":4.700460433959961},{"calorie":0.0,"count":0,"distance":0.0,"speed":0.0},{"calorie":0.0,"count":0,"distance":0.0,"speed":0.0},{"calorie":0.0,"count":0,"distance":0.0,"speed":0.0},{"calorie":2.1500000059604645,"count":58,"distance":42.82000017166138,"speed":4.103485584259033},{"calorie":1.0199999809265137,"count":26,"distance":20.579999923706055,"speed":5.276029586791992},{"calorie":7.109999895095825,"count":193,"distance":141.83999586105347,"speed":4.151581764221191},{"calorie":5.459999173879623,"count":154,"distance":116.19000339508057,"speed":5.0188374519348145},{"calorie":0.4399999976158142,"count":13,"distance":9.65999984741211,"speed":4.592182159423828},{"calorie":0.0,"count":0,"distance":0.0,"speed":0.0},{"calorie":0.0,"count":0,"distance":0.0,"speed":0.0},{"calorie":0.0,"count":0,"distance":0.0,"speed":0.0},{"calorie":3.070000022649765,"count":84,"distance":62.630003929138184,"speed":4.534853458404541},{"calorie":5.5999996066093445,"count":138,"distance":96.35999584197998,"speed":3.981781482696533},{"calorie":2.2299999594688416,"count":64,"distance":48.579999923706055,"speed":4.960110187530518},{"calorie":2.560000002384186,"count":70,"distance":51.86000061035156,"speed":4.363358020782471},{"calorie":6.220000267028809,"count":162,"distance":117.08000373840332,"speed":3.701460123062134},{"calorie":2.5000000596046448,"count":68,"distance":50.810001373291016,"speed":4.551488399505615},{"calorie":0.0,"count":0,"distance":0.0,"speed":0.0},{"calorie":0.6299999952316284,"count":17,"distance":12.239999771118164,"speed":4.299999713897705},{"calorie":0.0,"count":0,"distance":0.0,"speed":0.0},{"calorie":0.0,"count":0,"distance":0.0,"speed":0.0},{"calorie":0.0,"count":0,"distance":0.0,"speed":0.0},{"calorie":0.0,"count":0,"distance":0.0,"speed":0.0},{"calorie":0.0,"count":0,"distance":0.0,"speed":0.0},{"calorie":1.899999976158142,"count":53,"distance":40.39999961853027,"speed":4.939896106719971},{"calorie":0.0,"count":0,"distance":0.0,"speed":0.0},{"calorie":0.0,"count":0,"distance":0.0,"speed":0.0},{"calorie":0.0,"count":0,"distance":0.0,"speed":0.0},{"calorie":7.409999340772629,"count":196,"distance":142.87999439239502,"speed":3.8155767917633057},{"calorie":0.0,"count":0,"distance":0.0,"speed":0.0},{"calorie":0.0,"count":0,"distance":0.0,"speed":0.0},{"calorie":3.260000005364418,"count":91,"distance":68.41000628471375,"speed":4.739826679229736},{"calorie":0.6699998937547207,"count":20,"distance":15.299999594688416,"speed":5.101073265075684},{"calorie":2.3899999856948853,"count":63,"distance":47.68000030517578,"speed":4.742354393005371},{"calorie":0.25999999046325684,"count":7,"distance":4.909999847412109,"speed":3.1999998092651367},{"calorie":0.3399999737739563,"count":9,"distance":6.37999963760376,"speed":3.221085548400879},{"calorie":0.41999998688697815,"count":11,"distance":7.71999979019165,"speed":3.3000001907348633},{"calorie":0.0,"count":0,"distance":0.0,"speed":0.0},{"calorie":1.6200000196695328,"count":43,"distance":31.08000087738037,"speed":3.777923345565796},{"calorie":2.3399999737739563,"count":62,"distance":45.219998836517334,"speed":3.8758888244628906},{"calorie":0.6399999856948853,"count":18,"distance":12.699999809265137,"speed":3.3273556232452393},{"calorie":0.0,"count":0,"distance":0.0,"speed":0.0},{"calorie":2.859999656677246,"count":75,"distance":55.08999824523926,"speed":4.203947067260742},{"calorie":3.4899993240833282,"count":93,"distance":68.78000211715698,"speed":4.314381122589111},{"calorie":0.8199999630451202,"count":22,"distance":16.579999446868896,"speed":4.767481327056885},{"calorie":0.75,"count":22,"distance":16.15999984741211,"speed":4.527590751647949},{"calorie":2.0,"count":56,"distance":41.760000228881836,"speed":4.637040615081787},{"calorie":0.0,"count":0,"distance":0.0,"speed":0.0},{"calorie":0.0,"count":0,"distance":0.0,"speed":0.0},{"calorie":0.0,"count":0,"distance":0.0,"speed":0.0},{"calorie":0.0,"count":0,"distance":0.0,"speed":0.0},{"calorie":0.0,"count":0,"distance":0.0,"speed":0.0},{"calorie":0.0,"count":0,"distance":0.0,"speed":0.0},{"calorie":6.7799999713897705,"count":179,"distance":130.23999786376953,"speed":3.848069906234741},{"calorie":0.0,"count":0,"distance":0.0,"speed":0.0},{"calorie":0.0,"count":0,"distance":0.0,"speed":0.0},{"calorie":4.009999513626099,"count":104,"distance":76.19999408721924,"speed":4.0619120597839355},{"calorie":0.0,"count":0,"distance":0.0,"speed":0.0},{"calorie":0.0,"count":0,"distance":0.0,"speed":0.0},{"calorie":1.4999998807907104,"count":40,"distance":28.84000062942505,"speed":3.7857346534729004},{"calorie":0.0,"count":0,"distance":0.0,"speed":0.0},{"calorie":0.0,"count":0,"distance":0.0,"speed":0.0},{"calorie":0.7599999904632568,"count":21,"distance":15.449999809265137,"speed":4.09845495223999},{"calorie":0.0,"count":0,"distance":0.0,"speed":0.0},{"calorie":0.29999998211860657,"count":8,"distance":5.760000228881836,"speed":3.9242608547210693},{"calorie":0.0,"count":0,"distance":0.0,"speed":0.0},{"calorie":0.0,"count":0,"distance":0.0,"speed":0.0},{"calorie":0.0,"count":0,"distance":0.0,"speed":0.0},{"calorie":0.0,"count":0,"distance":0.0,"speed":0.0},{"calorie":0.0,"count":0,"distance":0.0,"speed":0.0},{"calorie":0.0,"count":0,"distance":0.0,"speed":0.0},{"calorie":0.0,"count":0,"distance":0.0,"speed":0.0},{"calorie":0.0,"count":0,"distance":0.0,"speed":0.0},{"calorie":0.0,"count":0,"distance":0.0,"speed":0.0},{"calorie":0.0,"count":0,"distance":0.0,"speed":0.0},{"calorie":0.0,"count":0,"distance":0.0,"speed":0.0},{"calorie":0.0,"count":0,"distance":0.0,"speed":0.0},{"calorie":0.0,"count":0,"distance":0.0,"speed":0.0},{"calorie":0.0,"count":0,"distance":0.0,"speed":0.0},{"calorie":0.0,"count":0,"distance":0.0,"speed":0.0},{"calorie":0.0,"count":0,"distance":0.0,"speed":0.0},{"calorie":0.0,"count":0,"distance":0.0,"speed":0.0},{"calorie":0.0,"count":0,"distance":0.0,"speed":0.0},{"calorie":0.0,"count":0,"distance":0.0,"speed":0.0},{"calorie":0.0,"count":0,"distance":0.0,"speed":0.0},{"calorie":0.0,"count":0,"distance":0.0,"speed":0.0},{"calorie":0.0,"count":0,"distance":0.0,"speed":0.0},{"calorie":0.0,"count":0,"distance":0.0,"speed":0.0},{"calorie":0.0,"count":0,"distance":0.0,"speed":0.0}]