[{"calorie":0.0,"count":0,"distance":0.0,"speed":0.0},{"calorie":0.0,"count":0,"distance":0.0,"speed":0.0},{"calorie":0.0,"count":0,"distance":0.0,"speed":0.0},{"calorie":0.0,"count":0,"distance":0.0,"speed":0.0},{"calorie":0.0,"count":0,"distance":0.0,"speed":0.0},{"calorie":0.0,"count":0,"distance":0.0,"speed":0.0},{"calorie":0.0,"count":0,"distance":0.0,"speed":0.0},{"calorie":0.0,"count":0,"distance":0.0,"speed":0.0},{"calorie":0.0,"count":0,"distance":0.0,"speed":0.0},{"calorie":0.0,"count":0,"distance":0.0,"speed":0.0},{"calorie":0.0,"count":0,"distance":0.0,"speed":0.0},{"calorie":0.0,"count":0,"distance":0.0,"speed":0.0},{"calorie":0.0,"count":0,"distance":0.0,"speed":0.0},{"calorie":0.0,"count":0,"distance":0.0,"speed":0.0},{"calorie":0.0,"count":0,"distance":0.0,"speed":0.0},{"calorie":0.0,"count":0,"distance":0.0,"speed":0.0},{"calorie":0.0,"count":0,"distance":0.0,"speed":0.0},{"calorie":0.0,"count":0,"distance":0.0,"speed":0.0},{"calorie":0.0,"count":0,"distance":0.0,"speed":0.0},{"calorie":0.0,"count":0,"distance":0.0,"speed":0.0},{"calorie":0.0,"count":0,"distance":0.0,"speed":0.0},{"calorie":0.0,"count":0,"distance":0.0,"speed":0.0},{"calorie":0.0,"count":0,"distance":0.0,"speed":0.0},{"calorie":0.0,"count":0,"distance":0.0,"speed":0.0},{"calorie":0.0,"count":0,"distance":0.0,"speed":0.0},{"calorie":0.0,"count":0,"distance":0.0,"speed":0.0},{"calorie":0.0,"count":0,"distance":0.0,"speed":0.0},{"calorie":0.0,"count":0,"distance":0.0,"speed":0.0},{"calorie":0.0,"count":0,"distance":0.0,"speed":0.0},{"calorie":0.0,"count":0,"distance":0.0,"speed":0.0},{"calorie":0.0,"count":0,"distance":0.0,"speed":0.0},{"calorie":0.0,"count":0,"distance":0.0,"speed":0.0},{"calorie":0.0,"count":0,"distance":0.0,"speed":0.0},{"calorie":0.0,"count":0,"distance":0.0,"speed":0.0},{"calorie":0.0,"count":0,"distance":0.0,"speed":0.0},{"calorie":0.0,"count":0,"distance":0.0,"speed":0.0},{"calorie":0.0,"count":0,"distance":0.0,"speed":0.0},{"calorie":0.0,"count":0,"distance":0.0,"speed":0.0},{"calorie":0.0,"count":0,"distance":0.0,"speed":0.0},{"calorie":0.0,"count":0,"distance":0.0,"speed":0.0},{"calorie":0.0,"count":0,"distance":0.0,"speed":0.0},{"calorie":0.0,"count":0,"distance":0.0,"speed":0.0},{"calorie":0.0,"count":0,"distance":0.0,"speed":0.0},{"calorie":0.0,"count":0,"distance":0.0,"speed":0.0},{"calorie":0.0,"count":0,"distance":0.0,"speed":0.0},{"calorie":1.0999999046325684,"count":30,"distance":22.429999828338623,"speed":4.566032409667969},{"calorie":0.0,"count":0,"distance":0.0,"speed":0.0},{"calorie":6.060000002384186,"count":160,"distance":118.28000259399414,"speed":4.42375373840332},{"calorie":4.459999978542328,"count":121,"distance":88.30000019073486,"speed":3.873194456100464},{"calorie":3.1999999284744263,"count":85,"distance":63.54000186920166,"speed":4.674603462219238},{"calorie":1.2699999809265137,"count":33,"distance":24.44999885559082,"speed":4.33373498916626},{"calorie":0.0,"count":0,"distance":0.0,"speed":0.0},{"calorie":0.0,"count":0,"distance":0.0,"speed":0.0},{"calorie":0.0,"count":0,"distance":0.0,"speed":0.0},{"calorie":0.0,"count":0,"distance":0.0,"speed":0.0},{"calorie":0.0,"count":0,"distance":0.0,"speed":0.0},{"calorie":2.9999999701976776,"count":81,"distance":60.25999975204468,"speed":4.381399631500244},{"calorie":3.6600000262260437,"count":97,"distance":72.1899995803833,"speed":4.485020160675049},{"calorie":0.32999998331069946,"count":9,"distance":6.720000267028809,"speed":4.6310224533081055},{"calorie":0.0,"count":0,"distance":0.0,"speed":0.0},{"calorie":0.0,"count":0,"distance":0.0,"speed":0.0},{"calorie":5.82999986410141,"count":154,"distance":112.46999788284302,"speed":3.7604541778564453},{"calorie":3.9799997806549072,"count":109,"distance":83.35000419616699,"speed":4.695104598999023},{"calorie":3.200000062584877,"count":91,"distance":68.7900003194809,"speed":4.634195327758789},{"calorie":0.7599999904632568,"count":23,"distance":17.739999771118164,"speed":5.299999713897705},{"calorie":0.0,"count":0,"distance":0.0,"speed":0.0},{"calorie":0.8100000023841858,"count":22,"distance":16.520000457763672,"speed":4.900000095367432},{"calorie":1.8200000524520874,"count":54,"distance":41.0,"speed":5.700000286102295},{"calorie":2.240000069141388,"count":61,"distance":45.5699987411499,"speed":4.708738327026367},{"calorie":0.0,"count":0,"distance":0.0,"speed":0.0},{"calorie":0.0,"count":0,"distance":0.0,"speed":0.0},{"calorie":3.490000009536743,"count":101,"distance":76.65000057220459,"speed":5.363314151763916},{"calorie":4.029999911785126,"count":115,"distance":86.46999883651733,"speed":4.811720371246338},{"calorie":0.0,"count":0,"distance":0.0,"speed":0.0},{"calorie":5.379999257624149,"count":151,"distance":112.72000336647034,"speed":4.499666213989258},{"calorie":0.0,"count":0,"distance":0.0,"speed":0.0},{"calorie":0.0,"count":0,"distance":0.0,"speed":0.0},{"calorie":0.0,"count":0,"distance":0.0,"speed":0.0},{"calorie":1.2200000584125519,"count":34,"distance":25.500001668930054,"speed":4.516155242919922},{"calorie":0.0,"count":0,"distance":0.0,"speed":0.0},{"calorie":0.25,"count":7,"distance":5.21999979019165,"speed":4.785370826721191},{"calorie":0.0,"count":0,"distance":0.0,"speed":0.0},{"calorie":1.769999846816063,"count":51,"distance":38.6899995803833,"speed":4.6828694343566895},{"calorie":3.60999995470047,"count":105,"distance":79.64000129699707,"speed":5.05397367477417},{"calorie":15.779997944831848,"count":498,"distance":386.7200222015381,"speed":5.556396961212158},{"calorie":11.619999945163727,"count":370,"distance":286.620005607605,"speed":5.472359657287598},{"calorie":1.4100000262260437,"count":39,"distance":28.55000114440918,"speed":3.8056488037109375},{"calorie":4.409999907016754,"count":126,"distance":95.3100004196167,"speed":4.672113418579102},{"calorie":1.9299999475479126,"count":35,"distance":21.460000038146973,"speed":4.949488162994385},{"calorie":2.6199999153614044,"count":75,"distance":54.649999141693115,"speed":5.198036193847656},{"calorie":5.760000050067902,"count":153,"distance":111.79999923706055,"speed":5.198239803314209},{"calorie":9.180000007152557,"count":277,"distance":214.86999702453613,"speed":5.455626964569092},{"calorie":6.980000019073486,"count":209,"distance":159.73999881744385,"speed":5.151465892791748},{"calorie":4.249999791383743,"count":114,"distance":85.32999897003174,"speed":4.640951156616211},{"calorie":4.699999362230301,"count":137,"distance":103.9300184249878,"speed":5.01840877532959},{"calorie":2.699999988079071,"count":73,"distance":55.03000259399414,"speed":4.740588665008545},{"calorie":6.919999897480011,"count":183,"distance":136.15000438690186,"speed":4.328324317932129},{"calorie":0.5299999713897705,"count":15,"distance":11.180000305175781,"speed":4.900000095367432},{"calorie":6.249999940395355,"count":178,"distance":134.80000114440918,"speed":4.858773708343506},{"calorie":5.55000002682209,"count":153,"distance":113.72000122070312,"speed":4.533450126647949},{"calorie":3.720000058412552,"count":110,"distance":84.16000032424927,"speed":5.1381378173828125},{"calorie":1.4399999976158142,"count":41,"distance":31.03000020980835,"speed":4.777187824249268},{"calorie":0.37999996542930603,"count":10,"distance":7.269999980926514,"speed":3.918818950653076},{"calorie":0.0,"count":0,"distance":0.0,"speed":0.0},{"calorie":0.0,"count":0,"distance":0.0,"speed":0.0},{"calorie":0.0,"count":0,"distance":0.0,"speed":0.0},{"calorie":0.0,"count":0,"distance":0.0,"speed":0.0},{"calorie":0.0,"count":0,"distance":0.0,"speed":0.0},{"calorie":12.5899997651577,"count":347,"distance":263.4500012397766,"speed":4.9184770584106445},{"calorie":1.8399999737739563,"count":51,"distance":37.640000343322754,"speed":4.116171836853027},{"calorie":2.559999853372574,"count":72,"distance":53.610008239746094,"speed":4.612955570220947},{"calorie":0.0,"count":0,"distance":0.0,"speed":0.0},{"calorie":6.379999935626984,"count":156,"distance":120.4799976348877,"speed":3.902376413345337},{"calorie":3.2000000178813934,"count":85,"distance":62.459999561309814,"speed":4.244498252868652},{"calorie":3.5399999618530273,"count":95,"distance":69.87998962402344,"speed":4.05896520614624},{"calorie":0.0,"count":0,"distance":0.0,"speed":0.0},{"calorie":0.0,"count":0,"distance":0.0,"speed":0.0},{"calorie":0.0,"count":0,"distance":0.0,"speed":0.0},{"calorie":0.0,"count":0,"distance":0.0,"speed":0.0},{"calorie":0.0,"count":0,"distance":0.0,"speed":0.0},{"calorie":0.0,"count":0,"distance":0.0,"speed":0.0},{"calorie":1.0800000727176666,"count":31,"distance":23.420000076293945,"speed":4.59404182434082},{"calorie":1.8099998533725739,"count":50,"distance":37.71999931335449,"speed":4.720824718475342},{"calorie":0.9099999368190765,"count":24,"distance":17.739999771118164,"speed":4.144140720367432},{"calorie":0.0,"count":0,"distance":0.0,"speed":0.0},{"calorie":0.5899999439716339,"count":16,"distance":12.299999237060547,"speed":5.076722145080566},{"calorie":0.44999995827674866,"count":12,"distance":8.920000076293945,"speed":4.421535015106201},{"calorie":1.2600000500679016,"count":35,"distance":26.530001640319824,"speed":4.967622756958008},{"calorie":0.0,"count":0,"distance":0.0,"speed":0.0},{"calorie":0.0,"count":0,"distance":0.0,"speed":0.0},{"calorie":0.0,"count":0,"distance":0.0,"speed":0.0},{"calorie":2.070000022649765,"count":55,"distance":40.23999786376953,"speed":4.148935317993164},{"calorie":0.0,"count":0,"distance":0.0,"speed":0.0},{"calorie":0.0,"count":0,"distance":0.0,"speed":0.0},{"calorie":0.5399999618530273,"count":15,"distance":11.1899995803833,"speed":4.368535995483398},{"calorie":0.0,"count":0,"distance":0.0,"speed":0.0},{"calorie":0.0,"count":0,"distance":0.0,"speed":0.0},{"calorie":0.0,"count":0,"distance":0.0,"speed":0.0},{"calorie":0.0,"count":0,"distance":0.0,"speed":0.0},{"calorie":0.0,"count":0,"distance":0.0,"speed":0.0},{"calorie":0.0,"count":0,"distance":0.0,"speed":0.0},{"calorie":0.0,"count":0,"distance":0.0,"speed":0.0},{"calorie":0.0,"count":0,"distance":0.0,"speed":0.0},{"calorie":0.0,"count":0,"distance":0.0,"speed":0.0}]