[{"calorie":0.0,"count":0,"distance":0.0,"speed":0.0},{"calorie":0.0,"count":0,"distance":0.0,"speed":0.0},{"calorie":0.0,"count":0,"distance":0.0,"speed":0.0},{"calorie":0.0,"count":0,"distance":0.0,"speed":0.0},{"calorie":0.0,"count":0,"distance":0.0,"speed":0.0},{"calorie":0.0,"count":0,"distance":0.0,"speed":0.0},{"calorie":0.0,"count":0,"distance":0.0,"speed":0.0},{"calorie":0.0,"count":0,"distance":0.0,"speed":0.0},{"calorie":0.0,"count":0,"distance":0.0,"speed":0.0},{"calorie":0.0,"count":0,"distance":0.0,"speed":0.0},{"calorie":0.0,"count":0,"distance":0.0,"speed":0.0},{"calorie":0.0,"count":0,"distance":0.0,"speed":0.0},{"calorie":0.0,"count":0,"distance":0.0,"speed":0.0},{"calorie":0.0,"count":0,"distance":0.0,"speed":0.0},{"calorie":0.0,"count":0,"distance":0.0,"speed":0.0},{"calorie":0.0,"count":0,"distance":0.0,"speed":0.0},{"calorie":0.0,"count":0,"distance":0.0,"speed":0.0},{"calorie":0.0,"count":0,"distance":0.0,"speed":0.0},{"calorie":0.0,"count":0,"distance":0.0,"speed":0.0},{"calorie":0.0,"count":0,"distance":0.0,"speed":0.0},{"calorie":0.0,"count":0,"distance":0.0,"speed":0.0},{"calorie":0.0,"count":0,"distance":0.0,"speed":0.0},{"calorie":0.0,"count":0,"distance":0.0,"speed":0.0},{"calorie":0.0,"count":0,"distance":0.0,"speed":0.0},{"calorie":0.0,"count":0,"distance":0.0,"speed":0.0},{"calorie":0.0,"count":0,"distance":0.0,"speed":0.0},{"calorie":0.0,"count":0,"distance":0.0,"speed":0.0},{"calorie":0.0,"count":0,"distance":0.0,"speed":0.0},{"calorie":0.0,"count":0,"distance":0.0,"speed":0.0},{"calorie":0.0,"count":0,"distance":0.0,"speed":0.0},{"calorie":0.0,"count":0,"distance":0.0,"speed":0.0},{"calorie":0.0,"count":0,"distance":0.0,"speed":0.0},{"calorie":0.0,"count":0,"distance":0.0,"speed":0.0},{"calorie":0.0,"count":0,"distance":0.0,"speed":0.0},{"calorie":0.0,"count":0,"distance":0.0,"speed":0.0},{"calorie":0.0,"count":0,"distance":0.0,"speed":0.0},{"calorie":0.0,"count":0,"distance":0.0,"speed":0.0},{"calorie":0.8077230453491211,"count":14,"distance":10.417654037475586,"speed":4.402263164520264},{"calorie":5.378832817077637,"count":94,"distance":71.27810096740723,"speed":4.889973163604736},{"calorie":0.0,"count":0,"distance":0.0,"speed":0.0},{"calorie":0.0,"count":0,"distance":0.0,"speed":0.0},{"calorie":0.0,"count":0,"distance":0.0,"speed":0.0},{"calorie":3.895155906677246,"count":68,"distance":51.285247802734375,"speed":4.38821268081665},{"calorie":2.249937057495117,"count":39,"distance":28.964447021484375,"speed":4.317332744598389},{"calorie":0.3405647277832031,"count":6,"distance":4.6033782958984375,"speed":2.642277479171753},{"calorie":0.4021024703979492,"count":7,"distance":5.2303314208984375,"speed":2.189469575881958},{"calorie":2.72707462310791,"count":48,"distance":36.76365661621094,"speed":5.20889139175415},{"calorie":3.6214990615844727,"count":64,"distance":49.526031494140625,"speed":5.242086887359619},{"calorie":0.0,"count":0,"distance":0.0,"speed":0.0},{"calorie":0.0,"count":0,"distance":0.0,"speed":0.0},{"calorie":3.8935680389404297,"count":68,"distance":51.24932861328125,"speed":3.739051580429077},{"calorie":5.567937850952148,"count":98,"distance":75.44125366210938,"speed":4.096734046936035},{"calorie":3.4537277221679688,"count":61,"distance":47.44537353515625,"speed":5.457658767700195},{"calorie":0.9695549011230469,"count":17,"distance":12.900421142578125,"speed":4.306889057159424},{"calorie":2.3861427307128906,"count":42,"distance":32.145751953125,"speed":4.775451183319092},{"calorie":0.0,"count":0,"distance":0.0,"speed":0.0},{"calorie":0.0,"count":0,"distance":0.0,"speed":0.0},{"calorie":0.0,"count":0,"distance":0.0,"speed":0.0},{"calorie":0.0,"count":0,"distance":0.0,"speed":0.0},{"calorie":0.0,"count":0,"distance":0.0,"speed":0.0},{"calorie":0.0,"count":0,"distance":0.0,"speed":0.0},{"calorie":0.0,"count":0,"distance":0.0,"speed":0.0},{"calorie":0.0,"count":0,"distance":0.0,"speed":0.0},{"calorie":0.0,"count":0,"distance":0.0,"speed":0.0},{"calorie":4.69036865234375,"count":82,"distance":61.83221435546875,"speed":4.750642776489258},{"calorie":1.1415824890136719,"count":20,"distance":15.12469482421875,"speed":4.5787672996521},{"calorie":5.237178802490234,"count":92,"distance":71.022705078125,"speed":4.736246109008789},{"calorie":0.0,"count":0,"distance":0.0,"speed":0.0},{"calorie":8.260734558105469,"count":144,"distance":108.16131591796875,"speed":4.647162914276123},{"calorie":0.0,"count":0,"distance":0.0,"speed":0.0},{"calorie":0.0,"count":0,"distance":0.0,"speed":0.0},{"calorie":0.0,"count":0,"distance":0.0,"speed":0.0},{"calorie":5.2271728515625,"count":91,"distance":68.3173828125,"speed":4.838842868804932},{"calorie":2.9392127990722656,"count":51,"distance":37.9150390625,"speed":4.533369064331055},{"calorie":1.7075881958007812,"count":30,"distance":22.98785400390625,"speed":5.205924034118652},{"calorie":0.654327392578125,"count":11,"distance":7.86865234375,"speed":3.768799066543579},{"calorie":3.6412811279296875,"count":64,"distance":49.14251708984375,"speed":5.087212085723877},{"calorie":5.3729400634765625,"count":94,"distance":71.31427001953125,"speed":4.221102237701416},{"calorie":6.626487731933594,"count":106,"distance":83.3997802734375,"speed":4.891357898712158},{"calorie":5.641632080078125,"count":99,"distance":75.2904052734375,"speed":4.8461456298828125},{"calorie":0.0,"count":0,"distance":0.0,"speed":0.0},{"calorie":0.0,"count":0,"distance":0.0,"speed":0.0},{"calorie":0.8644027709960938,"count":15,"distance":11.2449951171875,"speed":4.00885009765625},{"calorie":0.0,"count":0,"distance":0.0,"speed":0.0},{"calorie":0.0,"count":0,"distance":0.0,"speed":0.0},{"calorie":2.547607421875,"count":44,"distance":32.6397705078125,"speed":4.103174686431885},{"calorie":0.0,"count":0,"distance":0.0,"speed":0.0},{"calorie":0.0,"count":0,"distance":0.0,"speed":0.0},{"calorie":0.0,"count":0,"distance":0.0,"speed":0.0},{"calorie":0.0,"count":0,"distance":0.0,"speed":0.0},{"calorie":0.0,"count":0,"distance":0.0,"speed":0.0},{"calorie":0.0,"count":0,"distance":0.0,"speed":0.0},{"calorie":0.0,"count":0,"distance":0.0,"speed":0.0},{"calorie":0.0,"count":0,"distance":0.0,"speed":0.0},{"calorie":0.0,"count":0,"distance":0.0,"speed":0.0},{"calorie":0.0,"count":0,"distance":0.0,"speed":0.0},{"calorie":0.0,"count":0,"distance":0.0,"speed":0.0},{"calorie":0.5445098876953125,"count":9,"distance":6.33837890625,"speed":3.3001303672790527},{"calorie":0.0,"count":0,"distance":0.0,"speed":0.0},{"calorie":1.260955810546875,"count":22,"distance":16.524169921875,"speed":4.396907806396484},{"calorie":0.0,"count":0,"distance":0.0,"speed":0.0},{"calorie":0.0,"count":0,"distance":0.0,"speed":0.0},{"calorie":7.834205627441406,"count":126,"distance":98.0611572265625,"speed":5.412126064300537},{"calorie":0.6870803833007812,"count":12,"distance":9.02197265625,"speed":2.2635557651519775},{"calorie":3.5237655639648438,"count":62,"distance":47.5869140625,"speed":5.012834072113037},{"calorie":0.0,"count":0,"distance":0.0,"speed":0.0},{"calorie":0.0,"count":0,"distance":0.0,"speed":0.0},{"calorie":0.0,"count":0,"distance":0.0,"speed":0.0},{"calorie":0.0,"count":0,"distance":0.0,"speed":0.0},{"calorie":2.432708740234375,"count":42,"distance":31.1793212890625,"speed":4.475541591644287},{"calorie":0.0,"count":0,"distance":0.0,"speed":0.0},{"calorie":0.0,"count":0,"distance":0.0,"speed":0.0},{"calorie":0.3607938289642334,"count":6,"distance":4.252461910247803,"speed":4.087057113647461},{"calorie":0.7461389303207397,"count":13,"distance":9.829843997955322,"speed":4.240782737731934},{"calorie":0.0,"count":0,"distance":0.0,"speed":0.0},{"calorie":0.0,"count":0,"distance":0.0,"speed":0.0},{"calorie":0.0,"count":0,"distance":0.0,"speed":0.0},{"calorie":0.4538304805755615,"count":8,"distance":6.145769119262695,"speed":5.179779529571533},{"calorie":0.0,"count":0,"distance":0.0,"speed":0.0},{"calorie":0.0,"count":0,"distance":0.0,"speed":0.0},{"calorie":0.0,"count":0,"distance":0.0,"speed":0.0},{"calorie":0.0,"count":0,"distance":0.0,"speed":0.0},{"calorie":0.0,"count":0,"distance":0.0,"speed":0.0},{"calorie":0.0,"count":0,"distance":0.0,"speed":0.0},{"calorie":0.0,"count":0,"distance":0.0,"speed":0.0},{"calorie":0.0,"count":0,"distance":0.0,"speed":0.0},{"calorie":0.0,"count":0,"distance":0.0,"speed":0.0},{"calorie":0.0,"count":0,"distance":0.0,"speed":0.0},{"calorie":0.0,"count":0,"distance":0.0,"speed":0.0},{"calorie":0.0,"count":0,"distance":0.0,"speed":0.0},{"calorie":0.3950444459915161,"count":7,"distance":5.5291900634765625,"speed":5.1355462074279785},{"calorie":0.0,"count":0,"distance":0.0,"speed":0.0},{"calorie":0.0,"count":0,"distance":0.0,"speed":0.0},{"calorie":0.0,"count":0,"distance":0.0,"speed":0.0},{"calorie":0.0,"count":0,"distance":0.0,"speed":0.0},{"calorie":0.0,"count":0,"distance":0.0,"speed":0.0},{"calorie":0.0,"count":0,"distance":0.0,"speed":0.0},{"calorie":0.0,"count":0,"distance":0.0,"speed":0.0},{"calorie":0.0,"count":0,"distance":0.0,"speed":0.0},{"calorie":0.0,"count":0,"distance":0.0,"speed":0.0},{"calorie":0.0,"count":0,"distance":0.0,"speed":0.0},{"calorie":0.0,"count":0,"distance":0.0,"speed":0.0},{"calorie":0.0,"count":0,"distance":0.0,"speed":0.0},{"calorie":0.0,"count":0,"distance":0.0,"speed":0.0}]