[{"calorie":0.0,"count":0,"distance":0.0,"speed":0.0},{"calorie":0.0,"count":0,"distance":0.0,"speed":0.0},{"calorie":0.0,"count":0,"distance":0.0,"speed":0.0},{"calorie":0.0,"count":0,"distance":0.0,"speed":0.0},{"calorie":0.0,"count":0,"distance":0.0,"speed":0.0},{"calorie":0.0,"count":0,"distance":0.0,"speed":0.0},{"calorie":0.0,"count":0,"distance":0.0,"speed":0.0},{"calorie":0.0,"count":0,"distance":0.0,"speed":0.0},{"calorie":0.0,"count":0,"distance":0.0,"speed":0.0},{"calorie":0.0,"count":0,"distance":0.0,"speed":0.0},{"calorie":0.0,"count":0,"distance":0.0,"speed":0.0},{"calorie":0.0,"count":0,"distance":0.0,"speed":0.0},{"calorie":0.0,"count":0,"distance":0.0,"speed":0.0},{"calorie":0.0,"count":0,"distance":0.0,"speed":0.0},{"calorie":0.0,"count":0,"distance":0.0,"speed":0.0},{"calorie":0.0,"count":0,"distance":0.0,"speed":0.0},{"calorie":0.0,"count":0,"distance":0.0,"speed":0.0},{"calorie":0.0,"count":0,"distance":0.0,"speed":0.0},{"calorie":0.0,"count":0,"distance":0.0,"speed":0.0},{"calorie":0.0,"count":0,"distance":0.0,"speed":0.0},{"calorie":0.0,"count":0,"distance":0.0,"speed":0.0},{"calorie":0.0,"count":0,"distance":0.0,"speed":0.0},{"calorie":0.0,"count":0,"distance":0.0,"speed":0.0},{"calorie":0.0,"count":0,"distance":0.0,"speed":0.0},{"calorie":0.0,"count":0,"distance":0.0,"speed":0.0},{"calorie":0.0,"count":0,"distance":0.0,"speed":0.0},{"calorie":0.0,"count":0,"distance":0.0,"speed":0.0},{"calorie":0.0,"count":0,"distance":0.0,"speed":0.0},{"calorie":0.0,"count":0,"distance":0.0,"speed":0.0},{"calorie":0.0,"count":0,"distance":0.0,"speed":0.0},{"calorie":0.0,"count":0,"distance":0.0,"speed":0.0},{"calorie":0.0,"count":0,"distance":0.0,"speed":0.0},{"calorie":0.0,"count":0,"distance":0.0,"speed":0.0},{"calorie":0.0,"count":0,"distance":0.0,"speed":0.0},{"calorie":0.0,"count":0,"distance":0.0,"speed":0.0},{"calorie":0.0,"count":0,"distance":0.0,"speed":0.0},{"calorie":0.0,"count":0,"distance":0.0,"speed":0.0},{"calorie":0.0,"count":0,"distance":0.0,"speed":0.0},{"calorie":0.0,"count":0,"distance":0.0,"speed":0.0},{"calorie":0.0,"count":0,"distance":0.0,"speed":0.0},{"calorie":0.0,"count":0,"distance":0.0,"speed":0.0},{"calorie":0.0,"count":0,"distance":0.0,"speed":0.0},{"calorie":0.0,"count":0,"distance":0.0,"speed":0.0},{"calorie":0.0,"count":0,"distance":0.0,"speed":0.0},{"calorie":0.0,"count":0,"distance":0.0,"speed":0.0},{"calorie":0.0,"count":0,"distance":0.0,"speed":0.0},{"calorie":0.0,"count":0,"distance":0.0,"speed":0.0},{"calorie":1.6399998664855957,"count":46,"distance":34.08000183105469,"speed":4.517933368682861},{"calorie":9.160000026226044,"count":241,"distance":173.169997215271,"speed":3.496469736099243},{"calorie":1.8699999749660492,"count":50,"distance":36.569997787475586,"speed":4.088891983032227},{"calorie":0.0,"count":0,"distance":0.0,"speed":0.0},{"calorie":0.0,"count":0,"distance":0.0,"speed":0.0},{"calorie":0.0,"count":0,"distance":0.0,"speed":0.0},{"calorie":6.000000178813934,"count":162,"distance":120.53000164031982,"speed":4.531482696533203},{"calorie":2.5299994945526123,"count":70,"distance":53.01000499725342,"speed":4.640371322631836},{"calorie":5.769999995827675,"count":156,"distance":117.48999691009521,"speed":4.613414287567139},{"calorie":1.5,"count":41,"distance":31.25,"speed":4.7237229347229},{"calorie":0.0,"count":0,"distance":0.0,"speed":0.0},{"calorie":0.0,"count":0,"distance":0.0,"speed":0.0},{"calorie":1.1199999451637268,"count":30,"distance":22.230000495910645,"speed":4.5353102684021},{"calorie":0.0,"count":0,"distance":0.0,"speed":0.0},{"calorie":4.229999929666519,"count":117,"distance":87.12999868392944,"speed":4.498696327209473},{"calorie":2.200000062584877,"count":60,"distance":44.49999988079071,"speed":4.436878204345703},{"calorie":3.0200000405311584,"count":84,"distance":62.94999885559082,"speed":4.667644500732422},{"calorie":2.550000011920929,"count":72,"distance":54.80999946594238,"speed":5.039930820465088},{"calorie":3.809999942779541,"count":105,"distance":80.47999858856201,"speed":4.883206844329834},{"calorie":10.099999994039536,"count":284,"distance":214.53000020980835,"speed":4.744238376617432},{"calorie":3.7899999618530273,"count":103,"distance":77.05999946594238,"speed":4.581756591796875},{"calorie":5.890000030398369,"count":163,"distance":122.4000015258789,"speed":4.781671524047852},{"calorie":3.5399999618530273,"count":95,"distance":71.58000087738037,"speed":4.809818744659424},{"calorie":3.3000000715255737,"count":89,"distance":66.53000068664551,"speed":4.567742347717285},{"calorie":0.0,"count":0,"distance":0.0,"speed":0.0},{"calorie":0.0,"count":0,"distance":0.0,"speed":0.0},{"calorie":0.8300000131130219,"count":22,"distance":16.0,"speed":4.1408538818359375},{"calorie":9.679999619722366,"count":245,"distance":178.2900047302246,"speed":3.7000908851623535},{"calorie":3.5799998342990875,"count":98,"distance":73.25000095367432,"speed":4.339906215667725},{"calorie":0.0,"count":0,"distance":0.0,"speed":0.0},{"calorie":2.2999998927116394,"count":62,"distance":45.179999351501465,"speed":4.116026401519775},{"calorie":7.650000214576721,"count":199,"distance":148.60999870300293,"speed":4.577877998352051},{"calorie":0.0,"count":0,"distance":0.0,"speed":0.0},{"calorie":0.29999998211860657,"count":8,"distance":5.920000076293945,"speed":4.860794544219971},{"calorie":0.0,"count":0,"distance":0.0,"speed":0.0},{"calorie":0.0,"count":0,"distance":0.0,"speed":0.0},{"calorie":0.0,"count":0,"distance":0.0,"speed":0.0},{"calorie":0.0,"count":0,"distance":0.0,"speed":0.0},{"calorie":0.0,"count":0,"distance":0.0,"speed":0.0},{"calorie":0.0,"count":0,"distance":0.0,"speed":0.0},{"calorie":0.0,"count":0,"distance":0.0,"speed":0.0},{"calorie":2.1600000858306885,"count":66,"distance":50.849998474121094,"speed":5.299999713897705},{"calorie":3.709999904036522,"count":103,"distance":78.21000337600708,"speed":4.922077655792236},{"calorie":1.3899999856948853,"count":39,"distance":29.139999389648438,"speed":4.900000095367432},{"calorie":0.0,"count":0,"distance":0.0,"speed":0.0},{"calorie":16.029999792575836,"count":434,"distance":323.7800006866455,"speed":4.518945693969727},{"calorie":3.009999990463257,"count":80,"distance":58.94000053405762,"speed":4.157035827636719},{"calorie":3.219999998807907,"count":84,"distance":61.1200008392334,"speed":3.9364516735076904},{"calorie":2.0,"count":54,"distance":41.20000076293945,"speed":4.999999523162842},{"calorie":0.0,"count":0,"distance":0.0,"speed":0.0},{"calorie":0.0,"count":0,"distance":0.0,"speed":0.0},{"calorie":0.0,"count":0,"distance":0.0,"speed":0.0},{"calorie":0.0,"count":0,"distance":0.0,"speed":0.0},{"calorie":0.0,"count":0,"distance":0.0,"speed":0.0},{"calorie":0.0,"count":0,"distance":0.0,"speed":0.0},{"calorie":0.0,"count":0,"distance":0.0,"speed":0.0},{"calorie":9.809999883174896,"count":257,"distance":192.10000038146973,"speed":4.405294895172119},{"calorie":8.049999833106995,"count":213,"distance":157.25000095367432,"speed":4.243988037109375},{"calorie":0.0,"count":0,"distance":0.0,"speed":0.0},{"calorie":2.3199999630451202,"count":61,"distance":44.670000076293945,"speed":4.181506156921387},{"calorie":0.7299999594688416,"count":21,"distance":15.670001983642578,"speed":4.689779758453369},{"calorie":3.7000000178813934,"count":99,"distance":73.65999984741211,"speed":4.342627048492432},{"calorie":0.0,"count":0,"distance":0.0,"speed":0.0},{"calorie":1.3700000941753387,"count":36,"distance":26.65999937057495,"speed":4.2591552734375},{"calorie":1.0000001192092896,"count":27,"distance":20.26999855041504,"speed":4.9504475593566895},{"calorie":2.909999966621399,"count":80,"distance":60.920000076293945,"speed":5.0246901512146},{"calorie":0.0,"count":0,"distance":0.0,"speed":0.0},{"calorie":0.0,"count":0,"distance":0.0,"speed":0.0},{"calorie":0.0,"count":0,"distance":0.0,"speed":0.0},{"calorie":0.0,"count":0,"distance":0.0,"speed":0.0},{"calorie":3.599999815225601,"count":99,"distance":73.64000129699707,"speed":4.515162944793701},{"calorie":0.20999999344348907,"count":6,"distance":4.550000190734863,"speed":4.700000286102295},{"calorie":0.0,"count":0,"distance":0.0,"speed":0.0},{"calorie":0.0,"count":0,"distance":0.0,"speed":0.0},{"calorie":0.0,"count":0,"distance":0.0,"speed":0.0},{"calorie":0.0,"count":0,"distance":0.0,"speed":0.0},{"calorie":0.6700000762939453,"count":18,"distance":13.40999984741211,"speed":4.436769008636475},{"calorie":0.0,"count":0,"distance":0.0,"speed":0.0},{"calorie":0.0,"count":0,"distance":0.0,"speed":0.0},{"calorie":0.0,"count":0,"distance":0.0,"speed":0.0},{"calorie":0.0,"count":0,"distance":0.0,"speed":0.0},{"calorie":0.0,"count":0,"distance":0.0,"speed":0.0},{"calorie":0.0,"count":0,"distance":0.0,"speed":0.0},{"calorie":0.0,"count":0,"distance":0.0,"speed":0.0},{"calorie":0.0,"count":0,"distance":0.0,"speed":0.0},{"calorie":0.0,"count":0,"distance":0.0,"speed":0.0},{"calorie":0.0,"count":0,"distance":0.0,"speed":0.0},{"calorie":0.0,"count":0,"distance":0.0,"speed":0.0},{"calorie":0.0,"count":0,"distance":0.0,"speed":0.0},{"calorie":0.0,"count":0,"distance":0.0,"speed":0.0},{"calorie":0.0,"count":0,"distance":0.0,"speed":0.0},{"calorie":0.0,"count":0,"distance":0.0,"speed":0.0},{"calorie":0.0,"count":0,"distance":0.0,"speed":0.0},{"calorie":0.0,"count":0,"distance":0.0,"speed":0.0},{"calorie":0.0,"count":0,"distance":0.0,"speed":0.0},{"calorie":0.0,"count":0,"distance":0.0,"speed":0.0},{"calorie":0.0,"count":0,"distance":0.0,"speed":0.0}]