[{"calorie":0.0,"count":0,"distance":0.0,"speed":0.0},{"calorie":4.37999963760376,"count":74,"distance":52.06999969482422,"speed":3.9276347160339355},{"calorie":0.0,"count":0,"distance":0.0,"speed":0.0},{"calorie":2.309999942779541,"count":39,"distance":27.459999084472656,"speed":4.10252571105957},{"calorie":0.0,"count":0,"distance":0.0,"speed":0.0},{"calorie":0.0,"count":0,"distance":0.0,"speed":0.0},{"calorie":0.0,"count":0,"distance":0.0,"speed":0.0},{"calorie":0.0,"count":0,"distance":0.0,"speed":0.0},{"calorie":0.0,"count":0,"distance":0.0,"speed":0.0},{"calorie":0.0,"count":0,"distance":0.0,"speed":0.0},{"calorie":0.0,"count":0,"distance":0.0,"speed":0.0},{"calorie":0.0,"count":0,"distance":0.0,"speed":0.0},{"calorie":0.0,"count":0,"distance":0.0,"speed":0.0},{"calorie":0.0,"count":0,"distance":0.0,"speed":0.0},{"calorie":0.0,"count":0,"distance":0.0,"speed":0.0},{"calorie":0.0,"count":0,"distance":0.0,"speed":0.0},{"calorie":0.0,"count":0,"distance":0.0,"speed":0.0},{"calorie":0.0,"count":0,"distance":0.0,"speed":0.0},{"calorie":0.0,"count":0,"distance":0.0,"speed":0.0},{"calorie":0.0,"count":0,"distance":0.0,"speed":0.0},{"calorie":0.0,"count":0,"distance":0.0,"speed":0.0},{"calorie":0.0,"count":0,"distance":0.0,"speed":0.0},{"calorie":0.0,"count":0,"distance":0.0,"speed":0.0},{"calorie":0.0,"count":0,"distance":0.0,"speed":0.0},{"calorie":0.0,"count":0,"distance":0.0,"speed":0.0},{"calorie":0.0,"count":0,"distance":0.0,"speed":0.0},{"calorie":0.0,"count":0,"distance":0.0,"speed":0.0},{"calorie":0.0,"count":0,"distance":0.0,"speed":0.0},{"calorie":0.0,"count":0,"distance":0.0,"speed":0.0},{"calorie":0.0,"count":0,"distance":0.0,"speed":0.0},{"calorie":0.0,"count":0,"distance":0.0,"speed":0.0},{"calorie":0.0,"count":0,"distance":0.0,"speed":0.0},{"calorie":0.0,"count":0,"distance":0.0,"speed":0.0},{"calorie":0.0,"count":0,"distance":0.0,"speed":0.0},{"calorie":0.0,"count":0,"distance":0.0,"speed":0.0},{"calorie":0.0,"count":0,"distance":0.0,"speed":0.0},{"calorie":0.0,"count":0,"distance":0.0,"speed":0.0},{"calorie":0.0,"count":0,"distance":0.0,"speed":0.0},{"calorie":0.0,"count":0,"distance":0.0,"speed":0.0},{"calorie":0.0,"count":0,"distance":0.0,"speed":0.0},{"calorie":3.8799997568130493,"count":65,"distance":45.6199951171875,"speed":4.070034027099609},{"calorie":0.0,"count":0,"distance":0.0,"speed":0.0},{"calorie":0.0,"count":0,"distance":0.0,"speed":0.0},{"calorie":23.18999969959259,"count":368,"distance":255.05999088287354,"speed":4.713150501251221},{"calorie":0.0,"count":0,"distance":0.0,"speed":0.0},{"calorie":4.2099999487400055,"count":71,"distance":50.72999858856201,"speed":4.427184104919434},{"calorie":0.0,"count":0,"distance":0.0,"speed":0.0},{"calorie":0.0,"count":0,"distance":0.0,"speed":0.0},{"calorie":2.4099994897842407,"count":41,"distance":28.85999870300293,"speed":3.9971065521240234},{"calorie":4.230000019073486,"count":46,"distance":28.359999656677246,"speed":3.942150354385376},{"calorie":0.0,"count":0,"distance":0.0,"speed":0.0},{"calorie":5.089999943971634,"count":87,"distance":54.38999795913696,"speed":4.751659393310547},{"calorie":12.63999879360199,"count":189,"distance":127.19999313354492,"speed":4.448546409606934},{"calorie":0.0,"count":0,"distance":0.0,"speed":0.0},{"calorie":0.0,"count":0,"distance":0.0,"speed":0.0},{"calorie":4.1700000166893005,"count":70,"distance":49.0600004196167,"speed":3.9831154346466064},{"calorie":1.659999966621399,"count":28,"distance":19.790000438690186,"speed":4.222738265991211},{"calorie":1.3300000429153442,"count":22,"distance":14.979999542236328,"speed":3.5722014904022217},{"calorie":0.0,"count":0,"distance":0.0,"speed":0.0},{"calorie":0.0,"count":0,"distance":0.0,"speed":0.0},{"calorie":0.3499999940395355,"count":6,"distance":4.25,"speed":3.6999995708465576},{"calorie":0.0,"count":0,"distance":0.0,"speed":0.0},{"calorie":0.6100000143051147,"count":10,"distance":6.739999771118164,"speed":3.0999999046325684},{"calorie":0.7099999785423279,"count":12,"distance":8.590001106262207,"speed":4.814867973327637},{"calorie":5.520000070333481,"count":93,"distance":64.87000131607056,"speed":3.8543691635131836},{"calorie":3.489999994635582,"count":59,"distance":41.750000953674316,"speed":4.254291534423828},{"calorie":14.419999599456787,"count":243,"distance":172.95999717712402,"speed":4.394166946411133},{"calorie":0.0,"count":0,"distance":0.0,"speed":0.0},{"calorie":4.779999732971191,"count":80,"distance":56.08000183105469,"speed":3.998720645904541},{"calorie":16.070000108331442,"count":269,"distance":186.87999892234802,"speed":3.8028252124786377},{"calorie":7.800000246614218,"count":131,"distance":91.38999956846237,"speed":3.9532971382141113},{"calorie":6.269999802112579,"count":106,"distance":72.92999935150146,"speed":3.6015336513519287},{"calorie":3.859999895095825,"count":65,"distance":45.11000442504883,"speed":3.758395195007324},{"calorie":0.0,"count":0,"distance":0.0,"speed":0.0},{"calorie":10.72000002861023,"count":170,"distance":123.1299991607666,"speed":4.346330642700195},{"calorie":7.230000019073486,"count":122,"distance":86.70000076293945,"speed":3.9820609092712402},{"calorie":0.0,"count":0,"distance":0.0,"speed":0.0},{"calorie":4.320000052452087,"count":73,"distance":51.91000175476074,"speed":4.502295970916748},{"calorie":2.509999990463257,"count":42,"distance":29.409998893737793,"speed":4.009812831878662},{"calorie":0.7800000309944153,"count":13,"distance":9.010000228881836,"speed":3.680314302444458},{"calorie":0.7699999809265137,"count":13,"distance":9.0600004196167,"speed":3.6999995708465576},{"calorie":0.0,"count":0,"distance":0.0,"speed":0.0},{"calorie":0.0,"count":0,"distance":0.0,"speed":0.0},{"calorie":1.4199999570846558,"count":24,"distance":16.829999923706055,"speed":4.0},{"calorie":9.240000069141388,"count":139,"distance":91.13000059127808,"speed":4.08751916885376},{"calorie":24.50000011920929,"count":394,"distance":267.3499984741211,"speed":3.9400529861450195},{"calorie":21.76000028848648,"count":364,"distance":253.29000425338745,"speed":3.8199174404144287},{"calorie":2.3499999046325684,"count":40,"distance":28.049999237060547,"speed":4.0},{"calorie":13.089999973773956,"count":219,"distance":155.7099986076355,"speed":4.37097692489624},{"calorie":15.850000023841858,"count":268,"distance":194.56999969482422,"speed":4.882046699523926},{"calorie":4.289999485015869,"count":72,"distance":50.8599967956543,"speed":4.357540130615234},{"calorie":0.0,"count":0,"distance":0.0,"speed":0.0},{"calorie":0.0,"count":0,"distance":0.0,"speed":0.0},{"calorie":6.369998216629028,"count":107,"distance":74.94999313354492,"speed":4.08002233505249},{"calorie":4.129999876022339,"count":70,"distance":49.959999084472656,"speed":4.283689022064209},{"calorie":0.0,"count":0,"distance":0.0,"speed":0.0},{"calorie":6.900000095367432,"count":116,"distance":82.07000160217285,"speed":4.245291709899902},{"calorie":0.0,"count":0,"distance":0.0,"speed":0.0},{"calorie":0.0,"count":0,"distance":0.0,"speed":0.0},{"calorie":0.0,"count":0,"distance":0.0,"speed":0.0},{"calorie":0.0,"count":0,"distance":0.0,"speed":0.0},{"calorie":2.7200000286102295,"count":46,"distance":32.429999351501465,"speed":4.080868721008301},{"calorie":4.609999895095825,"count":77,"distance":52.97000026702881,"speed":3.5398805141448975},{"calorie":5.2700000405311584,"count":88,"distance":61.02999925613403,"speed":3.869084119796753},{"calorie":0.0,"count":0,"distance":0.0,"speed":0.0},{"calorie":1.100000023841858,"count":19,"distance":13.59000015258789,"speed":4.5},{"calorie":0.0,"count":0,"distance":0.0,"speed":0.0},{"calorie":4.200000047683716,"count":70,"distance":49.42999839782715,"speed":4.15083646774292},{"calorie":0.0,"count":0,"distance":0.0,"speed":0.0},{"calorie":0.4099999964237213,"count":7,"distance":4.860000133514404,"speed":3.9000003337860107},{"calorie":0.0,"count":0,"distance":0.0,"speed":0.0},{"calorie":0.0,"count":0,"distance":0.0,"speed":0.0},{"calorie":17.34000015258789,"count":291,"distance":204.42000102996826,"speed":4.008625030517578},{"calorie":13.039999783039093,"count":219,"distance":156.97999954223633,"speed":4.4090576171875},{"calorie":6.359999418258667,"count":108,"distance":77.61999130249023,"speed":4.57204532623291},{"calorie":0.0,"count":0,"distance":0.0,"speed":0.0},{"calorie":0.0,"count":0,"distance":0.0,"speed":0.0},{"calorie":12.259998202323914,"count":206,"distance":148.4399871826172,"speed":4.598562717437744},{"calorie":0.0,"count":0,"distance":0.0,"speed":0.0},{"calorie":25.25999826192856,"count":426,"distance":304.17003059387207,"speed":4.391058921813965},{"calorie":11.61000007390976,"count":194,"distance":136.0,"speed":3.987379550933838},{"calorie":3.869999885559082,"count":65,"distance":46.849998474121094,"speed":4.600000381469727},{"calorie":0.0,"count":0,"distance":0.0,"speed":0.0},{"calorie":3.5699999183416367,"count":61,"distance":43.740001916885376,"speed":4.612787246704102},{"calorie":3.190000057220459,"count":54,"distance":38.61000061035156,"speed":4.458171844482422},{"calorie":0.0,"count":0,"distance":0.0,"speed":0.0},{"calorie":0.0,"count":0,"distance":0.0,"speed":0.0},{"calorie":0.0,"count":0,"distance":0.0,"speed":0.0},{"calorie":0.0,"count":0,"distance":0.0,"speed":0.0},{"calorie":0.0,"count":0,"distance":0.0,"speed":0.0},{"calorie":0.0,"count":0,"distance":0.0,"speed":0.0},{"calorie":0.0,"count":0,"distance":0.0,"speed":0.0},{"calorie":0.0,"count":0,"distance":0.0,"speed":0.0},{"calorie":0.0,"count":0,"distance":0.0,"speed":0.0},{"calorie":0.0,"count":0,"distance":0.0,"speed":0.0},{"calorie":0.0,"count":0,"distance":0.0,"speed":0.0},{"calorie":0.0,"count":0,"distance":0.0,"speed":0.0},{"calorie":0.0,"count":0,"distance":0.0,"speed":0.0},{"calorie":0.0,"count":0,"distance":0.0,"speed":0.0},{"calorie":0.0,"count":0,"distance":0.0,"speed":0.0},{"calorie":0.0,"count":0,"distance":0.0,"speed":0.0},{"calorie":0.0,"count":0,"distance":0.0,"speed":0.0},{"calorie":0.0,"count":0,"distance":0.0,"speed":0.0},{"calorie":0.0,"count":0,"distance":0.0,"speed":0.0}]