[{"calorie":0.0,"count":0,"distance":0.0,"speed":0.0},{"calorie":0.0,"count":0,"distance":0.0,"speed":0.0},{"calorie":1.6700001955032349,"count":33,"distance":23.420000076293945,"speed":4.233493804931641},{"calorie":0.0,"count":0,"distance":0.0,"speed":0.0},{"calorie":0.0,"count":0,"distance":0.0,"speed":0.0},{"calorie":0.0,"count":0,"distance":0.0,"speed":0.0},{"calorie":0.0,"count":0,"distance":0.0,"speed":0.0},{"calorie":0.0,"count":0,"distance":0.0,"speed":0.0},{"calorie":0.0,"count":0,"distance":0.0,"speed":0.0},{"calorie":0.0,"count":0,"distance":0.0,"speed":0.0},{"calorie":0.0,"count":0,"distance":0.0,"speed":0.0},{"calorie":0.0,"count":0,"distance":0.0,"speed":0.0},{"calorie":0.0,"count":0,"distance":0.0,"speed":0.0},{"calorie":0.0,"count":0,"distance":0.0,"speed":0.0},{"calorie":0.0,"count":0,"distance":0.0,"speed":0.0},{"calorie":0.0,"count":0,"distance":0.0,"speed":0.0},{"calorie":0.0,"count":0,"distance":0.0,"speed":0.0},{"calorie":0.0,"count":0,"distance":0.0,"speed":0.0},{"calorie":0.0,"count":0,"distance":0.0,"speed":0.0},{"calorie":0.0,"count":0,"distance":0.0,"speed":0.0},{"calorie":0.0,"count":0,"distance":0.0,"speed":0.0},{"calorie":0.0,"count":0,"distance":0.0,"speed":0.0},{"calorie":0.0,"count":0,"distance":0.0,"speed":0.0},{"calorie":0.0,"count":0,"distance":0.0,"speed":0.0},{"calorie":0.0,"count":0,"distance":0.0,"speed":0.0},{"calorie":0.0,"count":0,"distance":0.0,"speed":0.0},{"calorie":0.0,"count":0,"distance":0.0,"speed":0.0},{"calorie":0.0,"count":0,"distance":0.0,"speed":0.0},{"calorie":0.0,"count":0,"distance":0.0,"speed":0.0},{"calorie":0.0,"count":0,"distance":0.0,"speed":0.0},{"calorie":0.0,"count":0,"distance":0.0,"speed":0.0},{"calorie":0.0,"count":0,"distance":0.0,"speed":0.0},{"calorie":0.0,"count":0,"distance":0.0,"speed":0.0},{"calorie":0.0,"count":0,"distance":0.0,"speed":0.0},{"calorie":0.0,"count":0,"distance":0.0,"speed":0.0},{"calorie":0.0,"count":0,"distance":0.0,"speed":0.0},{"calorie":0.0,"count":0,"distance":0.0,"speed":0.0},{"calorie":0.0,"count":0,"distance":0.0,"speed":0.0},{"calorie":0.0,"count":0,"distance":0.0,"speed":0.0},{"calorie":4.940000027418137,"count":97,"distance":67.79000043869019,"speed":3.957427978515625},{"calorie":2.110000044107437,"count":41,"distance":28.65000009536743,"speed":3.8569750785827637},{"calorie":12.580000340938568,"count":206,"distance":148.04000234603882,"speed":4.677402496337891},{"calorie":3.2599998712539673,"count":64,"distance":46.18000030517578,"speed":4.907802104949951},{"calorie":6.35999983549118,"count":125,"distance":88.93000173568726,"speed":4.313439846038818},{"calorie":0.0,"count":0,"distance":0.0,"speed":0.0},{"calorie":1.8699992895126343,"count":37,"distance":26.3699893951416,"speed":4.447587966918945},{"calorie":1.7199995517730713,"count":34,"distance":24.479995727539062,"speed":4.409060955047607},{"calorie":1.14000004529953,"count":22,"distance":15.269999504089355,"speed":3.9566845893859863},{"calorie":0.0,"count":0,"distance":0.0,"speed":0.0},{"calorie":0.0,"count":0,"distance":0.0,"speed":0.0},{"calorie":0.0,"count":0,"distance":0.0,"speed":0.0},{"calorie":0.0,"count":0,"distance":0.0,"speed":0.0},{"calorie":0.9800000190734863,"count":19,"distance":13.34000015258789,"speed":4.003650665283203},{"calorie":0.0,"count":0,"distance":0.0,"speed":0.0},{"calorie":0.0,"count":0,"distance":0.0,"speed":0.0},{"calorie":0.0,"count":0,"distance":0.0,"speed":0.0},{"calorie":9.609999358654022,"count":189,"distance":134.13999366760254,"speed":4.3190813064575195},{"calorie":0.0,"count":0,"distance":0.0,"speed":0.0},{"calorie":0.0,"count":0,"distance":0.0,"speed":0.0},{"calorie":0.0,"count":0,"distance":0.0,"speed":0.0},{"calorie":0.0,"count":0,"distance":0.0,"speed":0.0},{"calorie":5.839999943971634,"count":115,"distance":80.37000179290771,"speed":3.989081382751465},{"calorie":2.8900001645088196,"count":57,"distance":40.33000421524048,"speed":4.329089641571045},{"calorie":0.7300000786781311,"count":14,"distance":9.489998817443848,"speed":3.3206262588500977},{"calorie":1.2000000476837158,"count":23,"distance":16.329999923706055,"speed":4.400000095367432},{"calorie":0.0,"count":0,"distance":0.0,"speed":0.0},{"calorie":2.6600001454353333,"count":52,"distance":36.83999729156494,"speed":4.322420597076416},{"calorie":14.95999813079834,"count":295,"distance":209.07000160217285,"speed":4.300555229187012},{"calorie":0.0,"count":0,"distance":0.0,"speed":0.0},{"calorie":8.400000035762787,"count":166,"distance":117.48999881744385,"speed":4.117094993591309},{"calorie":0.0,"count":0,"distance":0.0,"speed":0.0},{"calorie":1.6800000667572021,"count":33,"distance":23.90999984741211,"speed":4.373752117156982},{"calorie":8.90999984741211,"count":176,"distance":122.93000030517578,"speed":3.886157274246216},{"calorie":0.0,"count":0,"distance":0.0,"speed":0.0},{"calorie":0.0,"count":0,"distance":0.0,"speed":0.0},{"calorie":0.0,"count":0,"distance":0.0,"speed":0.0},{"calorie":0.0,"count":0,"distance":0.0,"speed":0.0},{"calorie":0.0,"count":0,"distance":0.0,"speed":0.0},{"calorie":0.0,"count":0,"distance":0.0,"speed":0.0},{"calorie":2.069999933242798,"count":41,"distance":28.81999969482422,"speed":3.999999761581421},{"calorie":0.0,"count":0,"distance":0.0,"speed":0.0},{"calorie":0.0,"count":0,"distance":0.0,"speed":0.0},{"calorie":0.0,"count":0,"distance":0.0,"speed":0.0},{"calorie":0.0,"count":0,"distance":0.0,"speed":0.0},{"calorie":3.1299997568130493,"count":61,"distance":41.76999807357788,"speed":3.5251731872558594},{"calorie":6.489999294281006,"count":128,"distance":84.93998908996582,"speed":4.195892810821533},{"calorie":0.0,"count":0,"distance":0.0,"speed":0.0},{"calorie":8.309999853372574,"count":164,"distance":114.98000049591064,"speed":3.9910356998443604},{"calorie":4.250000029802322,"count":83,"distance":58.22999930381775,"speed":4.093502998352051},{"calorie":0.9100000858306885,"count":18,"distance":12.970000267028809,"speed":4.432415962219238},{"calorie":4.870000123977661,"count":86,"distance":56.84000205993652,"speed":4.449918270111084},{"calorie":0.0,"count":0,"distance":0.0,"speed":0.0},{"calorie":0.0,"count":0,"distance":0.0,"speed":0.0},{"calorie":0.0,"count":0,"distance":0.0,"speed":0.0},{"calorie":2.5399997234344482,"count":50,"distance":35.28000450134277,"speed":4.175239562988281},{"calorie":0.0,"count":0,"distance":0.0,"speed":0.0},{"calorie":0.0,"count":0,"distance":0.0,"speed":0.0},{"calorie":0.0,"count":0,"distance":0.0,"speed":0.0},{"calorie":8.179999500513077,"count":161,"distance":114.45000624656677,"speed":4.310939311981201},{"calorie":0.6000000238418579,"count":12,"distance":8.039999961853027,"speed":3.5},{"calorie":3.309999942779541,"count":65,"distance":45.94000053405762,"speed":4.28657341003418},{"calorie":4.099999785423279,"count":81,"distance":57.979997634887695,"speed":4.535054683685303},{"calorie":0.0,"count":0,"distance":0.0,"speed":0.0},{"calorie":0.0,"count":0,"distance":0.0,"speed":0.0},{"calorie":0.0,"count":0,"distance":0.0,"speed":0.0},{"calorie":0.0,"count":0,"distance":0.0,"speed":0.0},{"calorie":0.0,"count":0,"distance":0.0,"speed":0.0},{"calorie":0.0,"count":0,"distance":0.0,"speed":0.0},{"calorie":0.0,"count":0,"distance":0.0,"speed":0.0},{"calorie":0.0,"count":0,"distance":0.0,"speed":0.0},{"calorie":0.0,"count":0,"distance":0.0,"speed":0.0},{"calorie":0.0,"count":0,"distance":0.0,"speed":0.0},{"calorie":0.0,"count":0,"distance":0.0,"speed":0.0},{"calorie":0.0,"count":0,"distance":0.0,"speed":0.0},{"calorie":0.0,"count":0,"distance":0.0,"speed":0.0},{"calorie":0.0,"count":0,"distance":0.0,"speed":0.0},{"calorie":0.0,"count":0,"distance":0.0,"speed":0.0},{"calorie":0.0,"count":0,"distance":0.0,"speed":0.0},{"calorie":0.0,"count":0,"distance":0.0,"speed":0.0},{"calorie":0.0,"count":0,"distance":0.0,"speed":0.0},{"calorie":0.0,"count":0,"distance":0.0,"speed":0.0},{"calorie":0.0,"count":0,"distance":0.0,"speed":0.0},{"calorie":0.0,"count":0,"distance":0.0,"speed":0.0},{"calorie":0.0,"count":0,"distance":0.0,"speed":0.0},{"calorie":3.5,"count":69,"distance":49.349998474121094,"speed":3.999999761581421},{"calorie":2.17000013589859,"count":43,"distance":31.469999313354492,"speed":4.63197135925293},{"calorie":1.6299999952316284,"count":32,"distance":22.639999389648438,"speed":4.199999809265137},{"calorie":3.2799999713897705,"count":63,"distance":43.31999969482422,"speed":3.4648213386535645},{"calorie":10.929999768733978,"count":214,"distance":150.3499994277954,"speed":4.043787956237793},{"calorie":4.049999982118607,"count":80,"distance":57.089999198913574,"speed":4.2543487548828125},{"calorie":0.0,"count":0,"distance":0.0,"speed":0.0},{"calorie":0.0,"count":0,"distance":0.0,"speed":0.0},{"calorie":0.7200000286102295,"count":14,"distance":9.65999984741211,"speed":3.799999952316284},{"calorie":0.0,"count":0,"distance":0.0,"speed":0.0},{"calorie":2.1100000143051147,"count":41,"distance":28.510000228881836,"speed":3.8134305477142334},{"calorie":0.41999998688697815,"count":8,"distance":5.5,"speed":3.4000000953674316},{"calorie":0.0,"count":0,"distance":0.0,"speed":0.0},{"calorie":0.0,"count":0,"distance":0.0,"speed":0.0},{"calorie":0.0,"count":0,"distance":0.0,"speed":0.0},{"calorie":0.0,"count":0,"distance":0.0,"speed":0.0},{"calorie":0.0,"count":0,"distance":0.0,"speed":0.0},{"calorie":0.0,"count":0,"distance":0.0,"speed":0.0},{"calorie":0.0,"count":0,"distance":0.0,"speed":0.0},{"calorie":0.0,"count":0,"distance":0.0,"speed":0.0}]