[{"calorie":0.0,"count":0,"distance":0.0,"speed":0.0},{"calorie":0.0,"count":0,"distance":0.0,"speed":0.0},{"calorie":4.120000183582306,"count":82,"distance":58.94999980926514,"speed":4.4985880851745605},{"calorie":0.0,"count":0,"distance":0.0,"speed":0.0},{"calorie":0.0,"count":0,"distance":0.0,"speed":0.0},{"calorie":0.0,"count":0,"distance":0.0,"speed":0.0},{"calorie":0.0,"count":0,"distance":0.0,"speed":0.0},{"calorie":0.0,"count":0,"distance":0.0,"speed":0.0},{"calorie":0.0,"count":0,"distance":0.0,"speed":0.0},{"calorie":0.0,"count":0,"distance":0.0,"speed":0.0},{"calorie":0.0,"count":0,"distance":0.0,"speed":0.0},{"calorie":0.0,"count":0,"distance":0.0,"speed":0.0},{"calorie":0.0,"count":0,"distance":0.0,"speed":0.0},{"calorie":0.0,"count":0,"distance":0.0,"speed":0.0},{"calorie":0.0,"count":0,"distance":0.0,"speed":0.0},{"calorie":0.0,"count":0,"distance":0.0,"speed":0.0},{"calorie":0.0,"count":0,"distance":0.0,"speed":0.0},{"calorie":0.0,"count":0,"distance":0.0,"speed":0.0},{"calorie":0.0,"count":0,"distance":0.0,"speed":0.0},{"calorie":0.0,"count":0,"distance":0.0,"speed":0.0},{"calorie":0.0,"count":0,"distance":0.0,"speed":0.0},{"calorie":0.0,"count":0,"distance":0.0,"speed":0.0},{"calorie":0.0,"count":0,"distance":0.0,"speed":0.0},{"calorie":0.0,"count":0,"distance":0.0,"speed":0.0},{"calorie":0.0,"count":0,"distance":0.0,"speed":0.0},{"calorie":0.0,"count":0,"distance":0.0,"speed":0.0},{"calorie":0.0,"count":0,"distance":0.0,"speed":0.0},{"calorie":0.0,"count":0,"distance":0.0,"speed":0.0},{"calorie":0.0,"count":0,"distance":0.0,"speed":0.0},{"calorie":0.0,"count":0,"distance":0.0,"speed":0.0},{"calorie":0.0,"count":0,"distance":0.0,"speed":0.0},{"calorie":0.0,"count":0,"distance":0.0,"speed":0.0},{"calorie":0.0,"count":0,"distance":0.0,"speed":0.0},{"calorie":0.0,"count":0,"distance":0.0,"speed":0.0},{"calorie":0.0,"count":0,"distance":0.0,"speed":0.0},{"calorie":0.0,"count":0,"distance":0.0,"speed":0.0},{"calorie":0.0,"count":0,"distance":0.0,"speed":0.0},{"calorie":0.0,"count":0,"distance":0.0,"speed":0.0},{"calorie":0.0,"count":0,"distance":0.0,"speed":0.0},{"calorie":0.0,"count":0,"distance":0.0,"speed":0.0},{"calorie":0.0,"count":0,"distance":0.0,"speed":0.0},{"calorie":0.0,"count":0,"distance":0.0,"speed":0.0},{"calorie":0.0,"count":0,"distance":0.0,"speed":0.0},{"calorie":4.259999990463257,"count":83,"distance":58.0,"speed":4.056874752044678},{"calorie":14.770000338554382,"count":293,"distance":211.5900011062622,"speed":4.920262336730957},{"calorie":0.0,"count":0,"distance":0.0,"speed":0.0},{"calorie":0.0,"count":0,"distance":0.0,"speed":0.0},{"calorie":0.0,"count":0,"distance":0.0,"speed":0.0},{"calorie":0.0,"count":0,"distance":0.0,"speed":0.0},{"calorie":0.0,"count":0,"distance":0.0,"speed":0.0},{"calorie":0.0,"count":0,"distance":0.0,"speed":0.0},{"calorie":0.0,"count":0,"distance":0.0,"speed":0.0},{"calorie":0.0,"count":0,"distance":0.0,"speed":0.0},{"calorie":0.0,"count":0,"distance":0.0,"speed":0.0},{"calorie":0.0,"count":0,"distance":0.0,"speed":0.0},{"calorie":0.0,"count":0,"distance":0.0,"speed":0.0},{"calorie":0.0,"count":0,"distance":0.0,"speed":0.0},{"calorie":0.0,"count":0,"distance":0.0,"speed":0.0},{"calorie":0.0,"count":0,"distance":0.0,"speed":0.0},{"calorie":0.0,"count":0,"distance":0.0,"speed":0.0},{"calorie":0.0,"count":0,"distance":0.0,"speed":0.0},{"calorie":0.0,"count":0,"distance":0.0,"speed":0.0},{"calorie":0.0,"count":0,"distance":0.0,"speed":0.0},{"calorie":4.569999933242798,"count":90,"distance":64.57000064849854,"speed":4.580667018890381},{"calorie":0.4099999964237213,"count":8,"distance":5.789999961853027,"speed":4.700000286102295},{"calorie":0.0,"count":0,"distance":0.0,"speed":0.0},{"calorie":0.0,"count":0,"distance":0.0,"speed":0.0},{"calorie":0.0,"count":0,"distance":0.0,"speed":0.0},{"calorie":0.0,"count":0,"distance":0.0,"speed":0.0},{"calorie":17.90999948978424,"count":355,"distance":251.69000911712646,"speed":4.271853923797607},{"calorie":0.7600000873208046,"count":15,"distance":10.660000443458557,"speed":4.3875603675842285},{"calorie":0.46000000834465027,"count":9,"distance":6.329999923706055,"speed":3.6000001430511475},{"calorie":0.36000001430511475,"count":7,"distance":5.159999847412109,"speed":5.669344902038574},{"calorie":0.0,"count":0,"distance":0.0,"speed":0.0},{"calorie":0.3100000023841858,"count":6,"distance":4.199999809265137,"speed":4.199999809265137},{"calorie":0.0,"count":0,"distance":0.0,"speed":0.0},{"calorie":6.640000104904175,"count":128,"distance":90.18999862670898,"speed":4.584952354431152},{"calorie":11.850000143051147,"count":235,"distance":168.3700008392334,"speed":4.745867729187012},{"calorie":4.119999885559082,"count":82,"distance":58.22999954223633,"speed":4.700000286102295},{"calorie":0.0,"count":0,"distance":0.0,"speed":0.0},{"calorie":1.3200000524520874,"count":26,"distance":18.68000030517578,"speed":3.9000003337860107},{"calorie":0.0,"count":0,"distance":0.0,"speed":0.0},{"calorie":0.5000000596046448,"count":10,"distance":7.7699995040893555,"speed":6.447210788726807},{"calorie":0.0,"count":0,"distance":0.0,"speed":0.0},{"calorie":0.0,"count":0,"distance":0.0,"speed":0.0},{"calorie":0.0,"count":0,"distance":0.0,"speed":0.0},{"calorie":0.0,"count":0,"distance":0.0,"speed":0.0},{"calorie":0.0,"count":0,"distance":0.0,"speed":0.0},{"calorie":8.669999599456787,"count":132,"distance":108.98999404907227,"speed":6.717829704284668},{"calorie":0.0,"count":0,"distance":0.0,"speed":0.0},{"calorie":4.610000014305115,"count":54,"distance":50.4300012588501,"speed":8.59703540802002},{"calorie":1.9299999475479126,"count":38,"distance":26.639999389648438,"speed":4.0},{"calorie":1.4099997282028198,"count":28,"distance":20.229999542236328,"speed":4.480356216430664},{"calorie":0.0,"count":0,"distance":0.0,"speed":0.0},{"calorie":0.0,"count":0,"distance":0.0,"speed":0.0},{"calorie":0.0,"count":0,"distance":0.0,"speed":0.0},{"calorie":0.0,"count":0,"distance":0.0,"speed":0.0},{"calorie":0.0,"count":0,"distance":0.0,"speed":0.0},{"calorie":0.0,"count":0,"distance":0.0,"speed":0.0},{"calorie":0.0,"count":0,"distance":0.0,"speed":0.0},{"calorie":0.0,"count":0,"distance":0.0,"speed":0.0},{"calorie":3.9299999475479126,"count":71,"distance":56.58999824523926,"speed":7.1840434074401855},{"calorie":0.0,"count":0,"distance":0.0,"speed":0.0},{"calorie":0.0,"count":0,"distance":0.0,"speed":0.0},{"calorie":2.3399999141693115,"count":46,"distance":32.25,"speed":3.9447216987609863},{"calorie":0.0,"count":0,"distance":0.0,"speed":0.0},{"calorie":0.0,"count":0,"distance":0.0,"speed":0.0},{"calorie":13.260000109672546,"count":264,"distance":191.9899959564209,"speed":4.842993259429932},{"calorie":5.529999792575836,"count":109,"distance":77.29000282287598,"speed":4.2215046882629395},{"calorie":2.090000033378601,"count":41,"distance":29.31999969482422,"speed":4.555981159210205},{"calorie":0.0,"count":0,"distance":0.0,"speed":0.0},{"calorie":2.669999212026596,"count":52,"distance":36.389997482299805,"speed":3.9484972953796387},{"calorie":0.3100000023841858,"count":6,"distance":4.400000095367432,"speed":4.999999523162842},{"calorie":0.4100000262260437,"count":8,"distance":5.800000190734863,"speed":5.059476375579834},{"calorie":0.0,"count":0,"distance":0.0,"speed":0.0},{"calorie":3.4100000858306885,"count":67,"distance":47.180001735687256,"speed":4.25368070602417},{"calorie":1.440000057220459,"count":28,"distance":19.920000076293945,"speed":4.400000095367432},{"calorie":1.4500000476837158,"count":29,"distance":20.700000762939453,"speed":4.400000095367432},{"calorie":0.0,"count":0,"distance":0.0,"speed":0.0},{"calorie":0.0,"count":0,"distance":0.0,"speed":0.0},{"calorie":0.0,"count":0,"distance":0.0,"speed":0.0},{"calorie":0.0,"count":0,"distance":0.0,"speed":0.0},{"calorie":0.0,"count":0,"distance":0.0,"speed":0.0},{"calorie":0.0,"count":0,"distance":0.0,"speed":0.0},{"calorie":0.0,"count":0,"distance":0.0,"speed":0.0},{"calorie":0.0,"count":0,"distance":0.0,"speed":0.0},{"calorie":2.4100001454353333,"count":47,"distance":33.15999698638916,"speed":4.199108123779297},{"calorie":7.600000023841858,"count":149,"distance":107.25,"speed":4.805769443511963},{"calorie":0.0,"count":0,"distance":0.0,"speed":0.0},{"calorie":0.0,"count":0,"distance":0.0,"speed":0.0},{"calorie":0.0,"count":0,"distance":0.0,"speed":0.0},{"calorie":0.0,"count":0,"distance":0.0,"speed":0.0},{"calorie":0.0,"count":0,"distance":0.0,"speed":0.0},{"calorie":0.0,"count":0,"distance":0.0,"speed":0.0},{"calorie":0.0,"count":0,"distance":0.0,"speed":0.0},{"calorie":0.0,"count":0,"distance":0.0,"speed":0.0},{"calorie":7.129999995231628,"count":140,"distance":98.67999982833862,"speed":4.086658477783203},{"calorie":8.499999582767487,"count":167,"distance":119.36999607086182,"speed":4.638077259063721},{"calorie":0.0,"count":0,"distance":0.0,"speed":0.0},{"calorie":0.0,"count":0,"distance":0.0,"speed":0.0},{"calorie":0.0,"count":0,"distance":0.0,"speed":0.0},{"calorie":0.7000000476837158,"count":14,"distance":9.569999694824219,"speed":3.721017599105835},{"calorie":0.0,"count":0,"distance":0.0,"speed":0.0},{"calorie":0.0,"count":0,"distance":0.0,"speed":0.0}]