[{"calorie":0.0,"count":0,"distance":0.0,"speed":0.0},{"calorie":0.0,"count":0,"distance":0.0,"speed":0.0},{"calorie":1.2999999523162842,"count":22,"distance":15.399999618530273,"speed":4.243105888366699},{"calorie":1.9699994325637817,"count":35,"distance":25.229995727539062,"speed":4.621222019195557},{"calorie":0.0,"count":0,"distance":0.0,"speed":0.0},{"calorie":0.0,"count":0,"distance":0.0,"speed":0.0},{"calorie":0.0,"count":0,"distance":0.0,"speed":0.0},{"calorie":0.0,"count":0,"distance":0.0,"speed":0.0},{"calorie":0.0,"count":0,"distance":0.0,"speed":0.0},{"calorie":0.0,"count":0,"distance":0.0,"speed":0.0},{"calorie":0.0,"count":0,"distance":0.0,"speed":0.0},{"calorie":0.0,"count":0,"distance":0.0,"speed":0.0},{"calorie":0.0,"count":0,"distance":0.0,"speed":0.0},{"calorie":0.0,"count":0,"distance":0.0,"speed":0.0},{"calorie":0.0,"count":0,"distance":0.0,"speed":0.0},{"calorie":0.0,"count":0,"distance":0.0,"speed":0.0},{"calorie":0.0,"count":0,"distance":0.0,"speed":0.0},{"calorie":0.0,"count":0,"distance":0.0,"speed":0.0},{"calorie":0.0,"count":0,"distance":0.0,"speed":0.0},{"calorie":0.0,"count":0,"distance":0.0,"speed":0.0},{"calorie":0.0,"count":0,"distance":0.0,"speed":0.0},{"calorie":0.0,"count":0,"distance":0.0,"speed":0.0},{"calorie":0.0,"count":0,"distance":0.0,"speed":0.0},{"calorie":0.0,"count":0,"distance":0.0,"speed":0.0},{"calorie":0.0,"count":0,"distance":0.0,"speed":0.0},{"calorie":0.0,"count":0,"distance":0.0,"speed":0.0},{"calorie":0.0,"count":0,"distance":0.0,"speed":0.0},{"calorie":0.0,"count":0,"distance":0.0,"speed":0.0},{"calorie":0.0,"count":0,"distance":0.0,"speed":0.0},{"calorie":0.0,"count":0,"distance":0.0,"speed":0.0},{"calorie":0.0,"count":0,"distance":0.0,"speed":0.0},{"calorie":0.0,"count":0,"distance":0.0,"speed":0.0},{"calorie":0.0,"count":0,"distance":0.0,"speed":0.0},{"calorie":0.0,"count":0,"distance":0.0,"speed":0.0},{"calorie":0.0,"count":0,"distance":0.0,"speed":0.0},{"calorie":0.0,"count":0,"distance":0.0,"speed":0.0},{"calorie":0.0,"count":0,"distance":0.0,"speed":0.0},{"calorie":0.0,"count":0,"distance":0.0,"speed":0.0},{"calorie":0.0,"count":0,"distance":0.0,"speed":0.0},{"calorie":4.459999978542328,"count":75,"distance":53.0699987411499,"speed":4.231569290161133},{"calorie":12.680000126361847,"count":191,"distance":136.33000087738037,"speed":4.731658458709717},{"calorie":4.379999931901693,"count":72,"distance":49.18999981880188,"speed":4.432253837585449},{"calorie":21.619993180036545,"count":362,"distance":254.8699803352356,"speed":4.145019054412842},{"calorie":0.0,"count":0,"distance":0.0,"speed":0.0},{"calorie":0.0,"count":0,"distance":0.0,"speed":0.0},{"calorie":0.0,"count":0,"distance":0.0,"speed":0.0},{"calorie":0.0,"count":0,"distance":0.0,"speed":0.0},{"calorie":0.0,"count":0,"distance":0.0,"speed":0.0},{"calorie":0.0,"count":0,"distance":0.0,"speed":0.0},{"calorie":1.4199999570846558,"count":24,"distance":16.84000015258789,"speed":3.8514482975006104},{"calorie":0.0,"count":0,"distance":0.0,"speed":0.0},{"calorie":0.0,"count":0,"distance":0.0,"speed":0.0},{"calorie":7.409996688365936,"count":124,"distance":88.37999820709229,"speed":4.377745628356934},{"calorie":11.12999701499939,"count":189,"distance":135.06997871398926,"speed":4.397578239440918},{"calorie":0.0,"count":0,"distance":0.0,"speed":0.0},{"calorie":0.0,"count":0,"distance":0.0,"speed":0.0},{"calorie":0.0,"count":0,"distance":0.0,"speed":0.0},{"calorie":0.0,"count":0,"distance":0.0,"speed":0.0},{"calorie":0.0,"count":0,"distance":0.0,"speed":0.0},{"calorie":0.0,"count":0,"distance":0.0,"speed":0.0},{"calorie":0.0,"count":0,"distance":0.0,"speed":0.0},{"calorie":0.0,"count":0,"distance":0.0,"speed":0.0},{"calorie":0.0,"count":0,"distance":0.0,"speed":0.0},{"calorie":0.0,"count":0,"distance":0.0,"speed":0.0},{"calorie":0.0,"count":0,"distance":0.0,"speed":0.0},{"calorie":0.0,"count":0,"distance":0.0,"speed":0.0},{"calorie":0.0,"count":0,"distance":0.0,"speed":0.0},{"calorie":0.0,"count":0,"distance":0.0,"speed":0.0},{"calorie":0.0,"count":0,"distance":0.0,"speed":0.0},{"calorie":4.189999938011169,"count":72,"distance":51.70000076293945,"speed":4.386388778686523},{"calorie":5.019999861717224,"count":85,"distance":62.12999725341797,"speed":4.998983860015869},{"calorie":8.309998512268066,"count":142,"distance":102.07998847961426,"speed":4.675412654876709},{"calorie":0.0,"count":0,"distance":0.0,"speed":0.0},{"calorie":0.0,"count":0,"distance":0.0,"speed":0.0},{"calorie":10.859997719526291,"count":183,"distance":130.1399712562561,"speed":4.307949542999268},{"calorie":0.0,"count":0,"distance":0.0,"speed":0.0},{"calorie":7.639999508857727,"count":128,"distance":89.07000064849854,"speed":3.9089298248291016},{"calorie":0.0,"count":0,"distance":0.0,"speed":0.0},{"calorie":12.919999480247498,"count":219,"distance":157.53999423980713,"speed":4.447481632232666},{"calorie":0.0,"count":0,"distance":0.0,"speed":0.0},{"calorie":0.0,"count":0,"distance":0.0,"speed":0.0},{"calorie":0.0,"count":0,"distance":0.0,"speed":0.0},{"calorie":0.42000001668930054,"count":7,"distance":4.789999961853027,"speed":3.727938175201416},{"calorie":0.0,"count":0,"distance":0.0,"speed":0.0},{"calorie":0.0,"count":0,"distance":0.0,"speed":0.0},{"calorie":0.0,"count":0,"distance":0.0,"speed":0.0},{"calorie":0.0,"count":0,"distance":0.0,"speed":0.0},{"calorie":0.0,"count":0,"distance":0.0,"speed":0.0},{"calorie":0.0,"count":0,"distance":0.0,"speed":0.0},{"calorie":0.0,"count":0,"distance":0.0,"speed":0.0},{"calorie":0.0,"count":0,"distance":0.0,"speed":0.0},{"calorie":0.0,"count":0,"distance":0.0,"speed":0.0},{"calorie":0.0,"count":0,"distance":0.0,"speed":0.0},{"calorie":5.8799990974366665,"count":101,"distance":72.7499970793724,"speed":4.4774675369262695},{"calorie":0.0,"count":0,"distance":0.0,"speed":0.0},{"calorie":0.0,"count":0,"distance":0.0,"speed":0.0},{"calorie":2.8399994373321533,"count":50,"distance":36.39999580383301,"speed":4.727048873901367},{"calorie":11.069999694824219,"count":186,"distance":132.51999759674072,"speed":4.4664530754089355},{"calorie":0.0,"count":0,"distance":0.0,"speed":0.0},{"calorie":0.0,"count":0,"distance":0.0,"speed":0.0},{"calorie":9.949997663497925,"count":158,"distance":113.09999752044678,"speed":4.014869689941406},{"calorie":16.239999946206808,"count":272,"distance":192.8399999141693,"speed":4.067601680755615},{"calorie":7.609997510910034,"count":130,"distance":92.2399959564209,"speed":4.3290300369262695},{"calorie":4.469999760389328,"count":76,"distance":55.60000038146973,"speed":4.764180660247803},{"calorie":0.0,"count":0,"distance":0.0,"speed":0.0},{"calorie":7.909996390342712,"count":136,"distance":95.52997970581055,"speed":4.640015125274658},{"calorie":7.580000102519989,"count":128,"distance":91.41999816894531,"speed":4.465818881988525},{"calorie":1.369999885559082,"count":23,"distance":16.019996643066406,"speed":3.8159732818603516},{"calorie":0.0,"count":0,"distance":0.0,"speed":0.0},{"calorie":0.0,"count":0,"distance":0.0,"speed":0.0},{"calorie":0.0,"count":0,"distance":0.0,"speed":0.0},{"calorie":0.0,"count":0,"distance":0.0,"speed":0.0},{"calorie":0.0,"count":0,"distance":0.0,"speed":0.0},{"calorie":0.0,"count":0,"distance":0.0,"speed":0.0},{"calorie":0.0,"count":0,"distance":0.0,"speed":0.0},{"calorie":0.0,"count":0,"distance":0.0,"speed":0.0},{"calorie":0.0,"count":0,"distance":0.0,"speed":0.0},{"calorie":0.0,"count":0,"distance":0.0,"speed":0.0},{"calorie":0.0,"count":0,"distance":0.0,"speed":0.0},{"calorie":2.2800002098083496,"count":40,"distance":28.65999984741211,"speed":4.432132244110107},{"calorie":0.0,"count":0,"distance":0.0,"speed":0.0},{"calorie":13.789998054504395,"count":231,"distance":163.55999660491943,"speed":4.304078578948975},{"calorie":3.18999981880188,"count":54,"distance":37.35000038146973,"speed":4.020492076873779},{"calorie":9.479999899864197,"count":159,"distance":110.41999912261963,"speed":4.1382575035095215},{"calorie":0.0,"count":0,"distance":0.0,"speed":0.0},{"calorie":5.65999698638916,"count":98,"distance":68.3699836730957,"speed":4.224778652191162},{"calorie":2.729999929666519,"count":46,"distance":32.84999990463257,"speed":4.446126461029053},{"calorie":2.259999990463257,"count":38,"distance":26.600000381469727,"speed":3.9000003337860107},{"calorie":1.8899997472763062,"count":32,"distance":22.78999900817871,"speed":4.200777053833008},{"calorie":1.949999988079071,"count":33,"distance":23.040000438690186,"speed":3.930856227874756},{"calorie":5.019998773932457,"count":85,"distance":60.3499972820282,"speed":4.347057342529297},{"calorie":0.0,"count":0,"distance":0.0,"speed":0.0},{"calorie":3.3399999141693115,"count":56,"distance":38.86000156402588,"speed":3.685941457748413},{"calorie":0.0,"count":0,"distance":0.0,"speed":0.0},{"calorie":0.0,"count":0,"distance":0.0,"speed":0.0},{"calorie":0.0,"count":0,"distance":0.0,"speed":0.0},{"calorie":0.0,"count":0,"distance":0.0,"speed":0.0},{"calorie":1.8899995982646942,"count":32,"distance":22.029996395111084,"speed":3.733786106109619},{"calorie":0.0,"count":0,"distance":0.0,"speed":0.0},{"calorie":0.0,"count":0,"distance":0.0,"speed":0.0},{"calorie":1.0600000023841858,"count":18,"distance":12.739999771118164,"speed":4.5683746337890625},{"calorie":0.0,"count":0,"distance":0.0,"speed":0.0},{"calorie":0.0,"count":0,"distance":0.0,"speed":0.0},{"calorie":0.0,"count":0,"distance":0.0,"speed":0.0}]