[{"calorie":1.0500000715255737,"count":21,"distance":15.399999618530273,"speed":5.0157341957092285},{"calorie":0.4700000286102295,"count":9,"distance":6.189999580383301,"speed":3.6926424503326416},{"calorie":0.0,"count":0,"distance":0.0,"speed":0.0},{"calorie":0.0,"count":0,"distance":0.0,"speed":0.0},{"calorie":0.0,"count":0,"distance":0.0,"speed":0.0},{"calorie":0.0,"count":0,"distance":0.0,"speed":0.0},{"calorie":0.0,"count":0,"distance":0.0,"speed":0.0},{"calorie":0.0,"count":0,"distance":0.0,"speed":0.0},{"calorie":0.0,"count":0,"distance":0.0,"speed":0.0},{"calorie":0.0,"count":0,"distance":0.0,"speed":0.0},{"calorie":0.0,"count":0,"distance":0.0,"speed":0.0},{"calorie":0.0,"count":0,"distance":0.0,"speed":0.0},{"calorie":0.0,"count":0,"distance":0.0,"speed":0.0},{"calorie":0.0,"count":0,"distance":0.0,"speed":0.0},{"calorie":0.0,"count":0,"distance":0.0,"speed":0.0},{"calorie":0.0,"count":0,"distance":0.0,"speed":0.0},{"calorie":0.0,"count":0,"distance":0.0,"speed":0.0},{"calorie":0.0,"count":0,"distance":0.0,"speed":0.0},{"calorie":0.0,"count":0,"distance":0.0,"speed":0.0},{"calorie":0.0,"count":0,"distance":0.0,"speed":0.0},{"calorie":0.0,"count":0,"distance":0.0,"speed":0.0},{"calorie":0.0,"count":0,"distance":0.0,"speed":0.0},{"calorie":0.0,"count":0,"distance":0.0,"speed":0.0},{"calorie":0.0,"count":0,"distance":0.0,"speed":0.0},{"calorie":0.0,"count":0,"distance":0.0,"speed":0.0},{"calorie":0.0,"count":0,"distance":0.0,"speed":0.0},{"calorie":0.0,"count":0,"distance":0.0,"speed":0.0},{"calorie":0.0,"count":0,"distance":0.0,"speed":0.0},{"calorie":0.0,"count":0,"distance":0.0,"speed":0.0},{"calorie":0.0,"count":0,"distance":0.0,"speed":0.0},{"calorie":0.0,"count":0,"distance":0.0,"speed":0.0},{"calorie":0.0,"count":0,"distance":0.0,"speed":0.0},{"calorie":0.0,"count":0,"distance":0.0,"speed":0.0},{"calorie":0.0,"count":0,"distance":0.0,"speed":0.0},{"calorie":0.0,"count":0,"distance":0.0,"speed":0.0},{"calorie":0.0,"count":0,"distance":0.0,"speed":0.0},{"calorie":0.0,"count":0,"distance":0.0,"speed":0.0},{"calorie":0.0,"count":0,"distance":0.0,"speed":0.0},{"calorie":0.0,"count":0,"distance":0.0,"speed":0.0},{"calorie":0.0,"count":0,"distance":0.0,"speed":0.0},{"calorie":0.0,"count":0,"distance":0.0,"speed":0.0},{"calorie":0.0,"count":0,"distance":0.0,"speed":0.0},{"calorie":0.0,"count":0,"distance":0.0,"speed":0.0},{"calorie":3.2300001233816147,"count":64,"distance":45.90000128746033,"speed":4.399843692779541},{"calorie":13.87999975681305,"count":275,"distance":197.60999488830566,"speed":4.6009931564331055},{"calorie":0.0,"count":0,"distance":0.0,"speed":0.0},{"calorie":1.3500001430511475,"count":27,"distance":19.839998245239258,"speed":5.023056983947754},{"calorie":0.0,"count":0,"distance":0.0,"speed":0.0},{"calorie":1.4600000381469727,"count":28,"distance":19.520000457763672,"speed":4.600000381469727},{"calorie":0.0,"count":0,"distance":0.0,"speed":0.0},{"calorie":1.3700000047683716,"count":27,"distance":19.62999963760376,"speed":4.965810298919678},{"calorie":1.159999966621399,"count":23,"distance":16.989999771118164,"speed":5.199999809265137},{"calorie":0.0,"count":0,"distance":0.0,"speed":0.0},{"calorie":0.0,"count":0,"distance":0.0,"speed":0.0},{"calorie":0.0,"count":0,"distance":0.0,"speed":0.0},{"calorie":0.0,"count":0,"distance":0.0,"speed":0.0},{"calorie":0.0,"count":0,"distance":0.0,"speed":0.0},{"calorie":0.0,"count":0,"distance":0.0,"speed":0.0},{"calorie":0.0,"count":0,"distance":0.0,"speed":0.0},{"calorie":0.9700000882148743,"count":19,"distance":13.25999927520752,"speed":4.025613307952881},{"calorie":2.689999669790268,"count":53,"distance":38.039998054504395,"speed":4.447166442871094},{"calorie":0.0,"count":0,"distance":0.0,"speed":0.0},{"calorie":0.0,"count":0,"distance":0.0,"speed":0.0},{"calorie":0.0,"count":0,"distance":0.0,"speed":0.0},{"calorie":0.0,"count":0,"distance":0.0,"speed":0.0},{"calorie":0.0,"count":0,"distance":0.0,"speed":0.0},{"calorie":0.0,"count":0,"distance":0.0,"speed":0.0},{"calorie":0.0,"count":0,"distance":0.0,"speed":0.0},{"calorie":9.22000002861023,"count":184,"distance":132.3000030517578,"speed":4.591588020324707},{"calorie":6.710000067949295,"count":133,"distance":94.72000074386597,"speed":4.449270248413086},{"calorie":0.3700000047683716,"count":7,"distance":4.889999866485596,"speed":4.199999809265137},{"calorie":6.2499998807907104,"count":124,"distance":90.32999897003174,"speed":4.836674690246582},{"calorie":0.0,"count":0,"distance":0.0,"speed":0.0},{"calorie":1.2599999904632568,"count":25,"distance":17.599998474121094,"speed":3.920241594314575},{"calorie":0.0,"count":0,"distance":0.0,"speed":0.0},{"calorie":0.0,"count":0,"distance":0.0,"speed":0.0},{"calorie":0.0,"count":0,"distance":0.0,"speed":0.0},{"calorie":4.929998397827148,"count":98,"distance":69.80000448226929,"speed":4.37295389175415},{"calorie":14.079999953508377,"count":279,"distance":200.9000015258789,"speed":4.784926891326904},{"calorie":0.0,"count":0,"distance":0.0,"speed":0.0},{"calorie":0.0,"count":0,"distance":0.0,"speed":0.0},{"calorie":0.0,"count":0,"distance":0.0,"speed":0.0},{"calorie":0.0,"count":0,"distance":0.0,"speed":0.0},{"calorie":0.0,"count":0,"distance":0.0,"speed":0.0},{"calorie":0.0,"count":0,"distance":0.0,"speed":0.0},{"calorie":0.0,"count":0,"distance":0.0,"speed":0.0},{"calorie":0.0,"count":0,"distance":0.0,"speed":0.0},{"calorie":0.0,"count":0,"distance":0.0,"speed":0.0},{"calorie":0.0,"count":0,"distance":0.0,"speed":0.0},{"calorie":0.0,"count":0,"distance":0.0,"speed":0.0},{"calorie":0.0,"count":0,"distance":0.0,"speed":0.0},{"calorie":0.0,"count":0,"distance":0.0,"speed":0.0},{"calorie":0.0,"count":0,"distance":0.0,"speed":0.0},{"calorie":0.0,"count":0,"distance":0.0,"speed":0.0},{"calorie":0.0,"count":0,"distance":0.0,"speed":0.0},{"calorie":0.0,"count":0,"distance":0.0,"speed":0.0},{"calorie":0.0,"count":0,"distance":0.0,"speed":0.0},{"calorie":0.0,"count":0,"distance":0.0,"speed":0.0},{"calorie":0.0,"count":0,"distance":0.0,"speed":0.0},{"calorie":0.0,"count":0,"distance":0.0,"speed":0.0},{"calorie":1.909999966621399,"count":37,"distance":26.049999237060547,"speed":3.799999952316284},{"calorie":1.2200000286102295,"count":24,"distance":17.290000915527344,"speed":4.5},{"calorie":0.0,"count":0,"distance":0.0,"speed":0.0},{"calorie":0.8700000047683716,"count":17,"distance":12.300000190734863,"speed":4.439723968505859},{"calorie":0.0,"count":0,"distance":0.0,"speed":0.0},{"calorie":0.0,"count":0,"distance":0.0,"speed":0.0},{"calorie":11.3899986743927,"count":227,"distance":162.12999153137207,"speed":4.381717205047607},{"calorie":5.809998631477356,"count":116,"distance":82.9200267791748,"speed":4.442116737365723},{"calorie":19.46999967098236,"count":387,"distance":276.0099935531616,"speed":4.367239475250244},{"calorie":2.0200000405311584,"count":40,"distance":28.960000038146973,"speed":4.759923458099365},{"calorie":6.029999643564224,"count":119,"distance":86.45000219345093,"speed":4.762119293212891},{"calorie":0.0,"count":0,"distance":0.0,"speed":0.0},{"calorie":0.0,"count":0,"distance":0.0,"speed":0.0},{"calorie":0.6299999952316284,"count":12,"distance":8.309999942779541,"speed":3.648172616958618},{"calorie":0.0,"count":0,"distance":0.0,"speed":0.0},{"calorie":2.0500001311302185,"count":40,"distance":28.219998359680176,"speed":4.275857448577881},{"calorie":3.2699999809265137,"count":65,"distance":46.28000068664551,"speed":4.331277847290039},{"calorie":7.220002174377441,"count":144,"distance":101.44000053405762,"speed":4.506165981292725},{"calorie":0.0,"count":0,"distance":0.0,"speed":0.0},{"calorie":0.0,"count":0,"distance":0.0,"speed":0.0},{"calorie":0.0,"count":0,"distance":0.0,"speed":0.0},{"calorie":0.0,"count":0,"distance":0.0,"speed":0.0},{"calorie":0.0,"count":0,"distance":0.0,"speed":0.0},{"calorie":0.0,"count":0,"distance":0.0,"speed":0.0},{"calorie":3.8600001335144043,"count":75,"distance":52.78000068664551,"speed":3.9975104331970215},{"calorie":3.169999986886978,"count":62,"distance":42.72999906539917,"speed":3.6243152618408203},{"calorie":3.3900001645088196,"count":66,"distance":45.4900016784668,"speed":3.5487093925476074},{"calorie":0.0,"count":0,"distance":0.0,"speed":0.0},{"calorie":0.0,"count":0,"distance":0.0,"speed":0.0},{"calorie":0.3500000238418579,"count":7,"distance":5.239999771118164,"speed":5.77050256729126},{"calorie":3.3299999237060547,"count":66,"distance":49.650001525878906,"speed":6.099999904632568},{"calorie":0.0,"count":0,"distance":0.0,"speed":0.0},{"calorie":0.0,"count":0,"distance":0.0,"speed":0.0},{"calorie":6.369997620582581,"count":126,"distance":87.95998096466064,"speed":3.9385523796081543},{"calorie":14.080000162124634,"count":281,"distance":203.1500005722046,"speed":4.743673324584961},{"calorie":2.7600001096725464,"count":54,"distance":38.01999855041504,"speed":3.995497941970825},{"calorie":0.42000001668930054,"count":8,"distance":5.599999904632568,"speed":4.573642253875732},{"calorie":0.0,"count":0,"distance":0.0,"speed":0.0},{"calorie":0.0,"count":0,"distance":0.0,"speed":0.0},{"calorie":0.0,"count":0,"distance":0.0,"speed":0.0},{"calorie":0.6200000047683716,"count":12,"distance":8.78000020980835,"speed":4.577457427978516},{"calorie":1.2599999904632568,"count":24,"distance":16.420000076293945,"speed":3.5215375423431396},{"calorie":0.0,"count":0,"distance":0.0,"speed":0.0},{"calorie":0.0,"count":0,"distance":0.0,"speed":0.0}]