[{"calorie":1.3999998569488525,"count":27,"distance":18.810001373291016,"speed":3.969585418701172},{"calorie":0.0,"count":0,"distance":0.0,"speed":0.0},{"calorie":0.0,"count":0,"distance":0.0,"speed":0.0},{"calorie":0.0,"count":0,"distance":0.0,"speed":0.0},{"calorie":0.0,"count":0,"distance":0.0,"speed":0.0},{"calorie":0.0,"count":0,"distance":0.0,"speed":0.0},{"calorie":0.0,"count":0,"distance":0.0,"speed":0.0},{"calorie":0.0,"count":0,"distance":0.0,"speed":0.0},{"calorie":0.0,"count":0,"distance":0.0,"speed":0.0},{"calorie":0.0,"count":0,"distance":0.0,"speed":0.0},{"calorie":0.0,"count":0,"distance":0.0,"speed":0.0},{"calorie":0.0,"count":0,"distance":0.0,"speed":0.0},{"calorie":0.0,"count":0,"distance":0.0,"speed":0.0},{"calorie":0.0,"count":0,"distance":0.0,"speed":0.0},{"calorie":0.0,"count":0,"distance":0.0,"speed":0.0},{"calorie":0.0,"count":0,"distance":0.0,"speed":0.0},{"calorie":0.0,"count":0,"distance":0.0,"speed":0.0},{"calorie":0.0,"count":0,"distance":0.0,"speed":0.0},{"calorie":0.0,"count":0,"distance":0.0,"speed":0.0},{"calorie":0.0,"count":0,"distance":0.0,"speed":0.0},{"calorie":0.0,"count":0,"distance":0.0,"speed":0.0},{"calorie":0.0,"count":0,"distance":0.0,"speed":0.0},{"calorie":0.0,"count":0,"distance":0.0,"speed":0.0},{"calorie":0.0,"count":0,"distance":0.0,"speed":0.0},{"calorie":0.0,"count":0,"distance":0.0,"speed":0.0},{"calorie":0.0,"count":0,"distance":0.0,"speed":0.0},{"calorie":0.0,"count":0,"distance":0.0,"speed":0.0},{"calorie":0.0,"count":0,"distance":0.0,"speed":0.0},{"calorie":0.0,"count":0,"distance":0.0,"speed":0.0},{"calorie":0.0,"count":0,"distance":0.0,"speed":0.0},{"calorie":0.0,"count":0,"distance":0.0,"speed":0.0},{"calorie":0.0,"count":0,"distance":0.0,"speed":0.0},{"calorie":0.0,"count":0,"distance":0.0,"speed":0.0},{"calorie":0.0,"count":0,"distance":0.0,"speed":0.0},{"calorie":0.0,"count":0,"distance":0.0,"speed":0.0},{"calorie":0.0,"count":0,"distance":0.0,"speed":0.0},{"calorie":0.0,"count":0,"distance":0.0,"speed":0.0},{"calorie":0.0,"count":0,"distance":0.0,"speed":0.0},{"calorie":0.7500000596046448,"count":15,"distance":10.579999923706055,"speed":4.26545524597168},{"calorie":1.8300000429153442,"count":36,"distance":25.59999990463257,"speed":4.2701568603515625},{"calorie":2.850000023841858,"count":56,"distance":40.08000040054321,"speed":4.577946186065674},{"calorie":2.2600000500679016,"count":45,"distance":32.28999996185303,"speed":4.545167446136475},{"calorie":8.180000066757202,"count":149,"distance":102.76999950408936,"speed":4.1143388748168945},{"calorie":3.7599998712539673,"count":74,"distance":48.14999961853027,"speed":5.014218330383301},{"calorie":5.37999951839447,"count":106,"distance":75.56999254226685,"speed":4.4033966064453125},{"calorie":3.270000070333481,"count":65,"distance":46.86000204086304,"speed":4.632686614990234},{"calorie":14.530001699924469,"count":261,"distance":178.73000049591064,"speed":4.527285575866699},{"calorie":0.8699999749660492,"count":17,"distance":12.450000286102295,"speed":4.161744117736816},{"calorie":0.0,"count":0,"distance":0.0,"speed":0.0},{"calorie":0.0,"count":0,"distance":0.0,"speed":0.0},{"calorie":0.0,"count":0,"distance":0.0,"speed":0.0},{"calorie":0.0,"count":0,"distance":0.0,"speed":0.0},{"calorie":0.0,"count":0,"distance":0.0,"speed":0.0},{"calorie":0.0,"count":0,"distance":0.0,"speed":0.0},{"calorie":0.0,"count":0,"distance":0.0,"speed":0.0},{"calorie":0.0,"count":0,"distance":0.0,"speed":0.0},{"calorie":0.0,"count":0,"distance":0.0,"speed":0.0},{"calorie":1.3300001621246338,"count":26,"distance":18.25,"speed":4.104854583740234},{"calorie":9.90999984741211,"count":196,"distance":142.7400016784668,"speed":4.761860370635986},{"calorie":0.0,"count":0,"distance":0.0,"speed":0.0},{"calorie":2.1200000047683716,"count":42,"distance":29.880000114440918,"speed":4.275985240936279},{"calorie":0.0,"count":0,"distance":0.0,"speed":0.0},{"calorie":0.0,"count":0,"distance":0.0,"speed":0.0},{"calorie":0.0,"count":0,"distance":0.0,"speed":0.0},{"calorie":0.0,"count":0,"distance":0.0,"speed":0.0},{"calorie":0.8000000715255737,"count":16,"distance":10.979999542236328,"speed":3.924715518951416},{"calorie":3.2800000496208668,"count":65,"distance":47.44999998807907,"speed":4.716849327087402},{"calorie":16.559999704360962,"count":328,"distance":235.6799898147583,"speed":4.470126152038574},{"calorie":0.0,"count":0,"distance":0.0,"speed":0.0},{"calorie":5.7400000393390656,"count":113,"distance":80.29000163078308,"speed":4.398839950561523},{"calorie":4.250000208616257,"count":84,"distance":59.89000082015991,"speed":4.351289749145508},{"calorie":5.249999940395355,"count":103,"distance":72.87000131607056,"speed":4.258373260498047},{"calorie":0.0,"count":0,"distance":0.0,"speed":0.0},{"calorie":0.0,"count":0,"distance":0.0,"speed":0.0},{"calorie":0.0,"count":0,"distance":0.0,"speed":0.0},{"calorie":0.0,"count":0,"distance":0.0,"speed":0.0},{"calorie":0.0,"count":0,"distance":0.0,"speed":0.0},{"calorie":0.0,"count":0,"distance":0.0,"speed":0.0},{"calorie":0.0,"count":0,"distance":0.0,"speed":0.0},{"calorie":0.0,"count":0,"distance":0.0,"speed":0.0},{"calorie":0.7000000476837158,"count":14,"distance":9.629999160766602,"speed":3.892660140991211},{"calorie":3.430000014603138,"count":67,"distance":47.37999975681305,"speed":4.2468743324279785},{"calorie":25.630004227161407,"count":481,"distance":337.2999897003174,"speed":4.741763114929199},{"calorie":0.8300000429153442,"count":16,"distance":10.799999237060547,"speed":3.8015871047973633},{"calorie":0.0,"count":0,"distance":0.0,"speed":0.0},{"calorie":2.1299999058246613,"count":41,"distance":28.66999864578247,"speed":4.146394729614258},{"calorie":1.8500000834465027,"count":36,"distance":25.49000072479248,"speed":4.297266483306885},{"calorie":6.079999953508377,"count":119,"distance":83.43000173568726,"speed":4.077788829803467},{"calorie":8.47000002861023,"count":134,"distance":85.03000020980835,"speed":4.381778240203857},{"calorie":0.0,"count":0,"distance":0.0,"speed":0.0},{"calorie":0.0,"count":0,"distance":0.0,"speed":0.0},{"calorie":0.0,"count":0,"distance":0.0,"speed":0.0},{"calorie":8.11000007390976,"count":146,"distance":95.25999736785889,"speed":4.0260725021362305},{"calorie":1.280000001192093,"count":25,"distance":17.579999923706055,"speed":4.1658525466918945},{"calorie":0.8100000023841858,"count":16,"distance":10.96999979019165,"speed":4.039747714996338},{"calorie":0.7099999785423279,"count":14,"distance":10.010000228881836,"speed":4.5},{"calorie":5.930000007152557,"count":111,"distance":79.92000007629395,"speed":4.236882209777832},{"calorie":12.77999997138977,"count":253,"distance":184.07000160217285,"speed":4.835294246673584},{"calorie":11.830000072717667,"count":234,"distance":170.0100040435791,"speed":5.050349235534668},{"calorie":1.6299999952316284,"count":32,"distance":22.690000534057617,"speed":4.099999904632568},{"calorie":2.840000033378601,"count":56,"distance":40.59000015258789,"speed":4.802128791809082},{"calorie":9.49999713897705,"count":189,"distance":134.7099895477295,"speed":4.352959632873535},{"calorie":10.089999973773956,"count":201,"distance":150.0400037765503,"speed":5.404211044311523},{"calorie":0.3100000023841858,"count":6,"distance":4.260000228881836,"speed":4.199999809265137},{"calorie":5.5400002002716064,"count":109,"distance":78.36000061035156,"speed":4.472284317016602},{"calorie":0.0,"count":0,"distance":0.0,"speed":0.0},{"calorie":0.0,"count":0,"distance":0.0,"speed":0.0},{"calorie":0.0,"count":0,"distance":0.0,"speed":0.0},{"calorie":0.0,"count":0,"distance":0.0,"speed":0.0},{"calorie":0.0,"count":0,"distance":0.0,"speed":0.0},{"calorie":0.0,"count":0,"distance":0.0,"speed":0.0},{"calorie":4.5400000512599945,"count":89,"distance":62.750000953674316,"speed":4.163251876831055},{"calorie":0.0,"count":0,"distance":0.0,"speed":0.0},{"calorie":0.0,"count":0,"distance":0.0,"speed":0.0},{"calorie":0.0,"count":0,"distance":0.0,"speed":0.0},{"calorie":0.46000003814697266,"count":9,"distance":6.369999885559082,"speed":4.26485013961792},{"calorie":0.8300000131130219,"count":16,"distance":11.179999828338623,"speed":3.787917375564575},{"calorie":0.0,"count":0,"distance":0.0,"speed":0.0},{"calorie":0.0,"count":0,"distance":0.0,"speed":0.0},{"calorie":0.0,"count":0,"distance":0.0,"speed":0.0},{"calorie":19.4399995803833,"count":388,"distance":277.78000259399414,"speed":4.4057230949401855},{"calorie":2.2100000381469727,"count":44,"distance":31.040000915527344,"speed":4.099999904632568},{"calorie":0.0,"count":0,"distance":0.0,"speed":0.0},{"calorie":0.0,"count":0,"distance":0.0,"speed":0.0},{"calorie":7.040000140666962,"count":139,"distance":98.59000062942505,"speed":4.199103355407715},{"calorie":33.06000030040741,"count":426,"distance":381.64998626708984,"speed":7.572272777557373},{"calorie":1.230000078678131,"count":24,"distance":16.950000286102295,"speed":4.2169318199157715},{"calorie":0.0,"count":0,"distance":0.0,"speed":0.0},{"calorie":0.0,"count":0,"distance":0.0,"speed":0.0},{"calorie":0.0,"count":0,"distance":0.0,"speed":0.0},{"calorie":0.0,"count":0,"distance":0.0,"speed":0.0},{"calorie":0.0,"count":0,"distance":0.0,"speed":0.0},{"calorie":0.0,"count":0,"distance":0.0,"speed":0.0},{"calorie":0.0,"count":0,"distance":0.0,"speed":0.0},{"calorie":2.409999907016754,"count":47,"distance":33.0699987411499,"speed":4.184453010559082},{"calorie":0.40000003576278687,"count":8,"distance":5.920000076293945,"speed":5.070830345153809},{"calorie":0.0,"count":0,"distance":0.0,"speed":0.0},{"calorie":0.0,"count":0,"distance":0.0,"speed":0.0},{"calorie":0.0,"count":0,"distance":0.0,"speed":0.0},{"calorie":0.0,"count":0,"distance":0.0,"speed":0.0},{"calorie":0.0,"count":0,"distance":0.0,"speed":0.0},{"calorie":0.0,"count":0,"distance":0.0,"speed":0.0},{"calorie":0.0,"count":0,"distance":0.0,"speed":0.0},{"calorie":0.0,"count":0,"distance":0.0,"speed":0.0}]