[{"calorie":0.0,"count":0,"distance":0.0,"speed":0.0},{"calorie":0.0,"count":0,"distance":0.0,"speed":0.0},{"calorie":0.0,"count":0,"distance":0.0,"speed":0.0},{"calorie":0.0,"count":0,"distance":0.0,"speed":0.0},{"calorie":0.0,"count":0,"distance":0.0,"speed":0.0},{"calorie":0.0,"count":0,"distance":0.0,"speed":0.0},{"calorie":0.0,"count":0,"distance":0.0,"speed":0.0},{"calorie":0.0,"count":0,"distance":0.0,"speed":0.0},{"calorie":0.0,"count":0,"distance":0.0,"speed":0.0},{"calorie":0.0,"count":0,"distance":0.0,"speed":0.0},{"calorie":0.0,"count":0,"distance":0.0,"speed":0.0},{"calorie":0.0,"count":0,"distance":0.0,"speed":0.0},{"calorie":0.0,"count":0,"distance":0.0,"speed":0.0},{"calorie":0.0,"count":0,"distance":0.0,"speed":0.0},{"calorie":0.0,"count":0,"distance":0.0,"speed":0.0},{"calorie":0.0,"count":0,"distance":0.0,"speed":0.0},{"calorie":0.0,"count":0,"distance":0.0,"speed":0.0},{"calorie":0.0,"count":0,"distance":0.0,"speed":0.0},{"calorie":0.0,"count":0,"distance":0.0,"speed":0.0},{"calorie":0.0,"count":0,"distance":0.0,"speed":0.0},{"calorie":0.0,"count":0,"distance":0.0,"speed":0.0},{"calorie":0.0,"count":0,"distance":0.0,"speed":0.0},{"calorie":0.0,"count":0,"distance":0.0,"speed":0.0},{"calorie":0.0,"count":0,"distance":0.0,"speed":0.0},{"calorie":0.0,"count":0,"distance":0.0,"speed":0.0},{"calorie":0.0,"count":0,"distance":0.0,"speed":0.0},{"calorie":0.0,"count":0,"distance":0.0,"speed":0.0},{"calorie":0.0,"count":0,"distance":0.0,"speed":0.0},{"calorie":0.0,"count":0,"distance":0.0,"speed":0.0},{"calorie":0.0,"count":0,"distance":0.0,"speed":0.0},{"calorie":0.0,"count":0,"distance":0.0,"speed":0.0},{"calorie":0.0,"count":0,"distance":0.0,"speed":0.0},{"calorie":0.0,"count":0,"distance":0.0,"speed":0.0},{"calorie":0.0,"count":0,"distance":0.0,"speed":0.0},{"calorie":0.0,"count":0,"distance":0.0,"speed":0.0},{"calorie":0.0,"count":0,"distance":0.0,"speed":0.0},{"calorie":0.0,"count":0,"distance":0.0,"speed":0.0},{"calorie":0.0,"count":0,"distance":0.0,"speed":0.0},{"calorie":0.0,"count":0,"distance":0.0,"speed":0.0},{"calorie":0.0,"count":0,"distance":0.0,"speed":0.0},{"calorie":1.769999623298645,"count":30,"distance":21.31999969482422,"speed":4.496559143066406},{"calorie":7.5699984431266785,"count":112,"distance":73.8799991607666,"speed":3.9239661693573},{"calorie":13.479997396469116,"count":229,"distance":164.59998893737793,"speed":4.812047004699707},{"calorie":5.459998250007629,"count":92,"distance":65.92998695373535,"speed":4.502579689025879},{"calorie":0.0,"count":0,"distance":0.0,"speed":0.0},{"calorie":4.559999346733093,"count":77,"distance":54.729990005493164,"speed":4.324736595153809},{"calorie":0.9000000357627869,"count":15,"distance":10.199999809265137,"speed":3.5261454582214355},{"calorie":1.8599998950958252,"count":35,"distance":25.019999504089355,"speed":4.3458099365234375},{"calorie":0.0,"count":0,"distance":0.0,"speed":0.0},{"calorie":11.379997849464417,"count":191,"distance":137.6700038909912,"speed":4.7521467208862305},{"calorie":4.969999432563782,"count":85,"distance":59.54999780654907,"speed":4.121893405914307},{"calorie":0.47999998927116394,"count":8,"distance":5.490000247955322,"speed":3.873683214187622},{"calorie":0.7100000381469727,"count":12,"distance":8.350000381469727,"speed":3.745424509048462},{"calorie":2.0599997639656067,"count":35,"distance":24.860000610351562,"speed":4.132817268371582},{"calorie":0.0,"count":0,"distance":0.0,"speed":0.0},{"calorie":7.85999983176589,"count":133,"distance":95.57999920845032,"speed":4.558755397796631},{"calorie":0.0,"count":0,"distance":0.0,"speed":0.0},{"calorie":0.0,"count":0,"distance":0.0,"speed":0.0},{"calorie":2.9699997901916504,"count":50,"distance":35.80000305175781,"speed":4.487788200378418},{"calorie":4.340000033378601,"count":74,"distance":53.24000072479248,"speed":4.64129114151001},{"calorie":0.0,"count":0,"distance":0.0,"speed":0.0},{"calorie":2.5199998915195465,"count":43,"distance":31.429999828338623,"speed":4.799999713897705},{"calorie":0.0,"count":0,"distance":0.0,"speed":0.0},{"calorie":0.0,"count":0,"distance":0.0,"speed":0.0},{"calorie":6.109999895095825,"count":103,"distance":73.41999769210815,"speed":4.295027732849121},{"calorie":5.590000033378601,"count":94,"distance":66.63999891281128,"speed":4.189885139465332},{"calorie":0.9099999666213989,"count":15,"distance":10.190000534057617,"speed":3.4875333309173584},{"calorie":28.549998998641968,"count":479,"distance":347.50999784469604,"speed":4.773270130157471},{"calorie":0.18000000715255737,"count":3,"distance":2.1600000858306885,"speed":4.600000381469727},{"calorie":0.0,"count":0,"distance":0.0,"speed":0.0},{"calorie":4.439999878406525,"count":75,"distance":53.57000160217285,"speed":4.507071018218994},{"calorie":10.239999622106552,"count":171,"distance":119.46999931335449,"speed":3.8658382892608643},{"calorie":0.0,"count":0,"distance":0.0,"speed":0.0},{"calorie":34.21999993920326,"count":572,"distance":411.67000102996826,"speed":4.593910217285156},{"calorie":3.650000035762787,"count":62,"distance":43.53000068664551,"speed":4.055056571960449},{"calorie":8.470000058412552,"count":143,"distance":102.06000089645386,"speed":4.427401542663574},{"calorie":0.0,"count":0,"distance":0.0,"speed":0.0},{"calorie":4.959999859333038,"count":85,"distance":60.80999946594238,"speed":4.330031394958496},{"calorie":0.0,"count":0,"distance":0.0,"speed":0.0},{"calorie":4.429999977350235,"count":75,"distance":52.84999990463257,"speed":4.157206058502197},{"calorie":0.0,"count":0,"distance":0.0,"speed":0.0},{"calorie":0.0,"count":0,"distance":0.0,"speed":0.0},{"calorie":4.65999960899353,"count":78,"distance":55.159996032714844,"speed":4.186062335968018},{"calorie":0.0,"count":0,"distance":0.0,"speed":0.0},{"calorie":0.0,"count":0,"distance":0.0,"speed":0.0},{"calorie":0.0,"count":0,"distance":0.0,"speed":0.0},{"calorie":0.0,"count":0,"distance":0.0,"speed":0.0},{"calorie":5.789999008178711,"count":69,"distance":43.12999725341797,"speed":4.291850566864014},{"calorie":2.6099987030029297,"count":44,"distance":32.049991607666016,"speed":5.01416540145874},{"calorie":12.379997730255127,"count":208,"distance":145.1500005722046,"speed":4.631654739379883},{"calorie":0.0,"count":0,"distance":0.0,"speed":0.0},{"calorie":0.0,"count":0,"distance":0.0,"speed":0.0},{"calorie":0.0,"count":0,"distance":0.0,"speed":0.0},{"calorie":2.4599999487400055,"count":41,"distance":28.280002117156982,"speed":3.7449800968170166},{"calorie":0.550000011920929,"count":9,"distance":6.059999465942383,"speed":3.3770337104797363},{"calorie":2.539999984204769,"count":43,"distance":30.299999356269836,"speed":4.14923095703125},{"calorie":4.60999983549118,"count":78,"distance":56.17999839782715,"speed":4.607285499572754},{"calorie":7.939999997615814,"count":136,"distance":97.69999885559082,"speed":4.518229961395264},{"calorie":0.0,"count":0,"distance":0.0,"speed":0.0},{"calorie":0.0,"count":0,"distance":0.0,"speed":0.0},{"calorie":3.2599997520446777,"count":56,"distance":40.56999969482422,"speed":4.815184116363525},{"calorie":0.0,"count":0,"distance":0.0,"speed":0.0},{"calorie":0.0,"count":0,"distance":0.0,"speed":0.0},{"calorie":4.6199997663497925,"count":78,"distance":54.77999973297119,"speed":4.146451950073242},{"calorie":14.109999895095825,"count":232,"distance":167.49999904632568,"speed":5.021835803985596},{"calorie":20.550000071525574,"count":330,"distance":237.68000316619873,"speed":4.9033331871032715},{"calorie":7.409999966621399,"count":101,"distance":66.13000011444092,"speed":4.424495220184326},{"calorie":0.0,"count":0,"distance":0.0,"speed":0.0},{"calorie":4.069999814033508,"count":69,"distance":48.410000801086426,"speed":4.0733747482299805},{"calorie":0.0,"count":0,"distance":0.0,"speed":0.0},{"calorie":0.0,"count":0,"distance":0.0,"speed":0.0},{"calorie":12.23999309539795,"count":204,"distance":144.16001319885254,"speed":4.220397472381592},{"calorie":5.619997136294842,"count":94,"distance":67.38000190258026,"speed":4.379260540008545},{"calorie":0.0,"count":0,"distance":0.0,"speed":0.0},{"calorie":0.0,"count":0,"distance":0.0,"speed":0.0},{"calorie":0.0,"count":0,"distance":0.0,"speed":0.0},{"calorie":0.0,"count":0,"distance":0.0,"speed":0.0},{"calorie":0.0,"count":0,"distance":0.0,"speed":0.0},{"calorie":8.0,"count":134,"distance":94.52000045776367,"speed":4.080230712890625},{"calorie":0.0,"count":0,"distance":0.0,"speed":0.0},{"calorie":1.559999942779541,"count":26,"distance":17.729999542236328,"speed":3.4000003337860107},{"calorie":0.0,"count":0,"distance":0.0,"speed":0.0},{"calorie":4.179999947547913,"count":70,"distance":48.780001640319824,"speed":3.7935144901275635},{"calorie":1.690000057220459,"count":28,"distance":19.15999984741211,"speed":3.5559561252593994},{"calorie":11.06999921798706,"count":185,"distance":130.24000549316406,"speed":4.14407205581665},{"calorie":17.369999885559082,"count":290,"distance":205.8700008392334,"speed":4.246231555938721},{"calorie":0.0,"count":0,"distance":0.0,"speed":0.0},{"calorie":0.0,"count":0,"distance":0.0,"speed":0.0},{"calorie":1.939999759197235,"count":33,"distance":22.439997673034668,"speed":3.488992691040039},{"calorie":0.0,"count":0,"distance":0.0,"speed":0.0},{"calorie":4.419999659061432,"count":74,"distance":50.9899959564209,"speed":3.732240915298462},{"calorie":0.0,"count":0,"distance":0.0,"speed":0.0},{"calorie":0.0,"count":0,"distance":0.0,"speed":0.0},{"calorie":0.0,"count":0,"distance":0.0,"speed":0.0},{"calorie":0.0,"count":0,"distance":0.0,"speed":0.0},{"calorie":0.0,"count":0,"distance":0.0,"speed":0.0},{"calorie":1.999999761581421,"count":34,"distance":24.119998931884766,"speed":4.399630069732666},{"calorie":0.0,"count":0,"distance":0.0,"speed":0.0},{"calorie":0.0,"count":0,"distance":0.0,"speed":0.0},{"calorie":0.0,"count":0,"distance":0.0,"speed":0.0},{"calorie":0.0,"count":0,"distance":0.0,"speed":0.0},{"calorie":1.0999999046325684,"count":19,"distance":13.65999984741211,"speed":4.452001571655273},{"calorie":0.0,"count":0,"distance":0.0,"speed":0.0},{"calorie":0.0,"count":0,"distance":0.0,"speed":0.0}]