[{"calorie":0.25,"count":7,"distance":5.239999771118164,"speed":4.176714897155762},{"calorie":0.0,"count":0,"distance":0.0,"speed":0.0},{"calorie":0.0,"count":0,"distance":0.0,"speed":0.0},{"calorie":0.0,"count":0,"distance":0.0,"speed":0.0},{"calorie":0.0,"count":0,"distance":0.0,"speed":0.0},{"calorie":0.0,"count":0,"distance":0.0,"speed":0.0},{"calorie":0.0,"count":0,"distance":0.0,"speed":0.0},{"calorie":0.0,"count":0,"distance":0.0,"speed":0.0},{"calorie":0.0,"count":0,"distance":0.0,"speed":0.0},{"calorie":0.0,"count":0,"distance":0.0,"speed":0.0},{"calorie":0.0,"count":0,"distance":0.0,"speed":0.0},{"calorie":0.0,"count":0,"distance":0.0,"speed":0.0},{"calorie":0.0,"count":0,"distance":0.0,"speed":0.0},{"calorie":0.0,"count":0,"distance":0.0,"speed":0.0},{"calorie":0.0,"count":0,"distance":0.0,"speed":0.0},{"calorie":0.0,"count":0,"distance":0.0,"speed":0.0},{"calorie":0.0,"count":0,"distance":0.0,"speed":0.0},{"calorie":0.0,"count":0,"distance":0.0,"speed":0.0},{"calorie":0.0,"count":0,"distance":0.0,"speed":0.0},{"calorie":0.0,"count":0,"distance":0.0,"speed":0.0},{"calorie":0.0,"count":0,"distance":0.0,"speed":0.0},{"calorie":0.0,"count":0,"distance":0.0,"speed":0.0},{"calorie":0.0,"count":0,"distance":0.0,"speed":0.0},{"calorie":0.0,"count":0,"distance":0.0,"speed":0.0},{"calorie":0.0,"count":0,"distance":0.0,"speed":0.0},{"calorie":0.0,"count":0,"distance":0.0,"speed":0.0},{"calorie":0.0,"count":0,"distance":0.0,"speed":0.0},{"calorie":0.0,"count":0,"distance":0.0,"speed":0.0},{"calorie":0.0,"count":0,"distance":0.0,"speed":0.0},{"calorie":0.0,"count":0,"distance":0.0,"speed":0.0},{"calorie":0.0,"count":0,"distance":0.0,"speed":0.0},{"calorie":0.0,"count":0,"distance":0.0,"speed":0.0},{"calorie":0.0,"count":0,"distance":0.0,"speed":0.0},{"calorie":0.0,"count":0,"distance":0.0,"speed":0.0},{"calorie":0.0,"count":0,"distance":0.0,"speed":0.0},{"calorie":0.0,"count":0,"distance":0.0,"speed":0.0},{"calorie":0.0,"count":0,"distance":0.0,"speed":0.0},{"calorie":0.0,"count":0,"distance":0.0,"speed":0.0},{"calorie":0.0,"count":0,"distance":0.0,"speed":0.0},{"calorie":0.0,"count":0,"distance":0.0,"speed":0.0},{"calorie":0.0,"count":0,"distance":0.0,"speed":0.0},{"calorie":0.0,"count":0,"distance":0.0,"speed":0.0},{"calorie":0.0,"count":0,"distance":0.0,"speed":0.0},{"calorie":0.0,"count":0,"distance":0.0,"speed":0.0},{"calorie":0.0,"count":0,"distance":0.0,"speed":0.0},{"calorie":2.5399998128414154,"count":68,"distance":50.43999910354614,"speed":4.377346038818359},{"calorie":0.0,"count":0,"distance":0.0,"speed":0.0},{"calorie":1.8300001621246338,"count":49,"distance":36.290000915527344,"speed":4.3702473640441895},{"calorie":12.970000177621841,"count":335,"distance":243.03000259399414,"speed":3.8336644172668457},{"calorie":0.9700000286102295,"count":26,"distance":19.329999923706055,"speed":4.299999713897705},{"calorie":0.0,"count":0,"distance":0.0,"speed":0.0},{"calorie":0.0,"count":0,"distance":0.0,"speed":0.0},{"calorie":1.9599999785423279,"count":53,"distance":39.839999198913574,"speed":4.83001184463501},{"calorie":5.6700000166893005,"count":153,"distance":113.70999813079834,"speed":4.431575775146484},{"calorie":2.2899999618530273,"count":62,"distance":45.67000102996826,"speed":4.54754114151001},{"calorie":0.0,"count":0,"distance":0.0,"speed":0.0},{"calorie":5.149999886751175,"count":143,"distance":107.50000190734863,"speed":4.656820297241211},{"calorie":2.32999986410141,"count":67,"distance":49.960001945495605,"speed":4.731412410736084},{"calorie":0.0,"count":0,"distance":0.0,"speed":0.0},{"calorie":0.0,"count":0,"distance":0.0,"speed":0.0},{"calorie":0.0,"count":0,"distance":0.0,"speed":0.0},{"calorie":0.0,"count":0,"distance":0.0,"speed":0.0},{"calorie":0.0,"count":0,"distance":0.0,"speed":0.0},{"calorie":0.0,"count":0,"distance":0.0,"speed":0.0},{"calorie":0.0,"count":0,"distance":0.0,"speed":0.0},{"calorie":0.0,"count":0,"distance":0.0,"speed":0.0},{"calorie":0.0,"count":0,"distance":0.0,"speed":0.0},{"calorie":4.7299999594688416,"count":134,"distance":100.67999839782715,"speed":4.6341400146484375},{"calorie":4.939999967813492,"count":135,"distance":101.85000133514404,"speed":4.7217116355896},{"calorie":2.5100000500679016,"count":70,"distance":52.749999046325684,"speed":4.8760552406311035},{"calorie":3.8999999463558197,"count":105,"distance":79.45999908447266,"speed":4.861672401428223},{"calorie":10.229999914765358,"count":314,"distance":240.51999855041504,"speed":5.206717491149902},{"calorie":0.0,"count":0,"distance":0.0,"speed":0.0},{"calorie":0.47999998927116394,"count":13,"distance":9.369999885559082,"speed":3.6999995708465576},{"calorie":1.1799999475479126,"count":31,"distance":22.979999542236328,"speed":4.299999713897705},{"calorie":10.150000005960464,"count":261,"distance":186.01999855041504,"speed":3.409616470336914},{"calorie":0.0,"count":0,"distance":0.0,"speed":0.0},{"calorie":0.5199999809265137,"count":15,"distance":11.4399995803833,"speed":4.758996963500977},{"calorie":0.37999996542930603,"count":10,"distance":7.159999847412109,"speed":3.487569570541382},{"calorie":0.2199999988079071,"count":6,"distance":4.210000038146973,"speed":3.200000047683716},{"calorie":0.0,"count":0,"distance":0.0,"speed":0.0},{"calorie":0.0,"count":0,"distance":0.0,"speed":0.0},{"calorie":0.4399999976158142,"count":13,"distance":9.760000228881836,"speed":4.4922590255737305},{"calorie":9.279999732971191,"count":252,"distance":187.3299961090088,"speed":4.286809921264648},{"calorie":3.3600000143051147,"count":90,"distance":66.48999977111816,"speed":4.250190258026123},{"calorie":0.0,"count":0,"distance":0.0,"speed":0.0},{"calorie":0.0,"count":0,"distance":0.0,"speed":0.0},{"calorie":8.209999740123749,"count":224,"distance":168.13998794555664,"speed":4.5911455154418945},{"calorie":2.049999952316284,"count":58,"distance":43.910001277923584,"speed":4.8226118087768555},{"calorie":0.0,"count":0,"distance":0.0,"speed":0.0},{"calorie":3.5100001096725464,"count":106,"distance":81.25000095367432,"speed":5.182492733001709},{"calorie":1.559999942779541,"count":47,"distance":36.31999969482422,"speed":5.600000381469727},{"calorie":3.519999995827675,"count":85,"distance":69.10999917984009,"speed":5.050360679626465},{"calorie":3.2299998700618744,"count":86,"distance":66.42000579833984,"speed":4.869344711303711},{"calorie":6.28000009059906,"count":165,"distance":121.9900016784668,"speed":4.336567401885986},{"calorie":4.020000100135803,"count":95,"distance":77.98999977111816,"speed":5.488083839416504},{"calorie":0.0,"count":0,"distance":0.0,"speed":0.0},{"calorie":0.0,"count":0,"distance":0.0,"speed":0.0},{"calorie":4.279999881982803,"count":106,"distance":79.95999765396118,"speed":5.206178665161133},{"calorie":5.759999975562096,"count":161,"distance":121.5699999332428,"speed":4.845649242401123},{"calorie":0.0,"count":0,"distance":0.0,"speed":0.0},{"calorie":2.329999715089798,"count":64,"distance":48.35000133514404,"speed":4.88163423538208},{"calorie":1.8700000047683716,"count":54,"distance":40.829999923706055,"speed":4.943140029907227},{"calorie":1.059999942779541,"count":32,"distance":24.84000015258789,"speed":5.299999237060547},{"calorie":4.06999996304512,"count":110,"distance":81.4399995803833,"speed":4.234582424163818},{"calorie":0.6200000047683716,"count":17,"distance":12.75,"speed":4.490499496459961},{"calorie":14.800000548362732,"count":372,"distance":281.4500045776367,"speed":4.843128681182861},{"calorie":9.180000185966492,"count":232,"distance":173.5799961090088,"speed":4.588832378387451},{"calorie":20.749997168779373,"count":542,"distance":407.530020236969,"speed":4.634896755218506},{"calorie":3.2600001096725464,"count":90,"distance":66.96000003814697,"speed":4.2688446044921875},{"calorie":0.0,"count":0,"distance":0.0,"speed":0.0},{"calorie":0.29999998211860657,"count":8,"distance":5.760000228881836,"speed":3.705514907836914},{"calorie":0.0,"count":0,"distance":0.0,"speed":0.0},{"calorie":6.440000057220459,"count":167,"distance":124.44000244140625,"speed":4.434038162231445},{"calorie":22.31000018119812,"count":609,"distance":460.6599998474121,"speed":4.820871353149414},{"calorie":3.510000169277191,"count":100,"distance":73.66000080108643,"speed":4.502997398376465},{"calorie":14.479999363422394,"count":294,"distance":198.80998992919922,"speed":4.727449893951416},{"calorie":4.170000076293945,"count":105,"distance":77.30000114440918,"speed":4.199999809265137},{"calorie":0.25,"count":7,"distance":5.349999904632568,"speed":6.300000190734863},{"calorie":0.0,"count":0,"distance":0.0,"speed":0.0},{"calorie":0.0,"count":0,"distance":0.0,"speed":0.0},{"calorie":0.23999999463558197,"count":7,"distance":5.519999980926514,"speed":5.700000286102295},{"calorie":0.25,"count":7,"distance":5.380000114440918,"speed":4.699999809265137},{"calorie":0.0,"count":0,"distance":0.0,"speed":0.0},{"calorie":0.0,"count":0,"distance":0.0,"speed":0.0},{"calorie":0.0,"count":0,"distance":0.0,"speed":0.0},{"calorie":0.0,"count":0,"distance":0.0,"speed":0.0},{"calorie":0.0,"count":0,"distance":0.0,"speed":0.0},{"calorie":0.0,"count":0,"distance":0.0,"speed":0.0},{"calorie":0.0,"count":0,"distance":0.0,"speed":0.0},{"calorie":0.0,"count":0,"distance":0.0,"speed":0.0},{"calorie":0.0,"count":0,"distance":0.0,"speed":0.0},{"calorie":0.0,"count":0,"distance":0.0,"speed":0.0},{"calorie":0.0,"count":0,"distance":0.0,"speed":0.0},{"calorie":0.0,"count":0,"distance":0.0,"speed":0.0},{"calorie":0.0,"count":0,"distance":0.0,"speed":0.0},{"calorie":0.0,"count":0,"distance":0.0,"speed":0.0},{"calorie":0.0,"count":0,"distance":0.0,"speed":0.0},{"calorie":0.0,"count":0,"distance":0.0,"speed":0.0},{"calorie":0.0,"count":0,"distance":0.0,"speed":0.0},{"calorie":4.1199986189603806,"count":113,"distance":83.24999141693115,"speed":4.389738082885742},{"calorie":0.5299999713897705,"count":15,"distance":11.229999542236328,"speed":5.099999904632568},{"calorie":25.26998770236969,"count":638,"distance":477.3199872970581,"speed":4.629319667816162},{"calorie":0.0,"count":0,"distance":0.0,"speed":0.0}]