[{"calorie":0.0,"count":0,"distance":0.0,"speed":0.0},{"calorie":17.99999988079071,"count":452,"distance":328.0700044631958,"speed":3.9161899089813232},{"calorie":22.369999587535858,"count":562,"distance":418.44999837875366,"speed":4.5338358879089355},{"calorie":16.469996586441994,"count":435,"distance":325.639976978302,"speed":4.622296333312988},{"calorie":32.589999973773956,"count":820,"distance":613.0200042724609,"speed":4.567874908447266},{"calorie":38.37999749183655,"count":990,"distance":737.3400039672852,"speed":4.6357102394104},{"calorie":8.580000311136246,"count":229,"distance":168.589994430542,"speed":4.255517482757568},{"calorie":0.9200000166893005,"count":24,"distance":17.71999979019165,"speed":4.353738784790039},{"calorie":0.0,"count":0,"distance":0.0,"speed":0.0},{"calorie":0.0,"count":0,"distance":0.0,"speed":0.0},{"calorie":0.0,"count":0,"distance":0.0,"speed":0.0},{"calorie":0.0,"count":0,"distance":0.0,"speed":0.0},{"calorie":0.0,"count":0,"distance":0.0,"speed":0.0},{"calorie":0.0,"count":0,"distance":0.0,"speed":0.0},{"calorie":0.0,"count":0,"distance":0.0,"speed":0.0},{"calorie":0.0,"count":0,"distance":0.0,"speed":0.0},{"calorie":0.0,"count":0,"distance":0.0,"speed":0.0},{"calorie":0.0,"count":0,"distance":0.0,"speed":0.0},{"calorie":0.0,"count":0,"distance":0.0,"speed":0.0},{"calorie":0.0,"count":0,"distance":0.0,"speed":0.0},{"calorie":0.0,"count":0,"distance":0.0,"speed":0.0},{"calorie":0.0,"count":0,"distance":0.0,"speed":0.0},{"calorie":0.0,"count":0,"distance":0.0,"speed":0.0},{"calorie":0.0,"count":0,"distance":0.0,"speed":0.0},{"calorie":0.0,"count":0,"distance":0.0,"speed":0.0},{"calorie":0.0,"count":0,"distance":0.0,"speed":0.0},{"calorie":0.0,"count":0,"distance":0.0,"speed":0.0},{"calorie":0.0,"count":0,"distance":0.0,"speed":0.0},{"calorie":0.0,"count":0,"distance":0.0,"speed":0.0},{"calorie":0.0,"count":0,"distance":0.0,"speed":0.0},{"calorie":0.0,"count":0,"distance":0.0,"speed":0.0},{"calorie":0.0,"count":0,"distance":0.0,"speed":0.0},{"calorie":0.0,"count":0,"distance":0.0,"speed":0.0},{"calorie":0.0,"count":0,"distance":0.0,"speed":0.0},{"calorie":0.0,"count":0,"distance":0.0,"speed":0.0},{"calorie":0.0,"count":0,"distance":0.0,"speed":0.0},{"calorie":0.0,"count":0,"distance":0.0,"speed":0.0},{"calorie":0.0,"count":0,"distance":0.0,"speed":0.0},{"calorie":0.0,"count":0,"distance":0.0,"speed":0.0},{"calorie":0.0,"count":0,"distance":0.0,"speed":0.0},{"calorie":0.0,"count":0,"distance":0.0,"speed":0.0},{"calorie":0.0,"count":0,"distance":0.0,"speed":0.0},{"calorie":0.0,"count":0,"distance":0.0,"speed":0.0},{"calorie":0.0,"count":0,"distance":0.0,"speed":0.0},{"calorie":0.0,"count":0,"distance":0.0,"speed":0.0},{"calorie":0.0,"count":0,"distance":0.0,"speed":0.0},{"calorie":0.0,"count":0,"distance":0.0,"speed":0.0},{"calorie":0.0,"count":0,"distance":0.0,"speed":0.0},{"calorie":0.0,"count":0,"distance":0.0,"speed":0.0},{"calorie":0.0,"count":0,"distance":0.0,"speed":0.0},{"calorie":0.0,"count":0,"distance":0.0,"speed":0.0},{"calorie":0.0,"count":0,"distance":0.0,"speed":0.0},{"calorie":0.0,"count":0,"distance":0.0,"speed":0.0},{"calorie":0.0,"count":0,"distance":0.0,"speed":0.0},{"calorie":0.0,"count":0,"distance":0.0,"speed":0.0},{"calorie":0.0,"count":0,"distance":0.0,"speed":0.0},{"calorie":0.0,"count":0,"distance":0.0,"speed":0.0},{"calorie":0.0,"count":0,"distance":0.0,"speed":0.0},{"calorie":0.0,"count":0,"distance":0.0,"speed":0.0},{"calorie":0.0,"count":0,"distance":0.0,"speed":0.0},{"calorie":0.0,"count":0,"distance":0.0,"speed":0.0},{"calorie":0.0,"count":0,"distance":0.0,"speed":0.0},{"calorie":0.0,"count":0,"distance":0.0,"speed":0.0},{"calorie":0.0,"count":0,"distance":0.0,"speed":0.0},{"calorie":0.0,"count":0,"distance":0.0,"speed":0.0},{"calorie":0.0,"count":0,"distance":0.0,"speed":0.0},{"calorie":0.0,"count":0,"distance":0.0,"speed":0.0},{"calorie":0.0,"count":0,"distance":0.0,"speed":0.0},{"calorie":0.0,"count":0,"distance":0.0,"speed":0.0},{"calorie":0.0,"count":0,"distance":0.0,"speed":0.0},{"calorie":3.5899988412857056,"count":100,"distance":74.21001815795898,"speed":4.397314071655273},{"calorie":2.359999895095825,"count":67,"distance":50.089996337890625,"speed":4.345620632171631},{"calorie":2.0299999713897705,"count":53,"distance":38.64999961853027,"speed":3.9000003337860107},{"calorie":0.23999999463558197,"count":7,"distance":5.5,"speed":6.099999904632568},{"calorie":0.0,"count":0,"distance":0.0,"speed":0.0},{"calorie":0.0,"count":0,"distance":0.0,"speed":0.0},{"calorie":0.0,"count":0,"distance":0.0,"speed":0.0},{"calorie":1.9700000286102295,"count":51,"distance":37.970001220703125,"speed":4.5},{"calorie":0.0,"count":0,"distance":0.0,"speed":0.0},{"calorie":0.4000000059604645,"count":11,"distance":8.239999771118164,"speed":4.600000381469727},{"calorie":0.8799999952316284,"count":25,"distance":19.270000457763672,"speed":4.999999523162842},{"calorie":0.0,"count":0,"distance":0.0,"speed":0.0},{"calorie":0.0,"count":0,"distance":0.0,"speed":0.0},{"calorie":2.0700000524520874,"count":56,"distance":41.28999996185303,"speed":4.4458441734313965},{"calorie":4.75,"count":123,"distance":91.47999954223633,"speed":4.539351940155029},{"calorie":0.0,"count":0,"distance":0.0,"speed":0.0},{"calorie":0.0,"count":0,"distance":0.0,"speed":0.0},{"calorie":0.0,"count":0,"distance":0.0,"speed":0.0},{"calorie":0.0,"count":0,"distance":0.0,"speed":0.0},{"calorie":0.0,"count":0,"distance":0.0,"speed":0.0},{"calorie":0.0,"count":0,"distance":0.0,"speed":0.0},{"calorie":0.0,"count":0,"distance":0.0,"speed":0.0},{"calorie":0.0,"count":0,"distance":0.0,"speed":0.0},{"calorie":0.0,"count":0,"distance":0.0,"speed":0.0},{"calorie":0.0,"count":0,"distance":0.0,"speed":0.0},{"calorie":0.0,"count":0,"distance":0.0,"speed":0.0},{"calorie":0.0,"count":0,"distance":0.0,"speed":0.0},{"calorie":0.0,"count":0,"distance":0.0,"speed":0.0},{"calorie":0.0,"count":0,"distance":0.0,"speed":0.0},{"calorie":0.4399999976158142,"count":13,"distance":9.180000305175781,"speed":3.891967535018921},{"calorie":0.0,"count":0,"distance":0.0,"speed":0.0},{"calorie":0.0,"count":0,"distance":0.0,"speed":0.0},{"calorie":0.0,"count":0,"distance":0.0,"speed":0.0},{"calorie":0.0,"count":0,"distance":0.0,"speed":0.0},{"calorie":0.4399999976158142,"count":14,"distance":10.460000038146973,"speed":4.900000095367432},{"calorie":0.25999999046325684,"count":7,"distance":5.100000381469727,"speed":3.787428379058838},{"calorie":0.0,"count":0,"distance":0.0,"speed":0.0},{"calorie":0.25999999046325684,"count":7,"distance":5.029999732971191,"speed":3.7853550910949707},{"calorie":0.0,"count":0,"distance":0.0,"speed":0.0},{"calorie":0.0,"count":0,"distance":0.0,"speed":0.0},{"calorie":0.0,"count":0,"distance":0.0,"speed":0.0},{"calorie":0.0,"count":0,"distance":0.0,"speed":0.0},{"calorie":0.20999999344348907,"count":6,"distance":4.489999771118164,"speed":4.600000381469727},{"calorie":0.0,"count":0,"distance":0.0,"speed":0.0},{"calorie":0.0,"count":0,"distance":0.0,"speed":0.0},{"calorie":0.0,"count":0,"distance":0.0,"speed":0.0},{"calorie":1.4199999868869781,"count":40,"distance":30.030000686645508,"speed":4.724054336547852},{"calorie":0.0,"count":0,"distance":0.0,"speed":0.0},{"calorie":0.0,"count":0,"distance":0.0,"speed":0.0},{"calorie":0.0,"count":0,"distance":0.0,"speed":0.0},{"calorie":0.0,"count":0,"distance":0.0,"speed":0.0},{"calorie":0.0,"count":0,"distance":0.0,"speed":0.0},{"calorie":0.0,"count":0,"distance":0.0,"speed":0.0},{"calorie":6.149998784065247,"count":159,"distance":119.39999008178711,"speed":4.641829013824463},{"calorie":41.259989500045776,"count":1048,"distance":795.1598281860352,"speed":4.893647193908691},{"calorie":43.25000047683716,"count":1101,"distance":838.0599975585938,"speed":5.028359889984131},{"calorie":45.66000032424927,"count":1089,"distance":860.489990234375,"speed":5.380861282348633},{"calorie":35.69000083953142,"count":916,"distance":721.9699401855469,"speed":5.470702648162842},{"calorie":37.32999849319458,"count":1071,"distance":815.6999740600586,"speed":5.048038959503174},{"calorie":39.76999568939209,"count":1089,"distance":828.9199905395508,"speed":5.082876205444336},{"calorie":41.77000045776367,"count":1077,"distance":820.3100051879883,"speed":4.9566755294799805},{"calorie":36.28999328613281,"count":947,"distance":709.309944152832,"speed":4.633678436279297},{"calorie":39.85999870300293,"count":997,"distance":750.629997253418,"speed":4.69845724105835},{"calorie":15.370000034570694,"count":391,"distance":293.4899959564209,"speed":4.617058277130127},{"calorie":0.0,"count":0,"distance":0.0,"speed":0.0},{"calorie":0.0,"count":0,"distance":0.0,"speed":0.0},{"calorie":0.0,"count":0,"distance":0.0,"speed":0.0},{"calorie":3.9399996995925903,"count":111,"distance":84.78000831604004,"speed":5.0019426345825195},{"calorie":2.0100000500679016,"count":54,"distance":39.72000026702881,"speed":4.3457255363464355},{"calorie":0.2199999988079071,"count":6,"distance":4.400000095367432,"speed":3.499999761581421},{"calorie":0.9899999797344208,"count":26,"distance":18.99000072479248,"speed":4.182949542999268},{"calorie":0.25,"count":7,"distance":5.159999847412109,"speed":4.855738162994385},{"calorie":0.0,"count":0,"distance":0.0,"speed":0.0},{"calorie":0.0,"count":0,"distance":0.0,"speed":0.0}]