[{"calorie":0.0,"count":0,"distance":0.0,"speed":0.0},{"calorie":0.0,"count":0,"distance":0.0,"speed":0.0},{"calorie":0.0,"count":0,"distance":0.0,"speed":0.0},{"calorie":0.0,"count":0,"distance":0.0,"speed":0.0},{"calorie":0.0,"count":0,"distance":0.0,"speed":0.0},{"calorie":0.0,"count":0,"distance":0.0,"speed":0.0},{"calorie":0.0,"count":0,"distance":0.0,"speed":0.0},{"calorie":0.0,"count":0,"distance":0.0,"speed":0.0},{"calorie":0.0,"count":0,"distance":0.0,"speed":0.0},{"calorie":0.0,"count":0,"distance":0.0,"speed":0.0},{"calorie":0.0,"count":0,"distance":0.0,"speed":0.0},{"calorie":0.0,"count":0,"distance":0.0,"speed":0.0},{"calorie":0.0,"count":0,"distance":0.0,"speed":0.0},{"calorie":0.0,"count":0,"distance":0.0,"speed":0.0},{"calorie":0.0,"count":0,"distance":0.0,"speed":0.0},{"calorie":0.0,"count":0,"distance":0.0,"speed":0.0},{"calorie":0.0,"count":0,"distance":0.0,"speed":0.0},{"calorie":0.0,"count":0,"distance":0.0,"speed":0.0},{"calorie":0.0,"count":0,"distance":0.0,"speed":0.0},{"calorie":0.0,"count":0,"distance":0.0,"speed":0.0},{"calorie":0.0,"count":0,"distance":0.0,"speed":0.0},{"calorie":0.0,"count":0,"distance":0.0,"speed":0.0},{"calorie":0.0,"count":0,"distance":0.0,"speed":0.0},{"calorie":0.0,"count":0,"distance":0.0,"speed":0.0},{"calorie":0.0,"count":0,"distance":0.0,"speed":0.0},{"calorie":0.0,"count":0,"distance":0.0,"speed":0.0},{"calorie":0.0,"count":0,"distance":0.0,"speed":0.0},{"calorie":0.0,"count":0,"distance":0.0,"speed":0.0},{"calorie":0.0,"count":0,"distance":0.0,"speed":0.0},{"calorie":0.0,"count":0,"distance":0.0,"speed":0.0},{"calorie":0.0,"count":0,"distance":0.0,"speed":0.0},{"calorie":0.0,"count":0,"distance":0.0,"speed":0.0},{"calorie":0.0,"count":0,"distance":0.0,"speed":0.0},{"calorie":0.0,"count":0,"distance":0.0,"speed":0.0},{"calorie":0.0,"count":0,"distance":0.0,"speed":0.0},{"calorie":0.0,"count":0,"distance":0.0,"speed":0.0},{"calorie":0.0,"count":0,"distance":0.0,"speed":0.0},{"calorie":0.0,"count":0,"distance":0.0,"speed":0.0},{"calorie":0.0,"count":0,"distance":0.0,"speed":0.0},{"calorie":0.0,"count":0,"distance":0.0,"speed":0.0},{"calorie":3.0899999141693115,"count":60,"distance":41.76000213623047,"speed":4.145796298980713},{"calorie":1.3200000524520874,"count":26,"distance":18.510000228881836,"speed":4.299999713897705},{"calorie":3.050000011920929,"count":59,"distance":41.59999942779541,"speed":4.210489749908447},{"calorie":9.299998790025711,"count":184,"distance":131.22998189926147,"speed":4.310257434844971},{"calorie":1.8600000143051147,"count":36,"distance":25.149999618530273,"speed":4.014784812927246},{"calorie":2.1700000762939453,"count":43,"distance":30.809999465942383,"speed":4.352614402770996},{"calorie":2.380000054836273,"count":47,"distance":34.15000057220459,"speed":4.789153575897217},{"calorie":0.0,"count":0,"distance":0.0,"speed":0.0},{"calorie":3.3600000739097595,"count":66,"distance":46.35999870300293,"speed":4.141112804412842},{"calorie":0.0,"count":0,"distance":0.0,"speed":0.0},{"calorie":0.0,"count":0,"distance":0.0,"speed":0.0},{"calorie":1.380000114440918,"count":27,"distance":18.659998893737793,"speed":3.6736233234405518},{"calorie":0.0,"count":0,"distance":0.0,"speed":0.0},{"calorie":8.27999997138977,"count":153,"distance":107.10000419616699,"speed":4.273585319519043},{"calorie":8.349999904632568,"count":165,"distance":115.63999938964844,"speed":4.7086381912231445},{"calorie":6.5199995040893555,"count":128,"distance":91.60999202728271,"speed":4.415326118469238},{"calorie":0.6399999856948853,"count":7,"distance":6.460000038146973,"speed":5.700000286102295},{"calorie":6.220000267028809,"count":97,"distance":56.670000076293945,"speed":4.295549392700195},{"calorie":0.8800000250339508,"count":17,"distance":11.819999694824219,"speed":3.89609694480896},{"calorie":0.0,"count":0,"distance":0.0,"speed":0.0},{"calorie":0.0,"count":0,"distance":0.0,"speed":0.0},{"calorie":0.0,"count":0,"distance":0.0,"speed":0.0},{"calorie":0.0,"count":0,"distance":0.0,"speed":0.0},{"calorie":0.0,"count":0,"distance":0.0,"speed":0.0},{"calorie":0.0,"count":0,"distance":0.0,"speed":0.0},{"calorie":0.0,"count":0,"distance":0.0,"speed":0.0},{"calorie":6.730000138282776,"count":132,"distance":93.10000228881836,"speed":4.084474563598633},{"calorie":1.0,"count":19,"distance":13.039999961853027,"speed":3.9000003337860107},{"calorie":10.479999303817749,"count":207,"distance":144.60000228881836,"speed":3.8404650688171387},{"calorie":0.36000001430511475,"count":7,"distance":5.099999904632568,"speed":4.985436916351318},{"calorie":1.1200000047683716,"count":22,"distance":15.670000076293945,"speed":4.297149658203125},{"calorie":5.869999974966049,"count":116,"distance":80.88000059127808,"speed":3.8461575508117676},{"calorie":0.0,"count":0,"distance":0.0,"speed":0.0},{"calorie":0.0,"count":0,"distance":0.0,"speed":0.0},{"calorie":0.0,"count":0,"distance":0.0,"speed":0.0},{"calorie":0.0,"count":0,"distance":0.0,"speed":0.0},{"calorie":0.6000000238418579,"count":12,"distance":8.34000015258789,"speed":4.5},{"calorie":4.580000162124634,"count":89,"distance":63.51000118255615,"speed":4.634238243103027},{"calorie":0.8299999833106995,"count":16,"distance":11.300000190734863,"speed":4.099999904632568},{"calorie":3.599999964237213,"count":71,"distance":51.40000057220459,"speed":4.645968437194824},{"calorie":10.269999265670776,"count":184,"distance":126.75999116897583,"speed":4.29805326461792},{"calorie":2.3400000035762787,"count":46,"distance":32.61000061035156,"speed":4.086052417755127},{"calorie":5.030000150203705,"count":97,"distance":66.87999725341797,"speed":3.6583855152130127},{"calorie":3.089999485760927,"count":57,"distance":35.71999019384384,"speed":4.5834641456604},{"calorie":5.349999636411667,"count":105,"distance":73.27000284194946,"speed":3.9965438842773438},{"calorie":0.0,"count":0,"distance":0.0,"speed":0.0},{"calorie":0.0,"count":0,"distance":0.0,"speed":0.0},{"calorie":0.8000000715255737,"count":15,"distance":10.140000343322754,"speed":3.4404866695404053},{"calorie":4.670000076293945,"count":85,"distance":64.08999824523926,"speed":4.935702800750732},{"calorie":0.0,"count":0,"distance":0.0,"speed":0.0},{"calorie":5.139999270439148,"count":101,"distance":71.32000064849854,"speed":4.204329490661621},{"calorie":2.6699994802474976,"count":53,"distance":37.64999771118164,"speed":4.406015396118164},{"calorie":0.3500000238418579,"count":7,"distance":5.380000114440918,"speed":6.155783653259277},{"calorie":1.5799999982118607,"count":31,"distance":22.170000553131104,"speed":4.315125465393066},{"calorie":1.1999999284744263,"count":24,"distance":16.90999984741211,"speed":4.3387532234191895},{"calorie":7.259999573230743,"count":144,"distance":102.3499984741211,"speed":4.312965393066406},{"calorie":15.02999946475029,"count":296,"distance":211.91999006271362,"speed":4.512309551239014},{"calorie":0.0,"count":0,"distance":0.0,"speed":0.0},{"calorie":2.2199999392032623,"count":44,"distance":31.869999408721924,"speed":4.562130928039551},{"calorie":0.0,"count":0,"distance":0.0,"speed":0.0},{"calorie":1.1399999856948853,"count":22,"distance":15.270000457763672,"speed":3.8206567764282227},{"calorie":0.0,"count":0,"distance":0.0,"speed":0.0},{"calorie":8.589998960494995,"count":169,"distance":117.60998821258545,"speed":3.9822239875793457},{"calorie":0.0,"count":0,"distance":0.0,"speed":0.0},{"calorie":4.760000050067902,"count":91,"distance":63.32999897003174,"speed":4.041315078735352},{"calorie":0.0,"count":0,"distance":0.0,"speed":0.0},{"calorie":0.7599999904632568,"count":15,"distance":10.970000267028809,"speed":4.900000095367432},{"calorie":0.0,"count":0,"distance":0.0,"speed":0.0},{"calorie":0.0,"count":0,"distance":0.0,"speed":0.0},{"calorie":0.0,"count":0,"distance":0.0,"speed":0.0},{"calorie":0.0,"count":0,"distance":0.0,"speed":0.0},{"calorie":3.3499999940395355,"count":65,"distance":44.96999931335449,"speed":3.9137539863586426},{"calorie":2.5099992752075195,"count":48,"distance":32.69999694824219,"speed":3.58976674079895},{"calorie":0.0,"count":0,"distance":0.0,"speed":0.0},{"calorie":0.0,"count":0,"distance":0.0,"speed":0.0},{"calorie":0.0,"count":0,"distance":0.0,"speed":0.0},{"calorie":0.0,"count":0,"distance":0.0,"speed":0.0},{"calorie":1.9100001454353333,"count":37,"distance":25.820000648498535,"speed":3.8355603218078613},{"calorie":0.0,"count":0,"distance":0.0,"speed":0.0},{"calorie":0.0,"count":0,"distance":0.0,"speed":0.0},{"calorie":0.0,"count":0,"distance":0.0,"speed":0.0},{"calorie":29.96000051498413,"count":597,"distance":428.37999725341797,"speed":4.517505168914795},{"calorie":44.06999957561493,"count":881,"distance":632.5100078582764,"speed":4.515206813812256},{"calorie":1.2200000286102295,"count":24,"distance":16.649999618530273,"speed":3.799999952316284},{"calorie":0.0,"count":0,"distance":0.0,"speed":0.0},{"calorie":3.950000047683716,"count":77,"distance":54.82000160217285,"speed":4.456883430480957},{"calorie":10.779999285936356,"count":206,"distance":150.86999678611755,"speed":4.897522449493408},{"calorie":34.69000029563904,"count":693,"distance":498.63999938964844,"speed":4.656725883483887},{"calorie":0.0,"count":0,"distance":0.0,"speed":0.0},{"calorie":0.0,"count":0,"distance":0.0,"speed":0.0},{"calorie":0.0,"count":0,"distance":0.0,"speed":0.0},{"calorie":0.0,"count":0,"distance":0.0,"speed":0.0},{"calorie":4.369999885559082,"count":87,"distance":62.15999984741211,"speed":4.400000095367432},{"calorie":22.0,"count":439,"distance":315.6500015258789,"speed":4.5456862449646},{"calorie":0.0,"count":0,"distance":0.0,"speed":0.0},{"calorie":0.0,"count":0,"distance":0.0,"speed":0.0},{"calorie":0.0,"count":0,"distance":0.0,"speed":0.0},{"calorie":0.0,"count":0,"distance":0.0,"speed":0.0},{"calorie":0.0,"count":0,"distance":0.0,"speed":0.0},{"calorie":0.0,"count":0,"distance":0.0,"speed":0.0},{"calorie":0.0,"count":0,"distance":0.0,"speed":0.0},{"calorie":0.0,"count":0,"distance":0.0,"speed":0.0},{"calorie":0.0,"count":0,"distance":0.0,"speed":0.0},{"calorie":0.0,"count":0,"distance":0.0,"speed":0.0}]