[{"calorie":0.0,"count":0,"distance":0.0,"speed":0.0},{"calorie":0.20999999344348907,"count":6,"distance":4.489999771118164,"speed":4.400000095367432},{"calorie":0.0,"count":0,"distance":0.0,"speed":0.0},{"calorie":0.0,"count":0,"distance":0.0,"speed":0.0},{"calorie":0.0,"count":0,"distance":0.0,"speed":0.0},{"calorie":0.0,"count":0,"distance":0.0,"speed":0.0},{"calorie":0.0,"count":0,"distance":0.0,"speed":0.0},{"calorie":0.0,"count":0,"distance":0.0,"speed":0.0},{"calorie":0.0,"count":0,"distance":0.0,"speed":0.0},{"calorie":0.0,"count":0,"distance":0.0,"speed":0.0},{"calorie":0.0,"count":0,"distance":0.0,"speed":0.0},{"calorie":0.0,"count":0,"distance":0.0,"speed":0.0},{"calorie":0.0,"count":0,"distance":0.0,"speed":0.0},{"calorie":0.0,"count":0,"distance":0.0,"speed":0.0},{"calorie":0.0,"count":0,"distance":0.0,"speed":0.0},{"calorie":0.0,"count":0,"distance":0.0,"speed":0.0},{"calorie":0.0,"count":0,"distance":0.0,"speed":0.0},{"calorie":0.0,"count":0,"distance":0.0,"speed":0.0},{"calorie":0.0,"count":0,"distance":0.0,"speed":0.0},{"calorie":0.0,"count":0,"distance":0.0,"speed":0.0},{"calorie":0.0,"count":0,"distance":0.0,"speed":0.0},{"calorie":0.0,"count":0,"distance":0.0,"speed":0.0},{"calorie":0.0,"count":0,"distance":0.0,"speed":0.0},{"calorie":0.0,"count":0,"distance":0.0,"speed":0.0},{"calorie":0.0,"count":0,"distance":0.0,"speed":0.0},{"calorie":0.0,"count":0,"distance":0.0,"speed":0.0},{"calorie":0.0,"count":0,"distance":0.0,"speed":0.0},{"calorie":0.0,"count":0,"distance":0.0,"speed":0.0},{"calorie":0.0,"count":0,"distance":0.0,"speed":0.0},{"calorie":0.0,"count":0,"distance":0.0,"speed":0.0},{"calorie":0.0,"count":0,"distance":0.0,"speed":0.0},{"calorie":0.0,"count":0,"distance":0.0,"speed":0.0},{"calorie":0.0,"count":0,"distance":0.0,"speed":0.0},{"calorie":0.0,"count":0,"distance":0.0,"speed":0.0},{"calorie":0.0,"count":0,"distance":0.0,"speed":0.0},{"calorie":0.0,"count":0,"distance":0.0,"speed":0.0},{"calorie":0.0,"count":0,"distance":0.0,"speed":0.0},{"calorie":0.0,"count":0,"distance":0.0,"speed":0.0},{"calorie":0.0,"count":0,"distance":0.0,"speed":0.0},{"calorie":0.0,"count":0,"distance":0.0,"speed":0.0},{"calorie":0.0,"count":0,"distance":0.0,"speed":0.0},{"calorie":0.0,"count":0,"distance":0.0,"speed":0.0},{"calorie":0.0,"count":0,"distance":0.0,"speed":0.0},{"calorie":0.0,"count":0,"distance":0.0,"speed":0.0},{"calorie":0.0,"count":0,"distance":0.0,"speed":0.0},{"calorie":0.0,"count":0,"distance":0.0,"speed":0.0},{"calorie":0.0,"count":0,"distance":0.0,"speed":0.0},{"calorie":0.5400000065565109,"count":15,"distance":11.010000228881836,"speed":4.039553642272949},{"calorie":4.620000123977661,"count":121,"distance":88.46000099182129,"speed":3.9758265018463135},{"calorie":0.0,"count":0,"distance":0.0,"speed":0.0},{"calorie":2.4600000381469727,"count":65,"distance":47.6200008392334,"speed":4.222822189331055},{"calorie":4.03999924659729,"count":107,"distance":79.01999378204346,"speed":4.246438503265381},{"calorie":1.0800000429153442,"count":30,"distance":22.880001068115234,"speed":4.9843926429748535},{"calorie":0.0,"count":0,"distance":0.0,"speed":0.0},{"calorie":0.0,"count":0,"distance":0.0,"speed":0.0},{"calorie":0.0,"count":0,"distance":0.0,"speed":0.0},{"calorie":2.5399996638298035,"count":71,"distance":52.279995918273926,"speed":4.418905258178711},{"calorie":0.0,"count":0,"distance":0.0,"speed":0.0},{"calorie":0.28999999165534973,"count":8,"distance":5.869999885559082,"speed":4.400000095367432},{"calorie":2.2799999713897705,"count":61,"distance":45.94999885559082,"speed":4.834914207458496},{"calorie":8.100000083446503,"count":213,"distance":157.9399995803833,"speed":4.3216471672058105},{"calorie":5.079999923706055,"count":138,"distance":104.07999801635742,"speed":4.857410907745361},{"calorie":3.2200000286102295,"count":84,"distance":63.00000190734863,"speed":4.618088722229004},{"calorie":0.0,"count":0,"distance":0.0,"speed":0.0},{"calorie":0.4000000059604645,"count":12,"distance":8.979999542236328,"speed":4.900000095367432},{"calorie":1.1399999856948853,"count":31,"distance":22.99000072479248,"speed":4.15365743637085},{"calorie":2.5299999993294477,"count":78,"distance":60.22000241279602,"speed":5.419901371002197},{"calorie":4.339999556541443,"count":114,"distance":84.95999813079834,"speed":4.597488880157471},{"calorie":0.0,"count":0,"distance":0.0,"speed":0.0},{"calorie":0.9700000584125519,"count":26,"distance":19.189997673034668,"speed":4.289607524871826},{"calorie":0.32999998331069946,"count":9,"distance":6.770000457763672,"speed":4.9424052238464355},{"calorie":0.0,"count":0,"distance":0.0,"speed":0.0},{"calorie":5.219999983906746,"count":142,"distance":104.55000114440918,"speed":4.1340556144714355},{"calorie":0.9000000953674316,"count":25,"distance":18.579998016357422,"speed":4.433520793914795},{"calorie":0.0,"count":0,"distance":0.0,"speed":0.0},{"calorie":0.25,"count":7,"distance":5.300000190734863,"speed":4.855192184448242},{"calorie":0.0,"count":0,"distance":0.0,"speed":0.0},{"calorie":0.0,"count":0,"distance":0.0,"speed":0.0},{"calorie":0.5399999618530273,"count":15,"distance":11.630001068115234,"speed":5.2532219886779785},{"calorie":0.0,"count":0,"distance":0.0,"speed":0.0},{"calorie":1.830000102519989,"count":49,"distance":36.77000045776367,"speed":4.603545665740967},{"calorie":0.28999999165534973,"count":8,"distance":5.960000038146973,"speed":4.459231853485107},{"calorie":0.20999999344348907,"count":6,"distance":4.590000152587891,"speed":5.5},{"calorie":1.3499999642372131,"count":37,"distance":27.609999656677246,"speed":4.6621270179748535},{"calorie":1.3199999630451202,"count":36,"distance":26.600000381469727,"speed":4.3633317947387695},{"calorie":0.0,"count":0,"distance":0.0,"speed":0.0},{"calorie":0.0,"count":0,"distance":0.0,"speed":0.0},{"calorie":0.0,"count":0,"distance":0.0,"speed":0.0},{"calorie":0.0,"count":0,"distance":0.0,"speed":0.0},{"calorie":0.0,"count":0,"distance":0.0,"speed":0.0},{"calorie":0.0,"count":0,"distance":0.0,"speed":0.0},{"calorie":0.0,"count":0,"distance":0.0,"speed":0.0},{"calorie":0.0,"count":0,"distance":0.0,"speed":0.0},{"calorie":1.2899999618530273,"count":36,"distance":27.420000076293945,"speed":4.729908466339111},{"calorie":0.0,"count":0,"distance":0.0,"speed":0.0},{"calorie":0.0,"count":0,"distance":0.0,"speed":0.0},{"calorie":0.0,"count":0,"distance":0.0,"speed":0.0},{"calorie":0.0,"count":0,"distance":0.0,"speed":0.0},{"calorie":1.1699999570846558,"count":32,"distance":23.809999465942383,"speed":4.299999713897705},{"calorie":2.780000001192093,"count":77,"distance":56.929999351501465,"speed":3.9910008907318115},{"calorie":1.699999988079071,"count":48,"distance":36.34000110626221,"speed":4.612998962402344},{"calorie":3.719999074935913,"count":106,"distance":79.8700008392334,"speed":4.6668171882629395},{"calorie":0.0,"count":0,"distance":0.0,"speed":0.0},{"calorie":0.0,"count":0,"distance":0.0,"speed":0.0},{"calorie":1.8300000429153442,"count":52,"distance":39.209999084472656,"speed":4.56558084487915},{"calorie":1.7899999618530273,"count":51,"distance":38.61000156402588,"speed":4.94258975982666},{"calorie":2.58000011742115,"count":72,"distance":54.28999900817871,"speed":4.740829944610596},{"calorie":2.0399999618530273,"count":55,"distance":41.43000030517578,"speed":4.811704158782959},{"calorie":2.549999952316284,"count":67,"distance":49.33000087738037,"speed":4.04798698425293},{"calorie":6.089999943971634,"count":159,"distance":119.26000213623047,"speed":4.100086212158203},{"calorie":0.880000114440918,"count":24,"distance":17.599998474121094,"speed":4.2744340896606445},{"calorie":0.0,"count":0,"distance":0.0,"speed":0.0},{"calorie":0.0,"count":0,"distance":0.0,"speed":0.0},{"calorie":0.0,"count":0,"distance":0.0,"speed":0.0},{"calorie":0.7900000214576721,"count":22,"distance":16.35999870300293,"speed":4.1567158699035645},{"calorie":0.0,"count":0,"distance":0.0,"speed":0.0},{"calorie":0.0,"count":0,"distance":0.0,"speed":0.0},{"calorie":0.25999999046325684,"count":7,"distance":4.909999847412109,"speed":3.1999998092651367},{"calorie":0.20999999344348907,"count":6,"distance":4.440000057220459,"speed":4.600000381469727},{"calorie":2.3700000047683716,"count":62,"distance":44.820000648498535,"speed":4.001702785491943},{"calorie":1.8499999940395355,"count":49,"distance":36.53999948501587,"speed":4.4219841957092285},{"calorie":5.289999604225159,"count":153,"distance":116.92000770568848,"speed":5.051827430725098},{"calorie":0.0,"count":0,"distance":0.0,"speed":0.0},{"calorie":0.0,"count":0,"distance":0.0,"speed":0.0},{"calorie":0.0,"count":0,"distance":0.0,"speed":0.0},{"calorie":0.0,"count":0,"distance":0.0,"speed":0.0},{"calorie":0.0,"count":0,"distance":0.0,"speed":0.0},{"calorie":0.0,"count":0,"distance":0.0,"speed":0.0},{"calorie":0.0,"count":0,"distance":0.0,"speed":0.0},{"calorie":0.0,"count":0,"distance":0.0,"speed":0.0},{"calorie":1.2599999904632568,"count":34,"distance":25.100000381469727,"speed":4.400000095367432},{"calorie":3.2600000202655792,"count":89,"distance":66.79000091552734,"speed":4.656723976135254},{"calorie":0.0,"count":0,"distance":0.0,"speed":0.0},{"calorie":0.0,"count":0,"distance":0.0,"speed":0.0},{"calorie":0.0,"count":0,"distance":0.0,"speed":0.0},{"calorie":0.0,"count":0,"distance":0.0,"speed":0.0},{"calorie":0.0,"count":0,"distance":0.0,"speed":0.0},{"calorie":0.0,"count":0,"distance":0.0,"speed":0.0},{"calorie":0.0,"count":0,"distance":0.0,"speed":0.0},{"calorie":0.0,"count":0,"distance":0.0,"speed":0.0},{"calorie":0.0,"count":0,"distance":0.0,"speed":0.0},{"calorie":0.0,"count":0,"distance":0.0,"speed":0.0},{"calorie":0.0,"count":0,"distance":0.0,"speed":0.0},{"calorie":0.0,"count":0,"distance":0.0,"speed":0.0}]