[{"calorie":0.0,"count":0,"distance":0.0,"speed":0.0},{"calorie":0.0,"count":0,"distance":0.0,"speed":0.0},{"calorie":0.0,"count":0,"distance":0.0,"speed":0.0},{"calorie":0.0,"count":0,"distance":0.0,"speed":0.0},{"calorie":0.0,"count":0,"distance":0.0,"speed":0.0},{"calorie":0.0,"count":0,"distance":0.0,"speed":0.0},{"calorie":0.0,"count":0,"distance":0.0,"speed":0.0},{"calorie":0.0,"count":0,"distance":0.0,"speed":0.0},{"calorie":0.0,"count":0,"distance":0.0,"speed":0.0},{"calorie":0.0,"count":0,"distance":0.0,"speed":0.0},{"calorie":0.0,"count":0,"distance":0.0,"speed":0.0},{"calorie":0.0,"count":0,"distance":0.0,"speed":0.0},{"calorie":0.0,"count":0,"distance":0.0,"speed":0.0},{"calorie":0.0,"count":0,"distance":0.0,"speed":0.0},{"calorie":0.0,"count":0,"distance":0.0,"speed":0.0},{"calorie":0.0,"count":0,"distance":0.0,"speed":0.0},{"calorie":0.0,"count":0,"distance":0.0,"speed":0.0},{"calorie":0.0,"count":0,"distance":0.0,"speed":0.0},{"calorie":0.0,"count":0,"distance":0.0,"speed":0.0},{"calorie":0.0,"count":0,"distance":0.0,"speed":0.0},{"calorie":0.0,"count":0,"distance":0.0,"speed":0.0},{"calorie":0.0,"count":0,"distance":0.0,"speed":0.0},{"calorie":0.0,"count":0,"distance":0.0,"speed":0.0},{"calorie":0.0,"count":0,"distance":0.0,"speed":0.0},{"calorie":0.0,"count":0,"distance":0.0,"speed":0.0},{"calorie":0.0,"count":0,"distance":0.0,"speed":0.0},{"calorie":0.0,"count":0,"distance":0.0,"speed":0.0},{"calorie":0.0,"count":0,"distance":0.0,"speed":0.0},{"calorie":0.0,"count":0,"distance":0.0,"speed":0.0},{"calorie":0.0,"count":0,"distance":0.0,"speed":0.0},{"calorie":0.0,"count":0,"distance":0.0,"speed":0.0},{"calorie":0.0,"count":0,"distance":0.0,"speed":0.0},{"calorie":0.0,"count":0,"distance":0.0,"speed":0.0},{"calorie":0.0,"count":0,"distance":0.0,"speed":0.0},{"calorie":0.0,"count":0,"distance":0.0,"speed":0.0},{"calorie":0.0,"count":0,"distance":0.0,"speed":0.0},{"calorie":0.0,"count":0,"distance":0.0,"speed":0.0},{"calorie":0.0,"count":0,"distance":0.0,"speed":0.0},{"calorie":0.0,"count":0,"distance":0.0,"speed":0.0},{"calorie":0.0,"count":0,"distance":0.0,"speed":0.0},{"calorie":0.0,"count":0,"distance":0.0,"speed":0.0},{"calorie":0.0,"count":0,"distance":0.0,"speed":0.0},{"calorie":0.0,"count":0,"distance":0.0,"speed":0.0},{"calorie":0.0,"count":0,"distance":0.0,"speed":0.0},{"calorie":0.0,"count":0,"distance":0.0,"speed":0.0},{"calorie":0.0,"count":0,"distance":0.0,"speed":0.0},{"calorie":0.0,"count":0,"distance":0.0,"speed":0.0},{"calorie":0.0,"count":0,"distance":0.0,"speed":0.0},{"calorie":7.8499994575977325,"count":274,"distance":183.60000038146973,"speed":3.6759514808654785},{"calorie":0.0,"count":0,"distance":0.0,"speed":0.0},{"calorie":1.279999852180481,"count":46,"distance":30.30000114440918,"speed":3.5708863735198975},{"calorie":2.639999806880951,"count":93,"distance":63.860002517700195,"speed":4.260147571563721},{"calorie":2.25,"count":81,"distance":54.27999973297119,"speed":3.734062671661377},{"calorie":6.879999898374081,"count":251,"distance":170.5800015926361,"speed":3.9427947998046875},{"calorie":7.019999951124191,"count":249,"distance":164.83999919891357,"speed":3.514042854309082},{"calorie":7.709999740123749,"count":269,"distance":181.06999492645264,"speed":3.8384618759155273},{"calorie":3.339999943971634,"count":117,"distance":79.60999965667725,"speed":4.175569534301758},{"calorie":0.0,"count":0,"distance":0.0,"speed":0.0},{"calorie":3.3400000035762787,"count":120,"distance":80.17999935150146,"speed":3.9068682193756104},{"calorie":6.759999569505453,"count":243,"distance":163.4299989938736,"speed":3.8380815982818604},{"calorie":3.0099999010562897,"count":109,"distance":72.39999675750732,"speed":3.4538323879241943},{"calorie":0.8100000023841858,"count":34,"distance":23.579999923706055,"speed":4.486362457275391},{"calorie":5.389999866485596,"count":191,"distance":129.2700023651123,"speed":3.991833448410034},{"calorie":6.1299998462200165,"count":221,"distance":150.61999893188477,"speed":4.158719539642334},{"calorie":5.809999942779541,"count":186,"distance":124.86999845504761,"speed":4.3114800453186035},{"calorie":5.019999697804451,"count":176,"distance":120.61000394821167,"speed":4.551991939544678},{"calorie":4.710000038146973,"count":165,"distance":110.43000030517578,"speed":3.8410964012145996},{"calorie":5.599999517202377,"count":200,"distance":137.57000017166138,"speed":4.28295373916626},{"calorie":2.1199998259544373,"count":77,"distance":52.70999813079834,"speed":4.37659215927124},{"calorie":4.729999244213104,"count":168,"distance":115.180006980896,"speed":4.217891693115234},{"calorie":2.859999895095825,"count":99,"distance":67.3500018119812,"speed":4.0847272872924805},{"calorie":1.449999988079071,"count":55,"distance":38.69999980926514,"speed":4.652710914611816},{"calorie":2.1799999475479126,"count":79,"distance":54.900001525878906,"speed":4.5843915939331055},{"calorie":0.5800000131130219,"count":22,"distance":14.570000171661377,"speed":3.601983070373535},{"calorie":4.059999942779541,"count":143,"distance":97.10999965667725,"speed":4.09662389755249},{"calorie":3.2499987185001373,"count":118,"distance":79.62999534606934,"speed":3.9814202785491943},{"calorie":7.019999861717224,"count":244,"distance":166.53999996185303,"speed":4.158960819244385},{"calorie":0.0,"count":0,"distance":0.0,"speed":0.0},{"calorie":0.0,"count":0,"distance":0.0,"speed":0.0},{"calorie":0.0,"count":0,"distance":0.0,"speed":0.0},{"calorie":4.259999841451645,"count":150,"distance":103.59999561309814,"speed":4.357898235321045},{"calorie":3.3499999940395355,"count":120,"distance":79.94999980926514,"speed":3.778700828552246},{"calorie":1.3800000175833702,"count":49,"distance":32.390000104904175,"speed":3.5840651988983154},{"calorie":1.5599999576807022,"count":57,"distance":39.57000017166138,"speed":4.196123123168945},{"calorie":0.7599999904632568,"count":27,"distance":18.260000228881836,"speed":4.247907638549805},{"calorie":2.339999943971634,"count":82,"distance":55.75999975204468,"speed":4.188024044036865},{"calorie":4.719999939203262,"count":165,"distance":114.8100016117096,"speed":4.68052864074707},{"calorie":5.6100000105798244,"count":201,"distance":138.630002617836,"speed":4.300167560577393},{"calorie":3.569999933242798,"count":119,"distance":82.8499984741211,"speed":4.325026512145996},{"calorie":0.0,"count":0,"distance":0.0,"speed":0.0},{"calorie":1.050000011920929,"count":38,"distance":25.550000190734863,"speed":4.073548793792725},{"calorie":0.2199999988079071,"count":8,"distance":5.320000171661377,"speed":3.799999952316284},{"calorie":0.0,"count":0,"distance":0.0,"speed":0.0},{"calorie":0.0,"count":0,"distance":0.0,"speed":0.0},{"calorie":0.0,"count":0,"distance":0.0,"speed":0.0},{"calorie":0.0,"count":0,"distance":0.0,"speed":0.0},{"calorie":0.0,"count":0,"distance":0.0,"speed":0.0},{"calorie":0.0,"count":0,"distance":0.0,"speed":0.0},{"calorie":0.0,"count":0,"distance":0.0,"speed":0.0},{"calorie":1.1399999856948853,"count":39,"distance":25.039999961853027,"speed":2.9531102180480957},{"calorie":0.0,"count":0,"distance":0.0,"speed":0.0},{"calorie":0.0,"count":0,"distance":0.0,"speed":0.0},{"calorie":0.0,"count":0,"distance":0.0,"speed":0.0},{"calorie":0.0,"count":0,"distance":0.0,"speed":0.0},{"calorie":0.0,"count":0,"distance":0.0,"speed":0.0},{"calorie":0.0,"count":0,"distance":0.0,"speed":0.0},{"calorie":0.0,"count":0,"distance":0.0,"speed":0.0},{"calorie":0.0,"count":0,"distance":0.0,"speed":0.0},{"calorie":0.0,"count":0,"distance":0.0,"speed":0.0},{"calorie":0.0,"count":0,"distance":0.0,"speed":0.0},{"calorie":0.0,"count":0,"distance":0.0,"speed":0.0},{"calorie":4.000000059604645,"count":142,"distance":97.00000095367432,"speed":4.210884094238281},{"calorie":0.0,"count":0,"distance":0.0,"speed":0.0},{"calorie":2.2199999690055847,"count":79,"distance":53.41999912261963,"speed":3.9000003337860107},{"calorie":0.0,"count":0,"distance":0.0,"speed":0.0},{"calorie":0.0,"count":0,"distance":0.0,"speed":0.0},{"calorie":0.0,"count":0,"distance":0.0,"speed":0.0},{"calorie":0.39000001549720764,"count":15,"distance":10.140000343322754,"speed":4.1891584396362305},{"calorie":0.0,"count":0,"distance":0.0,"speed":0.0},{"calorie":0.0,"count":0,"distance":0.0,"speed":0.0},{"calorie":0.0,"count":0,"distance":0.0,"speed":0.0},{"calorie":0.0,"count":0,"distance":0.0,"speed":0.0},{"calorie":0.0,"count":0,"distance":0.0,"speed":0.0},{"calorie":0.0,"count":0,"distance":0.0,"speed":0.0},{"calorie":1.3099999725818634,"count":48,"distance":33.77999973297119,"speed":4.664339542388916},{"calorie":0.0,"count":0,"distance":0.0,"speed":0.0},{"calorie":1.9399992227554321,"count":68,"distance":46.71000671386719,"speed":4.396811485290527},{"calorie":2.1399996280670166,"count":74,"distance":49.96000289916992,"speed":3.9881417751312256},{"calorie":0.0,"count":0,"distance":0.0,"speed":0.0},{"calorie":0.0,"count":0,"distance":0.0,"speed":0.0},{"calorie":1.6200000047683716,"count":57,"distance":38.71000099182129,"speed":4.007483005523682},{"calorie":2.800000011920929,"count":100,"distance":69.10000228881836,"speed":4.36414098739624},{"calorie":0.0,"count":0,"distance":0.0,"speed":0.0},{"calorie":0.0,"count":0,"distance":0.0,"speed":0.0},{"calorie":0.0,"count":0,"distance":0.0,"speed":0.0},{"calorie":0.0,"count":0,"distance":0.0,"speed":0.0},{"calorie":0.0,"count":0,"distance":0.0,"speed":0.0},{"calorie":0.0,"count":0,"distance":0.0,"speed":0.0},{"calorie":0.0,"count":0,"distance":0.0,"speed":0.0},{"calorie":0.0,"count":0,"distance":0.0,"speed":0.0},{"calorie":0.0,"count":0,"distance":0.0,"speed":0.0},{"calorie":0.0,"count":0,"distance":0.0,"speed":0.0},{"calorie":0.0,"count":0,"distance":0.0,"speed":0.0},{"calorie":0.0,"count":0,"distance":0.0,"speed":0.0}]