[{"calorie":0.0,"count":0,"distance":0.0,"speed":0.0},{"calorie":0.0,"count":0,"distance":0.0,"speed":0.0},{"calorie":0.0,"count":0,"distance":0.0,"speed":0.0},{"calorie":0.0,"count":0,"distance":0.0,"speed":0.0},{"calorie":0.0,"count":0,"distance":0.0,"speed":0.0},{"calorie":0.0,"count":0,"distance":0.0,"speed":0.0},{"calorie":0.0,"count":0,"distance":0.0,"speed":0.0},{"calorie":0.0,"count":0,"distance":0.0,"speed":0.0},{"calorie":0.0,"count":0,"distance":0.0,"speed":0.0},{"calorie":0.0,"count":0,"distance":0.0,"speed":0.0},{"calorie":0.0,"count":0,"distance":0.0,"speed":0.0},{"calorie":0.0,"count":0,"distance":0.0,"speed":0.0},{"calorie":0.0,"count":0,"distance":0.0,"speed":0.0},{"calorie":0.0,"count":0,"distance":0.0,"speed":0.0},{"calorie":0.0,"count":0,"distance":0.0,"speed":0.0},{"calorie":0.0,"count":0,"distance":0.0,"speed":0.0},{"calorie":0.0,"count":0,"distance":0.0,"speed":0.0},{"calorie":0.0,"count":0,"distance":0.0,"speed":0.0},{"calorie":0.0,"count":0,"distance":0.0,"speed":0.0},{"calorie":0.0,"count":0,"distance":0.0,"speed":0.0},{"calorie":0.0,"count":0,"distance":0.0,"speed":0.0},{"calorie":0.0,"count":0,"distance":0.0,"speed":0.0},{"calorie":0.0,"count":0,"distance":0.0,"speed":0.0},{"calorie":0.0,"count":0,"distance":0.0,"speed":0.0},{"calorie":0.0,"count":0,"distance":0.0,"speed":0.0},{"calorie":0.0,"count":0,"distance":0.0,"speed":0.0},{"calorie":0.0,"count":0,"distance":0.0,"speed":0.0},{"calorie":0.0,"count":0,"distance":0.0,"speed":0.0},{"calorie":0.0,"count":0,"distance":0.0,"speed":0.0},{"calorie":0.0,"count":0,"distance":0.0,"speed":0.0},{"calorie":0.0,"count":0,"distance":0.0,"speed":0.0},{"calorie":0.0,"count":0,"distance":0.0,"speed":0.0},{"calorie":0.0,"count":0,"distance":0.0,"speed":0.0},{"calorie":0.0,"count":0,"distance":0.0,"speed":0.0},{"calorie":0.0,"count":0,"distance":0.0,"speed":0.0},{"calorie":0.0,"count":0,"distance":0.0,"speed":0.0},{"calorie":0.0,"count":0,"distance":0.0,"speed":0.0},{"calorie":0.9799999892711639,"count":17,"distance":12.260000228881836,"speed":4.664599895477295},{"calorie":0.0,"count":0,"distance":0.0,"speed":0.0},{"calorie":0.0,"count":0,"distance":0.0,"speed":0.0},{"calorie":0.0,"count":0,"distance":0.0,"speed":0.0},{"calorie":3.079999804496765,"count":52,"distance":36.3199987411499,"speed":3.8023834228515625},{"calorie":6.459999918937683,"count":74,"distance":47.69999980926514,"speed":4.070615291595459},{"calorie":4.059999704360962,"count":69,"distance":49.8700008392334,"speed":4.8315958976745605},{"calorie":12.129997730255127,"count":205,"distance":145.78997993469238,"speed":4.322026252746582},{"calorie":6.939994931221008,"count":116,"distance":82.34001445770264,"speed":4.442857265472412},{"calorie":3.21999990940094,"count":55,"distance":39.160000801086426,"speed":4.430568218231201},{"calorie":1.3399999737739563,"count":23,"distance":16.5,"speed":4.446412563323975},{"calorie":6.929996967315674,"count":115,"distance":79.86999893188477,"speed":4.184149742126465},{"calorie":3.47999906539917,"count":59,"distance":41.670010566711426,"speed":4.238609313964844},{"calorie":0.0,"count":0,"distance":0.0,"speed":0.0},{"calorie":0.0,"count":0,"distance":0.0,"speed":0.0},{"calorie":0.0,"count":0,"distance":0.0,"speed":0.0},{"calorie":0.3400000035762787,"count":6,"distance":4.420000076293945,"speed":4.5},{"calorie":0.0,"count":0,"distance":0.0,"speed":0.0},{"calorie":0.0,"count":0,"distance":0.0,"speed":0.0},{"calorie":3.7299998104572296,"count":63,"distance":44.420000076293945,"speed":4.121248245239258},{"calorie":0.0,"count":0,"distance":0.0,"speed":0.0},{"calorie":0.0,"count":0,"distance":0.0,"speed":0.0},{"calorie":11.63999855518341,"count":196,"distance":137.94000053405762,"speed":4.093771934509277},{"calorie":4.989999860525131,"count":84,"distance":59.37999963760376,"speed":4.266307353973389},{"calorie":0.42000001668930054,"count":7,"distance":4.769999980926514,"speed":3.3999998569488525},{"calorie":0.0,"count":0,"distance":0.0,"speed":0.0},{"calorie":0.0,"count":0,"distance":0.0,"speed":0.0},{"calorie":0.0,"count":0,"distance":0.0,"speed":0.0},{"calorie":2.259999990463257,"count":38,"distance":25.929999828338623,"speed":3.6402127742767334},{"calorie":0.0,"count":0,"distance":0.0,"speed":0.0},{"calorie":27.059998512268066,"count":455,"distance":327.73000717163086,"speed":4.846670627593994},{"calorie":4.789999485015869,"count":81,"distance":57.50000190734863,"speed":4.34702730178833},{"calorie":0.0,"count":0,"distance":0.0,"speed":0.0},{"calorie":0.0,"count":0,"distance":0.0,"speed":0.0},{"calorie":0.0,"count":0,"distance":0.0,"speed":0.0},{"calorie":0.0,"count":0,"distance":0.0,"speed":0.0},{"calorie":0.0,"count":0,"distance":0.0,"speed":0.0},{"calorie":7.4199981689453125,"count":126,"distance":88.62998008728027,"speed":4.2207512855529785},{"calorie":3.319999933242798,"count":56,"distance":39.75,"speed":4.199999809265137},{"calorie":2.8500000536441803,"count":48,"distance":34.260000228881836,"speed":4.37967586517334},{"calorie":8.0,"count":135,"distance":95.36000156402588,"speed":4.303269863128662},{"calorie":0.8799999952316284,"count":15,"distance":10.479999542236328,"speed":3.9000003337860107},{"calorie":0.0,"count":0,"distance":0.0,"speed":0.0},{"calorie":0.0,"count":0,"distance":0.0,"speed":0.0},{"calorie":0.0,"count":0,"distance":0.0,"speed":0.0},{"calorie":0.0,"count":0,"distance":0.0,"speed":0.0},{"calorie":3.049999475479126,"count":52,"distance":37.56999969482422,"speed":4.425605297088623},{"calorie":0.0,"count":0,"distance":0.0,"speed":0.0},{"calorie":0.0,"count":0,"distance":0.0,"speed":0.0},{"calorie":0.0,"count":0,"distance":0.0,"speed":0.0},{"calorie":0.0,"count":0,"distance":0.0,"speed":0.0},{"calorie":0.0,"count":0,"distance":0.0,"speed":0.0},{"calorie":0.0,"count":0,"distance":0.0,"speed":0.0},{"calorie":0.0,"count":0,"distance":0.0,"speed":0.0},{"calorie":0.0,"count":0,"distance":0.0,"speed":0.0},{"calorie":0.0,"count":0,"distance":0.0,"speed":0.0},{"calorie":5.009999752044678,"count":85,"distance":60.01000118255615,"speed":4.3109846115112305},{"calorie":3.9799994751811028,"count":67,"distance":47.04000174999237,"speed":4.14862585067749},{"calorie":0.7699999809265137,"count":13,"distance":9.100000381469727,"speed":4.099999904632568},{"calorie":2.5599995851516724,"count":43,"distance":30.01999855041504,"speed":3.9452321529388428},{"calorie":1.530000001192093,"count":26,"distance":18.28000020980835,"speed":4.1846771240234375},{"calorie":2.7899999022483826,"count":47,"distance":33.36000108718872,"speed":4.360966205596924},{"calorie":0.0,"count":0,"distance":0.0,"speed":0.0},{"calorie":0.0,"count":0,"distance":0.0,"speed":0.0},{"calorie":0.0,"count":0,"distance":0.0,"speed":0.0},{"calorie":0.3700000047683716,"count":6,"distance":4.010000228881836,"speed":3.200000286102295},{"calorie":0.0,"count":0,"distance":0.0,"speed":0.0},{"calorie":0.0,"count":0,"distance":0.0,"speed":0.0},{"calorie":0.0,"count":0,"distance":0.0,"speed":0.0},{"calorie":3.9000000059604645,"count":66,"distance":46.27000093460083,"speed":3.9782989025115967},{"calorie":0.0,"count":0,"distance":0.0,"speed":0.0},{"calorie":0.0,"count":0,"distance":0.0,"speed":0.0},{"calorie":0.0,"count":0,"distance":0.0,"speed":0.0},{"calorie":0.0,"count":0,"distance":0.0,"speed":0.0},{"calorie":0.0,"count":0,"distance":0.0,"speed":0.0},{"calorie":0.0,"count":0,"distance":0.0,"speed":0.0},{"calorie":0.0,"count":0,"distance":0.0,"speed":0.0},{"calorie":9.890000343322754,"count":166,"distance":118.26000213623047,"speed":4.360962867736816},{"calorie":1.8600000143051147,"count":32,"distance":22.850000381469727,"speed":4.667681694030762},{"calorie":0.0,"count":0,"distance":0.0,"speed":0.0},{"calorie":3.4600000381469727,"count":58,"distance":40.0,"speed":3.7532997131347656},{"calorie":5.149999380111694,"count":77,"distance":57.170002937316895,"speed":4.318535327911377},{"calorie":0.0,"count":0,"distance":0.0,"speed":0.0},{"calorie":0.0,"count":0,"distance":0.0,"speed":0.0},{"calorie":0.0,"count":0,"distance":0.0,"speed":0.0},{"calorie":0.0,"count":0,"distance":0.0,"speed":0.0},{"calorie":0.0,"count":0,"distance":0.0,"speed":0.0},{"calorie":0.0,"count":0,"distance":0.0,"speed":0.0},{"calorie":0.0,"count":0,"distance":0.0,"speed":0.0},{"calorie":0.0,"count":0,"distance":0.0,"speed":0.0},{"calorie":0.0,"count":0,"distance":0.0,"speed":0.0},{"calorie":0.0,"count":0,"distance":0.0,"speed":0.0},{"calorie":0.0,"count":0,"distance":0.0,"speed":0.0},{"calorie":0.0,"count":0,"distance":0.0,"speed":0.0},{"calorie":0.0,"count":0,"distance":0.0,"speed":0.0},{"calorie":0.0,"count":0,"distance":0.0,"speed":0.0},{"calorie":0.0,"count":0,"distance":0.0,"speed":0.0},{"calorie":0.0,"count":0,"distance":0.0,"speed":0.0},{"calorie":0.0,"count":0,"distance":0.0,"speed":0.0},{"calorie":0.0,"count":0,"distance":0.0,"speed":0.0},{"calorie":0.0,"count":0,"distance":0.0,"speed":0.0},{"calorie":0.0,"count":0,"distance":0.0,"speed":0.0},{"calorie":0.0,"count":0,"distance":0.0,"speed":0.0},{"calorie":0.0,"count":0,"distance":0.0,"speed":0.0},{"calorie":0.0,"count":0,"distance":0.0,"speed":0.0},{"calorie":0.0,"count":0,"distance":0.0,"speed":0.0},{"calorie":0.0,"count":0,"distance":0.0,"speed":0.0}]