[{"calorie":0.0,"count":0,"distance":0.0,"speed":0.0},{"calorie":0.0,"count":0,"distance":0.0,"speed":0.0},{"calorie":0.0,"count":0,"distance":0.0,"speed":0.0},{"calorie":0.0,"count":0,"distance":0.0,"speed":0.0},{"calorie":0.0,"count":0,"distance":0.0,"speed":0.0},{"calorie":0.0,"count":0,"distance":0.0,"speed":0.0},{"calorie":0.0,"count":0,"distance":0.0,"speed":0.0},{"calorie":0.0,"count":0,"distance":0.0,"speed":0.0},{"calorie":0.0,"count":0,"distance":0.0,"speed":0.0},{"calorie":0.0,"count":0,"distance":0.0,"speed":0.0},{"calorie":0.0,"count":0,"distance":0.0,"speed":0.0},{"calorie":0.0,"count":0,"distance":0.0,"speed":0.0},{"calorie":0.0,"count":0,"distance":0.0,"speed":0.0},{"calorie":0.0,"count":0,"distance":0.0,"speed":0.0},{"calorie":0.0,"count":0,"distance":0.0,"speed":0.0},{"calorie":0.0,"count":0,"distance":0.0,"speed":0.0},{"calorie":0.0,"count":0,"distance":0.0,"speed":0.0},{"calorie":0.0,"count":0,"distance":0.0,"speed":0.0},{"calorie":0.0,"count":0,"distance":0.0,"speed":0.0},{"calorie":0.0,"count":0,"distance":0.0,"speed":0.0},{"calorie":0.0,"count":0,"distance":0.0,"speed":0.0},{"calorie":0.0,"count":0,"distance":0.0,"speed":0.0},{"calorie":0.0,"count":0,"distance":0.0,"speed":0.0},{"calorie":0.0,"count":0,"distance":0.0,"speed":0.0},{"calorie":0.0,"count":0,"distance":0.0,"speed":0.0},{"calorie":0.0,"count":0,"distance":0.0,"speed":0.0},{"calorie":0.0,"count":0,"distance":0.0,"speed":0.0},{"calorie":0.0,"count":0,"distance":0.0,"speed":0.0},{"calorie":0.0,"count":0,"distance":0.0,"speed":0.0},{"calorie":0.0,"count":0,"distance":0.0,"speed":0.0},{"calorie":0.0,"count":0,"distance":0.0,"speed":0.0},{"calorie":0.0,"count":0,"distance":0.0,"speed":0.0},{"calorie":0.0,"count":0,"distance":0.0,"speed":0.0},{"calorie":0.0,"count":0,"distance":0.0,"speed":0.0},{"calorie":0.0,"count":0,"distance":0.0,"speed":0.0},{"calorie":0.0,"count":0,"distance":0.0,"speed":0.0},{"calorie":0.0,"count":0,"distance":0.0,"speed":0.0},{"calorie":0.0,"count":0,"distance":0.0,"speed":0.0},{"calorie":5.7099997997283936,"count":112,"distance":78.41999816894531,"speed":3.9921488761901855},{"calorie":0.0,"count":0,"distance":0.0,"speed":0.0},{"calorie":0.0,"count":0,"distance":0.0,"speed":0.0},{"calorie":9.699999928474426,"count":159,"distance":104.53999900817871,"speed":3.871833324432373},{"calorie":2.719999983906746,"count":55,"distance":33.46999967098236,"speed":4.743274688720703},{"calorie":0.0,"count":0,"distance":0.0,"speed":0.0},{"calorie":0.0,"count":0,"distance":0.0,"speed":0.0},{"calorie":0.0,"count":0,"distance":0.0,"speed":0.0},{"calorie":0.0,"count":0,"distance":0.0,"speed":0.0},{"calorie":0.0,"count":0,"distance":0.0,"speed":0.0},{"calorie":0.0,"count":0,"distance":0.0,"speed":0.0},{"calorie":0.0,"count":0,"distance":0.0,"speed":0.0},{"calorie":0.0,"count":0,"distance":0.0,"speed":0.0},{"calorie":0.0,"count":0,"distance":0.0,"speed":0.0},{"calorie":0.0,"count":0,"distance":0.0,"speed":0.0},{"calorie":0.0,"count":0,"distance":0.0,"speed":0.0},{"calorie":0.0,"count":0,"distance":0.0,"speed":0.0},{"calorie":0.0,"count":0,"distance":0.0,"speed":0.0},{"calorie":2.7900002002716064,"count":42,"distance":23.91000747680664,"speed":3.7099645137786865},{"calorie":1.8899999856948853,"count":37,"distance":26.12999963760376,"speed":4.242524147033691},{"calorie":3.839999794960022,"count":77,"distance":49.489999771118164,"speed":4.598545551300049},{"calorie":0.0,"count":0,"distance":0.0,"speed":0.0},{"calorie":0.0,"count":0,"distance":0.0,"speed":0.0},{"calorie":0.0,"count":0,"distance":0.0,"speed":0.0},{"calorie":0.0,"count":0,"distance":0.0,"speed":0.0},{"calorie":0.0,"count":0,"distance":0.0,"speed":0.0},{"calorie":0.0,"count":0,"distance":0.0,"speed":0.0},{"calorie":0.0,"count":0,"distance":0.0,"speed":0.0},{"calorie":5.8399999141693115,"count":114,"distance":79.98000288009644,"speed":4.075681686401367},{"calorie":16.269999742507935,"count":318,"distance":226.96998977661133,"speed":4.329667568206787},{"calorie":1.100000023841858,"count":22,"distance":15.9399995803833,"speed":4.727060317993164},{"calorie":1.8499999046325684,"count":36,"distance":24.839996337890625,"speed":3.634202480316162},{"calorie":0.8500000238418579,"count":16,"distance":10.979999542236328,"speed":3.4000000953674316},{"calorie":6.19999897480011,"count":123,"distance":87.15000343322754,"speed":4.305537700653076},{"calorie":22.359999299049377,"count":446,"distance":321.9700164794922,"speed":4.639730453491211},{"calorie":0.0,"count":0,"distance":0.0,"speed":0.0},{"calorie":0.0,"count":0,"distance":0.0,"speed":0.0},{"calorie":0.0,"count":0,"distance":0.0,"speed":0.0},{"calorie":0.0,"count":0,"distance":0.0,"speed":0.0},{"calorie":0.0,"count":0,"distance":0.0,"speed":0.0},{"calorie":0.0,"count":0,"distance":0.0,"speed":0.0},{"calorie":2.2399999499320984,"count":44,"distance":31.40999984741211,"speed":4.304330825805664},{"calorie":0.0,"count":0,"distance":0.0,"speed":0.0},{"calorie":0.0,"count":0,"distance":0.0,"speed":0.0},{"calorie":0.0,"count":0,"distance":0.0,"speed":0.0},{"calorie":2.2700000405311584,"count":35,"distance":23.820000648498535,"speed":5.062716007232666},{"calorie":2.699999988079071,"count":52,"distance":35.920000076293945,"speed":3.6660616397857666},{"calorie":4.799999952316284,"count":95,"distance":68.57000160217285,"speed":4.669769287109375},{"calorie":3.549999952316284,"count":70,"distance":44.930001974105835,"speed":4.428722858428955},{"calorie":0.0,"count":0,"distance":0.0,"speed":0.0},{"calorie":0.0,"count":0,"distance":0.0,"speed":0.0},{"calorie":0.0,"count":0,"distance":0.0,"speed":0.0},{"calorie":0.0,"count":0,"distance":0.0,"speed":0.0},{"calorie":0.0,"count":0,"distance":0.0,"speed":0.0},{"calorie":0.0,"count":0,"distance":0.0,"speed":0.0},{"calorie":3.0900000110268593,"count":61,"distance":42.54000151157379,"speed":3.862795352935791},{"calorie":0.9900000989437103,"count":19,"distance":13.450000762939453,"speed":4.150271892547607},{"calorie":7.420000046491623,"count":146,"distance":100.21000242233276,"speed":3.92529559135437},{"calorie":0.0,"count":0,"distance":0.0,"speed":0.0},{"calorie":2.6200000047683716,"count":51,"distance":36.19999980926514,"speed":4.157788276672363},{"calorie":5.139999687671661,"count":94,"distance":63.56000232696533,"speed":3.4826841354370117},{"calorie":2.859999805688858,"count":56,"distance":37.17999839782715,"speed":3.9369401931762695},{"calorie":0.0,"count":0,"distance":0.0,"speed":0.0},{"calorie":7.670000195503235,"count":124,"distance":83.55999946594238,"speed":4.334554195404053},{"calorie":14.889998152852058,"count":297,"distance":211.66004371643066,"speed":4.605495929718018},{"calorie":11.799998253583908,"count":236,"distance":169.6500096321106,"speed":4.6163740158081055},{"calorie":1.3600000739097595,"count":27,"distance":18.34000062942505,"speed":3.366410732269287},{"calorie":2.1499998569488525,"count":44,"distance":30.47999668121338,"speed":3.5915327072143555},{"calorie":4.809999942779541,"count":93,"distance":64.71999931335449,"speed":3.9198195934295654},{"calorie":0.0,"count":0,"distance":0.0,"speed":0.0},{"calorie":0.0,"count":0,"distance":0.0,"speed":0.0},{"calorie":2.359999179840088,"count":46,"distance":31.86000633239746,"speed":3.889432430267334},{"calorie":0.0,"count":0,"distance":0.0,"speed":0.0},{"calorie":1.3300000429153442,"count":26,"distance":18.100000381469727,"speed":3.882246494293213},{"calorie":0.0,"count":0,"distance":0.0,"speed":0.0},{"calorie":0.0,"count":0,"distance":0.0,"speed":0.0},{"calorie":0.0,"count":0,"distance":0.0,"speed":0.0},{"calorie":0.0,"count":0,"distance":0.0,"speed":0.0},{"calorie":0.0,"count":0,"distance":0.0,"speed":0.0},{"calorie":0.0,"count":0,"distance":0.0,"speed":0.0},{"calorie":1.149999976158142,"count":23,"distance":16.369998931884766,"speed":4.068809986114502},{"calorie":1.2000000178813934,"count":23,"distance":15.929999828338623,"speed":4.145139217376709},{"calorie":0.0,"count":0,"distance":0.0,"speed":0.0},{"calorie":11.410000324249268,"count":226,"distance":159.89999771118164,"speed":4.195736408233643},{"calorie":38.06999957561493,"count":759,"distance":538.569995880127,"speed":4.289736747741699},{"calorie":38.68999934196472,"count":773,"distance":546.8400039672852,"speed":4.197768211364746},{"calorie":49.47999954223633,"count":988,"distance":704.7100105285645,"speed":4.391891956329346},{"calorie":35.209999561309814,"count":702,"distance":498.96000480651855,"speed":4.317680835723877},{"calorie":44.049999952316284,"count":880,"distance":626.1300005912781,"speed":4.339639186859131},{"calorie":36.15999981760979,"count":722,"distance":514.4100017547607,"speed":4.382079124450684},{"calorie":50.37999677658081,"count":1007,"distance":723.1199913024902,"speed":4.523581027984619},{"calorie":52.910003662109375,"count":1058,"distance":764.0599975585938,"speed":4.661766052246094},{"calorie":51.96999979019165,"count":1039,"distance":747.3000106811523,"speed":4.567683219909668},{"calorie":50.65999984741211,"count":1012,"distance":726.0900039672852,"speed":4.5286030769348145},{"calorie":8.67000013589859,"count":172,"distance":123.20999717712402,"speed":4.475503921508789},{"calorie":2.829999566078186,"count":56,"distance":39.399993896484375,"speed":4.068349838256836},{"calorie":0.46000000834465027,"count":9,"distance":6.539999961853027,"speed":5.376601219177246},{"calorie":0.0,"count":0,"distance":0.0,"speed":0.0},{"calorie":2.34999942779541,"count":47,"distance":33.2400016784668,"speed":4.352106094360352},{"calorie":0.0,"count":0,"distance":0.0,"speed":0.0},{"calorie":0.0,"count":0,"distance":0.0,"speed":0.0},{"calorie":0.0,"count":0,"distance":0.0,"speed":0.0},{"calorie":0.0,"count":0,"distance":0.0,"speed":0.0},{"calorie":0.0,"count":0,"distance":0.0,"speed":0.0},{"calorie":0.0,"count":0,"distance":0.0,"speed":0.0},{"calorie":0.0,"count":0,"distance":0.0,"speed":0.0}]