[{"calorie":0.0,"count":0,"distance":0.0,"speed":0.0},{"calorie":0.0,"count":0,"distance":0.0,"speed":0.0},{"calorie":0.0,"count":0,"distance":0.0,"speed":0.0},{"calorie":0.0,"count":0,"distance":0.0,"speed":0.0},{"calorie":0.0,"count":0,"distance":0.0,"speed":0.0},{"calorie":0.0,"count":0,"distance":0.0,"speed":0.0},{"calorie":0.0,"count":0,"distance":0.0,"speed":0.0},{"calorie":0.0,"count":0,"distance":0.0,"speed":0.0},{"calorie":0.0,"count":0,"distance":0.0,"speed":0.0},{"calorie":0.0,"count":0,"distance":0.0,"speed":0.0},{"calorie":0.0,"count":0,"distance":0.0,"speed":0.0},{"calorie":0.0,"count":0,"distance":0.0,"speed":0.0},{"calorie":0.0,"count":0,"distance":0.0,"speed":0.0},{"calorie":0.0,"count":0,"distance":0.0,"speed":0.0},{"calorie":0.0,"count":0,"distance":0.0,"speed":0.0},{"calorie":0.0,"count":0,"distance":0.0,"speed":0.0},{"calorie":0.0,"count":0,"distance":0.0,"speed":0.0},{"calorie":0.0,"count":0,"distance":0.0,"speed":0.0},{"calorie":0.0,"count":0,"distance":0.0,"speed":0.0},{"calorie":0.0,"count":0,"distance":0.0,"speed":0.0},{"calorie":0.0,"count":0,"distance":0.0,"speed":0.0},{"calorie":0.0,"count":0,"distance":0.0,"speed":0.0},{"calorie":0.0,"count":0,"distance":0.0,"speed":0.0},{"calorie":0.0,"count":0,"distance":0.0,"speed":0.0},{"calorie":0.0,"count":0,"distance":0.0,"speed":0.0},{"calorie":0.0,"count":0,"distance":0.0,"speed":0.0},{"calorie":0.0,"count":0,"distance":0.0,"speed":0.0},{"calorie":0.0,"count":0,"distance":0.0,"speed":0.0},{"calorie":0.0,"count":0,"distance":0.0,"speed":0.0},{"calorie":0.0,"count":0,"distance":0.0,"speed":0.0},{"calorie":0.0,"count":0,"distance":0.0,"speed":0.0},{"calorie":0.0,"count":0,"distance":0.0,"speed":0.0},{"calorie":0.0,"count":0,"distance":0.0,"speed":0.0},{"calorie":0.0,"count":0,"distance":0.0,"speed":0.0},{"calorie":0.0,"count":0,"distance":0.0,"speed":0.0},{"calorie":0.0,"count":0,"distance":0.0,"speed":0.0},{"calorie":0.0,"count":0,"distance":0.0,"speed":0.0},{"calorie":0.0,"count":0,"distance":0.0,"speed":0.0},{"calorie":0.29999998211860657,"count":8,"distance":5.760000228881836,"speed":4.187057018280029},{"calorie":1.0099999904632568,"count":29,"distance":22.21000099182129,"speed":5.213192462921143},{"calorie":36.30999255180359,"count":973,"distance":736.1599655151367,"speed":4.8453826904296875},{"calorie":38.38998603820801,"count":1040,"distance":789.819953918457,"speed":4.926163673400879},{"calorie":36.99999165534973,"count":1104,"distance":842.7899322509766,"speed":5.172330379486084},{"calorie":36.28998851776123,"count":1110,"distance":853.6796951293945,"speed":5.253940105438232},{"calorie":39.049986600875854,"count":1035,"distance":786.9798240661621,"speed":4.954405307769775},{"calorie":19.409996658563614,"count":525,"distance":396.3000497817993,"speed":4.8430986404418945},{"calorie":32.89999747276306,"count":924,"distance":698.8499641418457,"speed":4.869700908660889},{"calorie":20.289997428655624,"count":575,"distance":434.4699363708496,"speed":4.780884265899658},{"calorie":0.9900000095367432,"count":27,"distance":19.43000030517578,"speed":3.772113561630249},{"calorie":0.25,"count":7,"distance":5.140000343322754,"speed":4.114102363586426},{"calorie":1.3000000715255737,"count":35,"distance":25.559999465942383,"speed":4.235795974731445},{"calorie":1.3700000196695328,"count":37,"distance":27.8100004196167,"speed":4.578714847564697},{"calorie":0.4399999976158142,"count":11,"distance":8.1899995803833,"speed":4.400000095367432},{"calorie":0.9099999070167542,"count":25,"distance":19.170000076293945,"speed":4.9938578605651855},{"calorie":0.0,"count":0,"distance":0.0,"speed":0.0},{"calorie":0.3100000023841858,"count":9,"distance":6.949999809265137,"speed":5.1061110496521},{"calorie":0.0,"count":0,"distance":0.0,"speed":0.0},{"calorie":0.0,"count":0,"distance":0.0,"speed":0.0},{"calorie":0.0,"count":0,"distance":0.0,"speed":0.0},{"calorie":0.0,"count":0,"distance":0.0,"speed":0.0},{"calorie":0.25999999046325684,"count":7,"distance":4.949999809265137,"speed":3.4000000953674316},{"calorie":1.9199999421834946,"count":53,"distance":39.77999687194824,"speed":4.718387126922607},{"calorie":0.0,"count":0,"distance":0.0,"speed":0.0},{"calorie":0.0,"count":0,"distance":0.0,"speed":0.0},{"calorie":0.37999996542930603,"count":10,"distance":7.0099992752075195,"speed":3.1999998092651367},{"calorie":0.0,"count":0,"distance":0.0,"speed":0.0},{"calorie":0.0,"count":0,"distance":0.0,"speed":0.0},{"calorie":0.0,"count":0,"distance":0.0,"speed":0.0},{"calorie":0.0,"count":0,"distance":0.0,"speed":0.0},{"calorie":0.0,"count":0,"distance":0.0,"speed":0.0},{"calorie":0.0,"count":0,"distance":0.0,"speed":0.0},{"calorie":0.0,"count":0,"distance":0.0,"speed":0.0},{"calorie":0.0,"count":0,"distance":0.0,"speed":0.0},{"calorie":0.0,"count":0,"distance":0.0,"speed":0.0},{"calorie":0.0,"count":0,"distance":0.0,"speed":0.0},{"calorie":0.0,"count":0,"distance":0.0,"speed":0.0},{"calorie":0.0,"count":0,"distance":0.0,"speed":0.0},{"calorie":0.7699999809265137,"count":22,"distance":16.829999923706055,"speed":4.61636209487915},{"calorie":0.0,"count":0,"distance":0.0,"speed":0.0},{"calorie":0.0,"count":0,"distance":0.0,"speed":0.0},{"calorie":0.0,"count":0,"distance":0.0,"speed":0.0},{"calorie":0.4300000071525574,"count":13,"distance":10.25,"speed":5.7842793464660645},{"calorie":0.3699999749660492,"count":10,"distance":7.37999963760376,"speed":4.258243083953857},{"calorie":0.0,"count":0,"distance":0.0,"speed":0.0},{"calorie":0.0,"count":0,"distance":0.0,"speed":0.0},{"calorie":0.6099999845027924,"count":18,"distance":14.030000686645508,"speed":5.65207052230835},{"calorie":0.0,"count":0,"distance":0.0,"speed":0.0},{"calorie":0.6899999976158142,"count":19,"distance":13.880000114440918,"speed":4.5},{"calorie":0.0,"count":0,"distance":0.0,"speed":0.0},{"calorie":0.0,"count":0,"distance":0.0,"speed":0.0},{"calorie":0.0,"count":0,"distance":0.0,"speed":0.0},{"calorie":0.0,"count":0,"distance":0.0,"speed":0.0},{"calorie":1.4200001955032349,"count":37,"distance":27.65999984741211,"speed":4.74948787689209},{"calorie":0.23999999463558197,"count":7,"distance":5.600000381469727,"speed":6.300000190734863},{"calorie":0.32999998331069946,"count":9,"distance":6.679999351501465,"speed":4.454616546630859},{"calorie":0.0,"count":0,"distance":0.0,"speed":0.0},{"calorie":0.0,"count":0,"distance":0.0,"speed":0.0},{"calorie":1.210000067949295,"count":34,"distance":25.210000038146973,"speed":4.557470798492432},{"calorie":1.590000033378601,"count":43,"distance":31.730000019073486,"speed":4.138510227203369},{"calorie":0.0,"count":0,"distance":0.0,"speed":0.0},{"calorie":0.0,"count":0,"distance":0.0,"speed":0.0},{"calorie":0.0,"count":0,"distance":0.0,"speed":0.0},{"calorie":0.8400000333786011,"count":24,"distance":17.960000038146973,"speed":4.659088134765625},{"calorie":0.9600001573562622,"count":25,"distance":18.69999885559082,"speed":4.524464130401611},{"calorie":0.0,"count":0,"distance":0.0,"speed":0.0},{"calorie":0.0,"count":0,"distance":0.0,"speed":0.0},{"calorie":0.0,"count":0,"distance":0.0,"speed":0.0},{"calorie":3.1500000953674316,"count":83,"distance":61.74999809265137,"speed":4.373654365539551},{"calorie":0.6200000047683716,"count":19,"distance":13.489999771118164,"speed":3.812436580657959},{"calorie":0.0,"count":0,"distance":0.0,"speed":0.0},{"calorie":0.0,"count":0,"distance":0.0,"speed":0.0},{"calorie":3.540000021457672,"count":100,"distance":75.75,"speed":4.798623085021973},{"calorie":0.0,"count":0,"distance":0.0,"speed":0.0},{"calorie":0.0,"count":0,"distance":0.0,"speed":0.0},{"calorie":3.5000000596046448,"count":96,"distance":72.63999938964844,"speed":4.679685592651367},{"calorie":0.32999998331069946,"count":9,"distance":6.840000152587891,"speed":4.661655902862549},{"calorie":0.0,"count":0,"distance":0.0,"speed":0.0},{"calorie":0.0,"count":0,"distance":0.0,"speed":0.0},{"calorie":2.0899999737739563,"count":55,"distance":40.85000038146973,"speed":4.512370586395264},{"calorie":0.0,"count":0,"distance":0.0,"speed":0.0},{"calorie":0.0,"count":0,"distance":0.0,"speed":0.0},{"calorie":1.5300000309944153,"count":40,"distance":29.179997444152832,"speed":4.039409637451172},{"calorie":0.0,"count":0,"distance":0.0,"speed":0.0},{"calorie":0.0,"count":0,"distance":0.0,"speed":0.0},{"calorie":0.0,"count":0,"distance":0.0,"speed":0.0},{"calorie":0.0,"count":0,"distance":0.0,"speed":0.0},{"calorie":0.0,"count":0,"distance":0.0,"speed":0.0},{"calorie":0.0,"count":0,"distance":0.0,"speed":0.0},{"calorie":0.0,"count":0,"distance":0.0,"speed":0.0},{"calorie":0.0,"count":0,"distance":0.0,"speed":0.0},{"calorie":0.0,"count":0,"distance":0.0,"speed":0.0},{"calorie":0.0,"count":0,"distance":0.0,"speed":0.0},{"calorie":0.0,"count":0,"distance":0.0,"speed":0.0},{"calorie":1.1400000751018524,"count":30,"distance":22.209998607635498,"speed":4.450355529785156},{"calorie":0.0,"count":0,"distance":0.0,"speed":0.0},{"calorie":0.0,"count":0,"distance":0.0,"speed":0.0},{"calorie":0.0,"count":0,"distance":0.0,"speed":0.0},{"calorie":0.0,"count":0,"distance":0.0,"speed":0.0},{"calorie":0.0,"count":0,"distance":0.0,"speed":0.0},{"calorie":1.7399998903274536,"count":48,"distance":36.300004959106445,"speed":4.84200382232666},{"calorie":0.0,"count":0,"distance":0.0,"speed":0.0},{"calorie":0.0,"count":0,"distance":0.0,"speed":0.0},{"calorie":0.0,"count":0,"distance":0.0,"speed":0.0},{"calorie":0.0,"count":0,"distance":0.0,"speed":0.0}]