[{"calorie":0.0,"count":0,"distance":0.0,"speed":0.0},{"calorie":0.0,"count":0,"distance":0.0,"speed":0.0},{"calorie":0.0,"count":0,"distance":0.0,"speed":0.0},{"calorie":0.0,"count":0,"distance":0.0,"speed":0.0},{"calorie":0.0,"count":0,"distance":0.0,"speed":0.0},{"calorie":0.0,"count":0,"distance":0.0,"speed":0.0},{"calorie":0.0,"count":0,"distance":0.0,"speed":0.0},{"calorie":0.0,"count":0,"distance":0.0,"speed":0.0},{"calorie":0.0,"count":0,"distance":0.0,"speed":0.0},{"calorie":0.0,"count":0,"distance":0.0,"speed":0.0},{"calorie":0.0,"count":0,"distance":0.0,"speed":0.0},{"calorie":0.0,"count":0,"distance":0.0,"speed":0.0},{"calorie":0.0,"count":0,"distance":0.0,"speed":0.0},{"calorie":0.0,"count":0,"distance":0.0,"speed":0.0},{"calorie":0.0,"count":0,"distance":0.0,"speed":0.0},{"calorie":0.0,"count":0,"distance":0.0,"speed":0.0},{"calorie":0.0,"count":0,"distance":0.0,"speed":0.0},{"calorie":0.0,"count":0,"distance":0.0,"speed":0.0},{"calorie":0.0,"count":0,"distance":0.0,"speed":0.0},{"calorie":0.0,"count":0,"distance":0.0,"speed":0.0},{"calorie":0.0,"count":0,"distance":0.0,"speed":0.0},{"calorie":0.0,"count":0,"distance":0.0,"speed":0.0},{"calorie":0.0,"count":0,"distance":0.0,"speed":0.0},{"calorie":0.0,"count":0,"distance":0.0,"speed":0.0},{"calorie":0.0,"count":0,"distance":0.0,"speed":0.0},{"calorie":0.0,"count":0,"distance":0.0,"speed":0.0},{"calorie":0.0,"count":0,"distance":0.0,"speed":0.0},{"calorie":0.0,"count":0,"distance":0.0,"speed":0.0},{"calorie":0.0,"count":0,"distance":0.0,"speed":0.0},{"calorie":0.0,"count":0,"distance":0.0,"speed":0.0},{"calorie":0.0,"count":0,"distance":0.0,"speed":0.0},{"calorie":0.0,"count":0,"distance":0.0,"speed":0.0},{"calorie":0.0,"count":0,"distance":0.0,"speed":0.0},{"calorie":0.0,"count":0,"distance":0.0,"speed":0.0},{"calorie":0.0,"count":0,"distance":0.0,"speed":0.0},{"calorie":0.0,"count":0,"distance":0.0,"speed":0.0},{"calorie":0.0,"count":0,"distance":0.0,"speed":0.0},{"calorie":0.0,"count":0,"distance":0.0,"speed":0.0},{"calorie":0.0,"count":0,"distance":0.0,"speed":0.0},{"calorie":1.5600000470876694,"count":47,"distance":35.88999891281128,"speed":5.252320289611816},{"calorie":5.279999852180481,"count":141,"distance":105.26999998092651,"speed":4.461171627044678},{"calorie":0.8899999856948853,"count":26,"distance":19.989999771118164,"speed":5.5},{"calorie":2.5199999809265137,"count":70,"distance":52.01999855041504,"speed":4.785402297973633},{"calorie":0.0,"count":0,"distance":0.0,"speed":0.0},{"calorie":4.610000133514404,"count":124,"distance":92.13999843597412,"speed":4.5189208984375},{"calorie":0.0,"count":0,"distance":0.0,"speed":0.0},{"calorie":0.0,"count":0,"distance":0.0,"speed":0.0},{"calorie":0.7200000882148743,"count":20,"distance":14.159998893737793,"speed":3.204800605773926},{"calorie":5.809999942779541,"count":157,"distance":114.75000095367432,"speed":3.8925700187683105},{"calorie":1.3199999630451202,"count":37,"distance":28.360000133514404,"speed":5.078287124633789},{"calorie":1.090000033378601,"count":29,"distance":21.850000381469727,"speed":4.600000381469727},{"calorie":2.1499999463558197,"count":60,"distance":44.52999973297119,"speed":4.5223002433776855},{"calorie":1.0600000023841858,"count":30,"distance":21.860000610351562,"speed":4.217096328735352},{"calorie":1.309999980032444,"count":36,"distance":25.93000102043152,"speed":3.7828876972198486},{"calorie":2.819999575614929,"count":78,"distance":59.13999938964844,"speed":4.756613731384277},{"calorie":0.0,"count":0,"distance":0.0,"speed":0.0},{"calorie":1.6599999964237213,"count":47,"distance":35.47999954223633,"speed":4.943845748901367},{"calorie":1.2299999594688416,"count":34,"distance":24.239999771118164,"speed":3.6234395503997803},{"calorie":3.200000047683716,"count":86,"distance":64.6500015258789,"speed":4.824354648590088},{"calorie":2.7100000381469727,"count":78,"distance":59.78999900817871,"speed":5.093044757843018},{"calorie":7.659999996423721,"count":218,"distance":165.6599998474121,"speed":4.904308795928955},{"calorie":5.050000011920929,"count":141,"distance":106.48999977111816,"speed":5.003031253814697},{"calorie":4.159999705851078,"count":126,"distance":96.13000297546387,"speed":5.208477973937988},{"calorie":0.0,"count":0,"distance":0.0,"speed":0.0},{"calorie":0.0,"count":0,"distance":0.0,"speed":0.0},{"calorie":0.0,"count":0,"distance":0.0,"speed":0.0},{"calorie":0.0,"count":0,"distance":0.0,"speed":0.0},{"calorie":0.0,"count":0,"distance":0.0,"speed":0.0},{"calorie":0.0,"count":0,"distance":0.0,"speed":0.0},{"calorie":0.0,"count":0,"distance":0.0,"speed":0.0},{"calorie":0.0,"count":0,"distance":0.0,"speed":0.0},{"calorie":0.0,"count":0,"distance":0.0,"speed":0.0},{"calorie":16.0900000333786,"count":412,"distance":308.9699983596802,"speed":4.083497524261475},{"calorie":9.179999589920044,"count":262,"distance":196.63999366760254,"speed":4.697251319885254},{"calorie":0.29999998211860657,"count":8,"distance":5.859999656677246,"speed":4.1487345695495605},{"calorie":0.37999996542930603,"count":10,"distance":7.300000190734863,"speed":4.240957736968994},{"calorie":0.2199999988079071,"count":6,"distance":4.360000133514404,"speed":3.799999952316284},{"calorie":0.0,"count":0,"distance":0.0,"speed":0.0},{"calorie":0.0,"count":0,"distance":0.0,"speed":0.0},{"calorie":0.0,"count":0,"distance":0.0,"speed":0.0},{"calorie":0.0,"count":0,"distance":0.0,"speed":0.0},{"calorie":0.0,"count":0,"distance":0.0,"speed":0.0},{"calorie":0.0,"count":0,"distance":0.0,"speed":0.0},{"calorie":3.6499999165534973,"count":99,"distance":72.56000137329102,"speed":3.964082717895508},{"calorie":10.830000281333923,"count":291,"distance":217.01000022888184,"speed":4.238285541534424},{"calorie":4.4200000166893005,"count":125,"distance":94.94999885559082,"speed":5.029956340789795},{"calorie":6.709999918937683,"count":179,"distance":135.02000045776367,"speed":4.802559852600098},{"calorie":3.899999976158142,"count":113,"distance":86.23999977111816,"speed":5.136815547943115},{"calorie":3.219999849796295,"count":92,"distance":71.08000564575195,"speed":5.348960876464844},{"calorie":0.0,"count":0,"distance":0.0,"speed":0.0},{"calorie":0.7799999415874481,"count":21,"distance":15.459999561309814,"speed":4.242279529571533},{"calorie":1.630000114440918,"count":45,"distance":33.06999969482422,"speed":4.135100841522217},{"calorie":2.949999839067459,"count":79,"distance":58.770002365112305,"speed":4.388311862945557},{"calorie":1.4100000262260437,"count":39,"distance":28.79000186920166,"speed":4.261946201324463},{"calorie":6.269999861717224,"count":175,"distance":131.52000999450684,"speed":4.650485038757324},{"calorie":8.00999890267849,"count":203,"distance":149.15999269485474,"speed":4.6299004554748535},{"calorie":4.369999468326569,"count":121,"distance":91.20999431610107,"speed":4.795408725738525},{"calorie":0.7200000286102295,"count":22,"distance":16.93000030517578,"speed":5.299999713897705},{"calorie":5.28000009059906,"count":141,"distance":104.21000003814697,"speed":4.478598117828369},{"calorie":1.7399999797344208,"count":47,"distance":35.66999912261963,"speed":4.854161739349365},{"calorie":5.529999881982803,"count":149,"distance":109.12000179290771,"speed":4.13507604598999},{"calorie":7.14000004529953,"count":191,"distance":140.56000328063965,"speed":4.167562484741211},{"calorie":2.619999885559082,"count":77,"distance":59.18000030517578,"speed":5.299999713897705},{"calorie":3.6500000655651093,"count":109,"distance":83.75,"speed":5.048411846160889},{"calorie":4.339999973773956,"count":116,"distance":87.39000129699707,"speed":4.658354759216309},{"calorie":0.0,"count":0,"distance":0.0,"speed":0.0},{"calorie":0.0,"count":0,"distance":0.0,"speed":0.0},{"calorie":1.809999942779541,"count":53,"distance":40.96000003814697,"speed":5.4909443855285645},{"calorie":3.9000003337860107,"count":104,"distance":77.11999750137329,"speed":4.402465343475342},{"calorie":7.069999992847443,"count":192,"distance":144.95999813079834,"speed":4.8221635818481445},{"calorie":11.899999976158142,"count":309,"distance":222.41999530792236,"speed":3.5986101627349854},{"calorie":11.490000009536743,"count":314,"distance":233.4699993133545,"speed":4.254792213439941},{"calorie":16.239999800920486,"count":433,"distance":320.19999837875366,"speed":4.090333461761475},{"calorie":0.0,"count":0,"distance":0.0,"speed":0.0},{"calorie":0.0,"count":0,"distance":0.0,"speed":0.0},{"calorie":0.0,"count":0,"distance":0.0,"speed":0.0},{"calorie":1.9900000989437103,"count":55,"distance":40.31999969482422,"speed":4.118251323699951},{"calorie":0.0,"count":0,"distance":0.0,"speed":0.0},{"calorie":0.0,"count":0,"distance":0.0,"speed":0.0},{"calorie":0.5799999833106995,"count":16,"distance":12.15999984741211,"speed":4.900000095367432},{"calorie":0.26999998092651367,"count":8,"distance":6.400000095367432,"speed":6.172569274902344},{"calorie":0.5499999672174454,"count":15,"distance":10.890000343322754,"speed":3.9520187377929688},{"calorie":0.0,"count":0,"distance":0.0,"speed":0.0},{"calorie":0.0,"count":0,"distance":0.0,"speed":0.0},{"calorie":0.0,"count":0,"distance":0.0,"speed":0.0},{"calorie":0.0,"count":0,"distance":0.0,"speed":0.0},{"calorie":0.4399999976158142,"count":13,"distance":10.020000457763672,"speed":5.284076690673828},{"calorie":0.0,"count":0,"distance":0.0,"speed":0.0},{"calorie":0.0,"count":0,"distance":0.0,"speed":0.0},{"calorie":0.0,"count":0,"distance":0.0,"speed":0.0},{"calorie":0.0,"count":0,"distance":0.0,"speed":0.0},{"calorie":0.0,"count":0,"distance":0.0,"speed":0.0},{"calorie":0.0,"count":0,"distance":0.0,"speed":0.0},{"calorie":0.0,"count":0,"distance":0.0,"speed":0.0},{"calorie":0.0,"count":0,"distance":0.0,"speed":0.0},{"calorie":0.0,"count":0,"distance":0.0,"speed":0.0},{"calorie":0.0,"count":0,"distance":0.0,"speed":0.0},{"calorie":0.0,"count":0,"distance":0.0,"speed":0.0},{"calorie":0.0,"count":0,"distance":0.0,"speed":0.0},{"calorie":0.0,"count":0,"distance":0.0,"speed":0.0},{"calorie":0.0,"count":0,"distance":0.0,"speed":0.0},{"calorie":0.0,"count":0,"distance":0.0,"speed":0.0},{"calorie":0.0,"count":0,"distance":0.0,"speed":0.0},{"calorie":0.0,"count":0,"distance":0.0,"speed":0.0}]