[{"calorie":0.0,"count":0,"distance":0.0,"speed":0.0},{"calorie":0.0,"count":0,"distance":0.0,"speed":0.0},{"calorie":0.0,"count":0,"distance":0.0,"speed":0.0},{"calorie":0.0,"count":0,"distance":0.0,"speed":0.0},{"calorie":0.0,"count":0,"distance":0.0,"speed":0.0},{"calorie":0.0,"count":0,"distance":0.0,"speed":0.0},{"calorie":0.0,"count":0,"distance":0.0,"speed":0.0},{"calorie":0.0,"count":0,"distance":0.0,"speed":0.0},{"calorie":0.0,"count":0,"distance":0.0,"speed":0.0},{"calorie":0.0,"count":0,"distance":0.0,"speed":0.0},{"calorie":0.0,"count":0,"distance":0.0,"speed":0.0},{"calorie":0.0,"count":0,"distance":0.0,"speed":0.0},{"calorie":0.0,"count":0,"distance":0.0,"speed":0.0},{"calorie":0.0,"count":0,"distance":0.0,"speed":0.0},{"calorie":0.0,"count":0,"distance":0.0,"speed":0.0},{"calorie":0.0,"count":0,"distance":0.0,"speed":0.0},{"calorie":0.0,"count":0,"distance":0.0,"speed":0.0},{"calorie":0.0,"count":0,"distance":0.0,"speed":0.0},{"calorie":0.0,"count":0,"distance":0.0,"speed":0.0},{"calorie":0.0,"count":0,"distance":0.0,"speed":0.0},{"calorie":0.0,"count":0,"distance":0.0,"speed":0.0},{"calorie":0.0,"count":0,"distance":0.0,"speed":0.0},{"calorie":0.0,"count":0,"distance":0.0,"speed":0.0},{"calorie":0.0,"count":0,"distance":0.0,"speed":0.0},{"calorie":0.0,"count":0,"distance":0.0,"speed":0.0},{"calorie":0.0,"count":0,"distance":0.0,"speed":0.0},{"calorie":0.0,"count":0,"distance":0.0,"speed":0.0},{"calorie":0.0,"count":0,"distance":0.0,"speed":0.0},{"calorie":0.0,"count":0,"distance":0.0,"speed":0.0},{"calorie":0.0,"count":0,"distance":0.0,"speed":0.0},{"calorie":0.0,"count":0,"distance":0.0,"speed":0.0},{"calorie":0.0,"count":0,"distance":0.0,"speed":0.0},{"calorie":0.0,"count":0,"distance":0.0,"speed":0.0},{"calorie":0.0,"count":0,"distance":0.0,"speed":0.0},{"calorie":0.0,"count":0,"distance":0.0,"speed":0.0},{"calorie":0.0,"count":0,"distance":0.0,"speed":0.0},{"calorie":0.0,"count":0,"distance":0.0,"speed":0.0},{"calorie":0.0,"count":0,"distance":0.0,"speed":0.0},{"calorie":0.0,"count":0,"distance":0.0,"speed":0.0},{"calorie":0.0,"count":0,"distance":0.0,"speed":0.0},{"calorie":0.0,"count":0,"distance":0.0,"speed":0.0},{"calorie":0.0,"count":0,"distance":0.0,"speed":0.0},{"calorie":0.0,"count":0,"distance":0.0,"speed":0.0},{"calorie":0.0,"count":0,"distance":0.0,"speed":0.0},{"calorie":0.0,"count":0,"distance":0.0,"speed":0.0},{"calorie":0.0,"count":0,"distance":0.0,"speed":0.0},{"calorie":0.0,"count":0,"distance":0.0,"speed":0.0},{"calorie":0.0,"count":0,"distance":0.0,"speed":0.0},{"calorie":4.9799999594688416,"count":77,"distance":57.23999881744385,"speed":4.3634467124938965},{"calorie":0.0,"count":0,"distance":0.0,"speed":0.0},{"calorie":1.7000000476837158,"count":28,"distance":19.079999923706055,"speed":3.799999952316284},{"calorie":10.539998590946198,"count":178,"distance":126.11999988555908,"speed":4.268998146057129},{"calorie":0.0,"count":0,"distance":0.0,"speed":0.0},{"calorie":0.0,"count":0,"distance":0.0,"speed":0.0},{"calorie":0.0,"count":0,"distance":0.0,"speed":0.0},{"calorie":0.0,"count":0,"distance":0.0,"speed":0.0},{"calorie":0.0,"count":0,"distance":0.0,"speed":0.0},{"calorie":0.0,"count":0,"distance":0.0,"speed":0.0},{"calorie":0.0,"count":0,"distance":0.0,"speed":0.0},{"calorie":0.0,"count":0,"distance":0.0,"speed":0.0},{"calorie":0.0,"count":0,"distance":0.0,"speed":0.0},{"calorie":4.429999053478241,"count":76,"distance":54.92999315261841,"speed":4.641351699829102},{"calorie":0.0,"count":0,"distance":0.0,"speed":0.0},{"calorie":0.0,"count":0,"distance":0.0,"speed":0.0},{"calorie":0.42000001668930054,"count":7,"distance":4.75,"speed":3.785139560699463},{"calorie":0.0,"count":0,"distance":0.0,"speed":0.0},{"calorie":10.319999277591705,"count":175,"distance":125.27999663352966,"speed":4.510569095611572},{"calorie":2.9700000286102295,"count":51,"distance":37.22000026702881,"speed":4.560300827026367},{"calorie":3.1399999856948853,"count":54,"distance":39.05999946594238,"speed":4.637423038482666},{"calorie":5.700000047683716,"count":96,"distance":67.78999614715576,"speed":4.2315874099731445},{"calorie":0.36000001430511475,"count":6,"distance":4.050000190734863,"speed":3.0999999046325684},{"calorie":0.0,"count":0,"distance":0.0,"speed":0.0},{"calorie":0.7099999785423279,"count":12,"distance":8.519999504089355,"speed":4.147873878479004},{"calorie":0.0,"count":0,"distance":0.0,"speed":0.0},{"calorie":0.0,"count":0,"distance":0.0,"speed":0.0},{"calorie":0.0,"count":0,"distance":0.0,"speed":0.0},{"calorie":0.0,"count":0,"distance":0.0,"speed":0.0},{"calorie":0.0,"count":0,"distance":0.0,"speed":0.0},{"calorie":0.0,"count":0,"distance":0.0,"speed":0.0},{"calorie":0.0,"count":0,"distance":0.0,"speed":0.0},{"calorie":0.0,"count":0,"distance":0.0,"speed":0.0},{"calorie":1.839999794960022,"count":31,"distance":21.940000534057617,"speed":4.203791618347168},{"calorie":0.0,"count":0,"distance":0.0,"speed":0.0},{"calorie":6.639999747276306,"count":112,"distance":79.6299991607666,"speed":4.350523948669434},{"calorie":2.4400000274181366,"count":41,"distance":28.910000801086426,"speed":4.105773448944092},{"calorie":1.8600000143051147,"count":32,"distance":22.90000009536743,"speed":4.425842761993408},{"calorie":0.0,"count":0,"distance":0.0,"speed":0.0},{"calorie":0.0,"count":0,"distance":0.0,"speed":0.0},{"calorie":0.0,"count":0,"distance":0.0,"speed":0.0},{"calorie":0.0,"count":0,"distance":0.0,"speed":0.0},{"calorie":25.31999897956848,"count":430,"distance":307.68999671936035,"speed":4.470575332641602},{"calorie":16.150000125169754,"count":272,"distance":195.07999753952026,"speed":4.420044898986816},{"calorie":0.0,"count":0,"distance":0.0,"speed":0.0},{"calorie":0.0,"count":0,"distance":0.0,"speed":0.0},{"calorie":0.0,"count":0,"distance":0.0,"speed":0.0},{"calorie":0.0,"count":0,"distance":0.0,"speed":0.0},{"calorie":0.0,"count":0,"distance":0.0,"speed":0.0},{"calorie":0.0,"count":0,"distance":0.0,"speed":0.0},{"calorie":0.0,"count":0,"distance":0.0,"speed":0.0},{"calorie":0.0,"count":0,"distance":0.0,"speed":0.0},{"calorie":0.0,"count":0,"distance":0.0,"speed":0.0},{"calorie":0.0,"count":0,"distance":0.0,"speed":0.0},{"calorie":0.0,"count":0,"distance":0.0,"speed":0.0},{"calorie":0.0,"count":0,"distance":0.0,"speed":0.0},{"calorie":0.0,"count":0,"distance":0.0,"speed":0.0},{"calorie":0.3499999940395355,"count":6,"distance":4.170000076293945,"speed":4.199999809265137},{"calorie":4.160000026226044,"count":70,"distance":48.540000915527344,"speed":3.747492790222168},{"calorie":4.979999899864197,"count":84,"distance":58.52999973297119,"speed":4.06212854385376},{"calorie":1.2300000190734863,"count":21,"distance":14.869999885559082,"speed":4.400000095367432},{"calorie":4.399999678134918,"count":77,"distance":53.96000099182129,"speed":4.08077335357666},{"calorie":3.359999656677246,"count":59,"distance":41.05000114440918,"speed":3.9226605892181396},{"calorie":4.119999647140503,"count":70,"distance":48.28000068664551,"speed":3.7342305183410645},{"calorie":0.0,"count":0,"distance":0.0,"speed":0.0},{"calorie":0.0,"count":0,"distance":0.0,"speed":0.0},{"calorie":0.0,"count":0,"distance":0.0,"speed":0.0},{"calorie":0.0,"count":0,"distance":0.0,"speed":0.0},{"calorie":8.389998018741608,"count":147,"distance":103.60000324249268,"speed":4.120197296142578},{"calorie":0.0,"count":0,"distance":0.0,"speed":0.0},{"calorie":3.6600000262260437,"count":64,"distance":44.070000648498535,"speed":3.638322591781616},{"calorie":0.0,"count":0,"distance":0.0,"speed":0.0},{"calorie":0.699999988079071,"count":12,"distance":8.229999542236328,"speed":3.700000047683716},{"calorie":1.4200000166893005,"count":26,"distance":18.499999046325684,"speed":4.167799472808838},{"calorie":0.0,"count":0,"distance":0.0,"speed":0.0},{"calorie":0.0,"count":0,"distance":0.0,"speed":0.0},{"calorie":0.0,"count":0,"distance":0.0,"speed":0.0},{"calorie":1.059999942779541,"count":18,"distance":12.559999465942383,"speed":4.188141345977783},{"calorie":0.0,"count":0,"distance":0.0,"speed":0.0},{"calorie":0.0,"count":0,"distance":0.0,"speed":0.0},{"calorie":2.7699999809265137,"count":47,"distance":33.20000076293945,"speed":4.205607891082764},{"calorie":3.2599995136260986,"count":55,"distance":38.75999450683594,"speed":4.054495811462402},{"calorie":0.42000001668930054,"count":7,"distance":4.730000019073486,"speed":3.769451141357422},{"calorie":0.7699999809265137,"count":13,"distance":9.0,"speed":3.6000001430511475},{"calorie":5.020000129938126,"count":84,"distance":58.68000078201294,"speed":4.1726531982421875},{"calorie":0.0,"count":0,"distance":0.0,"speed":0.0},{"calorie":0.0,"count":0,"distance":0.0,"speed":0.0},{"calorie":0.0,"count":0,"distance":0.0,"speed":0.0},{"calorie":0.0,"count":0,"distance":0.0,"speed":0.0},{"calorie":0.0,"count":0,"distance":0.0,"speed":0.0},{"calorie":0.0,"count":0,"distance":0.0,"speed":0.0},{"calorie":0.0,"count":0,"distance":0.0,"speed":0.0},{"calorie":0.0,"count":0,"distance":0.0,"speed":0.0},{"calorie":0.0,"count":0,"distance":0.0,"speed":0.0},{"calorie":0.0,"count":0,"distance":0.0,"speed":0.0},{"calorie":0.0,"count":0,"distance":0.0,"speed":0.0}]