[{"calorie":0.0,"count":0,"distance":0.0,"speed":0.0},{"calorie":0.0,"count":0,"distance":0.0,"speed":0.0},{"calorie":0.0,"count":0,"distance":0.0,"speed":0.0},{"calorie":0.0,"count":0,"distance":0.0,"speed":0.0},{"calorie":0.0,"count":0,"distance":0.0,"speed":0.0},{"calorie":0.0,"count":0,"distance":0.0,"speed":0.0},{"calorie":0.0,"count":0,"distance":0.0,"speed":0.0},{"calorie":0.0,"count":0,"distance":0.0,"speed":0.0},{"calorie":0.0,"count":0,"distance":0.0,"speed":0.0},{"calorie":0.0,"count":0,"distance":0.0,"speed":0.0},{"calorie":0.0,"count":0,"distance":0.0,"speed":0.0},{"calorie":0.0,"count":0,"distance":0.0,"speed":0.0},{"calorie":0.0,"count":0,"distance":0.0,"speed":0.0},{"calorie":0.0,"count":0,"distance":0.0,"speed":0.0},{"calorie":0.0,"count":0,"distance":0.0,"speed":0.0},{"calorie":0.0,"count":0,"distance":0.0,"speed":0.0},{"calorie":0.0,"count":0,"distance":0.0,"speed":0.0},{"calorie":0.0,"count":0,"distance":0.0,"speed":0.0},{"calorie":0.0,"count":0,"distance":0.0,"speed":0.0},{"calorie":0.0,"count":0,"distance":0.0,"speed":0.0},{"calorie":0.0,"count":0,"distance":0.0,"speed":0.0},{"calorie":0.0,"count":0,"distance":0.0,"speed":0.0},{"calorie":0.0,"count":0,"distance":0.0,"speed":0.0},{"calorie":0.0,"count":0,"distance":0.0,"speed":0.0},{"calorie":0.0,"count":0,"distance":0.0,"speed":0.0},{"calorie":0.0,"count":0,"distance":0.0,"speed":0.0},{"calorie":0.0,"count":0,"distance":0.0,"speed":0.0},{"calorie":0.0,"count":0,"distance":0.0,"speed":0.0},{"calorie":0.0,"count":0,"distance":0.0,"speed":0.0},{"calorie":0.0,"count":0,"distance":0.0,"speed":0.0},{"calorie":0.0,"count":0,"distance":0.0,"speed":0.0},{"calorie":0.0,"count":0,"distance":0.0,"speed":0.0},{"calorie":0.0,"count":0,"distance":0.0,"speed":0.0},{"calorie":0.0,"count":0,"distance":0.0,"speed":0.0},{"calorie":0.0,"count":0,"distance":0.0,"speed":0.0},{"calorie":0.0,"count":0,"distance":0.0,"speed":0.0},{"calorie":0.0,"count":0,"distance":0.0,"speed":0.0},{"calorie":0.0,"count":0,"distance":0.0,"speed":0.0},{"calorie":0.0,"count":0,"distance":0.0,"speed":0.0},{"calorie":0.0,"count":0,"distance":0.0,"speed":0.0},{"calorie":0.0,"count":0,"distance":0.0,"speed":0.0},{"calorie":0.0,"count":0,"distance":0.0,"speed":0.0},{"calorie":0.0,"count":0,"distance":0.0,"speed":0.0},{"calorie":0.0,"count":0,"distance":0.0,"speed":0.0},{"calorie":0.0,"count":0,"distance":0.0,"speed":0.0},{"calorie":0.0,"count":0,"distance":0.0,"speed":0.0},{"calorie":0.0,"count":0,"distance":0.0,"speed":0.0},{"calorie":2.1399999856948853,"count":57,"distance":41.549999713897705,"speed":3.9751505851745605},{"calorie":9.049999922513962,"count":236,"distance":169.54999542236328,"speed":3.544694662094116},{"calorie":4.769999623298645,"count":133,"distance":98.20001029968262,"speed":4.170481204986572},{"calorie":1.689999520778656,"count":51,"distance":39.050004959106445,"speed":5.175821781158447},{"calorie":0.699999988079071,"count":21,"distance":16.25,"speed":5.400000095367432},{"calorie":10.339998245239258,"count":309,"distance":236.29997396469116,"speed":5.15618371963501},{"calorie":6.309999145567417,"count":182,"distance":137.38000106811523,"speed":4.854121685028076},{"calorie":1.5900000035762787,"count":45,"distance":34.279999017715454,"speed":4.886605262756348},{"calorie":0.0,"count":0,"distance":0.0,"speed":0.0},{"calorie":1.5499999523162842,"count":42,"distance":31.299999237060547,"speed":4.465062618255615},{"calorie":0.20999999344348907,"count":6,"distance":4.579999923706055,"speed":4.999999523162842},{"calorie":8.149998672306538,"count":224,"distance":168.34000611305237,"speed":4.707544326782227},{"calorie":5.169998615980148,"count":142,"distance":107.3600025177002,"speed":4.748718738555908},{"calorie":1.5099999606609344,"count":42,"distance":31.75,"speed":4.5697150230407715},{"calorie":1.5399999395012856,"count":42,"distance":30.950000047683716,"speed":4.459133625030518},{"calorie":1.7299999743700027,"count":46,"distance":33.769999504089355,"speed":4.144379615783691},{"calorie":0.0,"count":0,"distance":0.0,"speed":0.0},{"calorie":0.0,"count":0,"distance":0.0,"speed":0.0},{"calorie":1.4400001168251038,"count":33,"distance":25.850001335144043,"speed":4.46895170211792},{"calorie":1.540000081062317,"count":42,"distance":31.01999855041504,"speed":4.326340675354004},{"calorie":2.6100000143051147,"count":69,"distance":51.90999984741211,"speed":4.617621421813965},{"calorie":1.1399999856948853,"count":30,"distance":22.020000457763672,"speed":4.099999904632568},{"calorie":0.0,"count":0,"distance":0.0,"speed":0.0},{"calorie":2.169999986886978,"count":61,"distance":45.85000038146973,"speed":4.718558311462402},{"calorie":0.5099999904632568,"count":16,"distance":11.880000114440918,"speed":4.56755256652832},{"calorie":6.849999941885471,"count":174,"distance":125.90999841690063,"speed":3.588646173477173},{"calorie":7.0400000512599945,"count":185,"distance":136.89999914169312,"speed":4.310085773468018},{"calorie":0.3399999737739563,"count":9,"distance":6.390000343322754,"speed":3.665207624435425},{"calorie":0.0,"count":0,"distance":0.0,"speed":0.0},{"calorie":0.0,"count":0,"distance":0.0,"speed":0.0},{"calorie":0.28999999165534973,"count":8,"distance":6.079999923706055,"speed":4.799646854400635},{"calorie":0.25999999046325684,"count":7,"distance":5.350000381469727,"speed":5.070427417755127},{"calorie":0.7900000214576721,"count":21,"distance":15.020001411437988,"speed":3.6435446739196777},{"calorie":0.0,"count":0,"distance":0.0,"speed":0.0},{"calorie":0.4699999988079071,"count":13,"distance":9.420000076293945,"speed":3.6925699710845947},{"calorie":0.0,"count":0,"distance":0.0,"speed":0.0},{"calorie":11.339999914169312,"count":297,"distance":215.3299961090088,"speed":3.7127463817596436},{"calorie":5.7499998807907104,"count":150,"distance":109.49000358581543,"speed":3.942183256149292},{"calorie":3.7200000286102295,"count":99,"distance":72.68999862670898,"speed":4.2862091064453125},{"calorie":1.0099999606609344,"count":28,"distance":20.609996795654297,"speed":4.081571102142334},{"calorie":0.0,"count":0,"distance":0.0,"speed":0.0},{"calorie":0.0,"count":0,"distance":0.0,"speed":0.0},{"calorie":0.0,"count":0,"distance":0.0,"speed":0.0},{"calorie":3.019999921321869,"count":86,"distance":64.85000038146973,"speed":5.039936542510986},{"calorie":0.28999999165534973,"count":8,"distance":6.139999866485596,"speed":4.999999523162842},{"calorie":4.709998071193695,"count":131,"distance":98.59998416900635,"speed":4.866006374359131},{"calorie":0.0,"count":0,"distance":0.0,"speed":0.0},{"calorie":0.0,"count":0,"distance":0.0,"speed":0.0},{"calorie":0.7300000190734863,"count":20,"distance":15.1899995803833,"speed":4.999999523162842},{"calorie":2.4999999403953552,"count":69,"distance":52.249999046325684,"speed":4.743100643157959},{"calorie":4.3899999260902405,"count":124,"distance":94.28000068664551,"speed":5.276724815368652},{"calorie":5.040000021457672,"count":151,"distance":115.63000106811523,"speed":5.278239727020264},{"calorie":1.0799999833106995,"count":31,"distance":24.22000026702881,"speed":5.086391925811768},{"calorie":3.5299999713897705,"count":97,"distance":72.53000020980835,"speed":4.7421040534973145},{"calorie":0.7899999767541885,"count":22,"distance":16.749999523162842,"speed":5.204761505126953},{"calorie":1.690000057220459,"count":46,"distance":34.42999982833862,"speed":4.7276811599731445},{"calorie":2.4400000274181366,"count":71,"distance":54.02000045776367,"speed":5.1673502922058105},{"calorie":5.799999952316284,"count":162,"distance":122.10999488830566,"speed":4.494246959686279},{"calorie":8.000000298023224,"count":225,"distance":168.78999423980713,"speed":4.61310338973999},{"calorie":6.389999479055405,"count":187,"distance":143.89000511169434,"speed":5.258246421813965},{"calorie":5.73000019416213,"count":167,"distance":127.1799988746643,"speed":5.069450378417969},{"calorie":0.6299999952316284,"count":18,"distance":13.8100004196167,"speed":4.9606032371521},{"calorie":9.940000146627426,"count":258,"distance":185.91000080108643,"speed":3.6000609397888184},{"calorie":0.0,"count":0,"distance":0.0,"speed":0.0},{"calorie":0.0,"count":0,"distance":0.0,"speed":0.0},{"calorie":0.0,"count":0,"distance":0.0,"speed":0.0},{"calorie":0.0,"count":0,"distance":0.0,"speed":0.0},{"calorie":19.869999527931213,"count":604,"distance":462.07997131347656,"speed":5.215936183929443},{"calorie":12.219995856285095,"count":338,"distance":256.9299774169922,"speed":4.884790420532227},{"calorie":2.990000367164612,"count":77,"distance":56.109994888305664,"speed":4.164625644683838},{"calorie":0.0,"count":0,"distance":0.0,"speed":0.0},{"calorie":0.0,"count":0,"distance":0.0,"speed":0.0},{"calorie":0.0,"count":0,"distance":0.0,"speed":0.0},{"calorie":0.0,"count":0,"distance":0.0,"speed":0.0},{"calorie":0.0,"count":0,"distance":0.0,"speed":0.0},{"calorie":0.0,"count":0,"distance":0.0,"speed":0.0},{"calorie":0.0,"count":0,"distance":0.0,"speed":0.0},{"calorie":5.819999992847443,"count":151,"distance":111.37999486923218,"speed":4.091263294219971},{"calorie":0.5199999809265137,"count":15,"distance":11.760000228881836,"speed":5.5},{"calorie":6.709999918937683,"count":170,"distance":125.04000091552734,"speed":4.633525371551514},{"calorie":0.0,"count":0,"distance":0.0,"speed":0.0},{"calorie":0.0,"count":0,"distance":0.0,"speed":0.0},{"calorie":0.0,"count":0,"distance":0.0,"speed":0.0},{"calorie":0.0,"count":0,"distance":0.0,"speed":0.0},{"calorie":0.0,"count":0,"distance":0.0,"speed":0.0},{"calorie":0.0,"count":0,"distance":0.0,"speed":0.0},{"calorie":0.0,"count":0,"distance":0.0,"speed":0.0},{"calorie":0.0,"count":0,"distance":0.0,"speed":0.0},{"calorie":0.0,"count":0,"distance":0.0,"speed":0.0},{"calorie":0.0,"count":0,"distance":0.0,"speed":0.0},{"calorie":8.539999842643738,"count":221,"distance":162.43999862670898,"speed":4.2372612953186035},{"calorie":7.949999809265137,"count":205,"distance":147.73000049591064,"speed":3.759709358215332},{"calorie":1.2899999618530273,"count":24,"distance":22.010001182556152,"speed":5.919618606567383},{"calorie":5.840000092983246,"count":139,"distance":110.8899998664856,"speed":5.404335975646973},{"calorie":2.439999580383301,"count":79,"distance":62.479984283447266,"speed":5.924299716949463},{"calorie":0.0,"count":0,"distance":0.0,"speed":0.0},{"calorie":0.0,"count":0,"distance":0.0,"speed":0.0}]