[{"calorie":0.0,"count":0,"distance":0.0,"speed":0.0},{"calorie":0.0,"count":0,"distance":0.0,"speed":0.0},{"calorie":0.0,"count":0,"distance":0.0,"speed":0.0},{"calorie":0.0,"count":0,"distance":0.0,"speed":0.0},{"calorie":0.0,"count":0,"distance":0.0,"speed":0.0},{"calorie":0.0,"count":0,"distance":0.0,"speed":0.0},{"calorie":0.0,"count":0,"distance":0.0,"speed":0.0},{"calorie":0.0,"count":0,"distance":0.0,"speed":0.0},{"calorie":0.0,"count":0,"distance":0.0,"speed":0.0},{"calorie":0.0,"count":0,"distance":0.0,"speed":0.0},{"calorie":0.0,"count":0,"distance":0.0,"speed":0.0},{"calorie":0.0,"count":0,"distance":0.0,"speed":0.0},{"calorie":0.0,"count":0,"distance":0.0,"speed":0.0},{"calorie":0.0,"count":0,"distance":0.0,"speed":0.0},{"calorie":0.0,"count":0,"distance":0.0,"speed":0.0},{"calorie":0.0,"count":0,"distance":0.0,"speed":0.0},{"calorie":0.0,"count":0,"distance":0.0,"speed":0.0},{"calorie":0.0,"count":0,"distance":0.0,"speed":0.0},{"calorie":0.0,"count":0,"distance":0.0,"speed":0.0},{"calorie":0.0,"count":0,"distance":0.0,"speed":0.0},{"calorie":0.0,"count":0,"distance":0.0,"speed":0.0},{"calorie":0.0,"count":0,"distance":0.0,"speed":0.0},{"calorie":0.0,"count":0,"distance":0.0,"speed":0.0},{"calorie":0.0,"count":0,"distance":0.0,"speed":0.0},{"calorie":0.0,"count":0,"distance":0.0,"speed":0.0},{"calorie":0.0,"count":0,"distance":0.0,"speed":0.0},{"calorie":0.0,"count":0,"distance":0.0,"speed":0.0},{"calorie":0.0,"count":0,"distance":0.0,"speed":0.0},{"calorie":0.0,"count":0,"distance":0.0,"speed":0.0},{"calorie":0.0,"count":0,"distance":0.0,"speed":0.0},{"calorie":0.0,"count":0,"distance":0.0,"speed":0.0},{"calorie":0.0,"count":0,"distance":0.0,"speed":0.0},{"calorie":0.0,"count":0,"distance":0.0,"speed":0.0},{"calorie":0.0,"count":0,"distance":0.0,"speed":0.0},{"calorie":0.0,"count":0,"distance":0.0,"speed":0.0},{"calorie":0.0,"count":0,"distance":0.0,"speed":0.0},{"calorie":0.0,"count":0,"distance":0.0,"speed":0.0},{"calorie":0.0,"count":0,"distance":0.0,"speed":0.0},{"calorie":0.0,"count":0,"distance":0.0,"speed":0.0},{"calorie":0.0,"count":0,"distance":0.0,"speed":0.0},{"calorie":2.9399998784065247,"count":50,"distance":35.25,"speed":4.08221435546875},{"calorie":1.8799999952316284,"count":32,"distance":23.270000457763672,"speed":4.700000286102295},{"calorie":2.1999999284744263,"count":39,"distance":27.31999969482422,"speed":4.258037090301514},{"calorie":5.049998998641968,"count":86,"distance":59.48000717163086,"speed":3.7138404846191406},{"calorie":6.0199995040893555,"count":101,"distance":70.22999572753906,"speed":3.948749303817749},{"calorie":15.009999692440033,"count":230,"distance":158.44000053405762,"speed":4.299844264984131},{"calorie":0.0,"count":0,"distance":0.0,"speed":0.0},{"calorie":0.0,"count":0,"distance":0.0,"speed":0.0},{"calorie":0.0,"count":0,"distance":0.0,"speed":0.0},{"calorie":0.0,"count":0,"distance":0.0,"speed":0.0},{"calorie":0.0,"count":0,"distance":0.0,"speed":0.0},{"calorie":15.369998514652252,"count":258,"distance":182.83999347686768,"speed":4.2520833015441895},{"calorie":1.419999599456787,"count":24,"distance":16.589996337890625,"speed":3.804115056991577},{"calorie":1.829999327659607,"count":31,"distance":22.659997940063477,"speed":5.219515800476074},{"calorie":0.0,"count":0,"distance":0.0,"speed":0.0},{"calorie":0.0,"count":0,"distance":0.0,"speed":0.0},{"calorie":0.0,"count":0,"distance":0.0,"speed":0.0},{"calorie":0.0,"count":0,"distance":0.0,"speed":0.0},{"calorie":0.0,"count":0,"distance":0.0,"speed":0.0},{"calorie":0.0,"count":0,"distance":0.0,"speed":0.0},{"calorie":0.0,"count":0,"distance":0.0,"speed":0.0},{"calorie":0.0,"count":0,"distance":0.0,"speed":0.0},{"calorie":0.0,"count":0,"distance":0.0,"speed":0.0},{"calorie":3.289998769760132,"count":55,"distance":39.19000244140625,"speed":4.50036096572876},{"calorie":5.559999346733093,"count":96,"distance":67.96999406814575,"speed":4.228637218475342},{"calorie":0.0,"count":0,"distance":0.0,"speed":0.0},{"calorie":1.7599999904632568,"count":30,"distance":21.440000534057617,"speed":4.400000095367432},{"calorie":4.869999945163727,"count":82,"distance":58.05000066757202,"speed":4.362137317657471},{"calorie":2.549999237060547,"count":43,"distance":30.68999671936035,"speed":4.393782138824463},{"calorie":0.0,"count":0,"distance":0.0,"speed":0.0},{"calorie":0.0,"count":0,"distance":0.0,"speed":0.0},{"calorie":5.329999208450317,"count":90,"distance":63.51000213623047,"speed":3.9820141792297363},{"calorie":0.0,"count":0,"distance":0.0,"speed":0.0},{"calorie":8.129999876022339,"count":136,"distance":96.10999870300293,"speed":4.246186256408691},{"calorie":0.0,"count":0,"distance":0.0,"speed":0.0},{"calorie":4.149999260902405,"count":70,"distance":49.669997692108154,"speed":4.263004779815674},{"calorie":0.0,"count":0,"distance":0.0,"speed":0.0},{"calorie":0.0,"count":0,"distance":0.0,"speed":0.0},{"calorie":4.859999179840088,"count":83,"distance":58.05999565124512,"speed":3.950761318206787},{"calorie":0.0,"count":0,"distance":0.0,"speed":0.0},{"calorie":0.0,"count":0,"distance":0.0,"speed":0.0},{"calorie":0.0,"count":0,"distance":0.0,"speed":0.0},{"calorie":0.0,"count":0,"distance":0.0,"speed":0.0},{"calorie":0.0,"count":0,"distance":0.0,"speed":0.0},{"calorie":0.0,"count":0,"distance":0.0,"speed":0.0},{"calorie":0.0,"count":0,"distance":0.0,"speed":0.0},{"calorie":0.0,"count":0,"distance":0.0,"speed":0.0},{"calorie":0.8999999761581421,"count":15,"distance":10.25,"speed":3.4000003337860107},{"calorie":6.14999920129776,"count":103,"distance":73.43999528884888,"speed":4.380588054656982},{"calorie":0.0,"count":0,"distance":0.0,"speed":0.0},{"calorie":3.3799993991851807,"count":57,"distance":39.860002517700195,"speed":4.198336124420166},{"calorie":0.0,"count":0,"distance":0.0,"speed":0.0},{"calorie":0.0,"count":0,"distance":0.0,"speed":0.0},{"calorie":0.0,"count":0,"distance":0.0,"speed":0.0},{"calorie":0.0,"count":0,"distance":0.0,"speed":0.0},{"calorie":0.0,"count":0,"distance":0.0,"speed":0.0},{"calorie":6.149998664855957,"count":103,"distance":72.05000019073486,"speed":3.988309621810913},{"calorie":9.860000014305115,"count":166,"distance":117.6399998664856,"speed":4.113670825958252},{"calorie":4.619999408721924,"count":80,"distance":57.629998207092285,"speed":4.753432750701904},{"calorie":0.0,"count":0,"distance":0.0,"speed":0.0},{"calorie":0.0,"count":0,"distance":0.0,"speed":0.0},{"calorie":2.669999986886978,"count":45,"distance":30.449999809265137,"speed":3.7006218433380127},{"calorie":1.0499999523162842,"count":18,"distance":12.879999160766602,"speed":4.735681056976318},{"calorie":0.0,"count":0,"distance":0.0,"speed":0.0},{"calorie":1.2400000095367432,"count":21,"distance":14.720000267028809,"speed":3.9000003337860107},{"calorie":0.0,"count":0,"distance":0.0,"speed":0.0},{"calorie":0.0,"count":0,"distance":0.0,"speed":0.0},{"calorie":0.0,"count":0,"distance":0.0,"speed":0.0},{"calorie":13.459999918937683,"count":224,"distance":159.97000217437744,"speed":4.430455207824707},{"calorie":19.400000154972076,"count":321,"distance":223.80000066757202,"speed":3.7648653984069824},{"calorie":15.559999942779541,"count":260,"distance":183.30999374389648,"speed":4.385329723358154},{"calorie":0.0,"count":0,"distance":0.0,"speed":0.0},{"calorie":0.0,"count":0,"distance":0.0,"speed":0.0},{"calorie":0.0,"count":0,"distance":0.0,"speed":0.0},{"calorie":0.0,"count":0,"distance":0.0,"speed":0.0},{"calorie":6.109999179840088,"count":103,"distance":71.30999565124512,"speed":3.6766419410705566},{"calorie":0.0,"count":0,"distance":0.0,"speed":0.0},{"calorie":0.0,"count":0,"distance":0.0,"speed":0.0},{"calorie":0.0,"count":0,"distance":0.0,"speed":0.0},{"calorie":0.0,"count":0,"distance":0.0,"speed":0.0},{"calorie":0.0,"count":0,"distance":0.0,"speed":0.0},{"calorie":2.350000023841858,"count":39,"distance":29.800000190734863,"speed":4.886984825134277},{"calorie":0.0,"count":0,"distance":0.0,"speed":0.0},{"calorie":0.0,"count":0,"distance":0.0,"speed":0.0},{"calorie":7.159999966621399,"count":121,"distance":86.38999843597412,"speed":4.3459014892578125},{"calorie":0.0,"count":0,"distance":0.0,"speed":0.0},{"calorie":0.0,"count":0,"distance":0.0,"speed":0.0},{"calorie":0.0,"count":0,"distance":0.0,"speed":0.0},{"calorie":0.7599999904632568,"count":13,"distance":8.880000114440918,"speed":3.5},{"calorie":0.0,"count":0,"distance":0.0,"speed":0.0},{"calorie":0.0,"count":0,"distance":0.0,"speed":0.0},{"calorie":0.0,"count":0,"distance":0.0,"speed":0.0},{"calorie":0.0,"count":0,"distance":0.0,"speed":0.0},{"calorie":0.0,"count":0,"distance":0.0,"speed":0.0},{"calorie":4.559999406337738,"count":79,"distance":55.839993476867676,"speed":4.260107040405273},{"calorie":0.0,"count":0,"distance":0.0,"speed":0.0},{"calorie":3.379998564720154,"count":57,"distance":38.56999206542969,"speed":3.598046064376831},{"calorie":2.1999995708465576,"count":39,"distance":27.479997634887695,"speed":4.153776168823242},{"calorie":0.0,"count":0,"distance":0.0,"speed":0.0},{"calorie":0.0,"count":0,"distance":0.0,"speed":0.0},{"calorie":0.8400000333786011,"count":16,"distance":11.599998474121094,"speed":5.047860145568848},{"calorie":0.0,"count":0,"distance":0.0,"speed":0.0},{"calorie":0.9399999976158142,"count":16,"distance":10.700000762939453,"speed":3.117480993270874},{"calorie":0.0,"count":0,"distance":0.0,"speed":0.0}]