[{"calorie":0.0,"count":0,"distance":0.0,"speed":0.0},{"calorie":0.0,"count":0,"distance":0.0,"speed":0.0},{"calorie":0.0,"count":0,"distance":0.0,"speed":0.0},{"calorie":0.0,"count":0,"distance":0.0,"speed":0.0},{"calorie":0.0,"count":0,"distance":0.0,"speed":0.0},{"calorie":0.0,"count":0,"distance":0.0,"speed":0.0},{"calorie":0.0,"count":0,"distance":0.0,"speed":0.0},{"calorie":0.0,"count":0,"distance":0.0,"speed":0.0},{"calorie":0.0,"count":0,"distance":0.0,"speed":0.0},{"calorie":0.0,"count":0,"distance":0.0,"speed":0.0},{"calorie":0.0,"count":0,"distance":0.0,"speed":0.0},{"calorie":0.0,"count":0,"distance":0.0,"speed":0.0},{"calorie":0.0,"count":0,"distance":0.0,"speed":0.0},{"calorie":0.0,"count":0,"distance":0.0,"speed":0.0},{"calorie":0.0,"count":0,"distance":0.0,"speed":0.0},{"calorie":0.0,"count":0,"distance":0.0,"speed":0.0},{"calorie":0.0,"count":0,"distance":0.0,"speed":0.0},{"calorie":0.0,"count":0,"distance":0.0,"speed":0.0},{"calorie":0.0,"count":0,"distance":0.0,"speed":0.0},{"calorie":0.0,"count":0,"distance":0.0,"speed":0.0},{"calorie":0.0,"count":0,"distance":0.0,"speed":0.0},{"calorie":0.0,"count":0,"distance":0.0,"speed":0.0},{"calorie":0.0,"count":0,"distance":0.0,"speed":0.0},{"calorie":0.0,"count":0,"distance":0.0,"speed":0.0},{"calorie":0.0,"count":0,"distance":0.0,"speed":0.0},{"calorie":0.0,"count":0,"distance":0.0,"speed":0.0},{"calorie":0.0,"count":0,"distance":0.0,"speed":0.0},{"calorie":0.0,"count":0,"distance":0.0,"speed":0.0},{"calorie":0.0,"count":0,"distance":0.0,"speed":0.0},{"calorie":0.0,"count":0,"distance":0.0,"speed":0.0},{"calorie":0.0,"count":0,"distance":0.0,"speed":0.0},{"calorie":0.0,"count":0,"distance":0.0,"speed":0.0},{"calorie":0.0,"count":0,"distance":0.0,"speed":0.0},{"calorie":0.0,"count":0,"distance":0.0,"speed":0.0},{"calorie":0.0,"count":0,"distance":0.0,"speed":0.0},{"calorie":0.0,"count":0,"distance":0.0,"speed":0.0},{"calorie":0.0,"count":0,"distance":0.0,"speed":0.0},{"calorie":0.0,"count":0,"distance":0.0,"speed":0.0},{"calorie":0.0,"count":0,"distance":0.0,"speed":0.0},{"calorie":0.0,"count":0,"distance":0.0,"speed":0.0},{"calorie":0.0,"count":0,"distance":0.0,"speed":0.0},{"calorie":0.0,"count":0,"distance":0.0,"speed":0.0},{"calorie":0.0,"count":0,"distance":0.0,"speed":0.0},{"calorie":0.20999999344348907,"count":6,"distance":4.550000190734863,"speed":4.199999809265137},{"calorie":0.47999998927116394,"count":13,"distance":9.329999923706055,"speed":4.062901496887207},{"calorie":0.0,"count":0,"distance":0.0,"speed":0.0},{"calorie":0.0,"count":0,"distance":0.0,"speed":0.0},{"calorie":6.419999957084656,"count":173,"distance":128.3400011062622,"speed":4.228542804718018},{"calorie":5.009999983012676,"count":135,"distance":100.58999729156494,"speed":4.523226737976074},{"calorie":2.959999918937683,"count":80,"distance":60.1299991607666,"speed":4.747389316558838},{"calorie":0.0,"count":0,"distance":0.0,"speed":0.0},{"calorie":0.0,"count":0,"distance":0.0,"speed":0.0},{"calorie":0.0,"count":0,"distance":0.0,"speed":0.0},{"calorie":0.0,"count":0,"distance":0.0,"speed":0.0},{"calorie":0.47999998927116394,"count":14,"distance":10.25,"speed":4.227444171905518},{"calorie":0.0,"count":0,"distance":0.0,"speed":0.0},{"calorie":10.219999730587006,"count":275,"distance":204.48998928070068,"speed":4.412594795227051},{"calorie":2.2400001883506775,"count":62,"distance":46.369998931884766,"speed":4.492518901824951},{"calorie":4.2300000339746475,"count":116,"distance":86.5899977684021,"speed":4.565164566040039},{"calorie":0.5199999809265137,"count":15,"distance":11.159998893737793,"speed":4.393224716186523},{"calorie":0.0,"count":0,"distance":0.0,"speed":0.0},{"calorie":0.0,"count":0,"distance":0.0,"speed":0.0},{"calorie":2.669999837875366,"count":76,"distance":58.10000038146973,"speed":5.096431255340576},{"calorie":1.4999996423721313,"count":43,"distance":32.040008544921875,"speed":5.049637317657471},{"calorie":2.3699999153614044,"count":65,"distance":49.03000068664551,"speed":4.6500325202941895},{"calorie":2.1700000762939453,"count":60,"distance":44.78999996185303,"speed":4.57889461517334},{"calorie":1.6599998772144318,"count":45,"distance":35.220001220703125,"speed":5.210519790649414},{"calorie":4.749999940395355,"count":135,"distance":102.60999870300293,"speed":4.977077484130859},{"calorie":2.9000000953674316,"count":75,"distance":55.2599983215332,"speed":4.1725568771362305},{"calorie":5.619999468326569,"count":174,"distance":135.25000381469727,"speed":5.550098896026611},{"calorie":7.499999225139618,"count":205,"distance":154.83998489379883,"speed":4.814272403717041},{"calorie":0.0,"count":0,"distance":0.0,"speed":0.0},{"calorie":0.0,"count":0,"distance":0.0,"speed":0.0},{"calorie":9.139999628067017,"count":241,"distance":176.31000137329102,"speed":3.972165584564209},{"calorie":1.7499999701976776,"count":52,"distance":38.9399995803833,"speed":4.674441814422607},{"calorie":0.8500000238418579,"count":25,"distance":19.14000129699707,"speed":5.192993640899658},{"calorie":0.0,"count":0,"distance":0.0,"speed":0.0},{"calorie":0.60999995470047,"count":18,"distance":13.620000839233398,"speed":4.874295234680176},{"calorie":0.0,"count":0,"distance":0.0,"speed":0.0},{"calorie":0.25,"count":7,"distance":5.359999656677246,"speed":4.226522922515869},{"calorie":0.2199999988079071,"count":6,"distance":4.96999979019165,"speed":6.900000095367432},{"calorie":0.0,"count":0,"distance":0.0,"speed":0.0},{"calorie":0.0,"count":0,"distance":0.0,"speed":0.0},{"calorie":3.8200002014636993,"count":100,"distance":74.76999568939209,"speed":3.9098145961761475},{"calorie":4.129999935626984,"count":119,"distance":90.47999954223633,"speed":4.9795823097229},{"calorie":0.0,"count":0,"distance":0.0,"speed":0.0},{"calorie":1.479999989271164,"count":42,"distance":31.010000228881836,"speed":4.547565460205078},{"calorie":9.669999361038208,"count":248,"distance":177.25000190734863,"speed":4.5805463790893555},{"calorie":0.9599999785423279,"count":26,"distance":19.329999923706055,"speed":4.594501495361328},{"calorie":3.830000013113022,"count":101,"distance":75.57999849319458,"speed":4.459233283996582},{"calorie":3.420000195503235,"count":94,"distance":70.25,"speed":4.589258670806885},{"calorie":0.5899999737739563,"count":17,"distance":13.319999694824219,"speed":5.400000095367432},{"calorie":0.6499999761581421,"count":18,"distance":13.230001449584961,"speed":3.9967446327209473},{"calorie":0.0,"count":0,"distance":0.0,"speed":0.0},{"calorie":0.0,"count":0,"distance":0.0,"speed":0.0},{"calorie":0.0,"count":0,"distance":0.0,"speed":0.0},{"calorie":0.0,"count":0,"distance":0.0,"speed":0.0},{"calorie":0.0,"count":0,"distance":0.0,"speed":0.0},{"calorie":0.0,"count":0,"distance":0.0,"speed":0.0},{"calorie":0.0,"count":0,"distance":0.0,"speed":0.0},{"calorie":0.0,"count":0,"distance":0.0,"speed":0.0},{"calorie":0.5,"count":14,"distance":10.600000381469727,"speed":5.099999904632568},{"calorie":15.869997285306454,"count":483,"distance":369.65989542007446,"speed":5.129630088806152},{"calorie":1.1699999570846558,"count":32,"distance":23.5600004196167,"speed":4.168153285980225},{"calorie":0.6299999952316284,"count":17,"distance":12.450000762939453,"speed":4.168282508850098},{"calorie":1.0100000202655792,"count":28,"distance":19.759998321533203,"speed":4.292091369628906},{"calorie":0.0,"count":0,"distance":0.0,"speed":0.0},{"calorie":4.219999969005585,"count":112,"distance":81.89999866485596,"speed":4.014134407043457},{"calorie":8.36999985575676,"count":210,"distance":159.89999961853027,"speed":4.074004173278809},{"calorie":0.4599999487400055,"count":12,"distance":8.770000457763672,"speed":4.073250770568848},{"calorie":0.0,"count":0,"distance":0.0,"speed":0.0},{"calorie":0.64000004529953,"count":18,"distance":13.069997787475586,"speed":4.276633262634277},{"calorie":0.5199999809265137,"count":15,"distance":10.779998779296875,"speed":4.186171054840088},{"calorie":0.0,"count":0,"distance":0.0,"speed":0.0},{"calorie":0.0,"count":0,"distance":0.0,"speed":0.0},{"calorie":0.0,"count":0,"distance":0.0,"speed":0.0},{"calorie":0.0,"count":0,"distance":0.0,"speed":0.0},{"calorie":0.0,"count":0,"distance":0.0,"speed":0.0},{"calorie":0.0,"count":0,"distance":0.0,"speed":0.0},{"calorie":0.0,"count":0,"distance":0.0,"speed":0.0},{"calorie":0.0,"count":0,"distance":0.0,"speed":0.0},{"calorie":0.0,"count":0,"distance":0.0,"speed":0.0},{"calorie":0.0,"count":0,"distance":0.0,"speed":0.0},{"calorie":0.0,"count":0,"distance":0.0,"speed":0.0},{"calorie":0.0,"count":0,"distance":0.0,"speed":0.0},{"calorie":0.0,"count":0,"distance":0.0,"speed":0.0},{"calorie":0.0,"count":0,"distance":0.0,"speed":0.0},{"calorie":0.0,"count":0,"distance":0.0,"speed":0.0},{"calorie":0.0,"count":0,"distance":0.0,"speed":0.0},{"calorie":0.0,"count":0,"distance":0.0,"speed":0.0},{"calorie":0.0,"count":0,"distance":0.0,"speed":0.0},{"calorie":1.4700000286102295,"count":39,"distance":28.59000015258789,"speed":4.231696128845215},{"calorie":0.0,"count":0,"distance":0.0,"speed":0.0},{"calorie":0.0,"count":0,"distance":0.0,"speed":0.0},{"calorie":0.0,"count":0,"distance":0.0,"speed":0.0},{"calorie":0.0,"count":0,"distance":0.0,"speed":0.0},{"calorie":0.0,"count":0,"distance":0.0,"speed":0.0},{"calorie":0.0,"count":0,"distance":0.0,"speed":0.0},{"calorie":0.0,"count":0,"distance":0.0,"speed":0.0},{"calorie":0.0,"count":0,"distance":0.0,"speed":0.0},{"calorie":0.0,"count":0,"distance":0.0,"speed":0.0},{"calorie":0.0,"count":0,"distance":0.0,"speed":0.0},{"calorie":0.0,"count":0,"distance":0.0,"speed":0.0},{"calorie":0.0,"count":0,"distance":0.0,"speed":0.0}]