[{"calorie":0.0,"count":0,"distance":0.0,"speed":0.0},{"calorie":0.0,"count":0,"distance":0.0,"speed":0.0},{"calorie":0.0,"count":0,"distance":0.0,"speed":0.0},{"calorie":0.8199999928474426,"count":23,"distance":17.420000076293945,"speed":4.661919593811035},{"calorie":0.0,"count":0,"distance":0.0,"speed":0.0},{"calorie":0.0,"count":0,"distance":0.0,"speed":0.0},{"calorie":0.5099999904632568,"count":15,"distance":11.039999008178711,"speed":3.9064576625823975},{"calorie":0.0,"count":0,"distance":0.0,"speed":0.0},{"calorie":0.0,"count":0,"distance":0.0,"speed":0.0},{"calorie":0.0,"count":0,"distance":0.0,"speed":0.0},{"calorie":0.0,"count":0,"distance":0.0,"speed":0.0},{"calorie":0.0,"count":0,"distance":0.0,"speed":0.0},{"calorie":0.0,"count":0,"distance":0.0,"speed":0.0},{"calorie":0.0,"count":0,"distance":0.0,"speed":0.0},{"calorie":0.0,"count":0,"distance":0.0,"speed":0.0},{"calorie":0.0,"count":0,"distance":0.0,"speed":0.0},{"calorie":0.0,"count":0,"distance":0.0,"speed":0.0},{"calorie":0.0,"count":0,"distance":0.0,"speed":0.0},{"calorie":0.0,"count":0,"distance":0.0,"speed":0.0},{"calorie":0.0,"count":0,"distance":0.0,"speed":0.0},{"calorie":0.0,"count":0,"distance":0.0,"speed":0.0},{"calorie":0.0,"count":0,"distance":0.0,"speed":0.0},{"calorie":0.0,"count":0,"distance":0.0,"speed":0.0},{"calorie":0.0,"count":0,"distance":0.0,"speed":0.0},{"calorie":0.0,"count":0,"distance":0.0,"speed":0.0},{"calorie":0.0,"count":0,"distance":0.0,"speed":0.0},{"calorie":0.0,"count":0,"distance":0.0,"speed":0.0},{"calorie":0.0,"count":0,"distance":0.0,"speed":0.0},{"calorie":0.0,"count":0,"distance":0.0,"speed":0.0},{"calorie":0.0,"count":0,"distance":0.0,"speed":0.0},{"calorie":0.0,"count":0,"distance":0.0,"speed":0.0},{"calorie":0.0,"count":0,"distance":0.0,"speed":0.0},{"calorie":0.0,"count":0,"distance":0.0,"speed":0.0},{"calorie":0.0,"count":0,"distance":0.0,"speed":0.0},{"calorie":0.0,"count":0,"distance":0.0,"speed":0.0},{"calorie":0.0,"count":0,"distance":0.0,"speed":0.0},{"calorie":0.0,"count":0,"distance":0.0,"speed":0.0},{"calorie":0.0,"count":0,"distance":0.0,"speed":0.0},{"calorie":0.0,"count":0,"distance":0.0,"speed":0.0},{"calorie":0.0,"count":0,"distance":0.0,"speed":0.0},{"calorie":0.0,"count":0,"distance":0.0,"speed":0.0},{"calorie":0.0,"count":0,"distance":0.0,"speed":0.0},{"calorie":0.0,"count":0,"distance":0.0,"speed":0.0},{"calorie":0.0,"count":0,"distance":0.0,"speed":0.0},{"calorie":0.0,"count":0,"distance":0.0,"speed":0.0},{"calorie":0.0,"count":0,"distance":0.0,"speed":0.0},{"calorie":0.4000000059604645,"count":12,"distance":8.760000228881836,"speed":3.9000003337860107},{"calorie":0.0,"count":0,"distance":0.0,"speed":0.0},{"calorie":13.180000066757202,"count":338,"distance":244.03000259399414,"speed":3.6578471660614014},{"calorie":5.669999420642853,"count":154,"distance":115.90998840332031,"speed":4.763803958892822},{"calorie":3.759999990463257,"count":107,"distance":80.61999797821045,"speed":4.807284355163574},{"calorie":4.319999635219574,"count":122,"distance":91.77000617980957,"speed":4.801261901855469},{"calorie":3.3699997663497925,"count":92,"distance":67.70000267028809,"speed":4.111591339111328},{"calorie":2.3399996757507324,"count":64,"distance":49.089996337890625,"speed":4.800558090209961},{"calorie":5.859999895095825,"count":156,"distance":112.72000312805176,"speed":3.814716339111328},{"calorie":5.509999513626099,"count":147,"distance":113.70001029968262,"speed":4.796079158782959},{"calorie":7.819999635219574,"count":219,"distance":164.28000831604004,"speed":4.687224388122559},{"calorie":0.0,"count":0,"distance":0.0,"speed":0.0},{"calorie":0.0,"count":0,"distance":0.0,"speed":0.0},{"calorie":0.0,"count":0,"distance":0.0,"speed":0.0},{"calorie":0.0,"count":0,"distance":0.0,"speed":0.0},{"calorie":0.0,"count":0,"distance":0.0,"speed":0.0},{"calorie":3.250000238418579,"count":86,"distance":63.330002784729004,"speed":4.112755298614502},{"calorie":0.25999999046325684,"count":7,"distance":4.949999809265137,"speed":3.999999761581421},{"calorie":0.0,"count":0,"distance":0.0,"speed":0.0},{"calorie":2.1800002455711365,"count":57,"distance":41.64999723434448,"speed":4.123199939727783},{"calorie":2.539999932050705,"count":67,"distance":49.65000057220459,"speed":4.298452854156494},{"calorie":6.5200000405311584,"count":178,"distance":134.3499994277954,"speed":4.750926494598389},{"calorie":7.210000306367874,"count":197,"distance":148.2399959564209,"speed":4.702059268951416},{"calorie":4.40999960899353,"count":120,"distance":89.46999549865723,"speed":4.468155384063721},{"calorie":4.649999797344208,"count":126,"distance":94.40999698638916,"speed":4.517529010772705},{"calorie":1.6100000441074371,"count":46,"distance":35.010000228881836,"speed":4.988844394683838},{"calorie":0.9599999785423279,"count":28,"distance":21.600000381469727,"speed":4.999999523162842},{"calorie":1.8200000524520874,"count":49,"distance":36.52000045776367,"speed":4.700000286102295},{"calorie":4.090000033378601,"count":125,"distance":96.1100025177002,"speed":5.3391499519348145},{"calorie":15.419999182224274,"count":411,"distance":302.87000370025635,"speed":4.100705623626709},{"calorie":0.0,"count":0,"distance":0.0,"speed":0.0},{"calorie":0.4099999666213989,"count":11,"distance":8.25999927520752,"speed":4.471981525421143},{"calorie":0.5299999564886093,"count":14,"distance":10.369999408721924,"speed":4.448605060577393},{"calorie":0.0,"count":0,"distance":0.0,"speed":0.0},{"calorie":0.0,"count":0,"distance":0.0,"speed":0.0},{"calorie":0.0,"count":0,"distance":0.0,"speed":0.0},{"calorie":0.0,"count":0,"distance":0.0,"speed":0.0},{"calorie":0.9799999594688416,"count":28,"distance":20.64000129699707,"speed":4.405258655548096},{"calorie":14.099999904632568,"count":368,"distance":268.00998878479004,"speed":3.7830862998962402},{"calorie":1.5499999523162842,"count":40,"distance":29.510000228881836,"speed":4.299999713897705},{"calorie":5.2799999713897705,"count":146,"distance":111.17000007629395,"speed":4.9424967765808105},{"calorie":7.670000076293945,"count":206,"distance":155.7100009918213,"speed":4.741390705108643},{"calorie":3.9000000953674316,"count":118,"distance":91.0099983215332,"speed":5.379828929901123},{"calorie":4.549999922513962,"count":139,"distance":106.08000135421753,"speed":5.061757564544678},{"calorie":6.860000044107437,"count":217,"distance":169.38999938964844,"speed":5.593295097351074},{"calorie":2.969999670982361,"count":90,"distance":69.60000514984131,"speed":5.377256870269775},{"calorie":2.1399999856948853,"count":59,"distance":44.22999954223633,"speed":4.80711030960083},{"calorie":0.699999988079071,"count":19,"distance":13.869999885559082,"speed":4.5},{"calorie":3.329999953508377,"count":48,"distance":54.41999816894531,"speed":9.187639236450195},{"calorie":1.159999966621399,"count":32,"distance":23.970001220703125,"speed":4.753666877746582},{"calorie":0.0,"count":0,"distance":0.0,"speed":0.0},{"calorie":0.0,"count":0,"distance":0.0,"speed":0.0},{"calorie":0.0,"count":0,"distance":0.0,"speed":0.0},{"calorie":0.0,"count":0,"distance":0.0,"speed":0.0},{"calorie":0.0,"count":0,"distance":0.0,"speed":0.0},{"calorie":0.0,"count":0,"distance":0.0,"speed":0.0},{"calorie":0.0,"count":0,"distance":0.0,"speed":0.0},{"calorie":0.0,"count":0,"distance":0.0,"speed":0.0},{"calorie":4.050000071525574,"count":107,"distance":79.95000076293945,"speed":4.552380561828613},{"calorie":2.560000002384186,"count":70,"distance":52.489999771118164,"speed":4.737215995788574},{"calorie":2.3899999856948853,"count":63,"distance":46.25,"speed":4.251866817474365},{"calorie":3.409999966621399,"count":91,"distance":66.50000095367432,"speed":3.994291067123413},{"calorie":4.379999965429306,"count":113,"distance":83.31999921798706,"speed":4.325814723968506},{"calorie":3.0700000524520874,"count":81,"distance":59.8799991607666,"speed":4.365043640136719},{"calorie":6.46999990940094,"count":179,"distance":133.21999740600586,"speed":4.50785493850708},{"calorie":20.810000002384186,"count":557,"distance":408.9000072479248,"speed":4.094498157501221},{"calorie":0.10999999940395355,"count":3,"distance":2.25,"speed":4.600000381469727},{"calorie":0.0,"count":0,"distance":0.0,"speed":0.0},{"calorie":0.0,"count":0,"distance":0.0,"speed":0.0},{"calorie":2.810000002384186,"count":75,"distance":54.769999504089355,"speed":3.8527464866638184},{"calorie":24.15999972820282,"count":676,"distance":515.1399984359741,"speed":4.963353633880615},{"calorie":10.619999885559082,"count":280,"distance":204.589994430542,"speed":3.939012289047241},{"calorie":0.0,"count":0,"distance":0.0,"speed":0.0},{"calorie":0.0,"count":0,"distance":0.0,"speed":0.0},{"calorie":0.0,"count":0,"distance":0.0,"speed":0.0},{"calorie":0.7299999892711639,"count":21,"distance":15.209999561309814,"speed":3.873161792755127},{"calorie":0.4699999839067459,"count":13,"distance":9.309999942779541,"speed":3.4183146953582764},{"calorie":1.0400001108646393,"count":28,"distance":20.84000253677368,"speed":4.6300225257873535},{"calorie":0.0,"count":0,"distance":0.0,"speed":0.0},{"calorie":0.0,"count":0,"distance":0.0,"speed":0.0},{"calorie":0.0,"count":0,"distance":0.0,"speed":0.0},{"calorie":0.0,"count":0,"distance":0.0,"speed":0.0},{"calorie":1.300000011920929,"count":36,"distance":26.739999771118164,"speed":4.281741619110107},{"calorie":0.0,"count":0,"distance":0.0,"speed":0.0},{"calorie":0.0,"count":0,"distance":0.0,"speed":0.0},{"calorie":0.0,"count":0,"distance":0.0,"speed":0.0},{"calorie":0.0,"count":0,"distance":0.0,"speed":0.0},{"calorie":0.0,"count":0,"distance":0.0,"speed":0.0},{"calorie":0.0,"count":0,"distance":0.0,"speed":0.0},{"calorie":0.0,"count":0,"distance":0.0,"speed":0.0},{"calorie":0.0,"count":0,"distance":0.0,"speed":0.0},{"calorie":0.0,"count":0,"distance":0.0,"speed":0.0},{"calorie":0.0,"count":0,"distance":0.0,"speed":0.0},{"calorie":0.0,"count":0,"distance":0.0,"speed":0.0},{"calorie":0.0,"count":0,"distance":0.0,"speed":0.0},{"calorie":0.0,"count":0,"distance":0.0,"speed":0.0},{"calorie":0.0,"count":0,"distance":0.0,"speed":0.0},{"calorie":0.0,"count":0,"distance":0.0,"speed":0.0}]