[{"calorie":0.8200000524520874,"count":23,"distance":17.46000099182129,"speed":4.756662845611572},{"calorie":0.0,"count":0,"distance":0.0,"speed":0.0},{"calorie":0.0,"count":0,"distance":0.0,"speed":0.0},{"calorie":0.0,"count":0,"distance":0.0,"speed":0.0},{"calorie":0.0,"count":0,"distance":0.0,"speed":0.0},{"calorie":0.0,"count":0,"distance":0.0,"speed":0.0},{"calorie":0.0,"count":0,"distance":0.0,"speed":0.0},{"calorie":0.0,"count":0,"distance":0.0,"speed":0.0},{"calorie":0.0,"count":0,"distance":0.0,"speed":0.0},{"calorie":0.0,"count":0,"distance":0.0,"speed":0.0},{"calorie":0.0,"count":0,"distance":0.0,"speed":0.0},{"calorie":0.0,"count":0,"distance":0.0,"speed":0.0},{"calorie":0.0,"count":0,"distance":0.0,"speed":0.0},{"calorie":0.0,"count":0,"distance":0.0,"speed":0.0},{"calorie":0.0,"count":0,"distance":0.0,"speed":0.0},{"calorie":0.0,"count":0,"distance":0.0,"speed":0.0},{"calorie":0.0,"count":0,"distance":0.0,"speed":0.0},{"calorie":0.0,"count":0,"distance":0.0,"speed":0.0},{"calorie":0.0,"count":0,"distance":0.0,"speed":0.0},{"calorie":0.0,"count":0,"distance":0.0,"speed":0.0},{"calorie":0.0,"count":0,"distance":0.0,"speed":0.0},{"calorie":0.0,"count":0,"distance":0.0,"speed":0.0},{"calorie":0.0,"count":0,"distance":0.0,"speed":0.0},{"calorie":0.0,"count":0,"distance":0.0,"speed":0.0},{"calorie":0.0,"count":0,"distance":0.0,"speed":0.0},{"calorie":0.0,"count":0,"distance":0.0,"speed":0.0},{"calorie":0.0,"count":0,"distance":0.0,"speed":0.0},{"calorie":0.0,"count":0,"distance":0.0,"speed":0.0},{"calorie":0.0,"count":0,"distance":0.0,"speed":0.0},{"calorie":0.0,"count":0,"distance":0.0,"speed":0.0},{"calorie":0.0,"count":0,"distance":0.0,"speed":0.0},{"calorie":0.0,"count":0,"distance":0.0,"speed":0.0},{"calorie":0.0,"count":0,"distance":0.0,"speed":0.0},{"calorie":0.0,"count":0,"distance":0.0,"speed":0.0},{"calorie":0.0,"count":0,"distance":0.0,"speed":0.0},{"calorie":0.0,"count":0,"distance":0.0,"speed":0.0},{"calorie":0.0,"count":0,"distance":0.0,"speed":0.0},{"calorie":0.0,"count":0,"distance":0.0,"speed":0.0},{"calorie":0.0,"count":0,"distance":0.0,"speed":0.0},{"calorie":0.0,"count":0,"distance":0.0,"speed":0.0},{"calorie":0.0,"count":0,"distance":0.0,"speed":0.0},{"calorie":0.0,"count":0,"distance":0.0,"speed":0.0},{"calorie":0.0,"count":0,"distance":0.0,"speed":0.0},{"calorie":0.0,"count":0,"distance":0.0,"speed":0.0},{"calorie":0.0,"count":0,"distance":0.0,"speed":0.0},{"calorie":0.0,"count":0,"distance":0.0,"speed":0.0},{"calorie":0.0,"count":0,"distance":0.0,"speed":0.0},{"calorie":5.859999716281891,"count":157,"distance":118.29000234603882,"speed":4.674239158630371},{"calorie":1.6100001335144043,"count":44,"distance":33.009995460510254,"speed":4.410617351531982},{"calorie":22.939996480941772,"count":593,"distance":434.7100124359131,"speed":4.100832462310791},{"calorie":19.049995005130768,"count":496,"distance":364.14006090164185,"speed":4.222835063934326},{"calorie":6.710000038146973,"count":192,"distance":146.26999759674072,"speed":4.947015285491943},{"calorie":2.1300000846385956,"count":59,"distance":44.069997787475586,"speed":4.465562343597412},{"calorie":6.230000302195549,"count":169,"distance":126.84000039100647,"speed":4.675838470458984},{"calorie":6.339999794960022,"count":178,"distance":135.09000396728516,"speed":4.9513020515441895},{"calorie":0.6700000166893005,"count":18,"distance":13.640000343322754,"speed":4.900000095367432},{"calorie":3.359999895095825,"count":90,"distance":67.36000061035156,"speed":4.7470703125},{"calorie":1.9500000476837158,"count":55,"distance":41.3100004196167,"speed":4.558000564575195},{"calorie":5.129999995231628,"count":142,"distance":106.55999946594238,"speed":4.564576148986816},{"calorie":6.190000027418137,"count":170,"distance":128.43000078201294,"speed":4.8689351081848145},{"calorie":0.949999988079071,"count":29,"distance":22.3799991607666,"speed":5.5},{"calorie":2.9999999403953552,"count":85,"distance":64.80000019073486,"speed":5.0598859786987305},{"calorie":0.0,"count":0,"distance":0.0,"speed":0.0},{"calorie":7.189999938011169,"count":202,"distance":151.38000392913818,"speed":4.602592945098877},{"calorie":0.0,"count":0,"distance":0.0,"speed":0.0},{"calorie":0.0,"count":0,"distance":0.0,"speed":0.0},{"calorie":6.300000041723251,"count":176,"distance":133.7300009727478,"speed":4.927201747894287},{"calorie":5.450000107288361,"count":157,"distance":119.12000465393066,"speed":4.905264854431152},{"calorie":6.889999985694885,"count":186,"distance":138.6599998474121,"speed":4.505456924438477},{"calorie":6.539999961853027,"count":173,"distance":127.17999839782715,"speed":4.08817195892334},{"calorie":17.239999771118164,"count":464,"distance":348.6599998474121,"speed":4.59092378616333},{"calorie":8.889999479055405,"count":244,"distance":184.21001195907593,"speed":4.780637264251709},{"calorie":11.349999785423279,"count":309,"distance":232.61000728607178,"speed":4.781067848205566},{"calorie":0.0,"count":0,"distance":0.0,"speed":0.0},{"calorie":2.2300000190734863,"count":59,"distance":43.5,"speed":4.346322059631348},{"calorie":18.019996762275696,"count":476,"distance":355.2100257873535,"speed":4.505353927612305},{"calorie":0.6899999976158142,"count":18,"distance":13.069999694824219,"speed":3.9021451473236084},{"calorie":0.41999998688697815,"count":12,"distance":8.860000133514404,"speed":4.837676525115967},{"calorie":0.0,"count":0,"distance":0.0,"speed":0.0},{"calorie":0.0,"count":0,"distance":0.0,"speed":0.0},{"calorie":2.8300000727176666,"count":86,"distance":66.19000053405762,"speed":5.349825859069824},{"calorie":11.039999186992645,"count":299,"distance":221.37998485565186,"speed":4.329796314239502},{"calorie":4.889999985694885,"count":136,"distance":101.91000175476074,"speed":4.508329391479492},{"calorie":11.550000250339508,"count":305,"distance":228.21999549865723,"speed":4.6679792404174805},{"calorie":11.379999846220016,"count":321,"distance":242.14000129699707,"speed":4.854035377502441},{"calorie":8.649999856948853,"count":235,"distance":176.08000326156616,"speed":4.583710193634033},{"calorie":4.2200000286102295,"count":115,"distance":86.32999849319458,"speed":4.578160285949707},{"calorie":0.5900000110268593,"count":16,"distance":11.5600004196167,"speed":4.5063557624816895},{"calorie":3.259999990463257,"count":89,"distance":66.97000026702881,"speed":4.6396260261535645},{"calorie":0.0,"count":0,"distance":0.0,"speed":0.0},{"calorie":1.6599999368190765,"count":46,"distance":34.64000129699707,"speed":4.73565149307251},{"calorie":1.8899999856948853,"count":52,"distance":39.33000183105469,"speed":4.799999713897705},{"calorie":5.549999952316284,"count":148,"distance":110.97999954223633,"speed":4.672602653503418},{"calorie":2.759999990463257,"count":83,"distance":63.420000076293945,"speed":4.945958614349365},{"calorie":2.649999961256981,"count":73,"distance":54.839999198913574,"speed":4.6463093757629395},{"calorie":6.920000076293945,"count":187,"distance":139.47000122070312,"speed":4.531079292297363},{"calorie":4.65999972820282,"count":124,"distance":92.60999917984009,"speed":4.481708526611328},{"calorie":6.92000013589859,"count":199,"distance":151.6500005722046,"speed":4.977087497711182},{"calorie":1.7100000381469727,"count":45,"distance":33.80000066757202,"speed":4.664295673370361},{"calorie":1.3600000143051147,"count":35,"distance":27.96000099182129,"speed":5.451177597045898},{"calorie":8.069999516010284,"count":211,"distance":156.82001066207886,"speed":4.337773323059082},{"calorie":2.5100001841783524,"count":71,"distance":54.02999949455261,"speed":5.015411376953125},{"calorie":2.6800000071525574,"count":73,"distance":55.489999771118164,"speed":4.95699405670166},{"calorie":1.219999983906746,"count":33,"distance":24.809999465942383,"speed":4.600000381469727},{"calorie":1.0,"count":30,"distance":23.059999465942383,"speed":5.199999809265137},{"calorie":4.069999486207962,"count":120,"distance":91.29999589920044,"speed":5.068902492523193},{"calorie":4.5299999713897705,"count":124,"distance":93.75,"speed":4.656512260437012},{"calorie":0.6100000143051147,"count":17,"distance":12.640000343322754,"speed":4.700000286102295},{"calorie":3.299999713897705,"count":94,"distance":70.98000526428223,"speed":4.778373718261719},{"calorie":2.51999993622303,"count":68,"distance":50.48999881744385,"speed":4.4004807472229},{"calorie":4.899999961256981,"count":129,"distance":95.43000030517578,"speed":4.3632426261901855},{"calorie":2.929999977350235,"count":79,"distance":60.609999656677246,"speed":4.781483173370361},{"calorie":0.0,"count":0,"distance":0.0,"speed":0.0},{"calorie":2.699999988079071,"count":73,"distance":54.80999994277954,"speed":4.6039137840271},{"calorie":7.129999935626984,"count":191,"distance":143.98999786376953,"speed":4.747798919677734},{"calorie":4.429999589920044,"count":117,"distance":87.18000984191895,"speed":4.498250961303711},{"calorie":0.25999999046325684,"count":7,"distance":5.0,"speed":4.099999904632568},{"calorie":0.7699999809265137,"count":21,"distance":15.819999694824219,"speed":4.600000381469727},{"calorie":1.9700000286102295,"count":51,"distance":38.66999816894531,"speed":4.900000095367432},{"calorie":4.3399999141693115,"count":112,"distance":83.68000030517578,"speed":4.5},{"calorie":0.0,"count":0,"distance":0.0,"speed":0.0},{"calorie":0.0,"count":0,"distance":0.0,"speed":0.0},{"calorie":9.06000030040741,"count":231,"distance":172.46000480651855,"speed":4.796127796173096},{"calorie":8.320000231266022,"count":213,"distance":158.14999866485596,"speed":4.461197853088379},{"calorie":0.0,"count":0,"distance":0.0,"speed":0.0},{"calorie":0.0,"count":0,"distance":0.0,"speed":0.0},{"calorie":0.0,"count":0,"distance":0.0,"speed":0.0},{"calorie":0.0,"count":0,"distance":0.0,"speed":0.0},{"calorie":1.8999999463558197,"count":50,"distance":36.65000009536743,"speed":4.227116107940674},{"calorie":1.6699999868869781,"count":44,"distance":31.30999994277954,"speed":3.881922960281372},{"calorie":2.6400000751018524,"count":72,"distance":53.14999961853027,"speed":4.203402519226074},{"calorie":0.0,"count":0,"distance":0.0,"speed":0.0},{"calorie":0.0,"count":0,"distance":0.0,"speed":0.0},{"calorie":0.0,"count":0,"distance":0.0,"speed":0.0},{"calorie":0.0,"count":0,"distance":0.0,"speed":0.0},{"calorie":0.0,"count":0,"distance":0.0,"speed":0.0},{"calorie":0.4699999988079071,"count":14,"distance":10.710000038146973,"speed":5.185474872589111},{"calorie":0.0,"count":0,"distance":0.0,"speed":0.0},{"calorie":0.0,"count":0,"distance":0.0,"speed":0.0},{"calorie":0.0,"count":0,"distance":0.0,"speed":0.0},{"calorie":0.0,"count":0,"distance":0.0,"speed":0.0},{"calorie":0.0,"count":0,"distance":0.0,"speed":0.0},{"calorie":0.0,"count":0,"distance":0.0,"speed":0.0},{"calorie":0.0,"count":0,"distance":0.0,"speed":0.0}]