[{"calorie":0.0,"count":0,"distance":0.0,"speed":0.0},{"calorie":0.0,"count":0,"distance":0.0,"speed":0.0},{"calorie":0.0,"count":0,"distance":0.0,"speed":0.0},{"calorie":0.0,"count":0,"distance":0.0,"speed":0.0},{"calorie":0.0,"count":0,"distance":0.0,"speed":0.0},{"calorie":0.0,"count":0,"distance":0.0,"speed":0.0},{"calorie":0.0,"count":0,"distance":0.0,"speed":0.0},{"calorie":0.0,"count":0,"distance":0.0,"speed":0.0},{"calorie":0.0,"count":0,"distance":0.0,"speed":0.0},{"calorie":0.0,"count":0,"distance":0.0,"speed":0.0},{"calorie":0.0,"count":0,"distance":0.0,"speed":0.0},{"calorie":0.0,"count":0,"distance":0.0,"speed":0.0},{"calorie":0.0,"count":0,"distance":0.0,"speed":0.0},{"calorie":0.0,"count":0,"distance":0.0,"speed":0.0},{"calorie":0.0,"count":0,"distance":0.0,"speed":0.0},{"calorie":0.0,"count":0,"distance":0.0,"speed":0.0},{"calorie":0.0,"count":0,"distance":0.0,"speed":0.0},{"calorie":0.0,"count":0,"distance":0.0,"speed":0.0},{"calorie":0.0,"count":0,"distance":0.0,"speed":0.0},{"calorie":0.0,"count":0,"distance":0.0,"speed":0.0},{"calorie":0.0,"count":0,"distance":0.0,"speed":0.0},{"calorie":0.0,"count":0,"distance":0.0,"speed":0.0},{"calorie":0.0,"count":0,"distance":0.0,"speed":0.0},{"calorie":0.0,"count":0,"distance":0.0,"speed":0.0},{"calorie":0.0,"count":0,"distance":0.0,"speed":0.0},{"calorie":0.0,"count":0,"distance":0.0,"speed":0.0},{"calorie":0.0,"count":0,"distance":0.0,"speed":0.0},{"calorie":0.0,"count":0,"distance":0.0,"speed":0.0},{"calorie":0.0,"count":0,"distance":0.0,"speed":0.0},{"calorie":0.0,"count":0,"distance":0.0,"speed":0.0},{"calorie":0.0,"count":0,"distance":0.0,"speed":0.0},{"calorie":0.0,"count":0,"distance":0.0,"speed":0.0},{"calorie":0.0,"count":0,"distance":0.0,"speed":0.0},{"calorie":0.0,"count":0,"distance":0.0,"speed":0.0},{"calorie":0.0,"count":0,"distance":0.0,"speed":0.0},{"calorie":0.0,"count":0,"distance":0.0,"speed":0.0},{"calorie":0.0,"count":0,"distance":0.0,"speed":0.0},{"calorie":0.0,"count":0,"distance":0.0,"speed":0.0},{"calorie":0.0,"count":0,"distance":0.0,"speed":0.0},{"calorie":0.0,"count":0,"distance":0.0,"speed":0.0},{"calorie":0.0,"count":0,"distance":0.0,"speed":0.0},{"calorie":0.0,"count":0,"distance":0.0,"speed":0.0},{"calorie":0.0,"count":0,"distance":0.0,"speed":0.0},{"calorie":0.0,"count":0,"distance":0.0,"speed":0.0},{"calorie":0.0,"count":0,"distance":0.0,"speed":0.0},{"calorie":0.0,"count":0,"distance":0.0,"speed":0.0},{"calorie":0.28999999165534973,"count":8,"distance":5.860000133514404,"speed":4.099392414093018},{"calorie":3.089998722076416,"count":89,"distance":67.45000457763672,"speed":5.052570343017578},{"calorie":34.85997295379639,"count":1095,"distance":838.8194274902344,"speed":5.187343597412109},{"calorie":12.159999758005142,"count":327,"distance":240.7499876022339,"speed":4.1967644691467285},{"calorie":0.28999999165534973,"count":8,"distance":5.860000133514404,"speed":4.099999904632568},{"calorie":0.0,"count":0,"distance":0.0,"speed":0.0},{"calorie":0.0,"count":0,"distance":0.0,"speed":0.0},{"calorie":1.0299997329711914,"count":31,"distance":23.139997482299805,"speed":4.63311767578125},{"calorie":0.0,"count":0,"distance":0.0,"speed":0.0},{"calorie":7.399999916553497,"count":193,"distance":139.04999923706055,"speed":3.733344793319702},{"calorie":3.410000056028366,"count":92,"distance":68.51999855041504,"speed":4.3458380699157715},{"calorie":4.129999995231628,"count":125,"distance":95.74000263214111,"speed":5.106950283050537},{"calorie":8.600000083446503,"count":255,"distance":198.78000259399414,"speed":5.471543788909912},{"calorie":1.3799999952316284,"count":40,"distance":30.209999084472656,"speed":5.299999713897705},{"calorie":5.699999928474426,"count":155,"distance":124.27000141143799,"speed":5.84153938293457},{"calorie":1.8400000035762787,"count":56,"distance":43.02999925613403,"speed":5.239360332489014},{"calorie":0.0,"count":0,"distance":0.0,"speed":0.0},{"calorie":0.0,"count":0,"distance":0.0,"speed":0.0},{"calorie":0.0,"count":0,"distance":0.0,"speed":0.0},{"calorie":0.0,"count":0,"distance":0.0,"speed":0.0},{"calorie":0.0,"count":0,"distance":0.0,"speed":0.0},{"calorie":2.060000032186508,"count":60,"distance":45.529998779296875,"speed":5.155521392822266},{"calorie":1.5699999928474426,"count":44,"distance":32.5,"speed":4.293060302734375},{"calorie":1.7200000286102295,"count":48,"distance":35.75,"speed":4.900000095367432},{"calorie":3.3300000429153442,"count":94,"distance":71.27999877929688,"speed":4.937027454376221},{"calorie":8.47000002861023,"count":223,"distance":166.11999893188477,"speed":4.643107891082764},{"calorie":2.469999998807907,"count":67,"distance":48.8299994468689,"speed":4.037884712219238},{"calorie":4.309999525547028,"count":115,"distance":84.4599838256836,"speed":4.219304084777832},{"calorie":0.9199999868869781,"count":27,"distance":19.81999969482422,"speed":3.948056221008301},{"calorie":1.429999977350235,"count":39,"distance":28.53999948501587,"speed":4.160471439361572},{"calorie":13.439999908208847,"count":365,"distance":275.34999418258667,"speed":4.688343524932861},{"calorie":14.329999089241028,"count":371,"distance":269.7900023460388,"speed":3.7931606769561768},{"calorie":15.319999776780605,"count":385,"distance":279.4499988555908,"speed":3.7321524620056152},{"calorie":9.359999895095825,"count":246,"distance":178.86000156402588,"speed":3.7648472785949707},{"calorie":2.4800000190734863,"count":67,"distance":49.3100004196167,"speed":4.00527811050415},{"calorie":5.050000071525574,"count":135,"distance":99.43999862670898,"speed":3.7518742084503174},{"calorie":0.0,"count":0,"distance":0.0,"speed":0.0},{"calorie":0.0,"count":0,"distance":0.0,"speed":0.0},{"calorie":0.0,"count":0,"distance":0.0,"speed":0.0},{"calorie":11.919999897480011,"count":304,"distance":214.42999839782715,"speed":3.2729263305664062},{"calorie":13.669999122619629,"count":357,"distance":258.5699920654297,"speed":3.74311900138855},{"calorie":0.0,"count":0,"distance":0.0,"speed":0.0},{"calorie":0.0,"count":0,"distance":0.0,"speed":0.0},{"calorie":0.0,"count":0,"distance":0.0,"speed":0.0},{"calorie":0.0,"count":0,"distance":0.0,"speed":0.0},{"calorie":0.0,"count":0,"distance":0.0,"speed":0.0},{"calorie":0.0,"count":0,"distance":0.0,"speed":0.0},{"calorie":0.0,"count":0,"distance":0.0,"speed":0.0},{"calorie":0.0,"count":0,"distance":0.0,"speed":0.0},{"calorie":0.0,"count":0,"distance":0.0,"speed":0.0},{"calorie":0.0,"count":0,"distance":0.0,"speed":0.0},{"calorie":0.0,"count":0,"distance":0.0,"speed":0.0},{"calorie":0.0,"count":0,"distance":0.0,"speed":0.0},{"calorie":0.0,"count":0,"distance":0.0,"speed":0.0},{"calorie":0.0,"count":0,"distance":0.0,"speed":0.0},{"calorie":0.0,"count":0,"distance":0.0,"speed":0.0},{"calorie":0.0,"count":0,"distance":0.0,"speed":0.0},{"calorie":0.0,"count":0,"distance":0.0,"speed":0.0},{"calorie":0.0,"count":0,"distance":0.0,"speed":0.0},{"calorie":0.0,"count":0,"distance":0.0,"speed":0.0},{"calorie":0.0,"count":0,"distance":0.0,"speed":0.0},{"calorie":0.0,"count":0,"distance":0.0,"speed":0.0},{"calorie":0.0,"count":0,"distance":0.0,"speed":0.0},{"calorie":0.0,"count":0,"distance":0.0,"speed":0.0},{"calorie":0.0,"count":0,"distance":0.0,"speed":0.0},{"calorie":0.0,"count":0,"distance":0.0,"speed":0.0},{"calorie":10.989999175071716,"count":298,"distance":220.60000610351562,"speed":4.385985374450684},{"calorie":0.0,"count":0,"distance":0.0,"speed":0.0},{"calorie":0.0,"count":0,"distance":0.0,"speed":0.0},{"calorie":0.0,"count":0,"distance":0.0,"speed":0.0},{"calorie":0.0,"count":0,"distance":0.0,"speed":0.0},{"calorie":0.0,"count":0,"distance":0.0,"speed":0.0},{"calorie":0.0,"count":0,"distance":0.0,"speed":0.0},{"calorie":0.0,"count":0,"distance":0.0,"speed":0.0},{"calorie":0.0,"count":0,"distance":0.0,"speed":0.0},{"calorie":0.0,"count":0,"distance":0.0,"speed":0.0},{"calorie":0.0,"count":0,"distance":0.0,"speed":0.0},{"calorie":0.0,"count":0,"distance":0.0,"speed":0.0},{"calorie":0.0,"count":0,"distance":0.0,"speed":0.0},{"calorie":0.0,"count":0,"distance":0.0,"speed":0.0},{"calorie":0.0,"count":0,"distance":0.0,"speed":0.0},{"calorie":0.0,"count":0,"distance":0.0,"speed":0.0},{"calorie":0.0,"count":0,"distance":0.0,"speed":0.0},{"calorie":0.0,"count":0,"distance":0.0,"speed":0.0},{"calorie":0.0,"count":0,"distance":0.0,"speed":0.0},{"calorie":0.0,"count":0,"distance":0.0,"speed":0.0},{"calorie":0.0,"count":0,"distance":0.0,"speed":0.0},{"calorie":0.0,"count":0,"distance":0.0,"speed":0.0},{"calorie":0.0,"count":0,"distance":0.0,"speed":0.0},{"calorie":0.0,"count":0,"distance":0.0,"speed":0.0},{"calorie":0.0,"count":0,"distance":0.0,"speed":0.0},{"calorie":9.48999971151352,"count":260,"distance":193.87000465393066,"speed":4.638517379760742},{"calorie":2.9099995493888855,"count":79,"distance":59.44000053405762,"speed":4.678282737731934},{"calorie":0.0,"count":0,"distance":0.0,"speed":0.0},{"calorie":0.0,"count":0,"distance":0.0,"speed":0.0},{"calorie":0.20999999344348907,"count":6,"distance":4.929999828338623,"speed":6.999999523162842},{"calorie":0.9300000071525574,"count":26,"distance":20.489999771118164,"speed":5.331100940704346},{"calorie":0.0,"count":0,"distance":0.0,"speed":0.0}]