[{"calorie":0.0,"count":0,"distance":0.0,"speed":0.0},{"calorie":0.0,"count":0,"distance":0.0,"speed":0.0},{"calorie":0.0,"count":0,"distance":0.0,"speed":0.0},{"calorie":0.0,"count":0,"distance":0.0,"speed":0.0},{"calorie":0.0,"count":0,"distance":0.0,"speed":0.0},{"calorie":0.0,"count":0,"distance":0.0,"speed":0.0},{"calorie":0.0,"count":0,"distance":0.0,"speed":0.0},{"calorie":0.0,"count":0,"distance":0.0,"speed":0.0},{"calorie":0.0,"count":0,"distance":0.0,"speed":0.0},{"calorie":0.0,"count":0,"distance":0.0,"speed":0.0},{"calorie":0.0,"count":0,"distance":0.0,"speed":0.0},{"calorie":0.0,"count":0,"distance":0.0,"speed":0.0},{"calorie":0.0,"count":0,"distance":0.0,"speed":0.0},{"calorie":0.0,"count":0,"distance":0.0,"speed":0.0},{"calorie":0.0,"count":0,"distance":0.0,"speed":0.0},{"calorie":0.0,"count":0,"distance":0.0,"speed":0.0},{"calorie":0.0,"count":0,"distance":0.0,"speed":0.0},{"calorie":0.0,"count":0,"distance":0.0,"speed":0.0},{"calorie":0.0,"count":0,"distance":0.0,"speed":0.0},{"calorie":0.0,"count":0,"distance":0.0,"speed":0.0},{"calorie":0.0,"count":0,"distance":0.0,"speed":0.0},{"calorie":0.0,"count":0,"distance":0.0,"speed":0.0},{"calorie":0.0,"count":0,"distance":0.0,"speed":0.0},{"calorie":0.0,"count":0,"distance":0.0,"speed":0.0},{"calorie":0.0,"count":0,"distance":0.0,"speed":0.0},{"calorie":0.0,"count":0,"distance":0.0,"speed":0.0},{"calorie":0.0,"count":0,"distance":0.0,"speed":0.0},{"calorie":0.0,"count":0,"distance":0.0,"speed":0.0},{"calorie":0.0,"count":0,"distance":0.0,"speed":0.0},{"calorie":0.0,"count":0,"distance":0.0,"speed":0.0},{"calorie":0.0,"count":0,"distance":0.0,"speed":0.0},{"calorie":0.0,"count":0,"distance":0.0,"speed":0.0},{"calorie":0.0,"count":0,"distance":0.0,"speed":0.0},{"calorie":0.0,"count":0,"distance":0.0,"speed":0.0},{"calorie":0.0,"count":0,"distance":0.0,"speed":0.0},{"calorie":0.0,"count":0,"distance":0.0,"speed":0.0},{"calorie":0.4100000262260437,"count":8,"distance":5.609999656677246,"speed":4.093189239501953},{"calorie":0.3499999940395355,"count":7,"distance":5.489999771118164,"speed":7.099999904632568},{"calorie":0.0,"count":0,"distance":0.0,"speed":0.0},{"calorie":0.8700001239776611,"count":17,"distance":11.870000839233398,"speed":4.048040390014648},{"calorie":5.619999408721924,"count":111,"distance":79.44000053405762,"speed":4.453847408294678},{"calorie":4.370000004768372,"count":54,"distance":32.980000257492065,"speed":4.911932945251465},{"calorie":7.179999947547913,"count":141,"distance":100.17999839782715,"speed":4.284380912780762},{"calorie":10.64999994635582,"count":210,"distance":151.05999994277954,"speed":4.627906799316406},{"calorie":9.28000009059906,"count":183,"distance":130.1500005722046,"speed":4.142405986785889},{"calorie":14.119999587535858,"count":276,"distance":198.14000034332275,"speed":4.612864971160889},{"calorie":4.510000109672546,"count":89,"distance":63.86000061035156,"speed":4.3763747215271},{"calorie":5.599999368190765,"count":110,"distance":77.6400089263916,"speed":4.240221977233887},{"calorie":5.549999952316284,"count":110,"distance":76.8499984741211,"speed":4.070557594299316},{"calorie":9.789999306201935,"count":192,"distance":135.52001285552979,"speed":4.121515274047852},{"calorie":0.0,"count":0,"distance":0.0,"speed":0.0},{"calorie":9.370000004768372,"count":184,"distance":130.8600025177002,"speed":4.4207000732421875},{"calorie":0.0,"count":0,"distance":0.0,"speed":0.0},{"calorie":0.0,"count":0,"distance":0.0,"speed":0.0},{"calorie":0.0,"count":0,"distance":0.0,"speed":0.0},{"calorie":0.0,"count":0,"distance":0.0,"speed":0.0},{"calorie":1.2500000968575478,"count":25,"distance":17.970000863075256,"speed":4.669857501983643},{"calorie":0.0,"count":0,"distance":0.0,"speed":0.0},{"calorie":2.2099999487400055,"count":42,"distance":28.80000066757202,"speed":3.6496386528015137},{"calorie":0.0,"count":0,"distance":0.0,"speed":0.0},{"calorie":0.46000000834465027,"count":9,"distance":6.340000152587891,"speed":4.299999713897705},{"calorie":1.4699999690055847,"count":28,"distance":19.18000030517578,"speed":3.6771819591522217},{"calorie":0.0,"count":0,"distance":0.0,"speed":0.0},{"calorie":0.0,"count":0,"distance":0.0,"speed":0.0},{"calorie":8.879999458789825,"count":176,"distance":124.37999725341797,"speed":4.263927936553955},{"calorie":0.0,"count":0,"distance":0.0,"speed":0.0},{"calorie":0.0,"count":0,"distance":0.0,"speed":0.0},{"calorie":0.0,"count":0,"distance":0.0,"speed":0.0},{"calorie":0.0,"count":0,"distance":0.0,"speed":0.0},{"calorie":0.0,"count":0,"distance":0.0,"speed":0.0},{"calorie":0.0,"count":0,"distance":0.0,"speed":0.0},{"calorie":0.0,"count":0,"distance":0.0,"speed":0.0},{"calorie":1.4300000257790089,"count":27,"distance":18.370000541210175,"speed":3.7063214778900146},{"calorie":7.019999980926514,"count":136,"distance":95.9700026512146,"speed":4.294105529785156},{"calorie":6.810000061988831,"count":135,"distance":97.86000108718872,"speed":4.718838214874268},{"calorie":14.669999867677689,"count":280,"distance":202.6899971961975,"speed":4.7956223487854},{"calorie":3.319999635219574,"count":66,"distance":47.329997062683105,"speed":4.377136707305908},{"calorie":0.0,"count":0,"distance":0.0,"speed":0.0},{"calorie":0.0,"count":0,"distance":0.0,"speed":0.0},{"calorie":0.0,"count":0,"distance":0.0,"speed":0.0},{"calorie":4.139999985694885,"count":81,"distance":56.750000953674316,"speed":3.89349365234375},{"calorie":0.0,"count":0,"distance":0.0,"speed":0.0},{"calorie":0.0,"count":0,"distance":0.0,"speed":0.0},{"calorie":2.7100000381469727,"count":53,"distance":38.79999923706055,"speed":4.5417327880859375},{"calorie":0.0,"count":0,"distance":0.0,"speed":0.0},{"calorie":0.0,"count":0,"distance":0.0,"speed":0.0},{"calorie":0.0,"count":0,"distance":0.0,"speed":0.0},{"calorie":5.880000084638596,"count":116,"distance":83.34999942779541,"speed":4.534683704376221},{"calorie":12.46999990940094,"count":244,"distance":175.38999938964844,"speed":4.4867939949035645},{"calorie":5.810000017285347,"count":114,"distance":81.64999794960022,"speed":4.365866184234619},{"calorie":4.119999885559082,"count":81,"distance":58.11999988555908,"speed":4.645962715148926},{"calorie":8.739999920129776,"count":171,"distance":122.81999969482422,"speed":4.467431545257568},{"calorie":6.469999074935913,"count":128,"distance":92.02000999450684,"speed":4.490575313568115},{"calorie":0.7100000381469727,"count":14,"distance":10.160000801086426,"speed":4.951504707336426},{"calorie":0.0,"count":0,"distance":0.0,"speed":0.0},{"calorie":0.0,"count":0,"distance":0.0,"speed":0.0},{"calorie":0.0,"count":0,"distance":0.0,"speed":0.0},{"calorie":1.21999990940094,"count":24,"distance":16.81999969482422,"speed":4.028391361236572},{"calorie":0.0,"count":0,"distance":0.0,"speed":0.0},{"calorie":0.0,"count":0,"distance":0.0,"speed":0.0},{"calorie":0.0,"count":0,"distance":0.0,"speed":0.0},{"calorie":0.0,"count":0,"distance":0.0,"speed":0.0},{"calorie":0.6100000143051147,"count":12,"distance":8.760000228881836,"speed":4.799999713897705},{"calorie":8.709999799728394,"count":169,"distance":119.1399974822998,"speed":4.299242973327637},{"calorie":5.569999635219574,"count":110,"distance":78.24999523162842,"speed":4.340982437133789},{"calorie":0.5700000524520874,"count":11,"distance":7.550000190734863,"speed":3.8239004611968994},{"calorie":13.209999829530716,"count":259,"distance":186.0899977684021,"speed":4.61333703994751},{"calorie":0.0,"count":0,"distance":0.0,"speed":0.0},{"calorie":0.0,"count":0,"distance":0.0,"speed":0.0},{"calorie":0.0,"count":0,"distance":0.0,"speed":0.0},{"calorie":0.0,"count":0,"distance":0.0,"speed":0.0},{"calorie":0.0,"count":0,"distance":0.0,"speed":0.0},{"calorie":0.0,"count":0,"distance":0.0,"speed":0.0},{"calorie":0.0,"count":0,"distance":0.0,"speed":0.0},{"calorie":13.609999775886536,"count":266,"distance":189.51999855041504,"speed":4.48658561706543},{"calorie":4.390000104904175,"count":87,"distance":63.81999969482422,"speed":4.839630603790283},{"calorie":18.179998744279146,"count":359,"distance":257.95002073049545,"speed":4.587079048156738},{"calorie":9.160000026226044,"count":155,"distance":106.35999870300293,"speed":4.593566417694092},{"calorie":2.839999496936798,"count":56,"distance":38.74999713897705,"speed":3.7942473888397217},{"calorie":0.0,"count":0,"distance":0.0,"speed":0.0},{"calorie":7.099999904632568,"count":140,"distance":101.65000057220459,"speed":4.624099254608154},{"calorie":0.0,"count":0,"distance":0.0,"speed":0.0},{"calorie":10.739999651908875,"count":213,"distance":152.84998893737793,"speed":4.3852128982543945},{"calorie":1.8699999935925007,"count":36,"distance":25.289999902248383,"speed":4.434433937072754},{"calorie":2.4700000286102295,"count":48,"distance":33.93000030517578,"speed":4.299999713897705},{"calorie":0.3700000047683716,"count":7,"distance":4.769999980926514,"speed":3.9536287784576416},{"calorie":0.0,"count":0,"distance":0.0,"speed":0.0},{"calorie":0.8899999856948853,"count":17,"distance":11.539999961853027,"speed":3.499999761581421},{"calorie":0.0,"count":0,"distance":0.0,"speed":0.0},{"calorie":0.0,"count":0,"distance":0.0,"speed":0.0},{"calorie":0.0,"count":0,"distance":0.0,"speed":0.0},{"calorie":0.0,"count":0,"distance":0.0,"speed":0.0},{"calorie":0.0,"count":0,"distance":0.0,"speed":0.0},{"calorie":0.3100000023841858,"count":6,"distance":4.389999866485596,"speed":4.900000095367432},{"calorie":0.0,"count":0,"distance":0.0,"speed":0.0},{"calorie":0.0,"count":0,"distance":0.0,"speed":0.0},{"calorie":0.6800000071525574,"count":13,"distance":9.299999713897705,"speed":4.109736919403076},{"calorie":0.0,"count":0,"distance":0.0,"speed":0.0},{"calorie":0.0,"count":0,"distance":0.0,"speed":0.0},{"calorie":1.279999852180481,"count":25,"distance":17.559995651245117,"speed":4.093140125274658},{"calorie":0.0,"count":0,"distance":0.0,"speed":0.0},{"calorie":0.0,"count":0,"distance":0.0,"speed":0.0},{"calorie":0.0,"count":0,"distance":0.0,"speed":0.0},{"calorie":0.0,"count":0,"distance":0.0,"speed":0.0}]