[{"calorie":0.0,"count":0,"distance":0.0,"speed":0.0},{"calorie":0.0,"count":0,"distance":0.0,"speed":0.0},{"calorie":0.0,"count":0,"distance":0.0,"speed":0.0},{"calorie":0.0,"count":0,"distance":0.0,"speed":0.0},{"calorie":0.0,"count":0,"distance":0.0,"speed":0.0},{"calorie":0.0,"count":0,"distance":0.0,"speed":0.0},{"calorie":0.0,"count":0,"distance":0.0,"speed":0.0},{"calorie":0.0,"count":0,"distance":0.0,"speed":0.0},{"calorie":0.0,"count":0,"distance":0.0,"speed":0.0},{"calorie":0.0,"count":0,"distance":0.0,"speed":0.0},{"calorie":0.0,"count":0,"distance":0.0,"speed":0.0},{"calorie":0.0,"count":0,"distance":0.0,"speed":0.0},{"calorie":0.0,"count":0,"distance":0.0,"speed":0.0},{"calorie":0.0,"count":0,"distance":0.0,"speed":0.0},{"calorie":0.0,"count":0,"distance":0.0,"speed":0.0},{"calorie":0.0,"count":0,"distance":0.0,"speed":0.0},{"calorie":0.0,"count":0,"distance":0.0,"speed":0.0},{"calorie":0.0,"count":0,"distance":0.0,"speed":0.0},{"calorie":0.0,"count":0,"distance":0.0,"speed":0.0},{"calorie":0.0,"count":0,"distance":0.0,"speed":0.0},{"calorie":0.0,"count":0,"distance":0.0,"speed":0.0},{"calorie":0.0,"count":0,"distance":0.0,"speed":0.0},{"calorie":0.0,"count":0,"distance":0.0,"speed":0.0},{"calorie":0.0,"count":0,"distance":0.0,"speed":0.0},{"calorie":0.0,"count":0,"distance":0.0,"speed":0.0},{"calorie":0.0,"count":0,"distance":0.0,"speed":0.0},{"calorie":0.0,"count":0,"distance":0.0,"speed":0.0},{"calorie":0.0,"count":0,"distance":0.0,"speed":0.0},{"calorie":0.0,"count":0,"distance":0.0,"speed":0.0},{"calorie":0.0,"count":0,"distance":0.0,"speed":0.0},{"calorie":0.0,"count":0,"distance":0.0,"speed":0.0},{"calorie":0.0,"count":0,"distance":0.0,"speed":0.0},{"calorie":0.0,"count":0,"distance":0.0,"speed":0.0},{"calorie":0.0,"count":0,"distance":0.0,"speed":0.0},{"calorie":0.0,"count":0,"distance":0.0,"speed":0.0},{"calorie":0.0,"count":0,"distance":0.0,"speed":0.0},{"calorie":0.0,"count":0,"distance":0.0,"speed":0.0},{"calorie":0.0,"count":0,"distance":0.0,"speed":0.0},{"calorie":0.0,"count":0,"distance":0.0,"speed":0.0},{"calorie":0.0,"count":0,"distance":0.0,"speed":0.0},{"calorie":0.0,"count":0,"distance":0.0,"speed":0.0},{"calorie":0.0,"count":0,"distance":0.0,"speed":0.0},{"calorie":0.0,"count":0,"distance":0.0,"speed":0.0},{"calorie":0.0,"count":0,"distance":0.0,"speed":0.0},{"calorie":0.0,"count":0,"distance":0.0,"speed":0.0},{"calorie":0.0,"count":0,"distance":0.0,"speed":0.0},{"calorie":0.7900000214576721,"count":22,"distance":16.44999885559082,"speed":4.462932586669922},{"calorie":5.579999208450317,"count":146,"distance":113.12999534606934,"speed":4.992651462554932},{"calorie":1.190000057220459,"count":36,"distance":27.68000030517578,"speed":5.199999809265137},{"calorie":12.169999837875366,"count":361,"distance":276.9999990463257,"speed":5.256103992462158},{"calorie":3.9599998891353607,"count":114,"distance":87.17999935150146,"speed":5.142480850219727},{"calorie":4.7299999594688416,"count":144,"distance":112.20000076293945,"speed":5.537078380584717},{"calorie":1.0099999830126762,"count":30,"distance":23.219999074935913,"speed":5.410367488861084},{"calorie":4.479999661445618,"count":120,"distance":89.2400016784668,"speed":4.500854015350342},{"calorie":5.590000122785568,"count":156,"distance":117.73000431060791,"speed":4.790586471557617},{"calorie":7.310000047087669,"count":199,"distance":149.11999988555908,"speed":4.519513130187988},{"calorie":0.9599999785423279,"count":25,"distance":18.68000030517578,"speed":4.5},{"calorie":0.0,"count":0,"distance":0.0,"speed":0.0},{"calorie":4.4900000393390656,"count":129,"distance":97.78000020980835,"speed":4.969492435455322},{"calorie":0.23999999463558197,"count":7,"distance":5.460000038146973,"speed":5.5},{"calorie":3.070000022649765,"count":83,"distance":62.0,"speed":4.57609224319458},{"calorie":9.779999546706676,"count":269,"distance":201.2300021648407,"speed":4.627323627471924},{"calorie":4.779999643564224,"count":132,"distance":99.64000654220581,"speed":4.925952434539795},{"calorie":0.0,"count":0,"distance":0.0,"speed":0.0},{"calorie":8.599999845027924,"count":244,"distance":186.17000102996826,"speed":5.010201454162598},{"calorie":6.9299997091293335,"count":190,"distance":143.32999801635742,"speed":4.7912821769714355},{"calorie":0.0,"count":0,"distance":0.0,"speed":0.0},{"calorie":7.420000046491623,"count":201,"distance":150.32000350952148,"speed":4.5355024337768555},{"calorie":3.0499999448657036,"count":88,"distance":66.37000179290771,"speed":4.873041152954102},{"calorie":8.480000138282776,"count":245,"distance":187.15999794006348,"speed":5.081086158752441},{"calorie":2.690000206232071,"count":73,"distance":54.170000076293945,"speed":4.467085838317871},{"calorie":2.7699999809265137,"count":76,"distance":56.510000228881836,"speed":4.501601219177246},{"calorie":7.399999797344208,"count":199,"distance":144.7500114440918,"speed":3.716269016265869},{"calorie":1.6299999952316284,"count":44,"distance":32.260000228881836,"speed":4.191817283630371},{"calorie":0.0,"count":0,"distance":0.0,"speed":0.0},{"calorie":0.0,"count":0,"distance":0.0,"speed":0.0},{"calorie":0.4000000059604645,"count":12,"distance":9.069999694824219,"speed":4.999999523162842},{"calorie":0.0,"count":0,"distance":0.0,"speed":0.0},{"calorie":0.6399999856948853,"count":18,"distance":13.690000057220459,"speed":4.473419666290283},{"calorie":0.0,"count":0,"distance":0.0,"speed":0.0},{"calorie":0.7499999403953552,"count":20,"distance":14.720000267028809,"speed":3.9946200847625732},{"calorie":0.0,"count":0,"distance":0.0,"speed":0.0},{"calorie":0.9599999785423279,"count":27,"distance":20.219999313354492,"speed":4.5},{"calorie":0.6699999570846558,"count":18,"distance":12.929999351501465,"speed":3.7098824977874756},{"calorie":12.279999703168869,"count":331,"distance":244.78999996185303,"speed":4.277911186218262},{"calorie":1.9700000286102295,"count":52,"distance":38.66999816894531,"speed":4.511462688446045},{"calorie":2.3299999833106995,"count":63,"distance":46.790000915527344,"speed":4.559802532196045},{"calorie":6.839999943971634,"count":180,"distance":132.87999820709229,"speed":4.301494121551514},{"calorie":4.870000064373016,"count":129,"distance":97.38000106811523,"speed":4.654099464416504},{"calorie":1.2100000381469727,"count":32,"distance":24.34000015258789,"speed":4.900000095367432},{"calorie":2.3700000047683716,"count":65,"distance":49.239999771118164,"speed":4.871329307556152},{"calorie":2.3600000143051147,"count":66,"distance":46.269999980926514,"speed":4.176899433135986},{"calorie":3.8700000047683716,"count":113,"distance":86.22999954223633,"speed":5.226476669311523},{"calorie":2.75,"count":72,"distance":53.57999897003174,"speed":4.700000286102295},{"calorie":3.309999942779541,"count":91,"distance":68.22999858856201,"speed":4.588574409484863},{"calorie":10.919999778270721,"count":301,"distance":227.4800033569336,"speed":4.838486194610596},{"calorie":13.819999516010284,"count":379,"distance":287.3700008392334,"speed":4.861025333404541},{"calorie":7.789999961853027,"count":214,"distance":160.9699993133545,"speed":4.75268030166626},{"calorie":3.160000205039978,"count":85,"distance":63.410000801086426,"speed":4.59522008895874},{"calorie":4.609999984502792,"count":127,"distance":95.09000062942505,"speed":4.690554618835449},{"calorie":2.9200000762939453,"count":83,"distance":62.290000915527344,"speed":4.595304012298584},{"calorie":0.0,"count":0,"distance":0.0,"speed":0.0},{"calorie":0.3199999928474426,"count":9,"distance":6.519999980926514,"speed":4.099999904632568},{"calorie":2.2199999690055847,"count":64,"distance":47.559998989105225,"speed":4.314587593078613},{"calorie":1.2599999904632568,"count":34,"distance":25.260000228881836,"speed":4.5},{"calorie":0.0,"count":0,"distance":0.0,"speed":0.0},{"calorie":4.39999994635582,"count":124,"distance":93.44999885559082,"speed":4.88330602645874},{"calorie":1.75,"count":46,"distance":34.38999938964844,"speed":4.751917362213135},{"calorie":0.0,"count":0,"distance":0.0,"speed":0.0},{"calorie":8.319999933242798,"count":220,"distance":160.00001096725464,"speed":3.8393654823303223},{"calorie":0.0,"count":0,"distance":0.0,"speed":0.0},{"calorie":1.1199999898672104,"count":29,"distance":21.50000023841858,"speed":4.239926815032959},{"calorie":0.0,"count":0,"distance":0.0,"speed":0.0},{"calorie":0.0,"count":0,"distance":0.0,"speed":0.0},{"calorie":18.58000022172928,"count":582,"distance":448.49999713897705,"speed":5.272916316986084},{"calorie":5.229999661445618,"count":154,"distance":111.89999961853027,"speed":5.8760833740234375},{"calorie":7.379999130964279,"count":183,"distance":146.84000825881958,"speed":5.6643500328063965},{"calorie":0.0,"count":0,"distance":0.0,"speed":0.0},{"calorie":0.0,"count":0,"distance":0.0,"speed":0.0},{"calorie":0.0,"count":0,"distance":0.0,"speed":0.0},{"calorie":0.0,"count":0,"distance":0.0,"speed":0.0},{"calorie":0.0,"count":0,"distance":0.0,"speed":0.0},{"calorie":0.0,"count":0,"distance":0.0,"speed":0.0},{"calorie":0.0,"count":0,"distance":0.0,"speed":0.0},{"calorie":4.730000019073486,"count":118,"distance":89.48999786376953,"speed":4.4739460945129395},{"calorie":12.62999975681305,"count":413,"distance":321.3499946594238,"speed":5.503586292266846},{"calorie":2.9599998593330383,"count":80,"distance":60.739999294281006,"speed":4.802576065063477},{"calorie":1.2799999713897705,"count":35,"distance":25.779998779296875,"speed":4.423311710357666},{"calorie":0.35999998450279236,"count":11,"distance":8.780000686645508,"speed":6.533288955688477},{"calorie":0.0,"count":0,"distance":0.0,"speed":0.0},{"calorie":0.0,"count":0,"distance":0.0,"speed":0.0},{"calorie":1.339999981224537,"count":36,"distance":26.660000324249268,"speed":4.441900253295898},{"calorie":0.0,"count":0,"distance":0.0,"speed":0.0},{"calorie":0.0,"count":0,"distance":0.0,"speed":0.0},{"calorie":0.64000004529953,"count":17,"distance":12.849998474121094,"speed":4.50938081741333},{"calorie":0.0,"count":0,"distance":0.0,"speed":0.0},{"calorie":1.6899999678134918,"count":47,"distance":34.839999198913574,"speed":4.328995704650879},{"calorie":0.47999995946884155,"count":13,"distance":9.829999923706055,"speed":4.621359348297119},{"calorie":0.0,"count":0,"distance":0.0,"speed":0.0},{"calorie":0.0,"count":0,"distance":0.0,"speed":0.0},{"calorie":0.0,"count":0,"distance":0.0,"speed":0.0},{"calorie":0.0,"count":0,"distance":0.0,"speed":0.0},{"calorie":0.0,"count":0,"distance":0.0,"speed":0.0},{"calorie":0.0,"count":0,"distance":0.0,"speed":0.0}]