[{"calorie":0.0,"count":0,"distance":0.0,"speed":0.0},{"calorie":0.0,"count":0,"distance":0.0,"speed":0.0},{"calorie":0.0,"count":0,"distance":0.0,"speed":0.0},{"calorie":0.0,"count":0,"distance":0.0,"speed":0.0},{"calorie":0.0,"count":0,"distance":0.0,"speed":0.0},{"calorie":0.0,"count":0,"distance":0.0,"speed":0.0},{"calorie":0.0,"count":0,"distance":0.0,"speed":0.0},{"calorie":0.0,"count":0,"distance":0.0,"speed":0.0},{"calorie":0.0,"count":0,"distance":0.0,"speed":0.0},{"calorie":0.0,"count":0,"distance":0.0,"speed":0.0},{"calorie":0.0,"count":0,"distance":0.0,"speed":0.0},{"calorie":0.0,"count":0,"distance":0.0,"speed":0.0},{"calorie":0.0,"count":0,"distance":0.0,"speed":0.0},{"calorie":0.0,"count":0,"distance":0.0,"speed":0.0},{"calorie":0.0,"count":0,"distance":0.0,"speed":0.0},{"calorie":0.0,"count":0,"distance":0.0,"speed":0.0},{"calorie":0.0,"count":0,"distance":0.0,"speed":0.0},{"calorie":0.0,"count":0,"distance":0.0,"speed":0.0},{"calorie":0.0,"count":0,"distance":0.0,"speed":0.0},{"calorie":0.0,"count":0,"distance":0.0,"speed":0.0},{"calorie":0.0,"count":0,"distance":0.0,"speed":0.0},{"calorie":0.0,"count":0,"distance":0.0,"speed":0.0},{"calorie":0.0,"count":0,"distance":0.0,"speed":0.0},{"calorie":0.0,"count":0,"distance":0.0,"speed":0.0},{"calorie":0.0,"count":0,"distance":0.0,"speed":0.0},{"calorie":0.0,"count":0,"distance":0.0,"speed":0.0},{"calorie":0.0,"count":0,"distance":0.0,"speed":0.0},{"calorie":0.0,"count":0,"distance":0.0,"speed":0.0},{"calorie":0.0,"count":0,"distance":0.0,"speed":0.0},{"calorie":0.0,"count":0,"distance":0.0,"speed":0.0},{"calorie":0.0,"count":0,"distance":0.0,"speed":0.0},{"calorie":0.0,"count":0,"distance":0.0,"speed":0.0},{"calorie":0.0,"count":0,"distance":0.0,"speed":0.0},{"calorie":0.0,"count":0,"distance":0.0,"speed":0.0},{"calorie":0.0,"count":0,"distance":0.0,"speed":0.0},{"calorie":0.0,"count":0,"distance":0.0,"speed":0.0},{"calorie":0.0,"count":0,"distance":0.0,"speed":0.0},{"calorie":0.0,"count":0,"distance":0.0,"speed":0.0},{"calorie":0.0,"count":0,"distance":0.0,"speed":0.0},{"calorie":0.0,"count":0,"distance":0.0,"speed":0.0},{"calorie":0.0,"count":0,"distance":0.0,"speed":0.0},{"calorie":0.0,"count":0,"distance":0.0,"speed":0.0},{"calorie":0.0,"count":0,"distance":0.0,"speed":0.0},{"calorie":0.0,"count":0,"distance":0.0,"speed":0.0},{"calorie":0.0,"count":0,"distance":0.0,"speed":0.0},{"calorie":0.0,"count":0,"distance":0.0,"speed":0.0},{"calorie":0.8600000143051147,"count":25,"distance":18.1299991607666,"speed":3.8222334384918213},{"calorie":1.8199996948242188,"count":56,"distance":42.880008697509766,"speed":5.283958911895752},{"calorie":3.7099999487400055,"count":101,"distance":75.63000106811523,"speed":4.610434055328369},{"calorie":0.0,"count":0,"distance":0.0,"speed":0.0},{"calorie":0.0,"count":0,"distance":0.0,"speed":0.0},{"calorie":0.0,"count":0,"distance":0.0,"speed":0.0},{"calorie":0.0,"count":0,"distance":0.0,"speed":0.0},{"calorie":0.0,"count":0,"distance":0.0,"speed":0.0},{"calorie":0.9200001358985901,"count":25,"distance":18.30999755859375,"speed":4.298616409301758},{"calorie":0.0,"count":0,"distance":0.0,"speed":0.0},{"calorie":0.0,"count":0,"distance":0.0,"speed":0.0},{"calorie":0.0,"count":0,"distance":0.0,"speed":0.0},{"calorie":0.0,"count":0,"distance":0.0,"speed":0.0},{"calorie":0.0,"count":0,"distance":0.0,"speed":0.0},{"calorie":0.8100000023841858,"count":23,"distance":18.0,"speed":5.388147830963135},{"calorie":0.0,"count":0,"distance":0.0,"speed":0.0},{"calorie":0.6799999922513962,"count":20,"distance":14.630000114440918,"speed":4.540412425994873},{"calorie":0.0,"count":0,"distance":0.0,"speed":0.0},{"calorie":0.8800000548362732,"count":24,"distance":17.919998168945312,"speed":4.37392520904541},{"calorie":0.0,"count":0,"distance":0.0,"speed":0.0},{"calorie":0.0,"count":0,"distance":0.0,"speed":0.0},{"calorie":0.9600001573562622,"count":23,"distance":18.029996871948242,"speed":4.162388801574707},{"calorie":0.0,"count":0,"distance":0.0,"speed":0.0},{"calorie":0.0,"count":0,"distance":0.0,"speed":0.0},{"calorie":0.0,"count":0,"distance":0.0,"speed":0.0},{"calorie":2.419999837875366,"count":63,"distance":45.380000591278076,"speed":3.631728172302246},{"calorie":0.0,"count":0,"distance":0.0,"speed":0.0},{"calorie":0.6599999964237213,"count":18,"distance":13.130000114440918,"speed":4.079310417175293},{"calorie":2.78999987244606,"count":75,"distance":55.0600004196167,"speed":4.243789196014404},{"calorie":4.450000166893005,"count":125,"distance":93.07999801635742,"speed":4.403690338134766},{"calorie":0.0,"count":0,"distance":0.0,"speed":0.0},{"calorie":0.9099999815225601,"count":26,"distance":19.619999885559082,"speed":4.881353855133057},{"calorie":0.0,"count":0,"distance":0.0,"speed":0.0},{"calorie":0.9799999743700027,"count":28,"distance":20.660000324249268,"speed":4.135149955749512},{"calorie":0.0,"count":0,"distance":0.0,"speed":0.0},{"calorie":0.0,"count":0,"distance":0.0,"speed":0.0},{"calorie":0.0,"count":0,"distance":0.0,"speed":0.0},{"calorie":0.0,"count":0,"distance":0.0,"speed":0.0},{"calorie":0.0,"count":0,"distance":0.0,"speed":0.0},{"calorie":0.0,"count":0,"distance":0.0,"speed":0.0},{"calorie":0.0,"count":0,"distance":0.0,"speed":0.0},{"calorie":27.08999991416931,"count":866,"distance":671.0700101852417,"speed":5.419014930725098},{"calorie":14.339999914169312,"count":438,"distance":336.5599994659424,"speed":5.213381767272949},{"calorie":0.0,"count":0,"distance":0.0,"speed":0.0},{"calorie":5.43999931961298,"count":165,"distance":125.97995162010193,"speed":4.990025043487549},{"calorie":14.499999821186066,"count":451,"distance":345.9100046157837,"speed":5.110776901245117},{"calorie":4.499999970197678,"count":120,"distance":89.05999994277954,"speed":4.45357608795166},{"calorie":7.419999867677689,"count":195,"distance":141.6499948501587,"speed":3.906437635421753},{"calorie":2.700000047683716,"count":70,"distance":51.09000015258789,"speed":3.9714319705963135},{"calorie":0.9600000381469727,"count":27,"distance":21.160001754760742,"speed":4.983428955078125},{"calorie":9.269999384880066,"count":249,"distance":184.9499969482422,"speed":4.39307165145874},{"calorie":12.859999477863312,"count":361,"distance":271.21999740600586,"speed":4.571849346160889},{"calorie":6.210000038146973,"count":178,"distance":135.73999881744385,"speed":5.060998916625977},{"calorie":18.899999499320984,"count":596,"distance":460.47999382019043,"speed":5.338270664215088},{"calorie":2.869999885559082,"count":89,"distance":68.91999816894531,"speed":5.299999713897705},{"calorie":0.0,"count":0,"distance":0.0,"speed":0.0},{"calorie":0.0,"count":0,"distance":0.0,"speed":0.0},{"calorie":0.0,"count":0,"distance":0.0,"speed":0.0},{"calorie":0.0,"count":0,"distance":0.0,"speed":0.0},{"calorie":0.0,"count":0,"distance":0.0,"speed":0.0},{"calorie":5.239999890327454,"count":138,"distance":104.64999771118164,"speed":5.005825996398926},{"calorie":35.02997612953186,"count":984,"distance":752.9996967315674,"speed":5.083873271942139},{"calorie":4.61999985575676,"count":123,"distance":91.82999849319458,"speed":4.504588603973389},{"calorie":0.0,"count":0,"distance":0.0,"speed":0.0},{"calorie":0.0,"count":0,"distance":0.0,"speed":0.0},{"calorie":0.0,"count":0,"distance":0.0,"speed":0.0},{"calorie":0.28999999165534973,"count":8,"distance":5.779999732971191,"speed":3.873915433883667},{"calorie":2.7699999809265137,"count":75,"distance":55.279998779296875,"speed":4.2084245681762695},{"calorie":0.0,"count":0,"distance":0.0,"speed":0.0},{"calorie":0.0,"count":0,"distance":0.0,"speed":0.0},{"calorie":0.0,"count":0,"distance":0.0,"speed":0.0},{"calorie":0.0,"count":0,"distance":0.0,"speed":0.0},{"calorie":0.0,"count":0,"distance":0.0,"speed":0.0},{"calorie":0.0,"count":0,"distance":0.0,"speed":0.0},{"calorie":0.0,"count":0,"distance":0.0,"speed":0.0},{"calorie":0.0,"count":0,"distance":0.0,"speed":0.0},{"calorie":0.0,"count":0,"distance":0.0,"speed":0.0},{"calorie":0.0,"count":0,"distance":0.0,"speed":0.0},{"calorie":0.0,"count":0,"distance":0.0,"speed":0.0},{"calorie":0.0,"count":0,"distance":0.0,"speed":0.0},{"calorie":0.0,"count":0,"distance":0.0,"speed":0.0},{"calorie":0.0,"count":0,"distance":0.0,"speed":0.0},{"calorie":1.499999761581421,"count":42,"distance":31.470001220703125,"speed":4.559676170349121},{"calorie":0.0,"count":0,"distance":0.0,"speed":0.0},{"calorie":0.0,"count":0,"distance":0.0,"speed":0.0},{"calorie":0.0,"count":0,"distance":0.0,"speed":0.0},{"calorie":0.0,"count":0,"distance":0.0,"speed":0.0},{"calorie":0.0,"count":0,"distance":0.0,"speed":0.0},{"calorie":0.0,"count":0,"distance":0.0,"speed":0.0},{"calorie":0.0,"count":0,"distance":0.0,"speed":0.0},{"calorie":0.0,"count":0,"distance":0.0,"speed":0.0},{"calorie":0.0,"count":0,"distance":0.0,"speed":0.0},{"calorie":0.0,"count":0,"distance":0.0,"speed":0.0},{"calorie":0.0,"count":0,"distance":0.0,"speed":0.0},{"calorie":0.0,"count":0,"distance":0.0,"speed":0.0},{"calorie":0.0,"count":0,"distance":0.0,"speed":0.0},{"calorie":0.0,"count":0,"distance":0.0,"speed":0.0},{"calorie":0.0,"count":0,"distance":0.0,"speed":0.0}]