[{"calorie":0.0,"count":0,"distance":0.0,"speed":0.0},{"calorie":0.0,"count":0,"distance":0.0,"speed":0.0},{"calorie":0.0,"count":0,"distance":0.0,"speed":0.0},{"calorie":0.0,"count":0,"distance":0.0,"speed":0.0},{"calorie":0.0,"count":0,"distance":0.0,"speed":0.0},{"calorie":0.0,"count":0,"distance":0.0,"speed":0.0},{"calorie":0.0,"count":0,"distance":0.0,"speed":0.0},{"calorie":0.0,"count":0,"distance":0.0,"speed":0.0},{"calorie":0.0,"count":0,"distance":0.0,"speed":0.0},{"calorie":0.0,"count":0,"distance":0.0,"speed":0.0},{"calorie":0.0,"count":0,"distance":0.0,"speed":0.0},{"calorie":0.0,"count":0,"distance":0.0,"speed":0.0},{"calorie":0.0,"count":0,"distance":0.0,"speed":0.0},{"calorie":0.0,"count":0,"distance":0.0,"speed":0.0},{"calorie":0.0,"count":0,"distance":0.0,"speed":0.0},{"calorie":0.0,"count":0,"distance":0.0,"speed":0.0},{"calorie":0.0,"count":0,"distance":0.0,"speed":0.0},{"calorie":0.0,"count":0,"distance":0.0,"speed":0.0},{"calorie":0.0,"count":0,"distance":0.0,"speed":0.0},{"calorie":0.0,"count":0,"distance":0.0,"speed":0.0},{"calorie":0.0,"count":0,"distance":0.0,"speed":0.0},{"calorie":0.0,"count":0,"distance":0.0,"speed":0.0},{"calorie":0.0,"count":0,"distance":0.0,"speed":0.0},{"calorie":0.0,"count":0,"distance":0.0,"speed":0.0},{"calorie":0.0,"count":0,"distance":0.0,"speed":0.0},{"calorie":0.0,"count":0,"distance":0.0,"speed":0.0},{"calorie":0.0,"count":0,"distance":0.0,"speed":0.0},{"calorie":0.0,"count":0,"distance":0.0,"speed":0.0},{"calorie":0.0,"count":0,"distance":0.0,"speed":0.0},{"calorie":0.0,"count":0,"distance":0.0,"speed":0.0},{"calorie":0.0,"count":0,"distance":0.0,"speed":0.0},{"calorie":0.0,"count":0,"distance":0.0,"speed":0.0},{"calorie":0.0,"count":0,"distance":0.0,"speed":0.0},{"calorie":0.0,"count":0,"distance":0.0,"speed":0.0},{"calorie":0.0,"count":0,"distance":0.0,"speed":0.0},{"calorie":0.0,"count":0,"distance":0.0,"speed":0.0},{"calorie":0.0,"count":0,"distance":0.0,"speed":0.0},{"calorie":0.0,"count":0,"distance":0.0,"speed":0.0},{"calorie":0.0,"count":0,"distance":0.0,"speed":0.0},{"calorie":0.0,"count":0,"distance":0.0,"speed":0.0},{"calorie":0.0,"count":0,"distance":0.0,"speed":0.0},{"calorie":0.0,"count":0,"distance":0.0,"speed":0.0},{"calorie":0.0,"count":0,"distance":0.0,"speed":0.0},{"calorie":0.0,"count":0,"distance":0.0,"speed":0.0},{"calorie":0.0,"count":0,"distance":0.0,"speed":0.0},{"calorie":0.0,"count":0,"distance":0.0,"speed":0.0},{"calorie":0.0,"count":0,"distance":0.0,"speed":0.0},{"calorie":3.3300000429153442,"count":88,"distance":65.36999988555908,"speed":4.502843379974365},{"calorie":3.9799998998641968,"count":107,"distance":78.42999839782715,"speed":4.095034122467041},{"calorie":4.38000001013279,"count":123,"distance":92.52000045776367,"speed":4.636205196380615},{"calorie":5.750000089406967,"count":156,"distance":115.45999956130981,"speed":4.393591403961182},{"calorie":7.910000026226044,"count":189,"distance":146.65000200271606,"speed":4.127969741821289},{"calorie":1.350000023841858,"count":37,"distance":27.369999885559082,"speed":4.203636169433594},{"calorie":4.529999911785126,"count":126,"distance":94.4000015258789,"speed":4.643255233764648},{"calorie":2.0399999767541885,"count":55,"distance":40.8700008392334,"speed":4.294410228729248},{"calorie":6.019999384880066,"count":155,"distance":118.9000015258789,"speed":4.7113237380981445},{"calorie":3.8699995279312134,"count":103,"distance":77.6299934387207,"speed":4.77717924118042},{"calorie":0.0,"count":0,"distance":0.0,"speed":0.0},{"calorie":12.459999978542328,"count":378,"distance":290.82999992370605,"speed":5.285781383514404},{"calorie":4.089999705553055,"count":110,"distance":80.25000333786011,"speed":4.200157642364502},{"calorie":3.3599993214011192,"count":82,"distance":66.68000102043152,"speed":5.361848831176758},{"calorie":6.829999923706055,"count":177,"distance":130.41000175476074,"speed":4.380340576171875},{"calorie":4.409999966621399,"count":116,"distance":87.46000099182129,"speed":4.729118824005127},{"calorie":4.450000032782555,"count":122,"distance":91.68000030517578,"speed":4.759109973907471},{"calorie":2.8000000715255737,"count":74,"distance":54.21999740600586,"speed":4.105882167816162},{"calorie":1.6899999678134918,"count":47,"distance":35.170000076293945,"speed":4.755674362182617},{"calorie":10.559999823570251,"count":302,"distance":228.270001411438,"speed":4.917513370513916},{"calorie":6.930000066757202,"count":190,"distance":142.58999919891357,"speed":4.743190288543701},{"calorie":4.869999885559082,"count":135,"distance":101.13998985290527,"speed":4.707279682159424},{"calorie":4.890000082552433,"count":131,"distance":96.93000292778015,"speed":4.404356002807617},{"calorie":8.519999980926514,"count":218,"distance":161.45999908447266,"speed":4.4806809425354},{"calorie":1.4600000381469727,"count":38,"distance":28.199999809265137,"speed":4.459958076477051},{"calorie":0.0,"count":0,"distance":0.0,"speed":0.0},{"calorie":2.239999994635582,"count":64,"distance":48.55999946594238,"speed":4.923223495483398},{"calorie":0.0,"count":0,"distance":0.0,"speed":0.0},{"calorie":7.50999790430069,"count":198,"distance":146.97000122070312,"speed":4.404121398925781},{"calorie":6.889998584985733,"count":182,"distance":134.47001695632935,"speed":4.2402849197387695},{"calorie":4.730000257492065,"count":122,"distance":90.49999618530273,"speed":4.34010648727417},{"calorie":0.7199999094009399,"count":22,"distance":16.830001831054688,"speed":5.100000381469727},{"calorie":0.0,"count":0,"distance":0.0,"speed":0.0},{"calorie":0.0,"count":0,"distance":0.0,"speed":0.0},{"calorie":0.9300001263618469,"count":26,"distance":19.34000015258789,"speed":4.580193042755127},{"calorie":0.0,"count":0,"distance":0.0,"speed":0.0},{"calorie":3.259999632835388,"count":92,"distance":69.87000465393066,"speed":5.0765700340271},{"calorie":0.9399999976158142,"count":25,"distance":18.56999969482422,"speed":4.299999713897705},{"calorie":4.459999889135361,"count":124,"distance":93.49000072479248,"speed":4.76015567779541},{"calorie":3.900000035762787,"count":109,"distance":80.97999954223633,"speed":4.467496871948242},{"calorie":4.39999994635582,"count":119,"distance":86.9100022315979,"speed":3.9289538860321045},{"calorie":7.6399999260902405,"count":212,"distance":157.54000091552734,"speed":4.467639923095703},{"calorie":5.080000139772892,"count":133,"distance":98.2200026512146,"speed":4.135972023010254},{"calorie":3.9000000953674316,"count":117,"distance":89.68999862670898,"speed":5.225706100463867},{"calorie":4.860000103712082,"count":136,"distance":103.33000087738037,"speed":5.070060729980469},{"calorie":4.870000004768372,"count":134,"distance":100.97999954223633,"speed":4.769528865814209},{"calorie":8.009999960660934,"count":216,"distance":162.3599991798401,"speed":4.672906875610352},{"calorie":9.149999797344208,"count":258,"distance":196.27998542785645,"speed":4.9891581535339355},{"calorie":0.0,"count":0,"distance":0.0,"speed":0.0},{"calorie":0.0,"count":0,"distance":0.0,"speed":0.0},{"calorie":0.550000011920929,"count":15,"distance":10.800000190734863,"speed":4.600000381469727},{"calorie":0.0,"count":0,"distance":0.0,"speed":0.0},{"calorie":0.0,"count":0,"distance":0.0,"speed":0.0},{"calorie":0.0,"count":0,"distance":0.0,"speed":0.0},{"calorie":0.0,"count":0,"distance":0.0,"speed":0.0},{"calorie":0.0,"count":0,"distance":0.0,"speed":0.0},{"calorie":0.0,"count":0,"distance":0.0,"speed":0.0},{"calorie":0.0,"count":0,"distance":0.0,"speed":0.0},{"calorie":0.0,"count":0,"distance":0.0,"speed":0.0},{"calorie":1.1700000166893005,"count":32,"distance":23.710000038146973,"speed":4.341176986694336},{"calorie":3.009999603033066,"count":81,"distance":60.760000228881836,"speed":4.532559394836426},{"calorie":1.4100000262260437,"count":39,"distance":29.31999969482422,"speed":4.820937633514404},{"calorie":4.060000061988831,"count":108,"distance":79.46999931335449,"speed":4.39241361618042},{"calorie":0.0,"count":0,"distance":0.0,"speed":0.0},{"calorie":0.0,"count":0,"distance":0.0,"speed":0.0},{"calorie":0.23999999463558197,"count":7,"distance":5.619999885559082,"speed":6.900000095367432},{"calorie":0.0,"count":0,"distance":0.0,"speed":0.0},{"calorie":5.2499998807907104,"count":144,"distance":108.4799976348877,"speed":4.61729097366333},{"calorie":2.4000000059604645,"count":66,"distance":49.65000104904175,"speed":4.645742416381836},{"calorie":1.3700000047683716,"count":41,"distance":31.200000762939453,"speed":5.099999904632568},{"calorie":10.099999070167542,"count":254,"distance":189.8700065612793,"speed":4.701015472412109},{"calorie":0.0,"count":0,"distance":0.0,"speed":0.0},{"calorie":0.0,"count":0,"distance":0.0,"speed":0.0},{"calorie":0.0,"count":0,"distance":0.0,"speed":0.0},{"calorie":0.0,"count":0,"distance":0.0,"speed":0.0},{"calorie":0.0,"count":0,"distance":0.0,"speed":0.0},{"calorie":0.0,"count":0,"distance":0.0,"speed":0.0},{"calorie":0.0,"count":0,"distance":0.0,"speed":0.0},{"calorie":0.0,"count":0,"distance":0.0,"speed":0.0},{"calorie":0.0,"count":0,"distance":0.0,"speed":0.0},{"calorie":0.0,"count":0,"distance":0.0,"speed":0.0},{"calorie":0.9700000286102295,"count":18,"distance":17.520000457763672,"speed":10.800000190734863},{"calorie":0.0,"count":0,"distance":0.0,"speed":0.0},{"calorie":0.0,"count":0,"distance":0.0,"speed":0.0},{"calorie":0.0,"count":0,"distance":0.0,"speed":0.0},{"calorie":12.35999983549118,"count":315,"distance":237.62999773025513,"speed":4.737793445587158},{"calorie":5.109999969601631,"count":134,"distance":99.31000280380249,"speed":4.464122295379639},{"calorie":2.1899994611740112,"count":62,"distance":46.66000747680664,"speed":4.725353717803955},{"calorie":0.28999999165534973,"count":8,"distance":6.050000190734863,"speed":4.780868053436279},{"calorie":0.0,"count":0,"distance":0.0,"speed":0.0},{"calorie":0.0,"count":0,"distance":0.0,"speed":0.0},{"calorie":0.0,"count":0,"distance":0.0,"speed":0.0},{"calorie":1.5899999141693115,"count":43,"distance":31.690001487731934,"speed":4.227519989013672},{"calorie":0.0,"count":0,"distance":0.0,"speed":0.0},{"calorie":0.26999998092651367,"count":8,"distance":6.210000038146973,"speed":5.274844646453857},{"calorie":0.28999999165534973,"count":8,"distance":5.880000114440918,"speed":4.700000286102295},{"calorie":0.0,"count":0,"distance":0.0,"speed":0.0}]