[{"calorie":0.0,"count":0,"distance":0.0,"speed":0.0},{"calorie":0.4099999666213989,"count":11,"distance":8.129999160766602,"speed":4.408917427062988},{"calorie":0.25,"count":7,"distance":5.270000457763672,"speed":5.154489994049072},{"calorie":0.25999999046325684,"count":7,"distance":4.949999809265137,"speed":4.400000095367432},{"calorie":0.0,"count":0,"distance":0.0,"speed":0.0},{"calorie":0.0,"count":0,"distance":0.0,"speed":0.0},{"calorie":0.0,"count":0,"distance":0.0,"speed":0.0},{"calorie":0.0,"count":0,"distance":0.0,"speed":0.0},{"calorie":0.0,"count":0,"distance":0.0,"speed":0.0},{"calorie":0.0,"count":0,"distance":0.0,"speed":0.0},{"calorie":0.0,"count":0,"distance":0.0,"speed":0.0},{"calorie":0.0,"count":0,"distance":0.0,"speed":0.0},{"calorie":0.0,"count":0,"distance":0.0,"speed":0.0},{"calorie":0.0,"count":0,"distance":0.0,"speed":0.0},{"calorie":0.0,"count":0,"distance":0.0,"speed":0.0},{"calorie":0.0,"count":0,"distance":0.0,"speed":0.0},{"calorie":0.0,"count":0,"distance":0.0,"speed":0.0},{"calorie":0.0,"count":0,"distance":0.0,"speed":0.0},{"calorie":0.0,"count":0,"distance":0.0,"speed":0.0},{"calorie":0.0,"count":0,"distance":0.0,"speed":0.0},{"calorie":0.0,"count":0,"distance":0.0,"speed":0.0},{"calorie":0.0,"count":0,"distance":0.0,"speed":0.0},{"calorie":0.0,"count":0,"distance":0.0,"speed":0.0},{"calorie":0.0,"count":0,"distance":0.0,"speed":0.0},{"calorie":0.0,"count":0,"distance":0.0,"speed":0.0},{"calorie":0.0,"count":0,"distance":0.0,"speed":0.0},{"calorie":0.0,"count":0,"distance":0.0,"speed":0.0},{"calorie":0.0,"count":0,"distance":0.0,"speed":0.0},{"calorie":0.0,"count":0,"distance":0.0,"speed":0.0},{"calorie":0.0,"count":0,"distance":0.0,"speed":0.0},{"calorie":0.0,"count":0,"distance":0.0,"speed":0.0},{"calorie":0.0,"count":0,"distance":0.0,"speed":0.0},{"calorie":0.0,"count":0,"distance":0.0,"speed":0.0},{"calorie":0.0,"count":0,"distance":0.0,"speed":0.0},{"calorie":0.0,"count":0,"distance":0.0,"speed":0.0},{"calorie":0.0,"count":0,"distance":0.0,"speed":0.0},{"calorie":0.0,"count":0,"distance":0.0,"speed":0.0},{"calorie":0.0,"count":0,"distance":0.0,"speed":0.0},{"calorie":0.0,"count":0,"distance":0.0,"speed":0.0},{"calorie":0.0,"count":0,"distance":0.0,"speed":0.0},{"calorie":0.0,"count":0,"distance":0.0,"speed":0.0},{"calorie":0.0,"count":0,"distance":0.0,"speed":0.0},{"calorie":0.0,"count":0,"distance":0.0,"speed":0.0},{"calorie":0.0,"count":0,"distance":0.0,"speed":0.0},{"calorie":0.0,"count":0,"distance":0.0,"speed":0.0},{"calorie":0.0,"count":0,"distance":0.0,"speed":0.0},{"calorie":0.0,"count":0,"distance":0.0,"speed":0.0},{"calorie":0.0,"count":0,"distance":0.0,"speed":0.0},{"calorie":3.9900000393390656,"count":109,"distance":82.58000040054321,"speed":4.57534122467041},{"calorie":0.0,"count":0,"distance":0.0,"speed":0.0},{"calorie":0.0,"count":0,"distance":0.0,"speed":0.0},{"calorie":5.159999966621399,"count":139,"distance":101.91999816894531,"speed":4.279994964599609},{"calorie":3.509999930858612,"count":95,"distance":70.69999980926514,"speed":4.506012439727783},{"calorie":1.199999988079071,"count":32,"distance":24.210000038146973,"speed":4.623169422149658},{"calorie":3.979999303817749,"count":122,"distance":94.41001892089844,"speed":5.293029308319092},{"calorie":4.339998543262482,"count":135,"distance":103.88999271392822,"speed":5.242712497711182},{"calorie":3.540000021457672,"count":101,"distance":72.21000003814697,"speed":4.923081874847412},{"calorie":0.0,"count":0,"distance":0.0,"speed":0.0},{"calorie":0.5299999713897705,"count":15,"distance":11.270000457763672,"speed":4.700000286102295},{"calorie":1.4200000166893005,"count":38,"distance":27.140000343322754,"speed":3.4687066078186035},{"calorie":4.000000029802322,"count":105,"distance":76.00000143051147,"speed":3.7857511043548584},{"calorie":0.9599999785423279,"count":26,"distance":19.05999994277954,"speed":3.8988378047943115},{"calorie":2.5500000417232513,"count":67,"distance":49.360000133514404,"speed":4.210582256317139},{"calorie":5.049999922513962,"count":133,"distance":98.0799994468689,"speed":4.206432342529297},{"calorie":0.0,"count":0,"distance":0.0,"speed":0.0},{"calorie":5.209999918937683,"count":141,"distance":104.01000022888184,"speed":4.240650653839111},{"calorie":2.9700000286102295,"count":78,"distance":57.10000038146973,"speed":4.48789119720459},{"calorie":0.0,"count":0,"distance":0.0,"speed":0.0},{"calorie":0.0,"count":0,"distance":0.0,"speed":0.0},{"calorie":6.640000134706497,"count":175,"distance":132.36999797821045,"speed":4.518670082092285},{"calorie":0.8799999952316284,"count":24,"distance":18.110000610351562,"speed":4.700000286102295},{"calorie":1.5700000524520874,"count":41,"distance":30.780000686645508,"speed":4.799999713897705},{"calorie":1.3599998950958252,"count":36,"distance":25.589996337890625,"speed":4.556237697601318},{"calorie":4.420000068843365,"count":117,"distance":87.46000027656555,"speed":4.553765773773193},{"calorie":0.0,"count":0,"distance":0.0,"speed":0.0},{"calorie":0.0,"count":0,"distance":0.0,"speed":0.0},{"calorie":0.0,"count":0,"distance":0.0,"speed":0.0},{"calorie":0.0,"count":0,"distance":0.0,"speed":0.0},{"calorie":0.869999960064888,"count":25,"distance":18.760000228881836,"speed":4.688721656799316},{"calorie":0.0,"count":0,"distance":0.0,"speed":0.0},{"calorie":0.6499999761581421,"count":18,"distance":13.350000381469727,"speed":4.658249378204346},{"calorie":2.68999981880188,"count":70,"distance":51.59999465942383,"speed":4.233486652374268},{"calorie":2.230000078678131,"count":62,"distance":46.30000019073486,"speed":4.691874980926514},{"calorie":2.800000011920929,"count":75,"distance":55.27000045776367,"speed":4.284948348999023},{"calorie":6.579999953508377,"count":182,"distance":136.65000009536743,"speed":4.660442352294922},{"calorie":5.679999947547913,"count":170,"distance":131.59999656677246,"speed":5.36300802230835},{"calorie":0.0,"count":0,"distance":0.0,"speed":0.0},{"calorie":3.969999998807907,"count":108,"distance":81.10999965667725,"speed":4.686864376068115},{"calorie":1.3100000321865082,"count":36,"distance":26.239999771118164,"speed":4.070096492767334},{"calorie":2.8700000047683716,"count":76,"distance":56.6899995803833,"speed":4.527930736541748},{"calorie":6.750000089406967,"count":200,"distance":153.3299961090088,"speed":5.17849063873291},{"calorie":4.689999923110008,"count":126,"distance":92.14000308513641,"speed":4.07782506942749},{"calorie":4.259999990463257,"count":124,"distance":95.01000022888184,"speed":5.228939056396484},{"calorie":4.300000011920929,"count":119,"distance":89.37000179290771,"speed":4.862520694732666},{"calorie":6.880000114440918,"count":182,"distance":135.1699981689453,"speed":4.786487579345703},{"calorie":2.4799998998641968,"count":65,"distance":47.089996337890625,"speed":3.957651138305664},{"calorie":3.4399999380111694,"count":89,"distance":65.11000061035156,"speed":3.9976305961608887},{"calorie":5.530000030994415,"count":158,"distance":119.59000205993652,"speed":4.7081122398376465},{"calorie":4.820000007748604,"count":129,"distance":95.78999829292297,"speed":4.378759384155273},{"calorie":3.2500000596046448,"count":88,"distance":66.81000137329102,"speed":4.874514579772949},{"calorie":3.349999964237213,"count":91,"distance":68.03000164031982,"speed":4.5593085289001465},{"calorie":0.8400000035762787,"count":25,"distance":18.07999897003174,"speed":4.002396583557129},{"calorie":0.9099999964237213,"count":25,"distance":18.480000495910645,"speed":4.246523380279541},{"calorie":6.090000092983246,"count":173,"distance":132.53999948501587,"speed":5.171825408935547},{"calorie":7.109999716281891,"count":192,"distance":145.34001970291138,"speed":4.805285453796387},{"calorie":7.629999980330467,"count":218,"distance":167.51000022888184,"speed":5.201739311218262},{"calorie":5.129999876022339,"count":160,"distance":124.02000045776367,"speed":5.4382219314575195},{"calorie":0.0,"count":0,"distance":0.0,"speed":0.0},{"calorie":2.2300000190734863,"count":62,"distance":45.30000162124634,"speed":4.088213920593262},{"calorie":1.7099999785423279,"count":48,"distance":36.02000045776367,"speed":4.290928363800049},{"calorie":0.0,"count":0,"distance":0.0,"speed":0.0},{"calorie":1.6200000047683716,"count":42,"distance":30.660000324249268,"speed":3.978175163269043},{"calorie":1.3199999332427979,"count":39,"distance":29.149999618530273,"speed":4.554375171661377},{"calorie":0.0,"count":0,"distance":0.0,"speed":0.0},{"calorie":0.0,"count":0,"distance":0.0,"speed":0.0},{"calorie":0.0,"count":0,"distance":0.0,"speed":0.0},{"calorie":0.0,"count":0,"distance":0.0,"speed":0.0},{"calorie":0.0,"count":0,"distance":0.0,"speed":0.0},{"calorie":2.299999713897705,"count":62,"distance":46.63999938964844,"speed":4.427302837371826},{"calorie":0.0,"count":0,"distance":0.0,"speed":0.0},{"calorie":6.119999706745148,"count":177,"distance":135.35000801086426,"speed":5.099689960479736},{"calorie":0.0,"count":0,"distance":0.0,"speed":0.0},{"calorie":0.0,"count":0,"distance":0.0,"speed":0.0},{"calorie":0.0,"count":0,"distance":0.0,"speed":0.0},{"calorie":0.0,"count":0,"distance":0.0,"speed":0.0},{"calorie":0.0,"count":0,"distance":0.0,"speed":0.0},{"calorie":10.629999876022339,"count":281,"distance":212.64999771118164,"speed":4.796780586242676},{"calorie":1.4199999868869781,"count":40,"distance":30.52999973297119,"speed":5.020137310028076},{"calorie":0.0,"count":0,"distance":0.0,"speed":0.0},{"calorie":0.0,"count":0,"distance":0.0,"speed":0.0},{"calorie":0.0,"count":0,"distance":0.0,"speed":0.0},{"calorie":0.0,"count":0,"distance":0.0,"speed":0.0},{"calorie":0.0,"count":0,"distance":0.0,"speed":0.0},{"calorie":0.0,"count":0,"distance":0.0,"speed":0.0},{"calorie":0.0,"count":0,"distance":0.0,"speed":0.0},{"calorie":0.0,"count":0,"distance":0.0,"speed":0.0},{"calorie":0.0,"count":0,"distance":0.0,"speed":0.0},{"calorie":3.2100000083446503,"count":82,"distance":60.72000074386597,"speed":4.2885894775390625},{"calorie":4.549999862909317,"count":117,"distance":86.8799991607666,"speed":4.354423999786377},{"calorie":6.519999921321869,"count":188,"distance":142.3199987411499,"speed":4.86256742477417},{"calorie":7.5899999141693115,"count":221,"distance":169.32000350952148,"speed":5.261020183563232},{"calorie":0.0,"count":0,"distance":0.0,"speed":0.0},{"calorie":0.9399999976158142,"count":27,"distance":19.90000009536743,"speed":4.262461185455322},{"calorie":2.5200000554323196,"count":70,"distance":53.05000066757202,"speed":4.854366302490234}]