[{"calorie":0.0,"count":0,"distance":0.0,"speed":0.0},{"calorie":0.0,"count":0,"distance":0.0,"speed":0.0},{"calorie":0.0,"count":0,"distance":0.0,"speed":0.0},{"calorie":0.0,"count":0,"distance":0.0,"speed":0.0},{"calorie":0.0,"count":0,"distance":0.0,"speed":0.0},{"calorie":0.0,"count":0,"distance":0.0,"speed":0.0},{"calorie":0.0,"count":0,"distance":0.0,"speed":0.0},{"calorie":0.0,"count":0,"distance":0.0,"speed":0.0},{"calorie":0.0,"count":0,"distance":0.0,"speed":0.0},{"calorie":0.0,"count":0,"distance":0.0,"speed":0.0},{"calorie":0.0,"count":0,"distance":0.0,"speed":0.0},{"calorie":0.0,"count":0,"distance":0.0,"speed":0.0},{"calorie":0.0,"count":0,"distance":0.0,"speed":0.0},{"calorie":0.0,"count":0,"distance":0.0,"speed":0.0},{"calorie":0.0,"count":0,"distance":0.0,"speed":0.0},{"calorie":0.0,"count":0,"distance":0.0,"speed":0.0},{"calorie":0.0,"count":0,"distance":0.0,"speed":0.0},{"calorie":0.0,"count":0,"distance":0.0,"speed":0.0},{"calorie":0.0,"count":0,"distance":0.0,"speed":0.0},{"calorie":0.0,"count":0,"distance":0.0,"speed":0.0},{"calorie":0.0,"count":0,"distance":0.0,"speed":0.0},{"calorie":0.0,"count":0,"distance":0.0,"speed":0.0},{"calorie":0.0,"count":0,"distance":0.0,"speed":0.0},{"calorie":0.0,"count":0,"distance":0.0,"speed":0.0},{"calorie":0.0,"count":0,"distance":0.0,"speed":0.0},{"calorie":0.0,"count":0,"distance":0.0,"speed":0.0},{"calorie":0.0,"count":0,"distance":0.0,"speed":0.0},{"calorie":0.0,"count":0,"distance":0.0,"speed":0.0},{"calorie":0.0,"count":0,"distance":0.0,"speed":0.0},{"calorie":0.0,"count":0,"distance":0.0,"speed":0.0},{"calorie":0.0,"count":0,"distance":0.0,"speed":0.0},{"calorie":0.0,"count":0,"distance":0.0,"speed":0.0},{"calorie":0.0,"count":0,"distance":0.0,"speed":0.0},{"calorie":0.0,"count":0,"distance":0.0,"speed":0.0},{"calorie":0.0,"count":0,"distance":0.0,"speed":0.0},{"calorie":0.0,"count":0,"distance":0.0,"speed":0.0},{"calorie":0.0,"count":0,"distance":0.0,"speed":0.0},{"calorie":0.0,"count":0,"distance":0.0,"speed":0.0},{"calorie":0.0,"count":0,"distance":0.0,"speed":0.0},{"calorie":0.0,"count":0,"distance":0.0,"speed":0.0},{"calorie":0.0,"count":0,"distance":0.0,"speed":0.0},{"calorie":0.0,"count":0,"distance":0.0,"speed":0.0},{"calorie":0.0,"count":0,"distance":0.0,"speed":0.0},{"calorie":0.0,"count":0,"distance":0.0,"speed":0.0},{"calorie":0.0,"count":0,"distance":0.0,"speed":0.0},{"calorie":0.0,"count":0,"distance":0.0,"speed":0.0},{"calorie":1.4600000083446503,"count":40,"distance":29.350000381469727,"speed":4.2551960945129395},{"calorie":0.5600000023841858,"count":16,"distance":12.479999542236328,"speed":4.999999523162842},{"calorie":7.609999895095825,"count":204,"distance":152.7299976348877,"speed":4.467898368835449},{"calorie":2.569999933242798,"count":75,"distance":56.760000705718994,"speed":5.090139865875244},{"calorie":0.6400000229477882,"count":18,"distance":13.37999939918518,"speed":4.499826908111572},{"calorie":0.5299999713897705,"count":14,"distance":10.55000114440918,"speed":4.676177978515625},{"calorie":0.5899999737739563,"count":17,"distance":12.269998550415039,"speed":3.967273712158203},{"calorie":1.410000056028366,"count":37,"distance":28.350003957748413,"speed":5.038087368011475},{"calorie":3.0300000309944153,"count":86,"distance":65.88999938964844,"speed":5.260520935058594},{"calorie":0.6699999868869781,"count":19,"distance":14.199999809265137,"speed":4.3660502433776855},{"calorie":0.0,"count":0,"distance":0.0,"speed":0.0},{"calorie":0.0,"count":0,"distance":0.0,"speed":0.0},{"calorie":0.0,"count":0,"distance":0.0,"speed":0.0},{"calorie":0.0,"count":0,"distance":0.0,"speed":0.0},{"calorie":0.0,"count":0,"distance":0.0,"speed":0.0},{"calorie":5.939999356865883,"count":159,"distance":118.02999639511108,"speed":4.506198406219482},{"calorie":5.509999930858612,"count":147,"distance":109.15999984741211,"speed":4.410590171813965},{"calorie":0.0,"count":0,"distance":0.0,"speed":0.0},{"calorie":0.0,"count":0,"distance":0.0,"speed":0.0},{"calorie":0.0,"count":0,"distance":0.0,"speed":0.0},{"calorie":0.0,"count":0,"distance":0.0,"speed":0.0},{"calorie":0.0,"count":0,"distance":0.0,"speed":0.0},{"calorie":0.0,"count":0,"distance":0.0,"speed":0.0},{"calorie":0.0,"count":0,"distance":0.0,"speed":0.0},{"calorie":2.9799999594688416,"count":79,"distance":58.52000045776367,"speed":4.354981422424316},{"calorie":1.3400000035762787,"count":38,"distance":29.08999991416931,"speed":5.095203399658203},{"calorie":2.709999978542328,"count":74,"distance":56.65999984741211,"speed":4.787295818328857},{"calorie":0.3699999749660492,"count":10,"distance":7.349999904632568,"speed":4.309531211853027},{"calorie":1.410000041127205,"count":38,"distance":28.100000381469727,"speed":4.145541191101074},{"calorie":0.29999998211860657,"count":8,"distance":5.690000057220459,"speed":3.561164617538452},{"calorie":3.1099999845027924,"count":81,"distance":61.38999891281128,"speed":4.773654460906982},{"calorie":3.0399999022483826,"count":79,"distance":59.36000061035156,"speed":4.619490623474121},{"calorie":0.5799999833106995,"count":15,"distance":10.829998016357422,"speed":3.8973946571350098},{"calorie":0.0,"count":0,"distance":0.0,"speed":0.0},{"calorie":0.5899999737739563,"count":17,"distance":12.750000953674316,"speed":4.929909706115723},{"calorie":0.0,"count":0,"distance":0.0,"speed":0.0},{"calorie":1.2300000190734863,"count":32,"distance":23.08000087738037,"speed":3.6777095794677734},{"calorie":0.0,"count":0,"distance":0.0,"speed":0.0},{"calorie":4.809999912977219,"count":132,"distance":98.75999975204468,"speed":4.641211986541748},{"calorie":6.669999822974205,"count":153,"distance":110.26000380516052,"speed":4.545578956604004},{"calorie":0.0,"count":0,"distance":0.0,"speed":0.0},{"calorie":0.0,"count":0,"distance":0.0,"speed":0.0},{"calorie":1.5400000214576721,"count":42,"distance":30.540000438690186,"speed":4.092265605926514},{"calorie":7.120000049471855,"count":198,"distance":143.42999935150146,"speed":4.657927513122559},{"calorie":2.3699999153614044,"count":66,"distance":48.30000019073486,"speed":4.118885517120361},{"calorie":0.0,"count":0,"distance":0.0,"speed":0.0},{"calorie":0.0,"count":0,"distance":0.0,"speed":0.0},{"calorie":2.4199999570846558,"count":63,"distance":47.50999927520752,"speed":4.762228488922119},{"calorie":3.599999785423279,"count":98,"distance":74.07999420166016,"speed":4.711025238037109},{"calorie":6.000000283122063,"count":161,"distance":120.52000045776367,"speed":4.3260698318481445},{"calorie":0.0,"count":0,"distance":0.0,"speed":0.0},{"calorie":1.9700000658631325,"count":52,"distance":37.93999528884888,"speed":4.046816349029541},{"calorie":0.20999999344348907,"count":6,"distance":4.809999942779541,"speed":5.099999904632568},{"calorie":0.0,"count":0,"distance":0.0,"speed":0.0},{"calorie":0.5900000035762787,"count":16,"distance":11.639999866485596,"speed":3.8376197814941406},{"calorie":1.6800000071525574,"count":46,"distance":34.15999984741211,"speed":4.476827621459961},{"calorie":0.0,"count":0,"distance":0.0,"speed":0.0},{"calorie":0.5699999928474426,"count":16,"distance":12.299999713897705,"speed":4.6497063636779785},{"calorie":4.219999760389328,"count":111,"distance":81.29999303817749,"speed":4.122954368591309},{"calorie":2.770000010728836,"count":74,"distance":54.22000074386597,"speed":4.03039026260376},{"calorie":1.7299999594688416,"count":48,"distance":36.27000045776367,"speed":4.6376566886901855},{"calorie":0.5399999916553497,"count":15,"distance":11.160000324249268,"speed":4.559378623962402},{"calorie":1.3200000077486038,"count":37,"distance":28.239999294281006,"speed":4.823217391967773},{"calorie":1.2999999821186066,"count":36,"distance":26.600000858306885,"speed":4.247623920440674},{"calorie":1.4900000393390656,"count":41,"distance":30.62999963760376,"speed":4.580476760864258},{"calorie":1.1400000154972076,"count":31,"distance":23.220000743865967,"speed":4.498063564300537},{"calorie":9.610000222921371,"count":240,"distance":174.63000059127808,"speed":4.5796356201171875},{"calorie":0.0,"count":0,"distance":0.0,"speed":0.0},{"calorie":4.009998947381973,"count":106,"distance":78.82998180389404,"speed":4.510279655456543},{"calorie":8.039998561143875,"count":216,"distance":162.909987449646,"speed":4.820206642150879},{"calorie":0.0,"count":0,"distance":0.0,"speed":0.0},{"calorie":0.0,"count":0,"distance":0.0,"speed":0.0},{"calorie":0.0,"count":0,"distance":0.0,"speed":0.0},{"calorie":0.0,"count":0,"distance":0.0,"speed":0.0},{"calorie":1.0000000596046448,"count":27,"distance":20.099998474121094,"speed":4.369257926940918},{"calorie":0.0,"count":0,"distance":0.0,"speed":0.0},{"calorie":0.0,"count":0,"distance":0.0,"speed":0.0},{"calorie":0.0,"count":0,"distance":0.0,"speed":0.0},{"calorie":0.0,"count":0,"distance":0.0,"speed":0.0},{"calorie":0.0,"count":0,"distance":0.0,"speed":0.0},{"calorie":0.20999999344348907,"count":6,"distance":4.519999980926514,"speed":4.700000286102295},{"calorie":0.0,"count":0,"distance":0.0,"speed":0.0},{"calorie":0.0,"count":0,"distance":0.0,"speed":0.0},{"calorie":0.0,"count":0,"distance":0.0,"speed":0.0},{"calorie":0.0,"count":0,"distance":0.0,"speed":0.0},{"calorie":0.0,"count":0,"distance":0.0,"speed":0.0},{"calorie":0.0,"count":0,"distance":0.0,"speed":0.0},{"calorie":0.9300001263618469,"count":26,"distance":18.959999084472656,"speed":4.233343601226807},{"calorie":0.7699999213218689,"count":20,"distance":15.049999237060547,"speed":4.681843280792236},{"calorie":3.1499986350536346,"count":80,"distance":59.7899808883667,"speed":4.477574825286865},{"calorie":0.9799998998641968,"count":29,"distance":22.34999990463257,"speed":5.327390193939209},{"calorie":3.1399999856948853,"count":85,"distance":63.19000053405762,"speed":4.420088768005371},{"calorie":1.2400000095367432,"count":32,"distance":23.050000190734863,"speed":3.731166124343872},{"calorie":0.4699999988079071,"count":13,"distance":9.779999732971191,"speed":5.199999809265137},{"calorie":0.47999998927116394,"count":14,"distance":10.459999084472656,"speed":4.09999942779541},{"calorie":0.2199999988079071,"count":6,"distance":4.360000133514404,"speed":4.099999904632568},{"calorie":0.0,"count":0,"distance":0.0,"speed":0.0},{"calorie":1.5099999010562897,"count":37,"distance":28.15999984741211,"speed":4.2642927169799805}]