[{"calorie":0.0,"count":0,"distance":0.0,"speed":0.0},{"calorie":0.0,"count":0,"distance":0.0,"speed":0.0},{"calorie":0.0,"count":0,"distance":0.0,"speed":0.0},{"calorie":0.0,"count":0,"distance":0.0,"speed":0.0},{"calorie":0.0,"count":0,"distance":0.0,"speed":0.0},{"calorie":0.0,"count":0,"distance":0.0,"speed":0.0},{"calorie":0.0,"count":0,"distance":0.0,"speed":0.0},{"calorie":0.0,"count":0,"distance":0.0,"speed":0.0},{"calorie":0.0,"count":0,"distance":0.0,"speed":0.0},{"calorie":0.0,"count":0,"distance":0.0,"speed":0.0},{"calorie":0.0,"count":0,"distance":0.0,"speed":0.0},{"calorie":0.0,"count":0,"distance":0.0,"speed":0.0},{"calorie":0.0,"count":0,"distance":0.0,"speed":0.0},{"calorie":0.0,"count":0,"distance":0.0,"speed":0.0},{"calorie":0.0,"count":0,"distance":0.0,"speed":0.0},{"calorie":0.0,"count":0,"distance":0.0,"speed":0.0},{"calorie":0.0,"count":0,"distance":0.0,"speed":0.0},{"calorie":0.0,"count":0,"distance":0.0,"speed":0.0},{"calorie":0.0,"count":0,"distance":0.0,"speed":0.0},{"calorie":0.0,"count":0,"distance":0.0,"speed":0.0},{"calorie":0.0,"count":0,"distance":0.0,"speed":0.0},{"calorie":0.0,"count":0,"distance":0.0,"speed":0.0},{"calorie":0.0,"count":0,"distance":0.0,"speed":0.0},{"calorie":0.0,"count":0,"distance":0.0,"speed":0.0},{"calorie":0.0,"count":0,"distance":0.0,"speed":0.0},{"calorie":0.0,"count":0,"distance":0.0,"speed":0.0},{"calorie":0.0,"count":0,"distance":0.0,"speed":0.0},{"calorie":0.0,"count":0,"distance":0.0,"speed":0.0},{"calorie":0.0,"count":0,"distance":0.0,"speed":0.0},{"calorie":0.0,"count":0,"distance":0.0,"speed":0.0},{"calorie":0.0,"count":0,"distance":0.0,"speed":0.0},{"calorie":0.0,"count":0,"distance":0.0,"speed":0.0},{"calorie":0.0,"count":0,"distance":0.0,"speed":0.0},{"calorie":0.0,"count":0,"distance":0.0,"speed":0.0},{"calorie":0.0,"count":0,"distance":0.0,"speed":0.0},{"calorie":0.0,"count":0,"distance":0.0,"speed":0.0},{"calorie":0.0,"count":0,"distance":0.0,"speed":0.0},{"calorie":0.0,"count":0,"distance":0.0,"speed":0.0},{"calorie":0.0,"count":0,"distance":0.0,"speed":0.0},{"calorie":0.0,"count":0,"distance":0.0,"speed":0.0},{"calorie":0.9900000095367432,"count":17,"distance":12.0,"speed":4.5},{"calorie":3.2699997425079346,"count":60,"distance":42.12000274658203,"speed":4.013720989227295},{"calorie":0.0,"count":0,"distance":0.0,"speed":0.0},{"calorie":4.349998861551285,"count":74,"distance":52.18001079559326,"speed":4.179286956787109},{"calorie":0.0,"count":0,"distance":0.0,"speed":0.0},{"calorie":1.6700000166893005,"count":28,"distance":19.71000099182129,"speed":4.021282196044922},{"calorie":0.0,"count":0,"distance":0.0,"speed":0.0},{"calorie":0.0,"count":0,"distance":0.0,"speed":0.0},{"calorie":4.859999418258667,"count":82,"distance":58.41999864578247,"speed":4.306814193725586},{"calorie":2.949999988079071,"count":50,"distance":35.19999837875366,"speed":4.203282833099365},{"calorie":11.690000057220459,"count":197,"distance":140.4099998474121,"speed":4.567497730255127},{"calorie":19.8400000333786,"count":332,"distance":231.2299976348877,"speed":3.8681654930114746},{"calorie":4.169999480247498,"count":70,"distance":47.670002460479736,"speed":3.3678083419799805},{"calorie":15.269999921321869,"count":254,"distance":172.46000003814697,"speed":3.3674509525299072},{"calorie":15.329998552799225,"count":256,"distance":178.4200029373169,"speed":4.7489776611328125},{"calorie":0.0,"count":0,"distance":0.0,"speed":0.0},{"calorie":0.0,"count":0,"distance":0.0,"speed":0.0},{"calorie":3.6599977016448975,"count":61,"distance":43.63998794555664,"speed":4.362499237060547},{"calorie":5.129999160766602,"count":88,"distance":62.99998950958252,"speed":4.466118335723877},{"calorie":2.4899999499320984,"count":42,"distance":29.96000099182129,"speed":4.365322113037109},{"calorie":2.8299999237060547,"count":48,"distance":33.76999568939209,"speed":4.061653137207031},{"calorie":0.0,"count":0,"distance":0.0,"speed":0.0},{"calorie":0.0,"count":0,"distance":0.0,"speed":0.0},{"calorie":0.0,"count":0,"distance":0.0,"speed":0.0},{"calorie":0.0,"count":0,"distance":0.0,"speed":0.0},{"calorie":0.0,"count":0,"distance":0.0,"speed":0.0},{"calorie":5.769999980926514,"count":97,"distance":68.86000061035156,"speed":4.3054680824279785},{"calorie":8.559999942779541,"count":144,"distance":102.76000118255615,"speed":4.227667808532715},{"calorie":0.0,"count":0,"distance":0.0,"speed":0.0},{"calorie":0.0,"count":0,"distance":0.0,"speed":0.0},{"calorie":10.329998016357422,"count":173,"distance":122.10002136230469,"speed":4.103485584259033},{"calorie":1.759999930858612,"count":30,"distance":21.079999923706055,"speed":4.114126205444336},{"calorie":6.849999964237213,"count":115,"distance":81.26999950408936,"speed":4.191492557525635},{"calorie":0.8299999833106995,"count":14,"distance":9.720000267028809,"speed":3.478659152984619},{"calorie":0.0,"count":0,"distance":0.0,"speed":0.0},{"calorie":0.0,"count":0,"distance":0.0,"speed":0.0},{"calorie":0.0,"count":0,"distance":0.0,"speed":0.0},{"calorie":0.0,"count":0,"distance":0.0,"speed":0.0},{"calorie":0.0,"count":0,"distance":0.0,"speed":0.0},{"calorie":0.6100000143051147,"count":10,"distance":6.760000228881836,"speed":3.519418239593506},{"calorie":0.0,"count":0,"distance":0.0,"speed":0.0},{"calorie":0.0,"count":0,"distance":0.0,"speed":0.0},{"calorie":8.570000052452087,"count":119,"distance":77.89999961853027,"speed":4.534672260284424},{"calorie":0.0,"count":0,"distance":0.0,"speed":0.0},{"calorie":0.0,"count":0,"distance":0.0,"speed":0.0},{"calorie":0.0,"count":0,"distance":0.0,"speed":0.0},{"calorie":0.0,"count":0,"distance":0.0,"speed":0.0},{"calorie":0.0,"count":0,"distance":0.0,"speed":0.0},{"calorie":0.0,"count":0,"distance":0.0,"speed":0.0},{"calorie":9.289999961853027,"count":138,"distance":88.48000025749207,"speed":4.255781173706055},{"calorie":0.0,"count":0,"distance":0.0,"speed":0.0},{"calorie":0.0,"count":0,"distance":0.0,"speed":0.0},{"calorie":0.0,"count":0,"distance":0.0,"speed":0.0},{"calorie":0.0,"count":0,"distance":0.0,"speed":0.0},{"calorie":0.0,"count":0,"distance":0.0,"speed":0.0},{"calorie":0.0,"count":0,"distance":0.0,"speed":0.0},{"calorie":6.6700000166893005,"count":112,"distance":79.90000009536743,"speed":4.398861408233643},{"calorie":0.0,"count":0,"distance":0.0,"speed":0.0},{"calorie":3.790000047534704,"count":64,"distance":46.03999853134155,"speed":4.6052045822143555},{"calorie":0.5199999809265137,"count":9,"distance":6.630000114440918,"speed":4.799999713897705},{"calorie":0.0,"count":0,"distance":0.0,"speed":0.0},{"calorie":0.0,"count":0,"distance":0.0,"speed":0.0},{"calorie":9.369998931884766,"count":158,"distance":113.04001021385193,"speed":4.347233295440674},{"calorie":3.289999932050705,"count":56,"distance":39.40999937057495,"speed":3.7854700088500977},{"calorie":0.0,"count":0,"distance":0.0,"speed":0.0},{"calorie":0.0,"count":0,"distance":0.0,"speed":0.0},{"calorie":0.0,"count":0,"distance":0.0,"speed":0.0},{"calorie":0.0,"count":0,"distance":0.0,"speed":0.0},{"calorie":0.0,"count":0,"distance":0.0,"speed":0.0},{"calorie":0.0,"count":0,"distance":0.0,"speed":0.0},{"calorie":0.0,"count":0,"distance":0.0,"speed":0.0},{"calorie":0.0,"count":0,"distance":0.0,"speed":0.0},{"calorie":0.0,"count":0,"distance":0.0,"speed":0.0},{"calorie":0.0,"count":0,"distance":0.0,"speed":0.0},{"calorie":0.0,"count":0,"distance":0.0,"speed":0.0},{"calorie":0.0,"count":0,"distance":0.0,"speed":0.0},{"calorie":0.7599999904632568,"count":13,"distance":8.850000381469727,"speed":4.022514820098877},{"calorie":0.0,"count":0,"distance":0.0,"speed":0.0},{"calorie":0.0,"count":0,"distance":0.0,"speed":0.0},{"calorie":1.119999885559082,"count":19,"distance":13.64999771118164,"speed":4.961277484893799},{"calorie":0.0,"count":0,"distance":0.0,"speed":0.0},{"calorie":1.9999998807907104,"count":34,"distance":24.19999885559082,"speed":4.210435390472412},{"calorie":1.1799999475479126,"count":20,"distance":13.410001754760742,"speed":3.21964430809021},{"calorie":0.0,"count":0,"distance":0.0,"speed":0.0},{"calorie":0.0,"count":0,"distance":0.0,"speed":0.0},{"calorie":0.0,"count":0,"distance":0.0,"speed":0.0},{"calorie":0.0,"count":0,"distance":0.0,"speed":0.0},{"calorie":4.840000033378601,"count":82,"distance":58.260000228881836,"speed":4.252709865570068},{"calorie":3.6599998474121094,"count":62,"distance":42.68999671936035,"speed":3.72125506401062},{"calorie":0.0,"count":0,"distance":0.0,"speed":0.0},{"calorie":0.0,"count":0,"distance":0.0,"speed":0.0},{"calorie":0.0,"count":0,"distance":0.0,"speed":0.0},{"calorie":0.0,"count":0,"distance":0.0,"speed":0.0},{"calorie":0.0,"count":0,"distance":0.0,"speed":0.0},{"calorie":0.0,"count":0,"distance":0.0,"speed":0.0},{"calorie":3.889999568462372,"count":66,"distance":47.360002279281616,"speed":4.363901138305664},{"calorie":0.0,"count":0,"distance":0.0,"speed":0.0},{"calorie":4.740000128746033,"count":80,"distance":56.809998512268066,"speed":4.01395845413208},{"calorie":0.0,"count":0,"distance":0.0,"speed":0.0},{"calorie":0.0,"count":0,"distance":0.0,"speed":0.0},{"calorie":0.0,"count":0,"distance":0.0,"speed":0.0},{"calorie":0.0,"count":0,"distance":0.0,"speed":0.0},{"calorie":0.0,"count":0,"distance":0.0,"speed":0.0},{"calorie":0.0,"count":0,"distance":0.0,"speed":0.0}]