[{"calorie":0.0,"count":0,"distance":0.0,"speed":0.0},{"calorie":0.0,"count":0,"distance":0.0,"speed":0.0},{"calorie":0.0,"count":0,"distance":0.0,"speed":0.0},{"calorie":0.0,"count":0,"distance":0.0,"speed":0.0},{"calorie":0.0,"count":0,"distance":0.0,"speed":0.0},{"calorie":0.0,"count":0,"distance":0.0,"speed":0.0},{"calorie":0.0,"count":0,"distance":0.0,"speed":0.0},{"calorie":0.0,"count":0,"distance":0.0,"speed":0.0},{"calorie":0.0,"count":0,"distance":0.0,"speed":0.0},{"calorie":0.0,"count":0,"distance":0.0,"speed":0.0},{"calorie":0.0,"count":0,"distance":0.0,"speed":0.0},{"calorie":0.0,"count":0,"distance":0.0,"speed":0.0},{"calorie":0.0,"count":0,"distance":0.0,"speed":0.0},{"calorie":0.0,"count":0,"distance":0.0,"speed":0.0},{"calorie":0.0,"count":0,"distance":0.0,"speed":0.0},{"calorie":0.0,"count":0,"distance":0.0,"speed":0.0},{"calorie":0.0,"count":0,"distance":0.0,"speed":0.0},{"calorie":0.0,"count":0,"distance":0.0,"speed":0.0},{"calorie":0.0,"count":0,"distance":0.0,"speed":0.0},{"calorie":0.0,"count":0,"distance":0.0,"speed":0.0},{"calorie":0.0,"count":0,"distance":0.0,"speed":0.0},{"calorie":0.0,"count":0,"distance":0.0,"speed":0.0},{"calorie":0.0,"count":0,"distance":0.0,"speed":0.0},{"calorie":0.0,"count":0,"distance":0.0,"speed":0.0},{"calorie":0.0,"count":0,"distance":0.0,"speed":0.0},{"calorie":0.0,"count":0,"distance":0.0,"speed":0.0},{"calorie":0.0,"count":0,"distance":0.0,"speed":0.0},{"calorie":0.0,"count":0,"distance":0.0,"speed":0.0},{"calorie":0.0,"count":0,"distance":0.0,"speed":0.0},{"calorie":0.0,"count":0,"distance":0.0,"speed":0.0},{"calorie":0.0,"count":0,"distance":0.0,"speed":0.0},{"calorie":0.0,"count":0,"distance":0.0,"speed":0.0},{"calorie":0.0,"count":0,"distance":0.0,"speed":0.0},{"calorie":0.0,"count":0,"distance":0.0,"speed":0.0},{"calorie":0.0,"count":0,"distance":0.0,"speed":0.0},{"calorie":0.0,"count":0,"distance":0.0,"speed":0.0},{"calorie":0.0,"count":0,"distance":0.0,"speed":0.0},{"calorie":0.0,"count":0,"distance":0.0,"speed":0.0},{"calorie":0.0,"count":0,"distance":0.0,"speed":0.0},{"calorie":0.0,"count":0,"distance":0.0,"speed":0.0},{"calorie":0.0,"count":0,"distance":0.0,"speed":0.0},{"calorie":0.0,"count":0,"distance":0.0,"speed":0.0},{"calorie":0.0,"count":0,"distance":0.0,"speed":0.0},{"calorie":0.0,"count":0,"distance":0.0,"speed":0.0},{"calorie":0.0,"count":0,"distance":0.0,"speed":0.0},{"calorie":0.0,"count":0,"distance":0.0,"speed":0.0},{"calorie":0.0,"count":0,"distance":0.0,"speed":0.0},{"calorie":2.0099999606609344,"count":54,"distance":39.07999897003174,"speed":3.7414355278015137},{"calorie":10.960000157356262,"count":298,"distance":227.01000499725342,"speed":4.848891735076904},{"calorie":3.990000009536743,"count":107,"distance":84.64999961853027,"speed":5.243512153625488},{"calorie":0.8299999833106995,"count":22,"distance":15.850000381469727,"speed":3.799999952316284},{"calorie":1.5699999928474426,"count":43,"distance":31.760000228881836,"speed":4.241031169891357},{"calorie":4.950000077486038,"count":125,"distance":86.7000002861023,"speed":4.616097450256348},{"calorie":4.089999794960022,"count":112,"distance":84.92000389099121,"speed":4.842886924743652},{"calorie":6.659999907016754,"count":177,"distance":131.88999938964844,"speed":4.394893646240234},{"calorie":6.019999980926514,"count":173,"distance":131.5099983215332,"speed":5.158801555633545},{"calorie":4.590000092983246,"count":131,"distance":100.51000022888184,"speed":5.314217567443848},{"calorie":4.870000034570694,"count":135,"distance":100.92999839782715,"speed":4.852985382080078},{"calorie":2.0199999809265137,"count":57,"distance":43.74000024795532,"speed":4.7300262451171875},{"calorie":5.089999943971634,"count":144,"distance":109.33999919891357,"speed":4.977225303649902},{"calorie":0.7300000190734863,"count":20,"distance":15.149999618530273,"speed":4.799999713897705},{"calorie":4.980000019073486,"count":142,"distance":106.66000175476074,"speed":4.759918689727783},{"calorie":2.080000028014183,"count":58,"distance":44.08000087738037,"speed":4.914053440093994},{"calorie":1.3100000321865082,"count":36,"distance":26.68000030517578,"speed":4.38878059387207},{"calorie":2.0,"count":54,"distance":39.989999771118164,"speed":4.329336643218994},{"calorie":4.230000004172325,"count":116,"distance":87.34999990463257,"speed":4.675313949584961},{"calorie":0.8500000238418579,"count":25,"distance":19.280000686645508,"speed":5.199999809265137},{"calorie":0.0,"count":0,"distance":0.0,"speed":0.0},{"calorie":0.0,"count":0,"distance":0.0,"speed":0.0},{"calorie":0.0,"count":0,"distance":0.0,"speed":0.0},{"calorie":0.0,"count":0,"distance":0.0,"speed":0.0},{"calorie":3.8199999928474426,"count":105,"distance":79.75000095367432,"speed":4.900114059448242},{"calorie":2.3700000643730164,"count":64,"distance":48.18000030517578,"speed":4.840452671051025},{"calorie":2.4800000190734863,"count":72,"distance":54.670002937316895,"speed":5.0978498458862305},{"calorie":12.959999918937683,"count":344,"distance":251.9500036239624,"speed":3.9777963161468506},{"calorie":7.56999933719635,"count":204,"distance":152.3499870300293,"speed":4.573184013366699},{"calorie":2.009999990463257,"count":55,"distance":41.52000045776367,"speed":4.704183101654053},{"calorie":0.0,"count":0,"distance":0.0,"speed":0.0},{"calorie":0.0,"count":0,"distance":0.0,"speed":0.0},{"calorie":0.0,"count":0,"distance":0.0,"speed":0.0},{"calorie":0.0,"count":0,"distance":0.0,"speed":0.0},{"calorie":0.0,"count":0,"distance":0.0,"speed":0.0},{"calorie":0.0,"count":0,"distance":0.0,"speed":0.0},{"calorie":3.8899999260902405,"count":107,"distance":78.89000034332275,"speed":4.167633056640625},{"calorie":1.579999953508377,"count":46,"distance":35.55000114440918,"speed":5.159724235534668},{"calorie":0.0,"count":0,"distance":0.0,"speed":0.0},{"calorie":0.6100000143051147,"count":17,"distance":12.9399995803833,"speed":4.999999523162842},{"calorie":1.7899999916553497,"count":47,"distance":34.83999967575073,"speed":4.364763259887695},{"calorie":12.329998672008514,"count":320,"distance":235.21001625061035,"speed":4.134798526763916},{"calorie":11.959999680519104,"count":322,"distance":241.29000091552734,"speed":4.275424957275391},{"calorie":1.5300000309944153,"count":42,"distance":30.789999961853027,"speed":4.151129722595215},{"calorie":4.580000102519989,"count":116,"distance":87.97999954223633,"speed":4.663093090057373},{"calorie":4.550000041723251,"count":120,"distance":90.40999984741211,"speed":4.789860725402832},{"calorie":8.500000059604645,"count":237,"distance":179.04000186920166,"speed":4.767191410064697},{"calorie":9.419999688863754,"count":251,"distance":187.7599983215332,"speed":4.591997146606445},{"calorie":1.1299999952316284,"count":31,"distance":23.420000076293945,"speed":4.838842868804932},{"calorie":0.0,"count":0,"distance":0.0,"speed":0.0},{"calorie":0.0,"count":0,"distance":0.0,"speed":0.0},{"calorie":0.0,"count":0,"distance":0.0,"speed":0.0},{"calorie":2.900000035762787,"count":79,"distance":59.51000213623047,"speed":4.634923934936523},{"calorie":1.5800000429153442,"count":49,"distance":38.5,"speed":5.800000190734863},{"calorie":8.02999997138977,"count":213,"distance":157.5,"speed":4.204568862915039},{"calorie":2.1299996376037598,"count":57,"distance":41.63999938964844,"speed":4.128041744232178},{"calorie":3.290000081062317,"count":90,"distance":67.40999937057495,"speed":4.347184658050537},{"calorie":6.35999995470047,"count":184,"distance":140.0099983215332,"speed":5.0772199630737305},{"calorie":1.9000000357627869,"count":56,"distance":43.38000011444092,"speed":5.732810974121094},{"calorie":7.6100000739097595,"count":207,"distance":154.79000091552734,"speed":4.560216426849365},{"calorie":3.029999941587448,"count":84,"distance":62.959999084472656,"speed":4.616699695587158},{"calorie":0.0,"count":0,"distance":0.0,"speed":0.0},{"calorie":10.78000009059906,"count":284,"distance":208.16000413894653,"speed":3.830371618270874},{"calorie":0.4899999797344208,"count":13,"distance":9.25,"speed":3.4454421997070312},{"calorie":0.0,"count":0,"distance":0.0,"speed":0.0},{"calorie":1.7599997520446777,"count":51,"distance":37.72000694274902,"speed":4.69002103805542},{"calorie":0.0,"count":0,"distance":0.0,"speed":0.0},{"calorie":21.019999258220196,"count":654,"distance":502.53999280929565,"speed":5.1880621910095215},{"calorie":27.039995551109314,"count":602,"distance":448.8400049209595,"speed":6.299071311950684},{"calorie":4.929999828338623,"count":124,"distance":91.54999923706055,"speed":4.487093925476074},{"calorie":0.0,"count":0,"distance":0.0,"speed":0.0},{"calorie":0.0,"count":0,"distance":0.0,"speed":0.0},{"calorie":0.0,"count":0,"distance":0.0,"speed":0.0},{"calorie":0.0,"count":0,"distance":0.0,"speed":0.0},{"calorie":0.0,"count":0,"distance":0.0,"speed":0.0},{"calorie":0.0,"count":0,"distance":0.0,"speed":0.0},{"calorie":0.0,"count":0,"distance":0.0,"speed":0.0},{"calorie":0.0,"count":0,"distance":0.0,"speed":0.0},{"calorie":0.0,"count":0,"distance":0.0,"speed":0.0},{"calorie":0.0,"count":0,"distance":0.0,"speed":0.0},{"calorie":0.0,"count":0,"distance":0.0,"speed":0.0},{"calorie":0.0,"count":0,"distance":0.0,"speed":0.0},{"calorie":0.0,"count":0,"distance":0.0,"speed":0.0},{"calorie":0.0,"count":0,"distance":0.0,"speed":0.0},{"calorie":0.0,"count":0,"distance":0.0,"speed":0.0},{"calorie":0.0,"count":0,"distance":0.0,"speed":0.0},{"calorie":0.0,"count":0,"distance":0.0,"speed":0.0},{"calorie":0.0,"count":0,"distance":0.0,"speed":0.0},{"calorie":0.0,"count":0,"distance":0.0,"speed":0.0},{"calorie":2.759999930858612,"count":74,"distance":54.569998264312744,"speed":4.258168697357178},{"calorie":2.299999952316284,"count":60,"distance":44.28999900817871,"speed":4.3625688552856445},{"calorie":2.1700000166893005,"count":54,"distance":47.03000068664551,"speed":7.5169596672058105},{"calorie":8.369998455047607,"count":247,"distance":188.75997924804688,"speed":5.117327690124512},{"calorie":9.929999142885208,"count":294,"distance":223.1399736404419,"speed":4.9280219078063965},{"calorie":0.5999999642372131,"count":16,"distance":11.419999599456787,"speed":3.321851968765259},{"calorie":1.1400000005960464,"count":31,"distance":22.31999921798706,"speed":3.797726631164551},{"calorie":0.0,"count":0,"distance":0.0,"speed":0.0}]