[{"calorie":0.0,"count":0,"distance":0.0,"speed":0.0},{"calorie":0.0,"count":0,"distance":0.0,"speed":0.0},{"calorie":0.0,"count":0,"distance":0.0,"speed":0.0},{"calorie":0.0,"count":0,"distance":0.0,"speed":0.0},{"calorie":0.0,"count":0,"distance":0.0,"speed":0.0},{"calorie":0.0,"count":0,"distance":0.0,"speed":0.0},{"calorie":0.0,"count":0,"distance":0.0,"speed":0.0},{"calorie":0.0,"count":0,"distance":0.0,"speed":0.0},{"calorie":0.0,"count":0,"distance":0.0,"speed":0.0},{"calorie":0.0,"count":0,"distance":0.0,"speed":0.0},{"calorie":0.0,"count":0,"distance":0.0,"speed":0.0},{"calorie":0.0,"count":0,"distance":0.0,"speed":0.0},{"calorie":0.0,"count":0,"distance":0.0,"speed":0.0},{"calorie":0.0,"count":0,"distance":0.0,"speed":0.0},{"calorie":0.0,"count":0,"distance":0.0,"speed":0.0},{"calorie":0.0,"count":0,"distance":0.0,"speed":0.0},{"calorie":0.0,"count":0,"distance":0.0,"speed":0.0},{"calorie":0.0,"count":0,"distance":0.0,"speed":0.0},{"calorie":0.0,"count":0,"distance":0.0,"speed":0.0},{"calorie":0.0,"count":0,"distance":0.0,"speed":0.0},{"calorie":0.0,"count":0,"distance":0.0,"speed":0.0},{"calorie":0.0,"count":0,"distance":0.0,"speed":0.0},{"calorie":0.0,"count":0,"distance":0.0,"speed":0.0},{"calorie":0.0,"count":0,"distance":0.0,"speed":0.0},{"calorie":0.0,"count":0,"distance":0.0,"speed":0.0},{"calorie":0.0,"count":0,"distance":0.0,"speed":0.0},{"calorie":0.0,"count":0,"distance":0.0,"speed":0.0},{"calorie":0.0,"count":0,"distance":0.0,"speed":0.0},{"calorie":0.0,"count":0,"distance":0.0,"speed":0.0},{"calorie":0.0,"count":0,"distance":0.0,"speed":0.0},{"calorie":0.0,"count":0,"distance":0.0,"speed":0.0},{"calorie":0.0,"count":0,"distance":0.0,"speed":0.0},{"calorie":0.0,"count":0,"distance":0.0,"speed":0.0},{"calorie":0.0,"count":0,"distance":0.0,"speed":0.0},{"calorie":0.0,"count":0,"distance":0.0,"speed":0.0},{"calorie":0.0,"count":0,"distance":0.0,"speed":0.0},{"calorie":0.0,"count":0,"distance":0.0,"speed":0.0},{"calorie":0.0,"count":0,"distance":0.0,"speed":0.0},{"calorie":0.0,"count":0,"distance":0.0,"speed":0.0},{"calorie":0.0,"count":0,"distance":0.0,"speed":0.0},{"calorie":0.0,"count":0,"distance":0.0,"speed":0.0},{"calorie":0.0,"count":0,"distance":0.0,"speed":0.0},{"calorie":0.0,"count":0,"distance":0.0,"speed":0.0},{"calorie":0.0,"count":0,"distance":0.0,"speed":0.0},{"calorie":0.0,"count":0,"distance":0.0,"speed":0.0},{"calorie":0.0,"count":0,"distance":0.0,"speed":0.0},{"calorie":0.0,"count":0,"distance":0.0,"speed":0.0},{"calorie":1.1399999856948853,"count":34,"distance":25.950000762939453,"speed":5.1999993324279785},{"calorie":0.0,"count":0,"distance":0.0,"speed":0.0},{"calorie":2.2200000286102295,"count":61,"distance":45.48999881744385,"speed":4.2126922607421875},{"calorie":6.239999867975712,"count":176,"distance":133.41999888420105,"speed":4.869346618652344},{"calorie":2.949999988079071,"count":80,"distance":61.06999969482422,"speed":4.857457637786865},{"calorie":1.8700000047683716,"count":60,"distance":46.810001373291016,"speed":5.600000381469727},{"calorie":3.2399999499320984,"count":93,"distance":70.75,"speed":5.231661796569824},{"calorie":3.0199999809265137,"count":87,"distance":66.02000045776367,"speed":4.933994770050049},{"calorie":0.0,"count":0,"distance":0.0,"speed":0.0},{"calorie":0.5199999809265137,"count":15,"distance":11.510000228881836,"speed":4.799999713897705},{"calorie":4.10999995470047,"count":112,"distance":84.82000160217285,"speed":4.898404598236084},{"calorie":4.480000019073486,"count":123,"distance":92.79999732971191,"speed":4.813680648803711},{"calorie":3.6800000071525574,"count":110,"distance":84.17999839782715,"speed":5.090898036956787},{"calorie":1.4200000166893005,"count":41,"distance":31.0,"speed":5.199999809265137},{"calorie":2.5799998939037323,"count":79,"distance":60.910000801086426,"speed":5.345076560974121},{"calorie":0.49000000953674316,"count":13,"distance":9.609999656677246,"speed":4.600000381469727},{"calorie":4.35000005364418,"count":127,"distance":97.64000225067139,"speed":5.299962520599365},{"calorie":0.0,"count":0,"distance":0.0,"speed":0.0},{"calorie":0.0,"count":0,"distance":0.0,"speed":0.0},{"calorie":0.0,"count":0,"distance":0.0,"speed":0.0},{"calorie":0.0,"count":0,"distance":0.0,"speed":0.0},{"calorie":0.0,"count":0,"distance":0.0,"speed":0.0},{"calorie":0.0,"count":0,"distance":0.0,"speed":0.0},{"calorie":0.0,"count":0,"distance":0.0,"speed":0.0},{"calorie":0.0,"count":0,"distance":0.0,"speed":0.0},{"calorie":0.0,"count":0,"distance":0.0,"speed":0.0},{"calorie":0.0,"count":0,"distance":0.0,"speed":0.0},{"calorie":0.0,"count":0,"distance":0.0,"speed":0.0},{"calorie":0.0,"count":0,"distance":0.0,"speed":0.0},{"calorie":0.0,"count":0,"distance":0.0,"speed":0.0},{"calorie":0.0,"count":0,"distance":0.0,"speed":0.0},{"calorie":2.399999976158142,"count":74,"distance":57.639997482299805,"speed":5.477351665496826},{"calorie":1.3299999833106995,"count":39,"distance":29.280000686645508,"speed":5.2611260414123535},{"calorie":4.409999877214432,"count":127,"distance":95.14999961853027,"speed":4.866203784942627},{"calorie":0.0,"count":0,"distance":0.0,"speed":0.0},{"calorie":0.0,"count":0,"distance":0.0,"speed":0.0},{"calorie":0.0,"count":0,"distance":0.0,"speed":0.0},{"calorie":1.5299999862909317,"count":45,"distance":34.44000005722046,"speed":5.302832126617432},{"calorie":1.9300000071525574,"count":57,"distance":43.94999980926514,"speed":5.3002119064331055},{"calorie":3.429999977350235,"count":105,"distance":81.43000221252441,"speed":5.311305046081543},{"calorie":7.040000081062317,"count":203,"distance":154.92000341415405,"speed":5.0665602684021},{"calorie":0.0,"count":0,"distance":0.0,"speed":0.0},{"calorie":0.5299999713897705,"count":15,"distance":11.210000038146973,"speed":4.900000095367432},{"calorie":0.0,"count":0,"distance":0.0,"speed":0.0},{"calorie":0.0,"count":0,"distance":0.0,"speed":0.0},{"calorie":0.0,"count":0,"distance":0.0,"speed":0.0},{"calorie":0.0,"count":0,"distance":0.0,"speed":0.0},{"calorie":0.800000011920929,"count":24,"distance":18.450000762939453,"speed":5.5},{"calorie":6.519999802112579,"count":177,"distance":132.08999633789062,"speed":4.545157432556152},{"calorie":2.7200000286102295,"count":76,"distance":56.56999969482422,"speed":4.620127201080322},{"calorie":0.0,"count":0,"distance":0.0,"speed":0.0},{"calorie":0.5199999809265137,"count":15,"distance":10.999999046325684,"speed":4.365203380584717},{"calorie":2.350000023841858,"count":63,"distance":47.01000213623047,"speed":4.686532020568848},{"calorie":0.47999998927116394,"count":14,"distance":10.4399995803833,"speed":4.507038593292236},{"calorie":1.399999976158142,"count":38,"distance":28.8700008392334,"speed":4.799999713897705},{"calorie":0.0,"count":0,"distance":0.0,"speed":0.0},{"calorie":1.320000022649765,"count":38,"distance":28.369999885559082,"speed":4.6077117919921875},{"calorie":1.059999942779541,"count":29,"distance":21.8700008392334,"speed":4.700000286102295},{"calorie":0.0,"count":0,"distance":0.0,"speed":0.0},{"calorie":0.0,"count":0,"distance":0.0,"speed":0.0},{"calorie":1.1699999868869781,"count":32,"distance":23.34999942779541,"speed":4.160071849822998},{"calorie":1.339999958872795,"count":37,"distance":27.34999990463257,"speed":4.367666244506836},{"calorie":0.6800000071525574,"count":21,"distance":16.239999771118164,"speed":5.5},{"calorie":4.550000220537186,"count":127,"distance":96.47999858856201,"speed":4.9952545166015625},{"calorie":0.9399999380111694,"count":25,"distance":18.579999923706055,"speed":4.603884220123291},{"calorie":0.0,"count":0,"distance":0.0,"speed":0.0},{"calorie":0.0,"count":0,"distance":0.0,"speed":0.0},{"calorie":1.3799999952316284,"count":38,"distance":28.110000610351562,"speed":4.198511123657227},{"calorie":0.0,"count":0,"distance":0.0,"speed":0.0},{"calorie":2.500000089406967,"count":67,"distance":49.46000051498413,"speed":4.258902549743652},{"calorie":4.380000114440918,"count":118,"distance":89.05999755859375,"speed":4.701650142669678},{"calorie":1.5300003290176392,"count":40,"distance":30.040002822875977,"speed":4.599508285522461},{"calorie":0.0,"count":0,"distance":0.0,"speed":0.0},{"calorie":0.0,"count":0,"distance":0.0,"speed":0.0},{"calorie":0.0,"count":0,"distance":0.0,"speed":0.0},{"calorie":0.0,"count":0,"distance":0.0,"speed":0.0},{"calorie":0.0,"count":0,"distance":0.0,"speed":0.0},{"calorie":0.0,"count":0,"distance":0.0,"speed":0.0},{"calorie":0.0,"count":0,"distance":0.0,"speed":0.0},{"calorie":0.0,"count":0,"distance":0.0,"speed":0.0},{"calorie":6.519999742507935,"count":164,"distance":120.20000076293945,"speed":4.110100746154785},{"calorie":3.8200000524520874,"count":96,"distance":69.33000373840332,"speed":3.7873823642730713},{"calorie":7.3199993669986725,"count":194,"distance":139.8799819946289,"speed":3.7754454612731934},{"calorie":2.2100000381469727,"count":57,"distance":42.60000228881836,"speed":4.477784156799316},{"calorie":0.0,"count":0,"distance":0.0,"speed":0.0},{"calorie":0.28999999165534973,"count":8,"distance":6.050000190734863,"speed":4.587530612945557},{"calorie":0.0,"count":0,"distance":0.0,"speed":0.0},{"calorie":0.0,"count":0,"distance":0.0,"speed":0.0},{"calorie":5.189999938011169,"count":135,"distance":99.42999267578125,"speed":4.15252161026001},{"calorie":3.5199993550777435,"count":96,"distance":71.71001625061035,"speed":4.630316734313965},{"calorie":2.6100000888109207,"count":73,"distance":55.21999979019165,"speed":4.6843109130859375},{"calorie":5.680000066757202,"count":155,"distance":116.6499981880188,"speed":4.792074203491211},{"calorie":0.0,"count":0,"distance":0.0,"speed":0.0},{"calorie":0.0,"count":0,"distance":0.0,"speed":0.0},{"calorie":1.1800000369548798,"count":33,"distance":24.480000495910645,"speed":4.493113040924072},{"calorie":0.41999998688697815,"count":11,"distance":7.889999866485596,"speed":3.700000047683716},{"calorie":0.0,"count":0,"distance":0.0,"speed":0.0}]