[{"calorie":0.0,"count":0,"distance":0.0,"speed":0.0},{"calorie":0.0,"count":0,"distance":0.0,"speed":0.0},{"calorie":0.0,"count":0,"distance":0.0,"speed":0.0},{"calorie":0.0,"count":0,"distance":0.0,"speed":0.0},{"calorie":0.0,"count":0,"distance":0.0,"speed":0.0},{"calorie":0.0,"count":0,"distance":0.0,"speed":0.0},{"calorie":0.0,"count":0,"distance":0.0,"speed":0.0},{"calorie":0.0,"count":0,"distance":0.0,"speed":0.0},{"calorie":0.0,"count":0,"distance":0.0,"speed":0.0},{"calorie":0.0,"count":0,"distance":0.0,"speed":0.0},{"calorie":0.0,"count":0,"distance":0.0,"speed":0.0},{"calorie":0.0,"count":0,"distance":0.0,"speed":0.0},{"calorie":0.0,"count":0,"distance":0.0,"speed":0.0},{"calorie":0.0,"count":0,"distance":0.0,"speed":0.0},{"calorie":0.0,"count":0,"distance":0.0,"speed":0.0},{"calorie":0.0,"count":0,"distance":0.0,"speed":0.0},{"calorie":0.0,"count":0,"distance":0.0,"speed":0.0},{"calorie":0.0,"count":0,"distance":0.0,"speed":0.0},{"calorie":0.0,"count":0,"distance":0.0,"speed":0.0},{"calorie":0.0,"count":0,"distance":0.0,"speed":0.0},{"calorie":0.0,"count":0,"distance":0.0,"speed":0.0},{"calorie":0.0,"count":0,"distance":0.0,"speed":0.0},{"calorie":0.0,"count":0,"distance":0.0,"speed":0.0},{"calorie":0.0,"count":0,"distance":0.0,"speed":0.0},{"calorie":0.0,"count":0,"distance":0.0,"speed":0.0},{"calorie":0.0,"count":0,"distance":0.0,"speed":0.0},{"calorie":0.0,"count":0,"distance":0.0,"speed":0.0},{"calorie":0.0,"count":0,"distance":0.0,"speed":0.0},{"calorie":0.0,"count":0,"distance":0.0,"speed":0.0},{"calorie":0.0,"count":0,"distance":0.0,"speed":0.0},{"calorie":0.0,"count":0,"distance":0.0,"speed":0.0},{"calorie":0.0,"count":0,"distance":0.0,"speed":0.0},{"calorie":0.0,"count":0,"distance":0.0,"speed":0.0},{"calorie":0.0,"count":0,"distance":0.0,"speed":0.0},{"calorie":0.0,"count":0,"distance":0.0,"speed":0.0},{"calorie":0.0,"count":0,"distance":0.0,"speed":0.0},{"calorie":0.0,"count":0,"distance":0.0,"speed":0.0},{"calorie":5.0,"count":98,"distance":66.73999786376953,"speed":3.3269295692443848},{"calorie":13.679999202489853,"count":272,"distance":190.54999923706055,"speed":4.02791690826416},{"calorie":0.0,"count":0,"distance":0.0,"speed":0.0},{"calorie":0.0,"count":0,"distance":0.0,"speed":0.0},{"calorie":0.0,"count":0,"distance":0.0,"speed":0.0},{"calorie":0.0,"count":0,"distance":0.0,"speed":0.0},{"calorie":0.0,"count":0,"distance":0.0,"speed":0.0},{"calorie":11.649999856948853,"count":233,"distance":167.729998588562,"speed":4.754797458648682},{"calorie":12.099996626377106,"count":240,"distance":170.18996667861938,"speed":4.3642683029174805},{"calorie":0.0,"count":0,"distance":0.0,"speed":0.0},{"calorie":0.0,"count":0,"distance":0.0,"speed":0.0},{"calorie":4.330000042915344,"count":86,"distance":62.22999572753906,"speed":4.793646335601807},{"calorie":0.0,"count":0,"distance":0.0,"speed":0.0},{"calorie":0.0,"count":0,"distance":0.0,"speed":0.0},{"calorie":0.0,"count":0,"distance":0.0,"speed":0.0},{"calorie":1.5500000715255737,"count":31,"distance":22.589999198913574,"speed":4.897252559661865},{"calorie":2.300000250339508,"count":45,"distance":31.510003089904785,"speed":3.939697265625},{"calorie":0.0,"count":0,"distance":0.0,"speed":0.0},{"calorie":1.580000102519989,"count":31,"distance":21.920000076293945,"speed":4.271676063537598},{"calorie":1.1100000143051147,"count":22,"distance":15.899999618530273,"speed":4.5},{"calorie":0.0,"count":0,"distance":0.0,"speed":0.0},{"calorie":0.0,"count":0,"distance":0.0,"speed":0.0},{"calorie":0.0,"count":0,"distance":0.0,"speed":0.0},{"calorie":2.419999837875366,"count":48,"distance":34.71999454498291,"speed":4.70428466796875},{"calorie":0.0,"count":0,"distance":0.0,"speed":0.0},{"calorie":0.0,"count":0,"distance":0.0,"speed":0.0},{"calorie":12.330000042915344,"count":246,"distance":176.39001846313477,"speed":4.579878330230713},{"calorie":1.4399999976158142,"count":28,"distance":19.539999961853027,"speed":4.0},{"calorie":2.4299999475479126,"count":47,"distance":32.76000213623047,"speed":3.8489980697631836},{"calorie":0.0,"count":0,"distance":0.0,"speed":0.0},{"calorie":0.0,"count":0,"distance":0.0,"speed":0.0},{"calorie":0.7500000596046448,"count":15,"distance":10.890000343322754,"speed":4.5451812744140625},{"calorie":0.0,"count":0,"distance":0.0,"speed":0.0},{"calorie":2.2200000286102295,"count":43,"distance":29.920002937316895,"speed":3.814462184906006},{"calorie":3.6399999260902405,"count":72,"distance":51.41999912261963,"speed":4.498859405517578},{"calorie":11.379999876022339,"count":226,"distance":163.11000061035156,"speed":4.695553779602051},{"calorie":0.0,"count":0,"distance":0.0,"speed":0.0},{"calorie":0.0,"count":0,"distance":0.0,"speed":0.0},{"calorie":0.0,"count":0,"distance":0.0,"speed":0.0},{"calorie":0.0,"count":0,"distance":0.0,"speed":0.0},{"calorie":0.0,"count":0,"distance":0.0,"speed":0.0},{"calorie":0.0,"count":0,"distance":0.0,"speed":0.0},{"calorie":0.0,"count":0,"distance":0.0,"speed":0.0},{"calorie":0.0,"count":0,"distance":0.0,"speed":0.0},{"calorie":0.0,"count":0,"distance":0.0,"speed":0.0},{"calorie":0.0,"count":0,"distance":0.0,"speed":0.0},{"calorie":2.6100001335144043,"count":52,"distance":37.530001640319824,"speed":4.649867534637451},{"calorie":1.6900000274181366,"count":33,"distance":23.320003032684326,"speed":4.3144683837890625},{"calorie":0.0,"count":0,"distance":0.0,"speed":0.0},{"calorie":0.0,"count":0,"distance":0.0,"speed":0.0},{"calorie":0.0,"count":0,"distance":0.0,"speed":0.0},{"calorie":0.0,"count":0,"distance":0.0,"speed":0.0},{"calorie":0.0,"count":0,"distance":0.0,"speed":0.0},{"calorie":0.0,"count":0,"distance":0.0,"speed":0.0},{"calorie":0.0,"count":0,"distance":0.0,"speed":0.0},{"calorie":2.2799999713897705,"count":44,"distance":30.06999969482422,"speed":3.700000047683716},{"calorie":0.0,"count":0,"distance":0.0,"speed":0.0},{"calorie":2.6499993801116943,"count":52,"distance":36.469993591308594,"speed":4.155210971832275},{"calorie":0.25,"count":5,"distance":3.5299999713897705,"speed":4.119030475616455},{"calorie":0.0,"count":0,"distance":0.0,"speed":0.0},{"calorie":0.0,"count":0,"distance":0.0,"speed":0.0},{"calorie":12.789999961853027,"count":255,"distance":181.73999786376953,"speed":4.366983890533447},{"calorie":18.84000012278557,"count":375,"distance":268.43999767303467,"speed":4.455837249755859},{"calorie":0.0,"count":0,"distance":0.0,"speed":0.0},{"calorie":2.8600000739097595,"count":55,"distance":38.34000015258789,"speed":3.835573673248291},{"calorie":13.700002312660217,"count":273,"distance":194.7400026321411,"speed":4.465587615966797},{"calorie":0.0,"count":0,"distance":0.0,"speed":0.0},{"calorie":13.970000207424164,"count":273,"distance":190.07000160217285,"speed":3.811772108078003},{"calorie":6.139999985694885,"count":120,"distance":83.74999952316284,"speed":3.9282617568969727},{"calorie":7.400000095367432,"count":145,"distance":101.87000274658203,"speed":4.03424072265625},{"calorie":6.369999885559082,"count":126,"distance":89.53999900817871,"speed":4.364495754241943},{"calorie":1.5,"count":29,"distance":20.389999389648438,"speed":4.600000381469727},{"calorie":0.0,"count":0,"distance":0.0,"speed":0.0},{"calorie":0.0,"count":0,"distance":0.0,"speed":0.0},{"calorie":0.0,"count":0,"distance":0.0,"speed":0.0},{"calorie":0.0,"count":0,"distance":0.0,"speed":0.0},{"calorie":0.6500000357627869,"count":13,"distance":9.579999923706055,"speed":4.892233371734619},{"calorie":0.0,"count":0,"distance":0.0,"speed":0.0},{"calorie":0.0,"count":0,"distance":0.0,"speed":0.0},{"calorie":6.809998035430908,"count":134,"distance":94.80998611450195,"speed":4.205623149871826},{"calorie":0.9300000667572021,"count":18,"distance":12.399999141693115,"speed":3.4812936782836914},{"calorie":0.4800000488758087,"count":9,"distance":6.020000457763672,"speed":3.1108195781707764},{"calorie":0.0,"count":0,"distance":0.0,"speed":0.0},{"calorie":0.0,"count":0,"distance":0.0,"speed":0.0},{"calorie":0.0,"count":0,"distance":0.0,"speed":0.0},{"calorie":0.3100000023841858,"count":6,"distance":4.340000152587891,"speed":4.299999713897705},{"calorie":0.0,"count":0,"distance":0.0,"speed":0.0},{"calorie":0.0,"count":0,"distance":0.0,"speed":0.0},{"calorie":0.880000114440918,"count":17,"distance":11.790000915527344,"speed":4.00584602355957},{"calorie":0.0,"count":0,"distance":0.0,"speed":0.0},{"calorie":1.8800000548362732,"count":37,"distance":26.25,"speed":4.143802165985107},{"calorie":0.0,"count":0,"distance":0.0,"speed":0.0},{"calorie":0.0,"count":0,"distance":0.0,"speed":0.0},{"calorie":4.4099990129470825,"count":87,"distance":60.03000831604004,"speed":3.673290967941284},{"calorie":0.0,"count":0,"distance":0.0,"speed":0.0},{"calorie":0.0,"count":0,"distance":0.0,"speed":0.0},{"calorie":0.0,"count":0,"distance":0.0,"speed":0.0},{"calorie":0.0,"count":0,"distance":0.0,"speed":0.0},{"calorie":0.0,"count":0,"distance":0.0,"speed":0.0},{"calorie":0.0,"count":0,"distance":0.0,"speed":0.0},{"calorie":0.0,"count":0,"distance":0.0,"speed":0.0},{"calorie":0.0,"count":0,"distance":0.0,"speed":0.0},{"calorie":0.0,"count":0,"distance":0.0,"speed":0.0},{"calorie":0.0,"count":0,"distance":0.0,"speed":0.0},{"calorie":0.0,"count":0,"distance":0.0,"speed":0.0},{"calorie":0.0,"count":0,"distance":0.0,"speed":0.0},{"calorie":0.0,"count":0,"distance":0.0,"speed":0.0}]