[{"calorie":0.0,"count":0,"distance":0.0,"speed":0.0},{"calorie":0.0,"count":0,"distance":0.0,"speed":0.0},{"calorie":5.370000123977661,"count":136,"distance":101.13000202178955,"speed":4.353341579437256},{"calorie":0.0,"count":0,"distance":0.0,"speed":0.0},{"calorie":0.0,"count":0,"distance":0.0,"speed":0.0},{"calorie":0.0,"count":0,"distance":0.0,"speed":0.0},{"calorie":0.0,"count":0,"distance":0.0,"speed":0.0},{"calorie":0.0,"count":0,"distance":0.0,"speed":0.0},{"calorie":12.769999854266644,"count":323,"distance":247.01000118255615,"speed":4.798293590545654},{"calorie":16.839998066425323,"count":456,"distance":346.49998664855957,"speed":4.870537757873535},{"calorie":2.4899999499320984,"count":66,"distance":48.530001163482666,"speed":4.151456356048584},{"calorie":1.0399999618530273,"count":28,"distance":21.290000915527344,"speed":4.600000381469727},{"calorie":3.2100000381469727,"count":82,"distance":59.7599983215332,"speed":3.9000003337860107},{"calorie":7.299999803304672,"count":185,"distance":132.97999238967896,"speed":3.7049520015716553},{"calorie":2.450000047683716,"count":66,"distance":49.08000183105469,"speed":4.700000286102295},{"calorie":9.3399997651577,"count":240,"distance":177.71000289916992,"speed":4.289905071258545},{"calorie":7.410000070929527,"count":132,"distance":124.99999856948853,"speed":8.32065486907959},{"calorie":10.329999327659607,"count":301,"distance":232.00001049041748,"speed":5.195450782775879},{"calorie":14.739999890327454,"count":393,"distance":295.50000762939453,"speed":4.75701379776001},{"calorie":22.84999966621399,"count":579,"distance":436.1300048828125,"speed":4.7558369636535645},{"calorie":1.3600000143051147,"count":37,"distance":27.510000228881836,"speed":4.299999713897705},{"calorie":0.0,"count":0,"distance":0.0,"speed":0.0},{"calorie":0.0,"count":0,"distance":0.0,"speed":0.0},{"calorie":0.0,"count":0,"distance":0.0,"speed":0.0},{"calorie":0.0,"count":0,"distance":0.0,"speed":0.0},{"calorie":0.0,"count":0,"distance":0.0,"speed":0.0},{"calorie":0.0,"count":0,"distance":0.0,"speed":0.0},{"calorie":0.0,"count":0,"distance":0.0,"speed":0.0},{"calorie":0.0,"count":0,"distance":0.0,"speed":0.0},{"calorie":0.0,"count":0,"distance":0.0,"speed":0.0},{"calorie":0.0,"count":0,"distance":0.0,"speed":0.0},{"calorie":0.0,"count":0,"distance":0.0,"speed":0.0},{"calorie":0.0,"count":0,"distance":0.0,"speed":0.0},{"calorie":0.0,"count":0,"distance":0.0,"speed":0.0},{"calorie":0.0,"count":0,"distance":0.0,"speed":0.0},{"calorie":0.0,"count":0,"distance":0.0,"speed":0.0},{"calorie":0.0,"count":0,"distance":0.0,"speed":0.0},{"calorie":0.0,"count":0,"distance":0.0,"speed":0.0},{"calorie":0.0,"count":0,"distance":0.0,"speed":0.0},{"calorie":0.0,"count":0,"distance":0.0,"speed":0.0},{"calorie":0.0,"count":0,"distance":0.0,"speed":0.0},{"calorie":0.0,"count":0,"distance":0.0,"speed":0.0},{"calorie":0.0,"count":0,"distance":0.0,"speed":0.0},{"calorie":0.0,"count":0,"distance":0.0,"speed":0.0},{"calorie":0.0,"count":0,"distance":0.0,"speed":0.0},{"calorie":0.0,"count":0,"distance":0.0,"speed":0.0},{"calorie":0.0,"count":0,"distance":0.0,"speed":0.0},{"calorie":0.0,"count":0,"distance":0.0,"speed":0.0},{"calorie":0.0,"count":0,"distance":0.0,"speed":0.0},{"calorie":0.0,"count":0,"distance":0.0,"speed":0.0},{"calorie":0.0,"count":0,"distance":0.0,"speed":0.0},{"calorie":0.0,"count":0,"distance":0.0,"speed":0.0},{"calorie":0.0,"count":0,"distance":0.0,"speed":0.0},{"calorie":0.0,"count":0,"distance":0.0,"speed":0.0},{"calorie":0.0,"count":0,"distance":0.0,"speed":0.0},{"calorie":0.0,"count":0,"distance":0.0,"speed":0.0},{"calorie":0.0,"count":0,"distance":0.0,"speed":0.0},{"calorie":0.0,"count":0,"distance":0.0,"speed":0.0},{"calorie":0.0,"count":0,"distance":0.0,"speed":0.0},{"calorie":0.0,"count":0,"distance":0.0,"speed":0.0},{"calorie":0.0,"count":0,"distance":0.0,"speed":0.0},{"calorie":0.0,"count":0,"distance":0.0,"speed":0.0},{"calorie":0.0,"count":0,"distance":0.0,"speed":0.0},{"calorie":0.0,"count":0,"distance":0.0,"speed":0.0},{"calorie":0.0,"count":0,"distance":0.0,"speed":0.0},{"calorie":0.0,"count":0,"distance":0.0,"speed":0.0},{"calorie":0.0,"count":0,"distance":0.0,"speed":0.0},{"calorie":0.0,"count":0,"distance":0.0,"speed":0.0},{"calorie":0.0,"count":0,"distance":0.0,"speed":0.0},{"calorie":0.0,"count":0,"distance":0.0,"speed":0.0},{"calorie":0.0,"count":0,"distance":0.0,"speed":0.0},{"calorie":0.0,"count":0,"distance":0.0,"speed":0.0},{"calorie":0.0,"count":0,"distance":0.0,"speed":0.0},{"calorie":0.0,"count":0,"distance":0.0,"speed":0.0},{"calorie":0.0,"count":0,"distance":0.0,"speed":0.0},{"calorie":0.0,"count":0,"distance":0.0,"speed":0.0},{"calorie":0.0,"count":0,"distance":0.0,"speed":0.0},{"calorie":0.0,"count":0,"distance":0.0,"speed":0.0},{"calorie":2.0,"count":52,"distance":38.68000030517578,"speed":4.400000095367432},{"calorie":0.0,"count":0,"distance":0.0,"speed":0.0},{"calorie":0.0,"count":0,"distance":0.0,"speed":0.0},{"calorie":3.26999968290329,"count":87,"distance":64.70999908447266,"speed":4.401552677154541},{"calorie":0.0,"count":0,"distance":0.0,"speed":0.0},{"calorie":2.850000023841858,"count":71,"distance":57.35999870300293,"speed":5.259685516357422},{"calorie":0.4699999690055847,"count":13,"distance":10.040000915527344,"speed":5.278139114379883},{"calorie":0.0,"count":0,"distance":0.0,"speed":0.0},{"calorie":4.3899999260902405,"count":113,"distance":83.98999404907227,"speed":4.3639373779296875},{"calorie":0.0,"count":0,"distance":0.0,"speed":0.0},{"calorie":0.0,"count":0,"distance":0.0,"speed":0.0},{"calorie":0.3199999928474426,"count":9,"distance":6.909999847412109,"speed":5.416594982147217},{"calorie":0.25999999046325684,"count":7,"distance":4.929999828338623,"speed":3.2520387172698975},{"calorie":0.0,"count":0,"distance":0.0,"speed":0.0},{"calorie":0.7200000882148743,"count":20,"distance":14.190000534057617,"speed":3.615802049636841},{"calorie":0.41999995708465576,"count":11,"distance":7.940000534057617,"speed":3.8506925106048584},{"calorie":0.6899999976158142,"count":19,"distance":14.230001449584961,"speed":4.300804615020752},{"calorie":0.0,"count":0,"distance":0.0,"speed":0.0},{"calorie":0.0,"count":0,"distance":0.0,"speed":0.0},{"calorie":0.0,"count":0,"distance":0.0,"speed":0.0},{"calorie":0.20999999344348907,"count":6,"distance":4.440000057220459,"speed":4.099999904632568},{"calorie":0.0,"count":0,"distance":0.0,"speed":0.0},{"calorie":0.28999999910593033,"count":8,"distance":5.770000219345093,"speed":4.160068511962891},{"calorie":0.0,"count":0,"distance":0.0,"speed":0.0},{"calorie":0.0,"count":0,"distance":0.0,"speed":0.0},{"calorie":0.0,"count":0,"distance":0.0,"speed":0.0},{"calorie":0.3399999737739563,"count":9,"distance":6.560000419616699,"speed":4.321961402893066},{"calorie":0.0,"count":0,"distance":0.0,"speed":0.0},{"calorie":0.0,"count":0,"distance":0.0,"speed":0.0},{"calorie":0.0,"count":0,"distance":0.0,"speed":0.0},{"calorie":0.0,"count":0,"distance":0.0,"speed":0.0},{"calorie":0.29999998211860657,"count":8,"distance":5.730000019073486,"speed":3.5614328384399414},{"calorie":0.0,"count":0,"distance":0.0,"speed":0.0},{"calorie":0.0,"count":0,"distance":0.0,"speed":0.0},{"calorie":0.0,"count":0,"distance":0.0,"speed":0.0},{"calorie":0.0,"count":0,"distance":0.0,"speed":0.0},{"calorie":1.1899999380111694,"count":31,"distance":22.18000030517578,"speed":3.633312702178955},{"calorie":0.0,"count":0,"distance":0.0,"speed":0.0},{"calorie":1.7799999713897705,"count":48,"distance":35.439998626708984,"speed":4.292781829833984},{"calorie":0.0,"count":0,"distance":0.0,"speed":0.0},{"calorie":0.20999999344348907,"count":6,"distance":4.429999828338623,"speed":4.700000286102295},{"calorie":0.0,"count":0,"distance":0.0,"speed":0.0},{"calorie":0.0,"count":0,"distance":0.0,"speed":0.0},{"calorie":0.0,"count":0,"distance":0.0,"speed":0.0},{"calorie":3.35999995470047,"count":90,"distance":64.97000122070312,"speed":3.831541061401367},{"calorie":0.0,"count":0,"distance":0.0,"speed":0.0},{"calorie":0.0,"count":0,"distance":0.0,"speed":0.0},{"calorie":0.0,"count":0,"distance":0.0,"speed":0.0},{"calorie":0.0,"count":0,"distance":0.0,"speed":0.0},{"calorie":0.0,"count":0,"distance":0.0,"speed":0.0},{"calorie":0.0,"count":0,"distance":0.0,"speed":0.0},{"calorie":0.0,"count":0,"distance":0.0,"speed":0.0},{"calorie":0.0,"count":0,"distance":0.0,"speed":0.0},{"calorie":0.0,"count":0,"distance":0.0,"speed":0.0},{"calorie":0.0,"count":0,"distance":0.0,"speed":0.0},{"calorie":0.0,"count":0,"distance":0.0,"speed":0.0},{"calorie":0.0,"count":0,"distance":0.0,"speed":0.0},{"calorie":0.0,"count":0,"distance":0.0,"speed":0.0},{"calorie":0.0,"count":0,"distance":0.0,"speed":0.0},{"calorie":0.0,"count":0,"distance":0.0,"speed":0.0},{"calorie":0.0,"count":0,"distance":0.0,"speed":0.0},{"calorie":0.0,"count":0,"distance":0.0,"speed":0.0},{"calorie":0.0,"count":0,"distance":0.0,"speed":0.0},{"calorie":2.379999876022339,"count":57,"distance":45.369998931884766,"speed":4.921755313873291},{"calorie":5.349999904632568,"count":145,"distance":106.3199987411499,"speed":4.180811882019043},{"calorie":0.0,"count":0,"distance":0.0,"speed":0.0}]