[{"calorie":0.0,"count":0,"distance":0.0,"speed":0.0},{"calorie":0.0,"count":0,"distance":0.0,"speed":0.0},{"calorie":0.0,"count":0,"distance":0.0,"speed":0.0},{"calorie":0.0,"count":0,"distance":0.0,"speed":0.0},{"calorie":0.0,"count":0,"distance":0.0,"speed":0.0},{"calorie":0.0,"count":0,"distance":0.0,"speed":0.0},{"calorie":0.0,"count":0,"distance":0.0,"speed":0.0},{"calorie":0.0,"count":0,"distance":0.0,"speed":0.0},{"calorie":0.0,"count":0,"distance":0.0,"speed":0.0},{"calorie":0.0,"count":0,"distance":0.0,"speed":0.0},{"calorie":0.0,"count":0,"distance":0.0,"speed":0.0},{"calorie":0.0,"count":0,"distance":0.0,"speed":0.0},{"calorie":0.0,"count":0,"distance":0.0,"speed":0.0},{"calorie":0.0,"count":0,"distance":0.0,"speed":0.0},{"calorie":0.0,"count":0,"distance":0.0,"speed":0.0},{"calorie":0.0,"count":0,"distance":0.0,"speed":0.0},{"calorie":0.0,"count":0,"distance":0.0,"speed":0.0},{"calorie":0.0,"count":0,"distance":0.0,"speed":0.0},{"calorie":0.0,"count":0,"distance":0.0,"speed":0.0},{"calorie":0.0,"count":0,"distance":0.0,"speed":0.0},{"calorie":0.0,"count":0,"distance":0.0,"speed":0.0},{"calorie":0.0,"count":0,"distance":0.0,"speed":0.0},{"calorie":0.0,"count":0,"distance":0.0,"speed":0.0},{"calorie":0.0,"count":0,"distance":0.0,"speed":0.0},{"calorie":0.0,"count":0,"distance":0.0,"speed":0.0},{"calorie":0.0,"count":0,"distance":0.0,"speed":0.0},{"calorie":0.0,"count":0,"distance":0.0,"speed":0.0},{"calorie":0.0,"count":0,"distance":0.0,"speed":0.0},{"calorie":0.0,"count":0,"distance":0.0,"speed":0.0},{"calorie":0.0,"count":0,"distance":0.0,"speed":0.0},{"calorie":0.0,"count":0,"distance":0.0,"speed":0.0},{"calorie":0.0,"count":0,"distance":0.0,"speed":0.0},{"calorie":0.0,"count":0,"distance":0.0,"speed":0.0},{"calorie":0.0,"count":0,"distance":0.0,"speed":0.0},{"calorie":0.0,"count":0,"distance":0.0,"speed":0.0},{"calorie":0.0,"count":0,"distance":0.0,"speed":0.0},{"calorie":0.0,"count":0,"distance":0.0,"speed":0.0},{"calorie":0.0,"count":0,"distance":0.0,"speed":0.0},{"calorie":0.0,"count":0,"distance":0.0,"speed":0.0},{"calorie":2.7399999797344208,"count":54,"distance":37.63000011444092,"speed":3.847658395767212},{"calorie":3.350000023841858,"count":65,"distance":45.71000099182129,"speed":4.101033687591553},{"calorie":3.740000009536743,"count":74,"distance":53.70000076293945,"speed":4.384181976318359},{"calorie":9.23999971151352,"count":180,"distance":125.73999977111816,"speed":3.729654312133789},{"calorie":5.889999866485596,"count":117,"distance":87.46999740600586,"speed":5.2881598472595215},{"calorie":0.0,"count":0,"distance":0.0,"speed":0.0},{"calorie":0.0,"count":0,"distance":0.0,"speed":0.0},{"calorie":0.0,"count":0,"distance":0.0,"speed":0.0},{"calorie":0.0,"count":0,"distance":0.0,"speed":0.0},{"calorie":1.2000000476837158,"count":24,"distance":16.539999961853027,"speed":3.7494542598724365},{"calorie":1.1999999284744263,"count":24,"distance":14.980003356933594,"speed":4.508148193359375},{"calorie":0.0,"count":0,"distance":0.0,"speed":0.0},{"calorie":0.0,"count":0,"distance":0.0,"speed":0.0},{"calorie":0.0,"count":0,"distance":0.0,"speed":0.0},{"calorie":2.0000001192092896,"count":40,"distance":28.080001831054688,"speed":4.097919940948486},{"calorie":2.379999876022339,"count":47,"distance":33.040000915527344,"speed":4.136566638946533},{"calorie":0.0,"count":0,"distance":0.0,"speed":0.0},{"calorie":0.0,"count":0,"distance":0.0,"speed":0.0},{"calorie":0.0,"count":0,"distance":0.0,"speed":0.0},{"calorie":2.3100000619888306,"count":46,"distance":31.96000099182129,"speed":3.8375649452209473},{"calorie":11.579999327659607,"count":233,"distance":165.5999870300293,"speed":4.509068012237549},{"calorie":5.349999666213989,"count":107,"distance":76.14999389648438,"speed":4.577824592590332},{"calorie":8.889999359846115,"count":168,"distance":119.74998784065247,"speed":4.596011638641357},{"calorie":11.019998326897621,"count":214,"distance":150.71999430656433,"speed":4.532680988311768},{"calorie":9.04999840259552,"count":181,"distance":129.05997562408447,"speed":4.534335613250732},{"calorie":2.359999895095825,"count":48,"distance":34.61000061035156,"speed":4.729626655578613},{"calorie":3.770000159740448,"count":75,"distance":53.11999988555908,"speed":4.140803813934326},{"calorie":0.0,"count":0,"distance":0.0,"speed":0.0},{"calorie":8.35999995470047,"count":133,"distance":89.16000080108643,"speed":4.193300724029541},{"calorie":6.300000190734863,"count":126,"distance":92.71000003814697,"speed":5.294857978820801},{"calorie":10.200000286102295,"count":168,"distance":131.90999937057495,"speed":5.294741153717041},{"calorie":0.0,"count":0,"distance":0.0,"speed":0.0},{"calorie":17.4200000166893,"count":343,"distance":245.7299976348877,"speed":4.496640205383301},{"calorie":0.0,"count":0,"distance":0.0,"speed":0.0},{"calorie":1.4199999570846558,"count":28,"distance":20.1200008392334,"speed":4.700000286102295},{"calorie":0.0,"count":0,"distance":0.0,"speed":0.0},{"calorie":3.3700000047683716,"count":66,"distance":47.40999984741211,"speed":4.6972455978393555},{"calorie":9.04999989271164,"count":175,"distance":122.16000080108643,"speed":3.94946551322937},{"calorie":2.3399999141693115,"count":46,"distance":33.64000129699707,"speed":4.432212829589844},{"calorie":2.9199999570846558,"count":57,"distance":39.59999942779541,"speed":3.8555188179016113},{"calorie":5.400000095367432,"count":106,"distance":76.53000068664551,"speed":4.82222318649292},{"calorie":0.6699999868869781,"count":13,"distance":9.139999866485596,"speed":4.400000095367432},{"calorie":3.5499998927116394,"count":70,"distance":50.39999771118164,"speed":4.667952537536621},{"calorie":6.4700000286102295,"count":119,"distance":89.15999841690063,"speed":5.051994323730469},{"calorie":0.0,"count":0,"distance":0.0,"speed":0.0},{"calorie":0.0,"count":0,"distance":0.0,"speed":0.0},{"calorie":0.0,"count":0,"distance":0.0,"speed":0.0},{"calorie":1.659999966621399,"count":33,"distance":24.989999771118164,"speed":6.099999904632568},{"calorie":0.0,"count":0,"distance":0.0,"speed":0.0},{"calorie":10.250000298023224,"count":202,"distance":143.48999881744385,"speed":4.471760272979736},{"calorie":7.880000054836273,"count":154,"distance":109.36000061035156,"speed":4.371178150177002},{"calorie":23.170000076293945,"count":459,"distance":325.0600051879883,"speed":4.191728591918945},{"calorie":20.600000143051147,"count":407,"distance":291.36999893188477,"speed":4.4990739822387695},{"calorie":3.6900000274181366,"count":71,"distance":51.33000040054321,"speed":4.151319980621338},{"calorie":23.739999383687973,"count":463,"distance":335.0799946784973,"speed":4.675197601318359},{"calorie":5.129999995231628,"count":99,"distance":68.9200005531311,"speed":3.8958587646484375},{"calorie":2.100000113248825,"count":41,"distance":29.290000915527344,"speed":4.1871209144592285},{"calorie":2.9799997806549072,"count":59,"distance":41.04999923706055,"speed":3.8528494834899902},{"calorie":0.0,"count":0,"distance":0.0,"speed":0.0},{"calorie":0.0,"count":0,"distance":0.0,"speed":0.0},{"calorie":0.0,"count":0,"distance":0.0,"speed":0.0},{"calorie":0.0,"count":0,"distance":0.0,"speed":0.0},{"calorie":4.079998970031738,"count":80,"distance":56.02999687194824,"speed":3.948030471801758},{"calorie":0.0,"count":0,"distance":0.0,"speed":0.0},{"calorie":0.0,"count":0,"distance":0.0,"speed":0.0},{"calorie":0.0,"count":0,"distance":0.0,"speed":0.0},{"calorie":0.0,"count":0,"distance":0.0,"speed":0.0},{"calorie":0.0,"count":0,"distance":0.0,"speed":0.0},{"calorie":1.760000079870224,"count":34,"distance":23.959998607635498,"speed":3.843980550765991},{"calorie":0.0,"count":0,"distance":0.0,"speed":0.0},{"calorie":0.0,"count":0,"distance":0.0,"speed":0.0},{"calorie":0.0,"count":0,"distance":0.0,"speed":0.0},{"calorie":0.0,"count":0,"distance":0.0,"speed":0.0},{"calorie":0.6800000071525574,"count":13,"distance":8.829999923706055,"speed":3.325939178466797},{"calorie":0.6100000739097595,"count":12,"distance":8.469999313354492,"speed":3.95359206199646},{"calorie":0.3100000023841858,"count":6,"distance":4.289999961853027,"speed":4.400000095367432},{"calorie":0.0,"count":0,"distance":0.0,"speed":0.0},{"calorie":0.0,"count":0,"distance":0.0,"speed":0.0},{"calorie":0.0,"count":0,"distance":0.0,"speed":0.0},{"calorie":0.0,"count":0,"distance":0.0,"speed":0.0},{"calorie":0.0,"count":0,"distance":0.0,"speed":0.0},{"calorie":0.0,"count":0,"distance":0.0,"speed":0.0},{"calorie":0.0,"count":0,"distance":0.0,"speed":0.0},{"calorie":0.0,"count":0,"distance":0.0,"speed":0.0},{"calorie":0.699999988079071,"count":14,"distance":9.819999694824219,"speed":4.299999713897705},{"calorie":0.33000001311302185,"count":6,"distance":4.0,"speed":3.0999996662139893},{"calorie":0.0,"count":0,"distance":0.0,"speed":0.0},{"calorie":1.230000078678131,"count":24,"distance":16.75999927520752,"speed":3.895498275756836},{"calorie":2.0299997329711914,"count":39,"distance":26.95999813079834,"speed":3.6889657974243164},{"calorie":0.0,"count":0,"distance":0.0,"speed":0.0},{"calorie":0.0,"count":0,"distance":0.0,"speed":0.0},{"calorie":0.0,"count":0,"distance":0.0,"speed":0.0},{"calorie":0.0,"count":0,"distance":0.0,"speed":0.0},{"calorie":0.0,"count":0,"distance":0.0,"speed":0.0},{"calorie":0.0,"count":0,"distance":0.0,"speed":0.0},{"calorie":0.0,"count":0,"distance":0.0,"speed":0.0},{"calorie":0.0,"count":0,"distance":0.0,"speed":0.0},{"calorie":0.0,"count":0,"distance":0.0,"speed":0.0},{"calorie":0.0,"count":0,"distance":0.0,"speed":0.0},{"calorie":1.7300000190734863,"count":34,"distance":23.469999313354492,"speed":3.777777910232544},{"calorie":0.0,"count":0,"distance":0.0,"speed":0.0},{"calorie":0.6299999728798866,"count":12,"distance":8.139999985694885,"speed":3.5083162784576416},{"calorie":0.0,"count":0,"distance":0.0,"speed":0.0},{"calorie":0.0,"count":0,"distance":0.0,"speed":0.0},{"calorie":0.0,"count":0,"distance":0.0,"speed":0.0}]