[{"calorie":0.0,"count":0,"distance":0.0,"speed":0.0},{"calorie":0.0,"count":0,"distance":0.0,"speed":0.0},{"calorie":0.0,"count":0,"distance":0.0,"speed":0.0},{"calorie":0.0,"count":0,"distance":0.0,"speed":0.0},{"calorie":0.0,"count":0,"distance":0.0,"speed":0.0},{"calorie":0.0,"count":0,"distance":0.0,"speed":0.0},{"calorie":0.0,"count":0,"distance":0.0,"speed":0.0},{"calorie":0.0,"count":0,"distance":0.0,"speed":0.0},{"calorie":0.0,"count":0,"distance":0.0,"speed":0.0},{"calorie":0.0,"count":0,"distance":0.0,"speed":0.0},{"calorie":0.0,"count":0,"distance":0.0,"speed":0.0},{"calorie":0.0,"count":0,"distance":0.0,"speed":0.0},{"calorie":0.0,"count":0,"distance":0.0,"speed":0.0},{"calorie":0.0,"count":0,"distance":0.0,"speed":0.0},{"calorie":0.0,"count":0,"distance":0.0,"speed":0.0},{"calorie":0.0,"count":0,"distance":0.0,"speed":0.0},{"calorie":0.0,"count":0,"distance":0.0,"speed":0.0},{"calorie":0.0,"count":0,"distance":0.0,"speed":0.0},{"calorie":0.0,"count":0,"distance":0.0,"speed":0.0},{"calorie":0.0,"count":0,"distance":0.0,"speed":0.0},{"calorie":0.0,"count":0,"distance":0.0,"speed":0.0},{"calorie":0.0,"count":0,"distance":0.0,"speed":0.0},{"calorie":0.0,"count":0,"distance":0.0,"speed":0.0},{"calorie":0.0,"count":0,"distance":0.0,"speed":0.0},{"calorie":0.0,"count":0,"distance":0.0,"speed":0.0},{"calorie":0.0,"count":0,"distance":0.0,"speed":0.0},{"calorie":0.0,"count":0,"distance":0.0,"speed":0.0},{"calorie":0.0,"count":0,"distance":0.0,"speed":0.0},{"calorie":0.0,"count":0,"distance":0.0,"speed":0.0},{"calorie":0.0,"count":0,"distance":0.0,"speed":0.0},{"calorie":0.0,"count":0,"distance":0.0,"speed":0.0},{"calorie":0.0,"count":0,"distance":0.0,"speed":0.0},{"calorie":0.0,"count":0,"distance":0.0,"speed":0.0},{"calorie":0.0,"count":0,"distance":0.0,"speed":0.0},{"calorie":0.0,"count":0,"distance":0.0,"speed":0.0},{"calorie":0.0,"count":0,"distance":0.0,"speed":0.0},{"calorie":0.0,"count":0,"distance":0.0,"speed":0.0},{"calorie":0.0,"count":0,"distance":0.0,"speed":0.0},{"calorie":16.62999987602234,"count":330,"distance":233.43000030517578,"speed":4.146677494049072},{"calorie":4.299999952316284,"count":85,"distance":60.44999933242798,"speed":4.322757720947266},{"calorie":1.2200000286102295,"count":24,"distance":17.200000762939453,"speed":4.5},{"calorie":0.0,"count":0,"distance":0.0,"speed":0.0},{"calorie":0.0,"count":0,"distance":0.0,"speed":0.0},{"calorie":0.0,"count":0,"distance":0.0,"speed":0.0},{"calorie":0.0,"count":0,"distance":0.0,"speed":0.0},{"calorie":0.0,"count":0,"distance":0.0,"speed":0.0},{"calorie":2.559999644756317,"count":50,"distance":36.029995918273926,"speed":4.659571170806885},{"calorie":0.0,"count":0,"distance":0.0,"speed":0.0},{"calorie":5.579999923706055,"count":110,"distance":79.26000022888184,"speed":4.6562886238098145},{"calorie":4.529998779296875,"count":90,"distance":64.76998710632324,"speed":4.606932640075684},{"calorie":4.279999881982803,"count":85,"distance":61.57000398635864,"speed":4.730271816253662},{"calorie":0.0,"count":0,"distance":0.0,"speed":0.0},{"calorie":0.0,"count":0,"distance":0.0,"speed":0.0},{"calorie":0.0,"count":0,"distance":0.0,"speed":0.0},{"calorie":0.0,"count":0,"distance":0.0,"speed":0.0},{"calorie":0.0,"count":0,"distance":0.0,"speed":0.0},{"calorie":2.959999978542328,"count":58,"distance":41.8100004196167,"speed":4.712140083312988},{"calorie":0.0,"count":0,"distance":0.0,"speed":0.0},{"calorie":2.1299999952316284,"count":42,"distance":30.279999256134033,"speed":4.629178047180176},{"calorie":1.4200001060962677,"count":27,"distance":18.520000457763672,"speed":3.5441033840179443},{"calorie":0.0,"count":0,"distance":0.0,"speed":0.0},{"calorie":0.0,"count":0,"distance":0.0,"speed":0.0},{"calorie":2.4400000125169754,"count":48,"distance":34.009998083114624,"speed":4.213846683502197},{"calorie":13.739999771118164,"count":274,"distance":200.04000282287598,"speed":4.879886150360107},{"calorie":8.009999811649323,"count":157,"distance":112.6700029373169,"speed":4.446873188018799},{"calorie":4.21999990940094,"count":84,"distance":60.46999931335449,"speed":4.5376176834106445},{"calorie":2.269999995827675,"count":45,"distance":32.6999990940094,"speed":4.85296106338501},{"calorie":0.5100000500679016,"count":10,"distance":7.260000228881836,"speed":4.643317222595215},{"calorie":1.3800001740455627,"count":27,"distance":18.73999834060669,"speed":3.816753387451172},{"calorie":0.0,"count":0,"distance":0.0,"speed":0.0},{"calorie":3.179999828338623,"count":63,"distance":45.35999870300293,"speed":4.589060306549072},{"calorie":18.210000157356262,"count":361,"distance":260.3600015640259,"speed":4.669862270355225},{"calorie":0.0,"count":0,"distance":0.0,"speed":0.0},{"calorie":0.0,"count":0,"distance":0.0,"speed":0.0},{"calorie":0.0,"count":0,"distance":0.0,"speed":0.0},{"calorie":0.0,"count":0,"distance":0.0,"speed":0.0},{"calorie":0.0,"count":0,"distance":0.0,"speed":0.0},{"calorie":0.0,"count":0,"distance":0.0,"speed":0.0},{"calorie":0.0,"count":0,"distance":0.0,"speed":0.0},{"calorie":0.0,"count":0,"distance":0.0,"speed":0.0},{"calorie":0.0,"count":0,"distance":0.0,"speed":0.0},{"calorie":0.0,"count":0,"distance":0.0,"speed":0.0},{"calorie":0.0,"count":0,"distance":0.0,"speed":0.0},{"calorie":0.0,"count":0,"distance":0.0,"speed":0.0},{"calorie":0.0,"count":0,"distance":0.0,"speed":0.0},{"calorie":0.0,"count":0,"distance":0.0,"speed":0.0},{"calorie":0.0,"count":0,"distance":0.0,"speed":0.0},{"calorie":0.0,"count":0,"distance":0.0,"speed":0.0},{"calorie":0.0,"count":0,"distance":0.0,"speed":0.0},{"calorie":2.279999852180481,"count":44,"distance":31.41000270843506,"speed":3.9729793071746826},{"calorie":7.140000104904175,"count":141,"distance":100.57999610900879,"speed":4.384251117706299},{"calorie":0.0,"count":0,"distance":0.0,"speed":0.0},{"calorie":1.7100000977516174,"count":34,"distance":24.699996948242188,"speed":4.952132701873779},{"calorie":10.329999268054962,"count":206,"distance":149.0799903869629,"speed":4.711880683898926},{"calorie":1.7999999523162842,"count":35,"distance":24.65999984741211,"speed":4.167054653167725},{"calorie":1.2100000083446503,"count":24,"distance":16.77999973297119,"speed":3.973533868789673},{"calorie":1.530000001192093,"count":30,"distance":21.770000457763672,"speed":5.101369380950928},{"calorie":1.5599998235702515,"count":31,"distance":22.069997787475586,"speed":4.342592716217041},{"calorie":0.0,"count":0,"distance":0.0,"speed":0.0},{"calorie":0.0,"count":0,"distance":0.0,"speed":0.0},{"calorie":0.0,"count":0,"distance":0.0,"speed":0.0},{"calorie":17.459999918937683,"count":347,"distance":248.7300033569336,"speed":4.507572650909424},{"calorie":4.890000104904175,"count":97,"distance":70.8499984741211,"speed":5.005317687988281},{"calorie":12.490000128746033,"count":248,"distance":184.53999710083008,"speed":5.310764312744141},{"calorie":2.8299999833106995,"count":56,"distance":40.21000003814697,"speed":4.521576881408691},{"calorie":3.14000004529953,"count":61,"distance":43.320000648498535,"speed":4.5048136711120605},{"calorie":0.0,"count":0,"distance":0.0,"speed":0.0},{"calorie":0.0,"count":0,"distance":0.0,"speed":0.0},{"calorie":0.0,"count":0,"distance":0.0,"speed":0.0},{"calorie":0.0,"count":0,"distance":0.0,"speed":0.0},{"calorie":0.3800000250339508,"count":7,"distance":4.680000305175781,"speed":3.1000001430511475},{"calorie":1.2200000584125519,"count":24,"distance":16.360000610351562,"speed":3.3520243167877197},{"calorie":0.0,"count":0,"distance":0.0,"speed":0.0},{"calorie":0.0,"count":0,"distance":0.0,"speed":0.0},{"calorie":0.0,"count":0,"distance":0.0,"speed":0.0},{"calorie":0.0,"count":0,"distance":0.0,"speed":0.0},{"calorie":0.0,"count":0,"distance":0.0,"speed":0.0},{"calorie":0.0,"count":0,"distance":0.0,"speed":0.0},{"calorie":0.0,"count":0,"distance":0.0,"speed":0.0},{"calorie":0.0,"count":0,"distance":0.0,"speed":0.0},{"calorie":0.0,"count":0,"distance":0.0,"speed":0.0},{"calorie":0.0,"count":0,"distance":0.0,"speed":0.0},{"calorie":0.0,"count":0,"distance":0.0,"speed":0.0},{"calorie":0.0,"count":0,"distance":0.0,"speed":0.0},{"calorie":0.0,"count":0,"distance":0.0,"speed":0.0},{"calorie":0.0,"count":0,"distance":0.0,"speed":0.0},{"calorie":0.0,"count":0,"distance":0.0,"speed":0.0},{"calorie":0.0,"count":0,"distance":0.0,"speed":0.0},{"calorie":0.0,"count":0,"distance":0.0,"speed":0.0},{"calorie":0.0,"count":0,"distance":0.0,"speed":0.0},{"calorie":0.0,"count":0,"distance":0.0,"speed":0.0},{"calorie":0.0,"count":0,"distance":0.0,"speed":0.0},{"calorie":0.0,"count":0,"distance":0.0,"speed":0.0},{"calorie":0.0,"count":0,"distance":0.0,"speed":0.0},{"calorie":0.0,"count":0,"distance":0.0,"speed":0.0},{"calorie":0.0,"count":0,"distance":0.0,"speed":0.0},{"calorie":0.0,"count":0,"distance":0.0,"speed":0.0},{"calorie":0.0,"count":0,"distance":0.0,"speed":0.0},{"calorie":0.0,"count":0,"distance":0.0,"speed":0.0},{"calorie":0.0,"count":0,"distance":0.0,"speed":0.0},{"calorie":0.0,"count":0,"distance":0.0,"speed":0.0},{"calorie":0.0,"count":0,"distance":0.0,"speed":0.0},{"calorie":0.0,"count":0,"distance":0.0,"speed":0.0},{"calorie":0.0,"count":0,"distance":0.0,"speed":0.0}]