[{"calorie":0.0,"count":0,"distance":0.0,"speed":0.0},{"calorie":0.0,"count":0,"distance":0.0,"speed":0.0},{"calorie":0.0,"count":0,"distance":0.0,"speed":0.0},{"calorie":0.0,"count":0,"distance":0.0,"speed":0.0},{"calorie":0.0,"count":0,"distance":0.0,"speed":0.0},{"calorie":0.0,"count":0,"distance":0.0,"speed":0.0},{"calorie":0.0,"count":0,"distance":0.0,"speed":0.0},{"calorie":0.0,"count":0,"distance":0.0,"speed":0.0},{"calorie":0.0,"count":0,"distance":0.0,"speed":0.0},{"calorie":0.0,"count":0,"distance":0.0,"speed":0.0},{"calorie":0.0,"count":0,"distance":0.0,"speed":0.0},{"calorie":0.0,"count":0,"distance":0.0,"speed":0.0},{"calorie":0.0,"count":0,"distance":0.0,"speed":0.0},{"calorie":0.0,"count":0,"distance":0.0,"speed":0.0},{"calorie":0.0,"count":0,"distance":0.0,"speed":0.0},{"calorie":0.0,"count":0,"distance":0.0,"speed":0.0},{"calorie":0.0,"count":0,"distance":0.0,"speed":0.0},{"calorie":0.0,"count":0,"distance":0.0,"speed":0.0},{"calorie":0.0,"count":0,"distance":0.0,"speed":0.0},{"calorie":0.0,"count":0,"distance":0.0,"speed":0.0},{"calorie":0.0,"count":0,"distance":0.0,"speed":0.0},{"calorie":0.0,"count":0,"distance":0.0,"speed":0.0},{"calorie":0.0,"count":0,"distance":0.0,"speed":0.0},{"calorie":0.0,"count":0,"distance":0.0,"speed":0.0},{"calorie":0.0,"count":0,"distance":0.0,"speed":0.0},{"calorie":0.0,"count":0,"distance":0.0,"speed":0.0},{"calorie":0.0,"count":0,"distance":0.0,"speed":0.0},{"calorie":0.0,"count":0,"distance":0.0,"speed":0.0},{"calorie":0.0,"count":0,"distance":0.0,"speed":0.0},{"calorie":0.0,"count":0,"distance":0.0,"speed":0.0},{"calorie":0.0,"count":0,"distance":0.0,"speed":0.0},{"calorie":0.0,"count":0,"distance":0.0,"speed":0.0},{"calorie":0.0,"count":0,"distance":0.0,"speed":0.0},{"calorie":0.0,"count":0,"distance":0.0,"speed":0.0},{"calorie":0.0,"count":0,"distance":0.0,"speed":0.0},{"calorie":0.0,"count":0,"distance":0.0,"speed":0.0},{"calorie":0.0,"count":0,"distance":0.0,"speed":0.0},{"calorie":0.0,"count":0,"distance":0.0,"speed":0.0},{"calorie":0.0,"count":0,"distance":0.0,"speed":0.0},{"calorie":0.0,"count":0,"distance":0.0,"speed":0.0},{"calorie":0.0,"count":0,"distance":0.0,"speed":0.0},{"calorie":0.0,"count":0,"distance":0.0,"speed":0.0},{"calorie":0.0,"count":0,"distance":0.0,"speed":0.0},{"calorie":0.0,"count":0,"distance":0.0,"speed":0.0},{"calorie":0.0,"count":0,"distance":0.0,"speed":0.0},{"calorie":0.0,"count":0,"distance":0.0,"speed":0.0},{"calorie":0.0,"count":0,"distance":0.0,"speed":0.0},{"calorie":1.649999976158142,"count":44,"distance":31.780000686645508,"speed":4.0},{"calorie":10.090000092983246,"count":265,"distance":200.599995136261,"speed":4.869629383087158},{"calorie":5.709999918937683,"count":153,"distance":114.6200008392334,"speed":4.6490888595581055},{"calorie":0.6600000262260437,"count":18,"distance":13.100000381469727,"speed":4.199999809265137},{"calorie":0.0,"count":0,"distance":0.0,"speed":0.0},{"calorie":0.0,"count":0,"distance":0.0,"speed":0.0},{"calorie":1.7500000596046448,"count":51,"distance":39.03000068664551,"speed":5.150188446044922},{"calorie":1.6399999856948853,"count":45,"distance":33.679999351501465,"speed":4.447089672088623},{"calorie":4.279999732971191,"count":115,"distance":83.92999076843262,"speed":3.94541597366333},{"calorie":0.7200000286102295,"count":21,"distance":15.890000343322754,"speed":5.299999713897705},{"calorie":0.6100000143051147,"count":17,"distance":12.949999809265137,"speed":4.999999523162842},{"calorie":6.379999995231628,"count":174,"distance":130.10000085830688,"speed":4.511655330657959},{"calorie":1.3899999856948853,"count":38,"distance":28.589999675750732,"speed":4.632018089294434},{"calorie":1.4200000166893005,"count":39,"distance":28.859999656677246,"speed":4.5},{"calorie":2.9299998581409454,"count":86,"distance":65.33000659942627,"speed":5.009298801422119},{"calorie":5.0299999713897705,"count":130,"distance":94.77000117301941,"speed":4.008224964141846},{"calorie":1.4899999648332596,"count":42,"distance":31.67000102996826,"speed":4.810178756713867},{"calorie":1.6199999749660492,"count":46,"distance":34.28000068664551,"speed":4.645542144775391},{"calorie":4.54999965429306,"count":128,"distance":101.82000017166138,"speed":5.516830921173096},{"calorie":2.079999625682831,"count":60,"distance":44.880001068115234,"speed":4.816018104553223},{"calorie":0.0,"count":0,"distance":0.0,"speed":0.0},{"calorie":0.0,"count":0,"distance":0.0,"speed":0.0},{"calorie":3.259999990463257,"count":90,"distance":68.09000015258789,"speed":4.671299934387207},{"calorie":0.8899999856948853,"count":25,"distance":19.050000190734863,"speed":4.707622528076172},{"calorie":1.0199999958276749,"count":27,"distance":19.93000030517578,"speed":4.5073747634887695},{"calorie":0.0,"count":0,"distance":0.0,"speed":0.0},{"calorie":1.9900000095367432,"count":55,"distance":41.22999954223633,"speed":4.5717573165893555},{"calorie":5.370000004768372,"count":154,"distance":116.87999820709229,"speed":4.942272663116455},{"calorie":4.930000007152557,"count":134,"distance":100.01999855041504,"speed":4.504262924194336},{"calorie":3.2399999499320984,"count":89,"distance":66.17000102996826,"speed":4.426503658294678},{"calorie":4.230000019073486,"count":113,"distance":82.79999923706055,"speed":4.1472601890563965},{"calorie":0.0,"count":0,"distance":0.0,"speed":0.0},{"calorie":0.0,"count":0,"distance":0.0,"speed":0.0},{"calorie":2.849999785423279,"count":78,"distance":57.61999797821045,"speed":4.308093070983887},{"calorie":0.0,"count":0,"distance":0.0,"speed":0.0},{"calorie":0.0,"count":0,"distance":0.0,"speed":0.0},{"calorie":0.0,"count":0,"distance":0.0,"speed":0.0},{"calorie":0.0,"count":0,"distance":0.0,"speed":0.0},{"calorie":0.0,"count":0,"distance":0.0,"speed":0.0},{"calorie":9.490000069141388,"count":264,"distance":202.66000175476074,"speed":5.041082382202148},{"calorie":7.739999860525131,"count":207,"distance":150.91999864578247,"speed":3.9331977367401123},{"calorie":2.6499999463558197,"count":72,"distance":51.83999967575073,"speed":3.6957950592041016},{"calorie":9.149999238550663,"count":266,"distance":200.80999660491943,"speed":4.8108625411987305},{"calorie":2.3899999856948853,"count":64,"distance":46.959999561309814,"speed":4.251296520233154},{"calorie":0.0,"count":0,"distance":0.0,"speed":0.0},{"calorie":0.0,"count":0,"distance":0.0,"speed":0.0},{"calorie":0.0,"count":0,"distance":0.0,"speed":0.0},{"calorie":0.8100000023841858,"count":22,"distance":16.489999771118164,"speed":4.900000095367432},{"calorie":3.8100001215934753,"count":103,"distance":76.51999807357788,"speed":4.313730239868164},{"calorie":0.0,"count":0,"distance":0.0,"speed":0.0},{"calorie":3.549999952316284,"count":31,"distance":54.79999923706055,"speed":12.745436668395996},{"calorie":9.249999657273293,"count":239,"distance":180.54000329971313,"speed":4.840619087219238},{"calorie":4.8499999195337296,"count":129,"distance":95.97999906539917,"speed":4.361406326293945},{"calorie":0.4999999850988388,"count":14,"distance":10.34000015258789,"speed":4.3633222579956055},{"calorie":0.0,"count":0,"distance":0.0,"speed":0.0},{"calorie":0.0,"count":0,"distance":0.0,"speed":0.0},{"calorie":1.429999977350235,"count":39,"distance":29.459999084472656,"speed":4.792901039123535},{"calorie":0.4599999934434891,"count":13,"distance":9.62000036239624,"speed":4.278286457061768},{"calorie":0.0,"count":0,"distance":0.0,"speed":0.0},{"calorie":0.0,"count":0,"distance":0.0,"speed":0.0},{"calorie":0.0,"count":0,"distance":0.0,"speed":0.0},{"calorie":2.009999990463257,"count":55,"distance":41.52000045776367,"speed":4.5},{"calorie":4.670000314712524,"count":123,"distance":89.5200023651123,"speed":3.9912524223327637},{"calorie":4.640000112354755,"count":122,"distance":90.73000121116638,"speed":4.342930793762207},{"calorie":0.0,"count":0,"distance":0.0,"speed":0.0},{"calorie":0.0,"count":0,"distance":0.0,"speed":0.0},{"calorie":0.0,"count":0,"distance":0.0,"speed":0.0},{"calorie":0.0,"count":0,"distance":0.0,"speed":0.0},{"calorie":0.0,"count":0,"distance":0.0,"speed":0.0},{"calorie":1.7599999904632568,"count":46,"distance":34.619998931884766,"speed":4.700000286102295},{"calorie":3.550000011920929,"count":93,"distance":68.55999946594238,"speed":4.306318759918213},{"calorie":0.0,"count":0,"distance":0.0,"speed":0.0},{"calorie":0.0,"count":0,"distance":0.0,"speed":0.0},{"calorie":0.0,"count":0,"distance":0.0,"speed":0.0},{"calorie":0.0,"count":0,"distance":0.0,"speed":0.0},{"calorie":0.0,"count":0,"distance":0.0,"speed":0.0},{"calorie":0.0,"count":0,"distance":0.0,"speed":0.0},{"calorie":0.0,"count":0,"distance":0.0,"speed":0.0},{"calorie":0.0,"count":0,"distance":0.0,"speed":0.0},{"calorie":0.0,"count":0,"distance":0.0,"speed":0.0},{"calorie":0.0,"count":0,"distance":0.0,"speed":0.0},{"calorie":0.0,"count":0,"distance":0.0,"speed":0.0},{"calorie":8.709999442100525,"count":227,"distance":167.7300033569336,"speed":4.234409809112549},{"calorie":4.42999941110611,"count":112,"distance":84.14999771118164,"speed":4.375029563903809},{"calorie":0.0,"count":0,"distance":0.0,"speed":0.0},{"calorie":0.0,"count":0,"distance":0.0,"speed":0.0},{"calorie":0.0,"count":0,"distance":0.0,"speed":0.0},{"calorie":0.0,"count":0,"distance":0.0,"speed":0.0},{"calorie":0.0,"count":0,"distance":0.0,"speed":0.0},{"calorie":0.0,"count":0,"distance":0.0,"speed":0.0},{"calorie":0.0,"count":0,"distance":0.0,"speed":0.0},{"calorie":1.3399999737739563,"count":35,"distance":25.579999923706055,"speed":4.114719867706299},{"calorie":0.0,"count":0,"distance":0.0,"speed":0.0},{"calorie":1.6299999356269836,"count":46,"distance":34.35000133514404,"speed":4.744151592254639},{"calorie":0.20999999344348907,"count":6,"distance":4.590000152587891,"speed":5.400000095367432},{"calorie":0.6200000047683716,"count":17,"distance":12.710000038146973,"speed":5.117070198059082},{"calorie":0.0,"count":0,"distance":0.0,"speed":0.0}]