[{"calorie":0.0,"count":0,"distance":0.0,"speed":0.0},{"calorie":0.0,"count":0,"distance":0.0,"speed":0.0},{"calorie":0.0,"count":0,"distance":0.0,"speed":0.0},{"calorie":0.0,"count":0,"distance":0.0,"speed":0.0},{"calorie":0.0,"count":0,"distance":0.0,"speed":0.0},{"calorie":0.0,"count":0,"distance":0.0,"speed":0.0},{"calorie":0.0,"count":0,"distance":0.0,"speed":0.0},{"calorie":0.0,"count":0,"distance":0.0,"speed":0.0},{"calorie":0.0,"count":0,"distance":0.0,"speed":0.0},{"calorie":0.0,"count":0,"distance":0.0,"speed":0.0},{"calorie":0.0,"count":0,"distance":0.0,"speed":0.0},{"calorie":0.0,"count":0,"distance":0.0,"speed":0.0},{"calorie":0.0,"count":0,"distance":0.0,"speed":0.0},{"calorie":0.0,"count":0,"distance":0.0,"speed":0.0},{"calorie":0.0,"count":0,"distance":0.0,"speed":0.0},{"calorie":0.0,"count":0,"distance":0.0,"speed":0.0},{"calorie":0.0,"count":0,"distance":0.0,"speed":0.0},{"calorie":0.0,"count":0,"distance":0.0,"speed":0.0},{"calorie":0.0,"count":0,"distance":0.0,"speed":0.0},{"calorie":0.0,"count":0,"distance":0.0,"speed":0.0},{"calorie":0.0,"count":0,"distance":0.0,"speed":0.0},{"calorie":0.0,"count":0,"distance":0.0,"speed":0.0},{"calorie":0.0,"count":0,"distance":0.0,"speed":0.0},{"calorie":0.0,"count":0,"distance":0.0,"speed":0.0},{"calorie":0.0,"count":0,"distance":0.0,"speed":0.0},{"calorie":0.0,"count":0,"distance":0.0,"speed":0.0},{"calorie":0.0,"count":0,"distance":0.0,"speed":0.0},{"calorie":0.0,"count":0,"distance":0.0,"speed":0.0},{"calorie":0.0,"count":0,"distance":0.0,"speed":0.0},{"calorie":0.0,"count":0,"distance":0.0,"speed":0.0},{"calorie":0.0,"count":0,"distance":0.0,"speed":0.0},{"calorie":0.0,"count":0,"distance":0.0,"speed":0.0},{"calorie":0.0,"count":0,"distance":0.0,"speed":0.0},{"calorie":0.0,"count":0,"distance":0.0,"speed":0.0},{"calorie":0.0,"count":0,"distance":0.0,"speed":0.0},{"calorie":0.0,"count":0,"distance":0.0,"speed":0.0},{"calorie":0.4000000059604645,"count":12,"distance":8.920000076293945,"speed":4.799999713897705},{"calorie":3.589999943971634,"count":92,"distance":66.11999845504761,"speed":3.678368091583252},{"calorie":6.789999961853027,"count":174,"distance":127.81999969482422,"speed":4.256365776062012},{"calorie":0.0,"count":0,"distance":0.0,"speed":0.0},{"calorie":0.7400000095367432,"count":21,"distance":15.720000267028809,"speed":4.900000095367432},{"calorie":0.0,"count":0,"distance":0.0,"speed":0.0},{"calorie":4.070000112056732,"count":107,"distance":79.32999897003174,"speed":4.393656253814697},{"calorie":0.4000000059604645,"count":13,"distance":10.300000190734863,"speed":5.099999904632568},{"calorie":0.0,"count":0,"distance":0.0,"speed":0.0},{"calorie":0.0,"count":0,"distance":0.0,"speed":0.0},{"calorie":0.0,"count":0,"distance":0.0,"speed":0.0},{"calorie":2.4499997794628143,"count":66,"distance":49.710001945495605,"speed":4.763445854187012},{"calorie":1.8199999332427979,"count":49,"distance":36.31999969482422,"speed":3.703110694885254},{"calorie":2.060000002384186,"count":57,"distance":42.670000076293945,"speed":4.512099266052246},{"calorie":1.939999908208847,"count":54,"distance":41.45000123977661,"speed":4.709348678588867},{"calorie":0.0,"count":0,"distance":0.0,"speed":0.0},{"calorie":0.0,"count":0,"distance":0.0,"speed":0.0},{"calorie":0.0,"count":0,"distance":0.0,"speed":0.0},{"calorie":0.60999995470047,"count":16,"distance":12.149999618530273,"speed":4.793704032897949},{"calorie":0.6100000143051147,"count":16,"distance":11.85999870300293,"speed":4.473838806152344},{"calorie":0.0,"count":0,"distance":0.0,"speed":0.0},{"calorie":0.0,"count":0,"distance":0.0,"speed":0.0},{"calorie":0.0,"count":0,"distance":0.0,"speed":0.0},{"calorie":0.0,"count":0,"distance":0.0,"speed":0.0},{"calorie":0.0,"count":0,"distance":0.0,"speed":0.0},{"calorie":0.0,"count":0,"distance":0.0,"speed":0.0},{"calorie":0.0,"count":0,"distance":0.0,"speed":0.0},{"calorie":0.0,"count":0,"distance":0.0,"speed":0.0},{"calorie":0.0,"count":0,"distance":0.0,"speed":0.0},{"calorie":0.0,"count":0,"distance":0.0,"speed":0.0},{"calorie":1.3700000047683716,"count":37,"distance":28.14000129699707,"speed":4.876831531524658},{"calorie":4.27000018954277,"count":122,"distance":92.61000537872314,"speed":4.907034873962402},{"calorie":1.1500000357627869,"count":33,"distance":24.530000686645508,"speed":4.169616222381592},{"calorie":4.1000001430511475,"count":114,"distance":86.6500015258789,"speed":4.886533260345459},{"calorie":2.809999942779541,"count":74,"distance":55.380001068115234,"speed":4.786256313323975},{"calorie":2.7799999713897705,"count":74,"distance":55.650001525878906,"speed":4.700309753417969},{"calorie":7.1999998688697815,"count":199,"distance":146.97000217437744,"speed":4.197975158691406},{"calorie":0.5799999833106995,"count":16,"distance":11.569999694824219,"speed":4.0},{"calorie":0.7200000882148743,"count":20,"distance":14.94999885559082,"speed":4.463664531707764},{"calorie":0.0,"count":0,"distance":0.0,"speed":0.0},{"calorie":3.1399993896484375,"count":85,"distance":63.40999984741211,"speed":4.4766058921813965},{"calorie":0.0,"count":0,"distance":0.0,"speed":0.0},{"calorie":2.260000152513385,"count":61,"distance":45.980000019073486,"speed":4.7248969078063965},{"calorie":0.9299999475479126,"count":26,"distance":19.540000915527344,"speed":5.104733467102051},{"calorie":0.0,"count":0,"distance":0.0,"speed":0.0},{"calorie":0.0,"count":0,"distance":0.0,"speed":0.0},{"calorie":0.8999999761581421,"count":26,"distance":19.83000087738037,"speed":4.994462490081787},{"calorie":6.989999979734421,"count":179,"distance":130.1699981689453,"speed":3.7787952423095703},{"calorie":0.8100000023841858,"count":22,"distance":15.749999046325684,"speed":3.5528855323791504},{"calorie":5.319999933242798,"count":157,"distance":120.28000354766846,"speed":5.277561187744141},{"calorie":0.0,"count":0,"distance":0.0,"speed":0.0},{"calorie":0.0,"count":0,"distance":0.0,"speed":0.0},{"calorie":0.0,"count":0,"distance":0.0,"speed":0.0},{"calorie":0.0,"count":0,"distance":0.0,"speed":0.0},{"calorie":0.0,"count":0,"distance":0.0,"speed":0.0},{"calorie":0.0,"count":0,"distance":0.0,"speed":0.0},{"calorie":0.0,"count":0,"distance":0.0,"speed":0.0},{"calorie":0.0,"count":0,"distance":0.0,"speed":0.0},{"calorie":2.7899999618530273,"count":76,"distance":55.58000183105469,"speed":3.9509711265563965},{"calorie":5.310000106692314,"count":146,"distance":110.25999689102173,"speed":4.753523349761963},{"calorie":4.379999756813049,"count":121,"distance":89.91000080108643,"speed":4.310732364654541},{"calorie":2.0200000405311584,"count":55,"distance":40.02000069618225,"speed":4.030114650726318},{"calorie":0.0,"count":0,"distance":0.0,"speed":0.0},{"calorie":0.0,"count":0,"distance":0.0,"speed":0.0},{"calorie":2.140000104904175,"count":58,"distance":43.20000076293945,"speed":4.5},{"calorie":1.8499999642372131,"count":51,"distance":36.779998779296875,"speed":3.5608417987823486},{"calorie":0.8699999451637268,"count":24,"distance":18.32000160217285,"speed":5.240889549255371},{"calorie":3.479999601840973,"count":91,"distance":65.93000984191895,"speed":3.9707961082458496},{"calorie":0.0,"count":0,"distance":0.0,"speed":0.0},{"calorie":0.0,"count":0,"distance":0.0,"speed":0.0},{"calorie":0.0,"count":0,"distance":0.0,"speed":0.0},{"calorie":0.0,"count":0,"distance":0.0,"speed":0.0},{"calorie":6.469999194145203,"count":167,"distance":123.88000679016113,"speed":4.35102653503418},{"calorie":19.790000408887863,"count":506,"distance":382.15000343322754,"speed":4.746107578277588},{"calorie":0.629999965429306,"count":17,"distance":12.499999523162842,"speed":4.203673362731934},{"calorie":0.0,"count":0,"distance":0.0,"speed":0.0},{"calorie":0.32999998331069946,"count":9,"distance":6.529999732971191,"speed":4.388434886932373},{"calorie":0.0,"count":0,"distance":0.0,"speed":0.0},{"calorie":0.0,"count":0,"distance":0.0,"speed":0.0},{"calorie":0.0,"count":0,"distance":0.0,"speed":0.0},{"calorie":0.0,"count":0,"distance":0.0,"speed":0.0},{"calorie":1.700000137090683,"count":47,"distance":34.97999382019043,"speed":4.412431240081787},{"calorie":0.23999999463558197,"count":7,"distance":5.489999771118164,"speed":5.555891990661621},{"calorie":0.0,"count":0,"distance":0.0,"speed":0.0},{"calorie":1.0199999809265137,"count":27,"distance":19.470001220703125,"speed":3.6925227642059326},{"calorie":0.9300000667572021,"count":25,"distance":18.719999313354492,"speed":4.672516822814941},{"calorie":0.0,"count":0,"distance":0.0,"speed":0.0},{"calorie":0.5199999809265137,"count":15,"distance":11.119998931884766,"speed":4.386423587799072},{"calorie":0.29999998211860657,"count":8,"distance":5.609999656677246,"speed":3.1999998092651367},{"calorie":0.0,"count":0,"distance":0.0,"speed":0.0},{"calorie":0.0,"count":0,"distance":0.0,"speed":0.0},{"calorie":0.0,"count":0,"distance":0.0,"speed":0.0},{"calorie":0.9700001254677773,"count":27,"distance":20.420003414154053,"speed":4.879988193511963},{"calorie":0.0,"count":0,"distance":0.0,"speed":0.0},{"calorie":0.0,"count":0,"distance":0.0,"speed":0.0},{"calorie":1.870000183582306,"count":52,"distance":39.65999889373779,"speed":4.908019065856934},{"calorie":0.0,"count":0,"distance":0.0,"speed":0.0},{"calorie":0.0,"count":0,"distance":0.0,"speed":0.0},{"calorie":0.0,"count":0,"distance":0.0,"speed":0.0},{"calorie":0.0,"count":0,"distance":0.0,"speed":0.0},{"calorie":0.0,"count":0,"distance":0.0,"speed":0.0},{"calorie":0.0,"count":0,"distance":0.0,"speed":0.0},{"calorie":0.0,"count":0,"distance":0.0,"speed":0.0},{"calorie":0.0,"count":0,"distance":0.0,"speed":0.0},{"calorie":0.0,"count":0,"distance":0.0,"speed":0.0},{"calorie":0.0,"count":0,"distance":0.0,"speed":0.0},{"calorie":0.0,"count":0,"distance":0.0,"speed":0.0},{"calorie":0.0,"count":0,"distance":0.0,"speed":0.0}]