[{"calorie":0.0,"count":0,"distance":0.0,"speed":0.0},{"calorie":0.0,"count":0,"distance":0.0,"speed":0.0},{"calorie":0.0,"count":0,"distance":0.0,"speed":0.0},{"calorie":0.0,"count":0,"distance":0.0,"speed":0.0},{"calorie":0.0,"count":0,"distance":0.0,"speed":0.0},{"calorie":0.0,"count":0,"distance":0.0,"speed":0.0},{"calorie":0.0,"count":0,"distance":0.0,"speed":0.0},{"calorie":0.0,"count":0,"distance":0.0,"speed":0.0},{"calorie":0.0,"count":0,"distance":0.0,"speed":0.0},{"calorie":0.0,"count":0,"distance":0.0,"speed":0.0},{"calorie":0.0,"count":0,"distance":0.0,"speed":0.0},{"calorie":0.0,"count":0,"distance":0.0,"speed":0.0},{"calorie":0.0,"count":0,"distance":0.0,"speed":0.0},{"calorie":0.0,"count":0,"distance":0.0,"speed":0.0},{"calorie":0.0,"count":0,"distance":0.0,"speed":0.0},{"calorie":0.0,"count":0,"distance":0.0,"speed":0.0},{"calorie":0.0,"count":0,"distance":0.0,"speed":0.0},{"calorie":0.0,"count":0,"distance":0.0,"speed":0.0},{"calorie":0.0,"count":0,"distance":0.0,"speed":0.0},{"calorie":0.0,"count":0,"distance":0.0,"speed":0.0},{"calorie":0.0,"count":0,"distance":0.0,"speed":0.0},{"calorie":0.0,"count":0,"distance":0.0,"speed":0.0},{"calorie":0.0,"count":0,"distance":0.0,"speed":0.0},{"calorie":0.0,"count":0,"distance":0.0,"speed":0.0},{"calorie":0.0,"count":0,"distance":0.0,"speed":0.0},{"calorie":0.0,"count":0,"distance":0.0,"speed":0.0},{"calorie":0.0,"count":0,"distance":0.0,"speed":0.0},{"calorie":0.0,"count":0,"distance":0.0,"speed":0.0},{"calorie":0.0,"count":0,"distance":0.0,"speed":0.0},{"calorie":0.0,"count":0,"distance":0.0,"speed":0.0},{"calorie":0.0,"count":0,"distance":0.0,"speed":0.0},{"calorie":0.0,"count":0,"distance":0.0,"speed":0.0},{"calorie":0.0,"count":0,"distance":0.0,"speed":0.0},{"calorie":0.0,"count":0,"distance":0.0,"speed":0.0},{"calorie":0.0,"count":0,"distance":0.0,"speed":0.0},{"calorie":0.0,"count":0,"distance":0.0,"speed":0.0},{"calorie":0.0,"count":0,"distance":0.0,"speed":0.0},{"calorie":0.0,"count":0,"distance":0.0,"speed":0.0},{"calorie":0.0,"count":0,"distance":0.0,"speed":0.0},{"calorie":0.0,"count":0,"distance":0.0,"speed":0.0},{"calorie":0.0,"count":0,"distance":0.0,"speed":0.0},{"calorie":0.0,"count":0,"distance":0.0,"speed":0.0},{"calorie":0.0,"count":0,"distance":0.0,"speed":0.0},{"calorie":1.1499997973442078,"count":41,"distance":27.640000820159912,"speed":4.107797622680664},{"calorie":0.0,"count":0,"distance":0.0,"speed":0.0},{"calorie":0.1899999976158142,"count":7,"distance":4.550000190734863,"speed":3.4654221534729004},{"calorie":0.30000001192092896,"count":11,"distance":7.829999923706055,"speed":5.065715312957764},{"calorie":25.149993419647217,"count":890,"distance":617.9799118041992,"speed":4.706673622131348},{"calorie":10.879999414086342,"count":382,"distance":264.94997358322144,"speed":4.634388446807861},{"calorie":0.0,"count":0,"distance":0.0,"speed":0.0},{"calorie":0.25,"count":9,"distance":5.960000038146973,"speed":3.6842541694641113},{"calorie":0.0,"count":0,"distance":0.0,"speed":0.0},{"calorie":0.0,"count":0,"distance":0.0,"speed":0.0},{"calorie":0.0,"count":0,"distance":0.0,"speed":0.0},{"calorie":0.0,"count":0,"distance":0.0,"speed":0.0},{"calorie":8.39999794960022,"count":281,"distance":193.19994354248047,"speed":4.601958274841309},{"calorie":11.730000212788582,"count":399,"distance":278.50000381469727,"speed":4.654350757598877},{"calorie":8.609999984502792,"count":310,"distance":213.9400053024292,"speed":4.325714588165283},{"calorie":4.620000004768372,"count":167,"distance":112.88000202178955,"speed":3.817779064178467},{"calorie":1.0899999737739563,"count":41,"distance":27.919997215270996,"speed":4.128515243530273},{"calorie":8.079999148845673,"count":295,"distance":203.82998943328857,"speed":4.473473072052002},{"calorie":23.479996234178543,"count":797,"distance":554.2999477386475,"speed":4.58151912689209},{"calorie":0.0,"count":0,"distance":0.0,"speed":0.0},{"calorie":0.0,"count":0,"distance":0.0,"speed":0.0},{"calorie":0.0,"count":0,"distance":0.0,"speed":0.0},{"calorie":0.0,"count":0,"distance":0.0,"speed":0.0},{"calorie":0.0,"count":0,"distance":0.0,"speed":0.0},{"calorie":0.0,"count":0,"distance":0.0,"speed":0.0},{"calorie":0.0,"count":0,"distance":0.0,"speed":0.0},{"calorie":0.0,"count":0,"distance":0.0,"speed":0.0},{"calorie":0.0,"count":0,"distance":0.0,"speed":0.0},{"calorie":0.0,"count":0,"distance":0.0,"speed":0.0},{"calorie":1.3600000143051147,"count":50,"distance":33.380001068115234,"speed":3.7600293159484863},{"calorie":1.8600000143051147,"count":67,"distance":45.84999942779541,"speed":4.146290302276611},{"calorie":0.0,"count":0,"distance":0.0,"speed":0.0},{"calorie":2.070000007748604,"count":74,"distance":51.52000141143799,"speed":4.612030029296875},{"calorie":0.0,"count":0,"distance":0.0,"speed":0.0},{"calorie":0.48000001162290573,"count":17,"distance":11.289999723434448,"speed":3.507722854614258},{"calorie":0.8700000196695328,"count":32,"distance":22.129998683929443,"speed":4.310372829437256},{"calorie":0.0,"count":0,"distance":0.0,"speed":0.0},{"calorie":0.0,"count":0,"distance":0.0,"speed":0.0},{"calorie":1.0999997854232788,"count":40,"distance":26.840002059936523,"speed":3.8090503215789795},{"calorie":0.3199999928474426,"count":11,"distance":7.109999656677246,"speed":3.2614104747772217},{"calorie":13.579997658729553,"count":461,"distance":319.2300386428833,"speed":4.568480014801025},{"calorie":23.99999514222145,"count":807,"distance":565.2199335098267,"speed":4.843266487121582},{"calorie":2.310000032186508,"count":85,"distance":57.33000087738037,"speed":3.964993476867676},{"calorie":0.4399999976158142,"count":16,"distance":10.470000267028809,"speed":3.202301025390625},{"calorie":0.9799999743700027,"count":35,"distance":23.499999046325684,"speed":3.714097023010254},{"calorie":5.560000002384186,"count":201,"distance":137.4600009918213,"speed":4.116729259490967},{"calorie":1.649999976158142,"count":57,"distance":37.78999900817871,"speed":3.585253953933716},{"calorie":1.6400000005960464,"count":54,"distance":38.510000228881836,"speed":4.19443416595459},{"calorie":4.409999877214432,"count":159,"distance":109.48999953269958,"speed":4.360910415649414},{"calorie":1.2999999821186066,"count":48,"distance":32.72000026702881,"speed":4.149972915649414},{"calorie":3.559999942779541,"count":128,"distance":87.97999954223633,"speed":4.197070598602295},{"calorie":7.969999521970749,"count":280,"distance":189.72999668121338,"speed":4.0240068435668945},{"calorie":4.829999893903732,"count":171,"distance":114.72999858856201,"speed":3.7678897380828857},{"calorie":15.489999830722809,"count":539,"distance":353.0799980163574,"speed":3.3235840797424316},{"calorie":3.479999989271164,"count":125,"distance":85.89999866485596,"speed":4.2659454345703125},{"calorie":1.5499999523162842,"count":54,"distance":37.54999542236328,"speed":4.632035732269287},{"calorie":0.0,"count":0,"distance":0.0,"speed":0.0},{"calorie":1.5699999779462814,"count":58,"distance":39.489999771118164,"speed":4.10874605178833},{"calorie":1.2400000095367432,"count":45,"distance":30.820000648498535,"speed":4.361173629760742},{"calorie":2.009999930858612,"count":70,"distance":48.71000146865845,"speed":4.582263946533203},{"calorie":0.48000001907348633,"count":18,"distance":11.90000057220459,"speed":3.632877826690674},{"calorie":6.520000159740448,"count":236,"distance":163.10999965667725,"speed":4.486264228820801},{"calorie":8.489999890327454,"count":296,"distance":205.58999824523926,"speed":4.495506763458252},{"calorie":2.6899998486042023,"count":100,"distance":69.47000026702881,"speed":4.724365711212158},{"calorie":0.0,"count":0,"distance":0.0,"speed":0.0},{"calorie":0.0,"count":0,"distance":0.0,"speed":0.0},{"calorie":1.4400000274181366,"count":48,"distance":34.269999504089355,"speed":4.361307621002197},{"calorie":0.0,"count":0,"distance":0.0,"speed":0.0},{"calorie":0.33000001311302185,"count":12,"distance":7.920000076293945,"speed":3.700000047683716},{"calorie":0.0,"count":0,"distance":0.0,"speed":0.0},{"calorie":0.0,"count":0,"distance":0.0,"speed":0.0},{"calorie":0.5800000131130219,"count":21,"distance":14.039999961853027,"speed":3.680245876312256},{"calorie":1.7400000095367432,"count":63,"distance":44.17000102996826,"speed":4.776872158050537},{"calorie":8.869999915361404,"count":314,"distance":218.0799970626831,"speed":4.563570499420166},{"calorie":6.159999907016754,"count":215,"distance":149.7999997138977,"speed":4.633596897125244},{"calorie":5.009999930858612,"count":168,"distance":121.55999946594238,"speed":5.479939937591553},{"calorie":0.3400000035762787,"count":12,"distance":7.940000057220459,"speed":4.099999904632568},{"calorie":4.129999041557312,"count":142,"distance":97.37001037597656,"speed":4.340826511383057},{"calorie":0.0,"count":0,"distance":0.0,"speed":0.0},{"calorie":0.0,"count":0,"distance":0.0,"speed":0.0},{"calorie":0.0,"count":0,"distance":0.0,"speed":0.0},{"calorie":0.0,"count":0,"distance":0.0,"speed":0.0},{"calorie":0.0,"count":0,"distance":0.0,"speed":0.0},{"calorie":0.0,"count":0,"distance":0.0,"speed":0.0},{"calorie":0.8399999737739563,"count":30,"distance":20.639999389648438,"speed":4.299999713897705},{"calorie":6.199999988079071,"count":209,"distance":143.18999862670898,"speed":4.258844375610352},{"calorie":0.0,"count":0,"distance":0.0,"speed":0.0},{"calorie":0.0,"count":0,"distance":0.0,"speed":0.0},{"calorie":0.0,"count":0,"distance":0.0,"speed":0.0},{"calorie":0.0,"count":0,"distance":0.0,"speed":0.0},{"calorie":6.60999995470047,"count":224,"distance":157.76999473571777,"speed":5.045567035675049},{"calorie":0.1599999964237213,"count":6,"distance":3.890000104904175,"speed":3.799999952316284},{"calorie":0.0,"count":0,"distance":0.0,"speed":0.0},{"calorie":0.0,"count":0,"distance":0.0,"speed":0.0},{"calorie":4.189999908208847,"count":144,"distance":98.37000012397766,"speed":4.157656669616699},{"calorie":0.0,"count":0,"distance":0.0,"speed":0.0},{"calorie":3.2199999690055847,"count":109,"distance":72.80999946594238,"speed":4.335107803344727},{"calorie":1.7800000607967377,"count":63,"distance":43.40000057220459,"speed":4.401958465576172},{"calorie":0.0,"count":0,"distance":0.0,"speed":0.0},{"calorie":0.7000000178813934,"count":26,"distance":17.509999752044678,"speed":3.6128411293029785},{"calorie":0.0,"count":0,"distance":0.0,"speed":0.0}]