[{"calorie":0.0,"count":0,"distance":0.0,"speed":0.0},{"calorie":0.0,"count":0,"distance":0.0,"speed":0.0},{"calorie":0.0,"count":0,"distance":0.0,"speed":0.0},{"calorie":0.0,"count":0,"distance":0.0,"speed":0.0},{"calorie":0.0,"count":0,"distance":0.0,"speed":0.0},{"calorie":0.0,"count":0,"distance":0.0,"speed":0.0},{"calorie":0.0,"count":0,"distance":0.0,"speed":0.0},{"calorie":0.0,"count":0,"distance":0.0,"speed":0.0},{"calorie":0.0,"count":0,"distance":0.0,"speed":0.0},{"calorie":0.0,"count":0,"distance":0.0,"speed":0.0},{"calorie":0.0,"count":0,"distance":0.0,"speed":0.0},{"calorie":0.0,"count":0,"distance":0.0,"speed":0.0},{"calorie":0.0,"count":0,"distance":0.0,"speed":0.0},{"calorie":0.0,"count":0,"distance":0.0,"speed":0.0},{"calorie":0.0,"count":0,"distance":0.0,"speed":0.0},{"calorie":0.0,"count":0,"distance":0.0,"speed":0.0},{"calorie":0.0,"count":0,"distance":0.0,"speed":0.0},{"calorie":0.0,"count":0,"distance":0.0,"speed":0.0},{"calorie":0.0,"count":0,"distance":0.0,"speed":0.0},{"calorie":0.0,"count":0,"distance":0.0,"speed":0.0},{"calorie":0.0,"count":0,"distance":0.0,"speed":0.0},{"calorie":0.0,"count":0,"distance":0.0,"speed":0.0},{"calorie":0.0,"count":0,"distance":0.0,"speed":0.0},{"calorie":0.0,"count":0,"distance":0.0,"speed":0.0},{"calorie":0.0,"count":0,"distance":0.0,"speed":0.0},{"calorie":0.0,"count":0,"distance":0.0,"speed":0.0},{"calorie":0.0,"count":0,"distance":0.0,"speed":0.0},{"calorie":0.0,"count":0,"distance":0.0,"speed":0.0},{"calorie":0.0,"count":0,"distance":0.0,"speed":0.0},{"calorie":0.0,"count":0,"distance":0.0,"speed":0.0},{"calorie":0.0,"count":0,"distance":0.0,"speed":0.0},{"calorie":0.0,"count":0,"distance":0.0,"speed":0.0},{"calorie":0.0,"count":0,"distance":0.0,"speed":0.0},{"calorie":0.0,"count":0,"distance":0.0,"speed":0.0},{"calorie":0.0,"count":0,"distance":0.0,"speed":0.0},{"calorie":0.0,"count":0,"distance":0.0,"speed":0.0},{"calorie":0.0,"count":0,"distance":0.0,"speed":0.0},{"calorie":0.0,"count":0,"distance":0.0,"speed":0.0},{"calorie":0.0,"count":0,"distance":0.0,"speed":0.0},{"calorie":0.0,"count":0,"distance":0.0,"speed":0.0},{"calorie":0.0,"count":0,"distance":0.0,"speed":0.0},{"calorie":3.9299999475479126,"count":66,"distance":45.93999671936035,"speed":4.0088067054748535},{"calorie":5.149999976158142,"count":87,"distance":61.36000156402588,"speed":4.098307132720947},{"calorie":3.7699999809265137,"count":60,"distance":41.56999969482422,"speed":4.127706527709961},{"calorie":7.06999945640564,"count":119,"distance":85.36999702453613,"speed":4.52955961227417},{"calorie":0.0,"count":0,"distance":0.0,"speed":0.0},{"calorie":0.0,"count":0,"distance":0.0,"speed":0.0},{"calorie":0.0,"count":0,"distance":0.0,"speed":0.0},{"calorie":0.0,"count":0,"distance":0.0,"speed":0.0},{"calorie":0.0,"count":0,"distance":0.0,"speed":0.0},{"calorie":0.0,"count":0,"distance":0.0,"speed":0.0},{"calorie":0.0,"count":0,"distance":0.0,"speed":0.0},{"calorie":0.0,"count":0,"distance":0.0,"speed":0.0},{"calorie":0.0,"count":0,"distance":0.0,"speed":0.0},{"calorie":0.0,"count":0,"distance":0.0,"speed":0.0},{"calorie":0.0,"count":0,"distance":0.0,"speed":0.0},{"calorie":0.0,"count":0,"distance":0.0,"speed":0.0},{"calorie":0.0,"count":0,"distance":0.0,"speed":0.0},{"calorie":0.0,"count":0,"distance":0.0,"speed":0.0},{"calorie":0.0,"count":0,"distance":0.0,"speed":0.0},{"calorie":11.669998168945312,"count":179,"distance":126.26001358032227,"speed":4.674829959869385},{"calorie":14.199999541044235,"count":232,"distance":164.61999702453613,"speed":4.457797050476074},{"calorie":1.4399999976158142,"count":25,"distance":17.999999523162842,"speed":4.827980041503906},{"calorie":0.0,"count":0,"distance":0.0,"speed":0.0},{"calorie":1.9400000423192978,"count":33,"distance":23.62999939918518,"speed":4.235528945922852},{"calorie":0.0,"count":0,"distance":0.0,"speed":0.0},{"calorie":0.9000000059604645,"count":15,"distance":10.529999732971191,"speed":4.149422645568848},{"calorie":0.0,"count":0,"distance":0.0,"speed":0.0},{"calorie":0.0,"count":0,"distance":0.0,"speed":0.0},{"calorie":0.0,"count":0,"distance":0.0,"speed":0.0},{"calorie":13.659999251365662,"count":230,"distance":162.7199993133545,"speed":4.348581790924072},{"calorie":0.0,"count":0,"distance":0.0,"speed":0.0},{"calorie":4.269999444484711,"count":75,"distance":52.75999164581299,"speed":4.055431365966797},{"calorie":0.0,"count":0,"distance":0.0,"speed":0.0},{"calorie":1.2299997806549072,"count":22,"distance":15.640000343322754,"speed":4.576171875},{"calorie":3.9900000393390656,"count":67,"distance":47.46000051498413,"speed":4.254579544067383},{"calorie":12.3100004196167,"count":209,"distance":150.8400001525879,"speed":4.66340446472168},{"calorie":0.0,"count":0,"distance":0.0,"speed":0.0},{"calorie":0.0,"count":0,"distance":0.0,"speed":0.0},{"calorie":8.830000042915344,"count":147,"distance":103.8599967956543,"speed":4.21877384185791},{"calorie":8.559999108314514,"count":147,"distance":104.5999984741211,"speed":4.369598388671875},{"calorie":0.0,"count":0,"distance":0.0,"speed":0.0},{"calorie":0.0,"count":0,"distance":0.0,"speed":0.0},{"calorie":0.0,"count":0,"distance":0.0,"speed":0.0},{"calorie":0.0,"count":0,"distance":0.0,"speed":0.0},{"calorie":9.960000157356262,"count":169,"distance":122.54999732971191,"speed":4.734915256500244},{"calorie":2.069999933242798,"count":35,"distance":24.979999542236328,"speed":4.299999713897705},{"calorie":0.0,"count":0,"distance":0.0,"speed":0.0},{"calorie":0.0,"count":0,"distance":0.0,"speed":0.0},{"calorie":0.0,"count":0,"distance":0.0,"speed":0.0},{"calorie":0.0,"count":0,"distance":0.0,"speed":0.0},{"calorie":3.309999942779541,"count":56,"distance":39.439998626708984,"speed":4.090142726898193},{"calorie":18.899999976158142,"count":313,"distance":228.56000137329102,"speed":4.666235446929932},{"calorie":5.569999933242798,"count":93,"distance":65.19000053405762,"speed":4.039997100830078},{"calorie":12.919999957084656,"count":210,"distance":152.32000255584717,"speed":4.646406650543213},{"calorie":0.0,"count":0,"distance":0.0,"speed":0.0},{"calorie":0.0,"count":0,"distance":0.0,"speed":0.0},{"calorie":0.0,"count":0,"distance":0.0,"speed":0.0},{"calorie":2.3199996948242188,"count":40,"distance":28.020000457763672,"speed":4.206945419311523},{"calorie":0.0,"count":0,"distance":0.0,"speed":0.0},{"calorie":3.430000066757202,"count":58,"distance":41.88999938964844,"speed":4.799999713897705},{"calorie":12.749999642372131,"count":216,"distance":154.24999809265137,"speed":4.664850234985352},{"calorie":0.0,"count":0,"distance":0.0,"speed":0.0},{"calorie":0.0,"count":0,"distance":0.0,"speed":0.0},{"calorie":6.049997329711914,"count":105,"distance":74.27998733520508,"speed":4.3757004737854},{"calorie":3.8099985122680664,"count":64,"distance":45.22998809814453,"speed":4.251749515533447},{"calorie":0.0,"count":0,"distance":0.0,"speed":0.0},{"calorie":2.489999771118164,"count":42,"distance":29.85999870300293,"speed":4.063479900360107},{"calorie":0.0,"count":0,"distance":0.0,"speed":0.0},{"calorie":1.600000023841858,"count":27,"distance":18.630000114440918,"speed":3.6046786308288574},{"calorie":11.359999775886536,"count":188,"distance":136.28999948501587,"speed":4.916472911834717},{"calorie":2.2100000381469727,"count":38,"distance":28.139999389648438,"speed":5.199999809265137},{"calorie":0.0,"count":0,"distance":0.0,"speed":0.0},{"calorie":4.360000133514404,"count":73,"distance":51.459999084472656,"speed":4.2415971755981445},{"calorie":0.0,"count":0,"distance":0.0,"speed":0.0},{"calorie":0.0,"count":0,"distance":0.0,"speed":0.0},{"calorie":2.0399999618530273,"count":36,"distance":25.139999389648438,"speed":3.6969196796417236},{"calorie":2.7200000286102295,"count":46,"distance":32.68000030517578,"speed":4.293543338775635},{"calorie":12.179999828338623,"count":204,"distance":145.3800048828125,"speed":4.319787979125977},{"calorie":38.54999923706055,"count":644,"distance":453.94999504089355,"speed":4.076903343200684},{"calorie":9.209999859333038,"count":154,"distance":109.77999877929688,"speed":4.390336036682129},{"calorie":1.649999976158142,"count":28,"distance":19.519999504089355,"speed":4.1727681159973145},{"calorie":0.0,"count":0,"distance":0.0,"speed":0.0},{"calorie":2.0899999141693115,"count":35,"distance":24.190000534057617,"speed":3.700000047683716},{"calorie":0.0,"count":0,"distance":0.0,"speed":0.0},{"calorie":2.4100000262260437,"count":41,"distance":29.640000343322754,"speed":4.362249374389648},{"calorie":4.650000095367432,"count":80,"distance":58.920000076293945,"speed":5.0471978187561035},{"calorie":3.279999852180481,"count":51,"distance":37.459999084472656,"speed":4.463662624359131},{"calorie":0.36000001430511475,"count":6,"distance":4.25,"speed":4.299999713897705},{"calorie":2.309999942779541,"count":40,"distance":30.280000686645508,"speed":6.099999904632568},{"calorie":0.0,"count":0,"distance":0.0,"speed":0.0},{"calorie":0.0,"count":0,"distance":0.0,"speed":0.0},{"calorie":0.8199999928474426,"count":15,"distance":10.899999618530273,"speed":4.080012321472168},{"calorie":0.5899999737739563,"count":10,"distance":6.96999979019165,"speed":4.099999904632568},{"calorie":1.0699999630451202,"count":18,"distance":12.489999771118164,"speed":4.011258125305176},{"calorie":2.75,"count":46,"distance":32.43000030517578,"speed":4.171798229217529},{"calorie":0.0,"count":0,"distance":0.0,"speed":0.0},{"calorie":0.0,"count":0,"distance":0.0,"speed":0.0},{"calorie":0.0,"count":0,"distance":0.0,"speed":0.0},{"calorie":0.0,"count":0,"distance":0.0,"speed":0.0},{"calorie":0.0,"count":0,"distance":0.0,"speed":0.0},{"calorie":0.0,"count":0,"distance":0.0,"speed":0.0},{"calorie":1.090000033378601,"count":19,"distance":14.149999618530273,"speed":4.799999713897705},{"calorie":0.0,"count":0,"distance":0.0,"speed":0.0}]