[{"calorie":0.0,"count":0,"distance":0.0,"speed":0.0},{"calorie":0.0,"count":0,"distance":0.0,"speed":0.0},{"calorie":0.0,"count":0,"distance":0.0,"speed":0.0},{"calorie":0.0,"count":0,"distance":0.0,"speed":0.0},{"calorie":0.0,"count":0,"distance":0.0,"speed":0.0},{"calorie":0.0,"count":0,"distance":0.0,"speed":0.0},{"calorie":0.0,"count":0,"distance":0.0,"speed":0.0},{"calorie":0.0,"count":0,"distance":0.0,"speed":0.0},{"calorie":0.0,"count":0,"distance":0.0,"speed":0.0},{"calorie":0.0,"count":0,"distance":0.0,"speed":0.0},{"calorie":0.0,"count":0,"distance":0.0,"speed":0.0},{"calorie":0.0,"count":0,"distance":0.0,"speed":0.0},{"calorie":0.0,"count":0,"distance":0.0,"speed":0.0},{"calorie":0.0,"count":0,"distance":0.0,"speed":0.0},{"calorie":0.0,"count":0,"distance":0.0,"speed":0.0},{"calorie":0.0,"count":0,"distance":0.0,"speed":0.0},{"calorie":0.0,"count":0,"distance":0.0,"speed":0.0},{"calorie":0.0,"count":0,"distance":0.0,"speed":0.0},{"calorie":0.0,"count":0,"distance":0.0,"speed":0.0},{"calorie":0.0,"count":0,"distance":0.0,"speed":0.0},{"calorie":0.0,"count":0,"distance":0.0,"speed":0.0},{"calorie":0.0,"count":0,"distance":0.0,"speed":0.0},{"calorie":0.0,"count":0,"distance":0.0,"speed":0.0},{"calorie":0.0,"count":0,"distance":0.0,"speed":0.0},{"calorie":0.0,"count":0,"distance":0.0,"speed":0.0},{"calorie":0.0,"count":0,"distance":0.0,"speed":0.0},{"calorie":0.0,"count":0,"distance":0.0,"speed":0.0},{"calorie":0.0,"count":0,"distance":0.0,"speed":0.0},{"calorie":0.0,"count":0,"distance":0.0,"speed":0.0},{"calorie":0.0,"count":0,"distance":0.0,"speed":0.0},{"calorie":0.0,"count":0,"distance":0.0,"speed":0.0},{"calorie":0.0,"count":0,"distance":0.0,"speed":0.0},{"calorie":0.0,"count":0,"distance":0.0,"speed":0.0},{"calorie":0.0,"count":0,"distance":0.0,"speed":0.0},{"calorie":0.0,"count":0,"distance":0.0,"speed":0.0},{"calorie":0.0,"count":0,"distance":0.0,"speed":0.0},{"calorie":0.0,"count":0,"distance":0.0,"speed":0.0},{"calorie":0.0,"count":0,"distance":0.0,"speed":0.0},{"calorie":0.0,"count":0,"distance":0.0,"speed":0.0},{"calorie":0.0,"count":0,"distance":0.0,"speed":0.0},{"calorie":0.0,"count":0,"distance":0.0,"speed":0.0},{"calorie":0.0,"count":0,"distance":0.0,"speed":0.0},{"calorie":0.0,"count":0,"distance":0.0,"speed":0.0},{"calorie":4.730000138282776,"count":93,"distance":64.82000160217285,"speed":3.780144453048706},{"calorie":13.929999589920044,"count":278,"distance":197.6700038909912,"speed":4.456213474273682},{"calorie":6.079999208450317,"count":120,"distance":85.20000648498535,"speed":4.417206287384033},{"calorie":4.21999990940094,"count":83,"distance":59.489999771118164,"speed":4.4857659339904785},{"calorie":0.0,"count":0,"distance":0.0,"speed":0.0},{"calorie":0.0,"count":0,"distance":0.0,"speed":0.0},{"calorie":0.0,"count":0,"distance":0.0,"speed":0.0},{"calorie":0.0,"count":0,"distance":0.0,"speed":0.0},{"calorie":0.0,"count":0,"distance":0.0,"speed":0.0},{"calorie":0.0,"count":0,"distance":0.0,"speed":0.0},{"calorie":0.0,"count":0,"distance":0.0,"speed":0.0},{"calorie":0.0,"count":0,"distance":0.0,"speed":0.0},{"calorie":0.0,"count":0,"distance":0.0,"speed":0.0},{"calorie":0.0,"count":0,"distance":0.0,"speed":0.0},{"calorie":0.0,"count":0,"distance":0.0,"speed":0.0},{"calorie":0.0,"count":0,"distance":0.0,"speed":0.0},{"calorie":0.0,"count":0,"distance":0.0,"speed":0.0},{"calorie":0.0,"count":0,"distance":0.0,"speed":0.0},{"calorie":0.0,"count":0,"distance":0.0,"speed":0.0},{"calorie":0.0,"count":0,"distance":0.0,"speed":0.0},{"calorie":0.0,"count":0,"distance":0.0,"speed":0.0},{"calorie":0.0,"count":0,"distance":0.0,"speed":0.0},{"calorie":0.36000001430511475,"count":7,"distance":5.050000190734863,"speed":4.299999713897705},{"calorie":0.0,"count":0,"distance":0.0,"speed":0.0},{"calorie":0.0,"count":0,"distance":0.0,"speed":0.0},{"calorie":0.0,"count":0,"distance":0.0,"speed":0.0},{"calorie":11.440000176429749,"count":228,"distance":163.78000164031982,"speed":4.649674892425537},{"calorie":3.9600000381469727,"count":78,"distance":55.42999839782715,"speed":4.234292984008789},{"calorie":0.0,"count":0,"distance":0.0,"speed":0.0},{"calorie":0.8600000739097595,"count":17,"distance":11.609999656677246,"speed":3.58799147605896},{"calorie":0.5600000023841858,"count":11,"distance":7.809999942779541,"speed":4.199999809265137},{"calorie":0.6200000047683716,"count":12,"distance":8.440000057220459,"speed":3.8500616550445557},{"calorie":1.8399996757507324,"count":36,"distance":27.200000762939453,"speed":5.478608131408691},{"calorie":0.0,"count":0,"distance":0.0,"speed":0.0},{"calorie":5.3800002336502075,"count":106,"distance":74.93999767303467,"speed":4.263543128967285},{"calorie":10.990000367164612,"count":218,"distance":156.0,"speed":4.4987921714782715},{"calorie":0.3799999952316284,"count":7,"distance":4.730000019073486,"speed":3.200000047683716},{"calorie":0.0,"count":0,"distance":0.0,"speed":0.0},{"calorie":1.280000001192093,"count":25,"distance":17.539999961853027,"speed":4.025961875915527},{"calorie":0.0,"count":0,"distance":0.0,"speed":0.0},{"calorie":0.0,"count":0,"distance":0.0,"speed":0.0},{"calorie":0.7099999785423279,"count":14,"distance":9.960000038146973,"speed":4.5},{"calorie":0.7699999809265137,"count":15,"distance":10.710000038146973,"speed":4.600000381469727},{"calorie":0.0,"count":0,"distance":0.0,"speed":0.0},{"calorie":1.5700000524520874,"count":31,"distance":21.969999313354492,"speed":4.099999904632568},{"calorie":0.0,"count":0,"distance":0.0,"speed":0.0},{"calorie":0.0,"count":0,"distance":0.0,"speed":0.0},{"calorie":0.0,"count":0,"distance":0.0,"speed":0.0},{"calorie":0.0,"count":0,"distance":0.0,"speed":0.0},{"calorie":1.0799999237060547,"count":22,"distance":15.390000343322754,"speed":3.8903777599334717},{"calorie":2.5799999833106995,"count":51,"distance":36.80999946594238,"speed":4.596637725830078},{"calorie":0.0,"count":0,"distance":0.0,"speed":0.0},{"calorie":0.0,"count":0,"distance":0.0,"speed":0.0},{"calorie":0.0,"count":0,"distance":0.0,"speed":0.0},{"calorie":0.0,"count":0,"distance":0.0,"speed":0.0},{"calorie":0.0,"count":0,"distance":0.0,"speed":0.0},{"calorie":0.0,"count":0,"distance":0.0,"speed":0.0},{"calorie":0.0,"count":0,"distance":0.0,"speed":0.0},{"calorie":0.0,"count":0,"distance":0.0,"speed":0.0},{"calorie":0.0,"count":0,"distance":0.0,"speed":0.0},{"calorie":2.0200000405311584,"count":39,"distance":26.960000038146973,"speed":3.7612009048461914},{"calorie":0.0,"count":0,"distance":0.0,"speed":0.0},{"calorie":1.89000004529953,"count":37,"distance":26.109999656677246,"speed":4.131603717803955},{"calorie":0.0,"count":0,"distance":0.0,"speed":0.0},{"calorie":0.0,"count":0,"distance":0.0,"speed":0.0},{"calorie":13.650000095367432,"count":270,"distance":189.3599977493286,"speed":4.1209917068481445},{"calorie":5.379998803138733,"count":107,"distance":76.56998252868652,"speed":4.441342830657959},{"calorie":1.7200000882148743,"count":33,"distance":22.640000343322754,"speed":3.5241646766662598},{"calorie":0.0,"count":0,"distance":0.0,"speed":0.0},{"calorie":1.3400000929832458,"count":26,"distance":18.41999912261963,"speed":4.199003219604492},{"calorie":0.0,"count":0,"distance":0.0,"speed":0.0},{"calorie":0.9700000882148743,"count":19,"distance":14.259999752044678,"speed":5.0904998779296875},{"calorie":12.389999836683273,"count":244,"distance":175.07000017166138,"speed":4.562194347381592},{"calorie":5.989998817443848,"count":119,"distance":82.58001041412354,"speed":3.7584474086761475},{"calorie":3.130000114440918,"count":61,"distance":41.959999084472656,"speed":3.642015218734741},{"calorie":0.0,"count":0,"distance":0.0,"speed":0.0},{"calorie":0.0,"count":0,"distance":0.0,"speed":0.0},{"calorie":0.0,"count":0,"distance":0.0,"speed":0.0},{"calorie":0.0,"count":0,"distance":0.0,"speed":0.0},{"calorie":0.0,"count":0,"distance":0.0,"speed":0.0},{"calorie":0.0,"count":0,"distance":0.0,"speed":0.0},{"calorie":9.020000219345093,"count":162,"distance":124.0,"speed":5.266329765319824},{"calorie":0.0,"count":0,"distance":0.0,"speed":0.0},{"calorie":0.0,"count":0,"distance":0.0,"speed":0.0},{"calorie":0.0,"count":0,"distance":0.0,"speed":0.0},{"calorie":0.0,"count":0,"distance":0.0,"speed":0.0},{"calorie":7.0099974274635315,"count":139,"distance":99.48000431060791,"speed":4.544145584106445},{"calorie":1.3199999332427979,"count":26,"distance":18.65999984741211,"speed":4.552846908569336},{"calorie":0.0,"count":0,"distance":0.0,"speed":0.0},{"calorie":1.190000057220459,"count":23,"distance":15.799999237060547,"speed":3.687760829925537},{"calorie":0.0,"count":0,"distance":0.0,"speed":0.0},{"calorie":0.6899999976158142,"count":13,"distance":8.899999618530273,"speed":3.8502883911132812},{"calorie":0.7000000476837158,"count":14,"distance":9.920000076293945,"speed":4.377792835235596},{"calorie":0.3700000047683716,"count":7,"distance":4.849999904632568,"speed":4.069876670837402},{"calorie":0.0,"count":0,"distance":0.0,"speed":0.0},{"calorie":0.0,"count":0,"distance":0.0,"speed":0.0},{"calorie":0.9800000786781311,"count":19,"distance":13.069999694824219,"speed":3.675806999206543},{"calorie":0.3500000238418579,"count":7,"distance":5.220000267028809,"speed":5.013936996459961},{"calorie":0.8200000524520874,"count":16,"distance":11.389999389648438,"speed":4.449364185333252},{"calorie":0.0,"count":0,"distance":0.0,"speed":0.0},{"calorie":0.36000001430511475,"count":7,"distance":5.0,"speed":4.285511016845703}]