[{"calorie":0.0,"count":0,"distance":0.0,"speed":0.0},{"calorie":0.0,"count":0,"distance":0.0,"speed":0.0},{"calorie":0.0,"count":0,"distance":0.0,"speed":0.0},{"calorie":0.0,"count":0,"distance":0.0,"speed":0.0},{"calorie":0.0,"count":0,"distance":0.0,"speed":0.0},{"calorie":0.0,"count":0,"distance":0.0,"speed":0.0},{"calorie":0.0,"count":0,"distance":0.0,"speed":0.0},{"calorie":0.0,"count":0,"distance":0.0,"speed":0.0},{"calorie":0.0,"count":0,"distance":0.0,"speed":0.0},{"calorie":0.0,"count":0,"distance":0.0,"speed":0.0},{"calorie":0.0,"count":0,"distance":0.0,"speed":0.0},{"calorie":0.0,"count":0,"distance":0.0,"speed":0.0},{"calorie":0.0,"count":0,"distance":0.0,"speed":0.0},{"calorie":0.0,"count":0,"distance":0.0,"speed":0.0},{"calorie":0.0,"count":0,"distance":0.0,"speed":0.0},{"calorie":0.0,"count":0,"distance":0.0,"speed":0.0},{"calorie":0.0,"count":0,"distance":0.0,"speed":0.0},{"calorie":0.0,"count":0,"distance":0.0,"speed":0.0},{"calorie":0.0,"count":0,"distance":0.0,"speed":0.0},{"calorie":0.0,"count":0,"distance":0.0,"speed":0.0},{"calorie":0.0,"count":0,"distance":0.0,"speed":0.0},{"calorie":0.0,"count":0,"distance":0.0,"speed":0.0},{"calorie":0.0,"count":0,"distance":0.0,"speed":0.0},{"calorie":0.0,"count":0,"distance":0.0,"speed":0.0},{"calorie":0.0,"count":0,"distance":0.0,"speed":0.0},{"calorie":0.0,"count":0,"distance":0.0,"speed":0.0},{"calorie":0.0,"count":0,"distance":0.0,"speed":0.0},{"calorie":0.0,"count":0,"distance":0.0,"speed":0.0},{"calorie":0.0,"count":0,"distance":0.0,"speed":0.0},{"calorie":0.0,"count":0,"distance":0.0,"speed":0.0},{"calorie":0.0,"count":0,"distance":0.0,"speed":0.0},{"calorie":0.0,"count":0,"distance":0.0,"speed":0.0},{"calorie":0.0,"count":0,"distance":0.0,"speed":0.0},{"calorie":0.0,"count":0,"distance":0.0,"speed":0.0},{"calorie":0.0,"count":0,"distance":0.0,"speed":0.0},{"calorie":0.0,"count":0,"distance":0.0,"speed":0.0},{"calorie":0.0,"count":0,"distance":0.0,"speed":0.0},{"calorie":0.0,"count":0,"distance":0.0,"speed":0.0},{"calorie":0.0,"count":0,"distance":0.0,"speed":0.0},{"calorie":0.0,"count":0,"distance":0.0,"speed":0.0},{"calorie":0.0,"count":0,"distance":0.0,"speed":0.0},{"calorie":0.0,"count":0,"distance":0.0,"speed":0.0},{"calorie":0.0,"count":0,"distance":0.0,"speed":0.0},{"calorie":0.0,"count":0,"distance":0.0,"speed":0.0},{"calorie":0.0,"count":0,"distance":0.0,"speed":0.0},{"calorie":0.0,"count":0,"distance":0.0,"speed":0.0},{"calorie":0.0,"count":0,"distance":0.0,"speed":0.0},{"calorie":4.79999965429306,"count":126,"distance":93.41999816894531,"speed":4.3342061042785645},{"calorie":10.050000190734863,"count":256,"distance":184.60999393463135,"speed":3.64374041557312},{"calorie":7.219999700784683,"count":197,"distance":147.9300036430359,"speed":4.694277286529541},{"calorie":6.170000195503235,"count":166,"distance":121.43999671936035,"speed":4.286966323852539},{"calorie":1.739999607205391,"count":46,"distance":34.34000015258789,"speed":4.6951985359191895},{"calorie":0.0,"count":0,"distance":0.0,"speed":0.0},{"calorie":0.0,"count":0,"distance":0.0,"speed":0.0},{"calorie":0.0,"count":0,"distance":0.0,"speed":0.0},{"calorie":0.5499999523162842,"count":15,"distance":10.969999313354492,"speed":4.100696563720703},{"calorie":4.629999995231628,"count":121,"distance":88.1299991607666,"speed":3.9444143772125244},{"calorie":2.8600000143051147,"count":76,"distance":56.1299991607666,"speed":4.382357120513916},{"calorie":4.219999998807907,"count":120,"distance":93.18999767303467,"speed":5.247544765472412},{"calorie":7.749999821186066,"count":209,"distance":154.03999996185303,"speed":4.348106861114502},{"calorie":4.920000076293945,"count":130,"distance":97.07999992370605,"speed":4.50026798248291},{"calorie":5.839999973773956,"count":167,"distance":127.70000267028809,"speed":5.007625102996826},{"calorie":5.719999849796295,"count":161,"distance":120.42999935150146,"speed":4.689056396484375},{"calorie":1.149999976158142,"count":31,"distance":22.94000005722046,"speed":4.393144130706787},{"calorie":1.5600001215934753,"count":43,"distance":32.06999969482422,"speed":4.246559143066406},{"calorie":2.10999995470047,"count":61,"distance":46.69000053405762,"speed":5.189164161682129},{"calorie":9.309999942779541,"count":242,"distance":176.04000091552734,"speed":5.080816268920898},{"calorie":2.309999942779541,"count":52,"distance":37.189998626708984,"speed":4.199999809265137},{"calorie":2.319999933242798,"count":63,"distance":44.17999982833862,"speed":4.614879131317139},{"calorie":2.9099998474121094,"count":78,"distance":58.96998977661133,"speed":4.849674224853516},{"calorie":4.839999943971634,"count":136,"distance":102.6200008392334,"speed":4.849616527557373},{"calorie":2.509999990463257,"count":67,"distance":49.17999982833862,"speed":4.265645503997803},{"calorie":0.0,"count":0,"distance":0.0,"speed":0.0},{"calorie":2.0100000500679016,"count":58,"distance":45.760000228881836,"speed":5.31903600692749},{"calorie":2.6399999782443047,"count":71,"distance":52.60999870300293,"speed":4.317056655883789},{"calorie":0.20999999344348907,"count":6,"distance":4.460000038146973,"speed":4.900000095367432},{"calorie":0.0,"count":0,"distance":0.0,"speed":0.0},{"calorie":0.7300000786781311,"count":19,"distance":14.400002479553223,"speed":4.8190155029296875},{"calorie":0.0,"count":0,"distance":0.0,"speed":0.0},{"calorie":0.0,"count":0,"distance":0.0,"speed":0.0},{"calorie":0.0,"count":0,"distance":0.0,"speed":0.0},{"calorie":0.0,"count":0,"distance":0.0,"speed":0.0},{"calorie":0.0,"count":0,"distance":0.0,"speed":0.0},{"calorie":5.019999980926514,"count":134,"distance":99.61999893188477,"speed":4.493094444274902},{"calorie":2.3799999058246613,"count":68,"distance":52.030001640319824,"speed":5.0901689529418945},{"calorie":4.040000021457672,"count":113,"distance":85.39000129699707,"speed":4.878688812255859},{"calorie":2.71999990940094,"count":77,"distance":58.390000343322754,"speed":5.032953262329102},{"calorie":1.8499999642372131,"count":48,"distance":36.22000026702881,"speed":4.726964950561523},{"calorie":1.429999828338623,"count":43,"distance":32.92000198364258,"speed":5.156748294830322},{"calorie":0.5600000023841858,"count":16,"distance":12.029999732971191,"speed":4.535325527191162},{"calorie":3.2300000190734863,"count":97,"distance":73.95000171661377,"speed":5.068592548370361},{"calorie":1.7699999809265137,"count":47,"distance":35.150001525878906,"speed":4.5},{"calorie":0.0,"count":0,"distance":0.0,"speed":0.0},{"calorie":0.0,"count":0,"distance":0.0,"speed":0.0},{"calorie":0.0,"count":0,"distance":0.0,"speed":0.0},{"calorie":0.0,"count":0,"distance":0.0,"speed":0.0},{"calorie":6.580000102519989,"count":174,"distance":127.71000003814697,"speed":4.107328414916992},{"calorie":1.8700000643730164,"count":51,"distance":38.20000076293945,"speed":4.812196731567383},{"calorie":1.649999976158142,"count":45,"distance":33.94999885559082,"speed":4.760025978088379},{"calorie":2.85999995470047,"count":83,"distance":62.909998416900635,"speed":4.962589263916016},{"calorie":5.639999657869339,"count":151,"distance":115.25000095367432,"speed":4.890551567077637},{"calorie":2.190000057220459,"count":63,"distance":47.369998931884766,"speed":4.649802207946777},{"calorie":0.0,"count":0,"distance":0.0,"speed":0.0},{"calorie":4.269999861717224,"count":116,"distance":86.6599988937378,"speed":4.664289951324463},{"calorie":0.07999999821186066,"count":2,"distance":1.4199999570846558,"speed":3.499999761581421},{"calorie":0.0,"count":0,"distance":0.0,"speed":0.0},{"calorie":0.0,"count":0,"distance":0.0,"speed":0.0},{"calorie":0.0,"count":0,"distance":0.0,"speed":0.0},{"calorie":19.77998960018158,"count":509,"distance":383.2899169921875,"speed":4.709587097167969},{"calorie":7.189999997615814,"count":185,"distance":133.3099970817566,"speed":3.6616463661193848},{"calorie":2.0899999141693115,"count":56,"distance":41.559998512268066,"speed":4.409059524536133},{"calorie":0.0,"count":0,"distance":0.0,"speed":0.0},{"calorie":0.0,"count":0,"distance":0.0,"speed":0.0},{"calorie":0.0,"count":0,"distance":0.0,"speed":0.0},{"calorie":0.5099999904632568,"count":14,"distance":10.329999923706055,"speed":4.138664245605469},{"calorie":0.0,"count":0,"distance":0.0,"speed":0.0},{"calorie":0.0,"count":0,"distance":0.0,"speed":0.0},{"calorie":0.0,"count":0,"distance":0.0,"speed":0.0},{"calorie":0.0,"count":0,"distance":0.0,"speed":0.0},{"calorie":0.6200000047683716,"count":17,"distance":12.630000114440918,"speed":4.199999809265137},{"calorie":0.0,"count":0,"distance":0.0,"speed":0.0},{"calorie":0.0,"count":0,"distance":0.0,"speed":0.0},{"calorie":2.5099996626377106,"count":65,"distance":47.04999828338623,"speed":3.8703386783599854},{"calorie":0.0,"count":0,"distance":0.0,"speed":0.0},{"calorie":0.25,"count":7,"distance":5.239999771118164,"speed":4.313845634460449},{"calorie":0.0,"count":0,"distance":0.0,"speed":0.0},{"calorie":0.0,"count":0,"distance":0.0,"speed":0.0},{"calorie":0.0,"count":0,"distance":0.0,"speed":0.0},{"calorie":0.0,"count":0,"distance":0.0,"speed":0.0},{"calorie":0.0,"count":0,"distance":0.0,"speed":0.0},{"calorie":0.0,"count":0,"distance":0.0,"speed":0.0},{"calorie":0.0,"count":0,"distance":0.0,"speed":0.0},{"calorie":0.0,"count":0,"distance":0.0,"speed":0.0},{"calorie":0.0,"count":0,"distance":0.0,"speed":0.0},{"calorie":0.0,"count":0,"distance":0.0,"speed":0.0},{"calorie":0.0,"count":0,"distance":0.0,"speed":0.0},{"calorie":0.0,"count":0,"distance":0.0,"speed":0.0},{"calorie":0.0,"count":0,"distance":0.0,"speed":0.0},{"calorie":0.0,"count":0,"distance":0.0,"speed":0.0},{"calorie":0.0,"count":0,"distance":0.0,"speed":0.0},{"calorie":0.0,"count":0,"distance":0.0,"speed":0.0},{"calorie":0.0,"count":0,"distance":0.0,"speed":0.0},{"calorie":0.0,"count":0,"distance":0.0,"speed":0.0},{"calorie":1.5100000351667404,"count":41,"distance":30.67999291419983,"speed":4.271194934844971}]