[{"calorie":0.0,"count":0,"distance":0.0,"speed":0.0},{"calorie":0.0,"count":0,"distance":0.0,"speed":0.0},{"calorie":0.0,"count":0,"distance":0.0,"speed":0.0},{"calorie":0.0,"count":0,"distance":0.0,"speed":0.0},{"calorie":0.0,"count":0,"distance":0.0,"speed":0.0},{"calorie":0.0,"count":0,"distance":0.0,"speed":0.0},{"calorie":0.0,"count":0,"distance":0.0,"speed":0.0},{"calorie":0.0,"count":0,"distance":0.0,"speed":0.0},{"calorie":0.0,"count":0,"distance":0.0,"speed":0.0},{"calorie":0.0,"count":0,"distance":0.0,"speed":0.0},{"calorie":0.0,"count":0,"distance":0.0,"speed":0.0},{"calorie":0.0,"count":0,"distance":0.0,"speed":0.0},{"calorie":0.0,"count":0,"distance":0.0,"speed":0.0},{"calorie":0.0,"count":0,"distance":0.0,"speed":0.0},{"calorie":0.0,"count":0,"distance":0.0,"speed":0.0},{"calorie":0.0,"count":0,"distance":0.0,"speed":0.0},{"calorie":0.0,"count":0,"distance":0.0,"speed":0.0},{"calorie":0.0,"count":0,"distance":0.0,"speed":0.0},{"calorie":0.0,"count":0,"distance":0.0,"speed":0.0},{"calorie":0.0,"count":0,"distance":0.0,"speed":0.0},{"calorie":0.0,"count":0,"distance":0.0,"speed":0.0},{"calorie":0.0,"count":0,"distance":0.0,"speed":0.0},{"calorie":0.0,"count":0,"distance":0.0,"speed":0.0},{"calorie":0.0,"count":0,"distance":0.0,"speed":0.0},{"calorie":0.0,"count":0,"distance":0.0,"speed":0.0},{"calorie":0.0,"count":0,"distance":0.0,"speed":0.0},{"calorie":0.0,"count":0,"distance":0.0,"speed":0.0},{"calorie":0.0,"count":0,"distance":0.0,"speed":0.0},{"calorie":0.0,"count":0,"distance":0.0,"speed":0.0},{"calorie":0.0,"count":0,"distance":0.0,"speed":0.0},{"calorie":0.0,"count":0,"distance":0.0,"speed":0.0},{"calorie":0.0,"count":0,"distance":0.0,"speed":0.0},{"calorie":0.0,"count":0,"distance":0.0,"speed":0.0},{"calorie":0.0,"count":0,"distance":0.0,"speed":0.0},{"calorie":0.0,"count":0,"distance":0.0,"speed":0.0},{"calorie":0.0,"count":0,"distance":0.0,"speed":0.0},{"calorie":0.0,"count":0,"distance":0.0,"speed":0.0},{"calorie":0.0,"count":0,"distance":0.0,"speed":0.0},{"calorie":2.6200000643730164,"count":70,"distance":51.980000019073486,"speed":4.328500270843506},{"calorie":9.689999103546143,"count":257,"distance":203.89999866485596,"speed":5.307137489318848},{"calorie":3.3100001215934753,"count":89,"distance":65.31999588012695,"speed":4.175936698913574},{"calorie":8.509999632835388,"count":201,"distance":145.80000114440918,"speed":4.828930377960205},{"calorie":0.0,"count":0,"distance":0.0,"speed":0.0},{"calorie":0.0,"count":0,"distance":0.0,"speed":0.0},{"calorie":0.0,"count":0,"distance":0.0,"speed":0.0},{"calorie":0.7799999713897705,"count":21,"distance":15.479999542236328,"speed":4.193466663360596},{"calorie":0.0,"count":0,"distance":0.0,"speed":0.0},{"calorie":6.069996953010559,"count":160,"distance":120.79997634887695,"speed":4.793497562408447},{"calorie":33.07999658584595,"count":986,"distance":758.0999603271484,"speed":5.192136287689209},{"calorie":4.700000166893005,"count":127,"distance":93.90000057220459,"speed":4.08945369720459},{"calorie":2.5,"count":67,"distance":49.51000213623047,"speed":4.336367607116699},{"calorie":2.5399999618530273,"count":67,"distance":50.41999816894531,"speed":4.626952648162842},{"calorie":1.090000033378601,"count":31,"distance":24.019999504089355,"speed":5.163384914398193},{"calorie":5.379999816417694,"count":148,"distance":110.90000057220459,"speed":4.831592082977295},{"calorie":8.490000069141388,"count":224,"distance":163.8899965286255,"speed":4.019035816192627},{"calorie":6.079999208450317,"count":159,"distance":116.06000232696533,"speed":3.8857991695404053},{"calorie":5.139999866485596,"count":141,"distance":106.04000091552734,"speed":4.7611517906188965},{"calorie":1.5899999737739563,"count":43,"distance":30.860000610351562,"speed":3.7312722206115723},{"calorie":0.0,"count":0,"distance":0.0,"speed":0.0},{"calorie":2.3499999046325684,"count":62,"distance":45.760000228881836,"speed":4.280343055725098},{"calorie":2.159999966621399,"count":58,"distance":42.84000015258789,"speed":4.375542640686035},{"calorie":1.3100000023841858,"count":35,"distance":25.950000762939453,"speed":4.358588695526123},{"calorie":1.1399999856948853,"count":31,"distance":23.350000381469727,"speed":4.199999809265137},{"calorie":0.0,"count":0,"distance":0.0,"speed":0.0},{"calorie":0.0,"count":0,"distance":0.0,"speed":0.0},{"calorie":0.0,"count":0,"distance":0.0,"speed":0.0},{"calorie":0.0,"count":0,"distance":0.0,"speed":0.0},{"calorie":1.9500000029802322,"count":52,"distance":37.420000433921814,"speed":3.6599678993225098},{"calorie":0.0,"count":0,"distance":0.0,"speed":0.0},{"calorie":0.0,"count":0,"distance":0.0,"speed":0.0},{"calorie":1.2900001406669617,"count":35,"distance":25.249998092651367,"speed":3.791271924972534},{"calorie":0.0,"count":0,"distance":0.0,"speed":0.0},{"calorie":17.03999948501587,"count":457,"distance":335.1699981689453,"speed":3.99019718170166},{"calorie":5.009999930858612,"count":140,"distance":104.8799991607666,"speed":4.571816921234131},{"calorie":0.20999999344348907,"count":6,"distance":4.449999809265137,"speed":4.400000095367432},{"calorie":0.3699999749660492,"count":10,"distance":7.239999771118164,"speed":4.225529193878174},{"calorie":0.25,"count":7,"distance":5.309999942779541,"speed":4.700000286102295},{"calorie":0.0,"count":0,"distance":0.0,"speed":0.0},{"calorie":1.3699999153614044,"count":38,"distance":28.62000036239624,"speed":4.6031494140625},{"calorie":0.8399999439716339,"count":23,"distance":17.640000343322754,"speed":4.536194801330566},{"calorie":0.20999999344348907,"count":6,"distance":4.429999828338623,"speed":4.400000095367432},{"calorie":0.0,"count":0,"distance":0.0,"speed":0.0},{"calorie":1.9499997645616531,"count":54,"distance":40.529996395111084,"speed":4.600555896759033},{"calorie":0.0,"count":0,"distance":0.0,"speed":0.0},{"calorie":2.28000009059906,"count":61,"distance":44.40999984741211,"speed":3.9931817054748535},{"calorie":4.599999904632568,"count":120,"distance":86.45999956130981,"speed":3.6284232139587402},{"calorie":0.0,"count":0,"distance":0.0,"speed":0.0},{"calorie":1.929999977350235,"count":55,"distance":41.56999969482422,"speed":4.785776138305664},{"calorie":2.1800000071525574,"count":64,"distance":49.27999973297119,"speed":5.112353801727295},{"calorie":8.199999392032623,"count":215,"distance":161.06999254226685,"speed":4.955589294433594},{"calorie":4.090000003576279,"count":111,"distance":83.03000164031982,"speed":4.5413970947265625},{"calorie":4.289999961853027,"count":108,"distance":83.61000061035156,"speed":5.163449287414551},{"calorie":6.859997272491455,"count":159,"distance":110.69999313354492,"speed":4.599303722381592},{"calorie":4.149999976158142,"count":112,"distance":81.48000144958496,"speed":5.126271724700928},{"calorie":0.6200000047683716,"count":18,"distance":13.760000228881836,"speed":5.199999809265137},{"calorie":0.4599999487400055,"count":12,"distance":8.449999809265137,"speed":3.2889678478240967},{"calorie":2.029999792575836,"count":60,"distance":46.27000045776367,"speed":5.282309055328369},{"calorie":2.359999418258667,"count":67,"distance":46.01999235153198,"speed":4.5573577880859375},{"calorie":3.440000057220459,"count":70,"distance":48.63000202178955,"speed":4.648394584655762},{"calorie":2.7499999701976776,"count":78,"distance":57.99999952316284,"speed":5.166504859924316},{"calorie":1.7400000095367432,"count":35,"distance":24.46999979019165,"speed":4.968342304229736},{"calorie":0.5299999713897705,"count":14,"distance":10.510000228881836,"speed":4.700000286102295},{"calorie":6.0199998915195465,"count":166,"distance":120.17999839782715,"speed":4.693655014038086},{"calorie":6.190000057220459,"count":172,"distance":133.0699987411499,"speed":5.317646026611328},{"calorie":6.760000050067902,"count":191,"distance":144.7799997329712,"speed":4.977042198181152},{"calorie":2.7799999713897705,"count":77,"distance":57.390000343322754,"speed":4.677994251251221},{"calorie":0.6299999952316284,"count":17,"distance":12.220000267028809,"speed":4.0},{"calorie":0.699999988079071,"count":19,"distance":13.789999961853027,"speed":3.9000003337860107},{"calorie":6.200000047683716,"count":162,"distance":116.45000457763672,"speed":3.598149299621582},{"calorie":11.619999289512634,"count":305,"distance":221.66000080108643,"speed":3.845613479614258},{"calorie":0.0,"count":0,"distance":0.0,"speed":0.0},{"calorie":7.979999598115683,"count":217,"distance":163.8900066614151,"speed":4.817222595214844},{"calorie":0.0,"count":0,"distance":0.0,"speed":0.0},{"calorie":1.0400001183152199,"count":29,"distance":21.50999903678894,"speed":4.390067100524902},{"calorie":2.0099999606609344,"count":55,"distance":40.60000038146973,"speed":4.527373790740967},{"calorie":0.0,"count":0,"distance":0.0,"speed":0.0},{"calorie":0.0,"count":0,"distance":0.0,"speed":0.0},{"calorie":0.0,"count":0,"distance":0.0,"speed":0.0},{"calorie":0.0,"count":0,"distance":0.0,"speed":0.0},{"calorie":0.0,"count":0,"distance":0.0,"speed":0.0},{"calorie":1.5999999046325684,"count":42,"distance":30.64999771118164,"speed":4.14668083190918},{"calorie":0.5699999928474426,"count":15,"distance":10.910000801086426,"speed":3.989590644836426},{"calorie":0.429999977350235,"count":12,"distance":9.110000610351562,"speed":4.675652980804443},{"calorie":0.0,"count":0,"distance":0.0,"speed":0.0},{"calorie":12.169999718666077,"count":327,"distance":241.7899990081787,"speed":4.380407333374023},{"calorie":3.5700000524520874,"count":96,"distance":70.96999931335449,"speed":4.299999713897705},{"calorie":0.0,"count":0,"distance":0.0,"speed":0.0},{"calorie":0.0,"count":0,"distance":0.0,"speed":0.0},{"calorie":0.0,"count":0,"distance":0.0,"speed":0.0},{"calorie":0.0,"count":0,"distance":0.0,"speed":0.0},{"calorie":0.0,"count":0,"distance":0.0,"speed":0.0},{"calorie":0.0,"count":0,"distance":0.0,"speed":0.0},{"calorie":0.0,"count":0,"distance":0.0,"speed":0.0},{"calorie":1.4800001978874207,"count":40,"distance":28.789997100830078,"speed":3.7733869552612305},{"calorie":0.0,"count":0,"distance":0.0,"speed":0.0},{"calorie":0.0,"count":0,"distance":0.0,"speed":0.0},{"calorie":0.0,"count":0,"distance":0.0,"speed":0.0},{"calorie":0.0,"count":0,"distance":0.0,"speed":0.0},{"calorie":0.0,"count":0,"distance":0.0,"speed":0.0},{"calorie":0.0,"count":0,"distance":0.0,"speed":0.0},{"calorie":0.0,"count":0,"distance":0.0,"speed":0.0},{"calorie":0.0,"count":0,"distance":0.0,"speed":0.0},{"calorie":0.0,"count":0,"distance":0.0,"speed":0.0},{"calorie":0.0,"count":0,"distance":0.0,"speed":0.0}]