[{"calorie":0.4699999690055847,"count":13,"distance":9.670000076293945,"speed":5.3025617599487305},{"calorie":0.0,"count":0,"distance":0.0,"speed":0.0},{"calorie":0.0,"count":0,"distance":0.0,"speed":0.0},{"calorie":0.0,"count":0,"distance":0.0,"speed":0.0},{"calorie":0.0,"count":0,"distance":0.0,"speed":0.0},{"calorie":0.0,"count":0,"distance":0.0,"speed":0.0},{"calorie":0.0,"count":0,"distance":0.0,"speed":0.0},{"calorie":0.0,"count":0,"distance":0.0,"speed":0.0},{"calorie":0.0,"count":0,"distance":0.0,"speed":0.0},{"calorie":0.0,"count":0,"distance":0.0,"speed":0.0},{"calorie":0.0,"count":0,"distance":0.0,"speed":0.0},{"calorie":0.0,"count":0,"distance":0.0,"speed":0.0},{"calorie":0.0,"count":0,"distance":0.0,"speed":0.0},{"calorie":0.0,"count":0,"distance":0.0,"speed":0.0},{"calorie":0.0,"count":0,"distance":0.0,"speed":0.0},{"calorie":0.0,"count":0,"distance":0.0,"speed":0.0},{"calorie":0.0,"count":0,"distance":0.0,"speed":0.0},{"calorie":0.0,"count":0,"distance":0.0,"speed":0.0},{"calorie":0.0,"count":0,"distance":0.0,"speed":0.0},{"calorie":0.0,"count":0,"distance":0.0,"speed":0.0},{"calorie":0.0,"count":0,"distance":0.0,"speed":0.0},{"calorie":0.0,"count":0,"distance":0.0,"speed":0.0},{"calorie":0.0,"count":0,"distance":0.0,"speed":0.0},{"calorie":0.0,"count":0,"distance":0.0,"speed":0.0},{"calorie":0.0,"count":0,"distance":0.0,"speed":0.0},{"calorie":0.0,"count":0,"distance":0.0,"speed":0.0},{"calorie":0.0,"count":0,"distance":0.0,"speed":0.0},{"calorie":0.0,"count":0,"distance":0.0,"speed":0.0},{"calorie":0.0,"count":0,"distance":0.0,"speed":0.0},{"calorie":0.0,"count":0,"distance":0.0,"speed":0.0},{"calorie":0.0,"count":0,"distance":0.0,"speed":0.0},{"calorie":0.0,"count":0,"distance":0.0,"speed":0.0},{"calorie":0.0,"count":0,"distance":0.0,"speed":0.0},{"calorie":0.0,"count":0,"distance":0.0,"speed":0.0},{"calorie":0.0,"count":0,"distance":0.0,"speed":0.0},{"calorie":0.0,"count":0,"distance":0.0,"speed":0.0},{"calorie":0.0,"count":0,"distance":0.0,"speed":0.0},{"calorie":0.0,"count":0,"distance":0.0,"speed":0.0},{"calorie":0.0,"count":0,"distance":0.0,"speed":0.0},{"calorie":0.0,"count":0,"distance":0.0,"speed":0.0},{"calorie":0.0,"count":0,"distance":0.0,"speed":0.0},{"calorie":0.0,"count":0,"distance":0.0,"speed":0.0},{"calorie":0.0,"count":0,"distance":0.0,"speed":0.0},{"calorie":0.0,"count":0,"distance":0.0,"speed":0.0},{"calorie":0.0,"count":0,"distance":0.0,"speed":0.0},{"calorie":0.0,"count":0,"distance":0.0,"speed":0.0},{"calorie":0.30000001192092896,"count":8,"distance":5.75,"speed":3.6999995708465576},{"calorie":1.8999999165534973,"count":51,"distance":37.55000114440918,"speed":4.1908464431762695},{"calorie":3.0000000298023224,"count":80,"distance":59.70999813079834,"speed":4.61670446395874},{"calorie":3.8400001227855682,"count":107,"distance":80.55999946594238,"speed":4.834376335144043},{"calorie":0.0,"count":0,"distance":0.0,"speed":0.0},{"calorie":0.0,"count":0,"distance":0.0,"speed":0.0},{"calorie":0.0,"count":0,"distance":0.0,"speed":0.0},{"calorie":0.0,"count":0,"distance":0.0,"speed":0.0},{"calorie":0.0,"count":0,"distance":0.0,"speed":0.0},{"calorie":0.0,"count":0,"distance":0.0,"speed":0.0},{"calorie":0.0,"count":0,"distance":0.0,"speed":0.0},{"calorie":0.0,"count":0,"distance":0.0,"speed":0.0},{"calorie":0.0,"count":0,"distance":0.0,"speed":0.0},{"calorie":0.0,"count":0,"distance":0.0,"speed":0.0},{"calorie":0.0,"count":0,"distance":0.0,"speed":0.0},{"calorie":0.0,"count":0,"distance":0.0,"speed":0.0},{"calorie":0.0,"count":0,"distance":0.0,"speed":0.0},{"calorie":0.0,"count":0,"distance":0.0,"speed":0.0},{"calorie":1.840000033378601,"count":51,"distance":37.86000061035156,"speed":4.534061431884766},{"calorie":2.0199999809265137,"count":55,"distance":40.35000038146973,"speed":3.8814802169799805},{"calorie":6.730000019073486,"count":188,"distance":140.5499997138977,"speed":4.575876235961914},{"calorie":0.6899999976158142,"count":20,"distance":15.369999885559082,"speed":5.099999904632568},{"calorie":6.4100002348423,"count":159,"distance":121.64000034332275,"speed":4.673219203948975},{"calorie":0.28999999165534973,"count":8,"distance":5.889999866485596,"speed":4.700000286102295},{"calorie":0.0,"count":0,"distance":0.0,"speed":0.0},{"calorie":0.4099999964237213,"count":11,"distance":8.15999984741211,"speed":4.199999809265137},{"calorie":0.49000000953674316,"count":13,"distance":9.829999923706055,"speed":4.799999713897705},{"calorie":0.0,"count":0,"distance":0.0,"speed":0.0},{"calorie":0.0,"count":0,"distance":0.0,"speed":0.0},{"calorie":2.8400001227855682,"count":82,"distance":62.49000072479248,"speed":4.859458923339844},{"calorie":1.1699999570846558,"count":32,"distance":23.25,"speed":4.156877040863037},{"calorie":1.6499998569488525,"count":50,"distance":38.26000213623047,"speed":5.217459678649902},{"calorie":7.739998310804367,"count":222,"distance":168.70999717712402,"speed":5.032941818237305},{"calorie":1.3300000429153442,"count":35,"distance":26.5,"speed":4.900000095367432},{"calorie":0.0,"count":0,"distance":0.0,"speed":0.0},{"calorie":0.0,"count":0,"distance":0.0,"speed":0.0},{"calorie":0.0,"count":0,"distance":0.0,"speed":0.0},{"calorie":0.7200000062584877,"count":20,"distance":14.84000039100647,"speed":4.199999809265137},{"calorie":0.0,"count":0,"distance":0.0,"speed":0.0},{"calorie":5.089999973773956,"count":145,"distance":109.3100004196167,"speed":4.842181205749512},{"calorie":5.440000146627426,"count":145,"distance":108.24000072479248,"speed":4.624680042266846},{"calorie":0.0,"count":0,"distance":0.0,"speed":0.0},{"calorie":3.2299999594688416,"count":87,"distance":63.70000076293945,"speed":3.9646430015563965},{"calorie":1.5100000202655792,"count":45,"distance":34.91999912261963,"speed":5.344897747039795},{"calorie":3.3700000047683716,"count":92,"distance":69.51000118255615,"speed":4.767812252044678},{"calorie":2.7200000286102295,"count":75,"distance":56.56999969482422,"speed":4.716915130615234},{"calorie":3.0999999940395355,"count":88,"distance":66.50999975204468,"speed":4.9759087562561035},{"calorie":6.649998843669891,"count":173,"distance":128.6199951171875,"speed":4.437173366546631},{"calorie":2.479999989271164,"count":65,"distance":48.1800012588501,"speed":4.396116733551025},{"calorie":4.550000071525574,"count":116,"distance":86.78000259399414,"speed":4.460424900054932},{"calorie":1.0500000715255737,"count":28,"distance":20.85999870300293,"speed":4.634026527404785},{"calorie":0.0,"count":0,"distance":0.0,"speed":0.0},{"calorie":0.0,"count":0,"distance":0.0,"speed":0.0},{"calorie":0.0,"count":0,"distance":0.0,"speed":0.0},{"calorie":0.0,"count":0,"distance":0.0,"speed":0.0},{"calorie":0.0,"count":0,"distance":0.0,"speed":0.0},{"calorie":0.0,"count":0,"distance":0.0,"speed":0.0},{"calorie":0.0,"count":0,"distance":0.0,"speed":0.0},{"calorie":0.0,"count":0,"distance":0.0,"speed":0.0},{"calorie":0.0,"count":0,"distance":0.0,"speed":0.0},{"calorie":0.0,"count":0,"distance":0.0,"speed":0.0},{"calorie":0.0,"count":0,"distance":0.0,"speed":0.0},{"calorie":0.0,"count":0,"distance":0.0,"speed":0.0},{"calorie":10.999999970197678,"count":286,"distance":207.83999824523926,"speed":3.787914752960205},{"calorie":4.009999990463257,"count":106,"distance":79.53999710083008,"speed":4.521583080291748},{"calorie":0.0,"count":0,"distance":0.0,"speed":0.0},{"calorie":0.0,"count":0,"distance":0.0,"speed":0.0},{"calorie":2.7199999690055847,"count":78,"distance":59.63000011444092,"speed":5.026839733123779},{"calorie":1.410000056028366,"count":39,"distance":29.23999786376953,"speed":4.4850754737854},{"calorie":0.0,"count":0,"distance":0.0,"speed":0.0},{"calorie":0.7100000381469727,"count":15,"distance":12.84000015258789,"speed":5.588756084442139},{"calorie":0.32999998331069946,"count":9,"distance":6.569999694824219,"speed":4.232207775115967},{"calorie":0.0,"count":0,"distance":0.0,"speed":0.0},{"calorie":0.5799999833106995,"count":16,"distance":11.5600004196167,"speed":3.920189142227173},{"calorie":0.0,"count":0,"distance":0.0,"speed":0.0},{"calorie":0.0,"count":0,"distance":0.0,"speed":0.0},{"calorie":0.0,"count":0,"distance":0.0,"speed":0.0},{"calorie":0.0,"count":0,"distance":0.0,"speed":0.0},{"calorie":0.0,"count":0,"distance":0.0,"speed":0.0},{"calorie":0.0,"count":0,"distance":0.0,"speed":0.0},{"calorie":0.0,"count":0,"distance":0.0,"speed":0.0},{"calorie":0.0,"count":0,"distance":0.0,"speed":0.0},{"calorie":0.0,"count":0,"distance":0.0,"speed":0.0},{"calorie":0.0,"count":0,"distance":0.0,"speed":0.0},{"calorie":0.0,"count":0,"distance":0.0,"speed":0.0},{"calorie":0.800000011920929,"count":22,"distance":16.860000610351562,"speed":4.400000095367432},{"calorie":0.0,"count":0,"distance":0.0,"speed":0.0},{"calorie":0.0,"count":0,"distance":0.0,"speed":0.0},{"calorie":0.0,"count":0,"distance":0.0,"speed":0.0},{"calorie":0.0,"count":0,"distance":0.0,"speed":0.0},{"calorie":0.0,"count":0,"distance":0.0,"speed":0.0},{"calorie":0.0,"count":0,"distance":0.0,"speed":0.0},{"calorie":0.0,"count":0,"distance":0.0,"speed":0.0},{"calorie":0.0,"count":0,"distance":0.0,"speed":0.0},{"calorie":0.0,"count":0,"distance":0.0,"speed":0.0},{"calorie":0.0,"count":0,"distance":0.0,"speed":0.0},{"calorie":0.0,"count":0,"distance":0.0,"speed":0.0},{"calorie":0.0,"count":0,"distance":0.0,"speed":0.0}]