[{"calorie":0.0,"count":0,"distance":0.0,"speed":0.0},{"calorie":0.0,"count":0,"distance":0.0,"speed":0.0},{"calorie":0.0,"count":0,"distance":0.0,"speed":0.0},{"calorie":0.0,"count":0,"distance":0.0,"speed":0.0},{"calorie":0.0,"count":0,"distance":0.0,"speed":0.0},{"calorie":0.0,"count":0,"distance":0.0,"speed":0.0},{"calorie":0.0,"count":0,"distance":0.0,"speed":0.0},{"calorie":0.0,"count":0,"distance":0.0,"speed":0.0},{"calorie":0.0,"count":0,"distance":0.0,"speed":0.0},{"calorie":0.0,"count":0,"distance":0.0,"speed":0.0},{"calorie":0.0,"count":0,"distance":0.0,"speed":0.0},{"calorie":0.0,"count":0,"distance":0.0,"speed":0.0},{"calorie":0.0,"count":0,"distance":0.0,"speed":0.0},{"calorie":0.0,"count":0,"distance":0.0,"speed":0.0},{"calorie":0.0,"count":0,"distance":0.0,"speed":0.0},{"calorie":0.0,"count":0,"distance":0.0,"speed":0.0},{"calorie":0.0,"count":0,"distance":0.0,"speed":0.0},{"calorie":0.0,"count":0,"distance":0.0,"speed":0.0},{"calorie":0.0,"count":0,"distance":0.0,"speed":0.0},{"calorie":0.0,"count":0,"distance":0.0,"speed":0.0},{"calorie":0.0,"count":0,"distance":0.0,"speed":0.0},{"calorie":0.0,"count":0,"distance":0.0,"speed":0.0},{"calorie":0.0,"count":0,"distance":0.0,"speed":0.0},{"calorie":0.0,"count":0,"distance":0.0,"speed":0.0},{"calorie":0.0,"count":0,"distance":0.0,"speed":0.0},{"calorie":0.0,"count":0,"distance":0.0,"speed":0.0},{"calorie":0.0,"count":0,"distance":0.0,"speed":0.0},{"calorie":0.0,"count":0,"distance":0.0,"speed":0.0},{"calorie":0.0,"count":0,"distance":0.0,"speed":0.0},{"calorie":0.0,"count":0,"distance":0.0,"speed":0.0},{"calorie":0.0,"count":0,"distance":0.0,"speed":0.0},{"calorie":0.0,"count":0,"distance":0.0,"speed":0.0},{"calorie":0.0,"count":0,"distance":0.0,"speed":0.0},{"calorie":0.0,"count":0,"distance":0.0,"speed":0.0},{"calorie":0.0,"count":0,"distance":0.0,"speed":0.0},{"calorie":0.0,"count":0,"distance":0.0,"speed":0.0},{"calorie":0.0,"count":0,"distance":0.0,"speed":0.0},{"calorie":0.0,"count":0,"distance":0.0,"speed":0.0},{"calorie":0.0,"count":0,"distance":0.0,"speed":0.0},{"calorie":0.0,"count":0,"distance":0.0,"speed":0.0},{"calorie":0.0,"count":0,"distance":0.0,"speed":0.0},{"calorie":0.0,"count":0,"distance":0.0,"speed":0.0},{"calorie":0.0,"count":0,"distance":0.0,"speed":0.0},{"calorie":0.0,"count":0,"distance":0.0,"speed":0.0},{"calorie":0.5299999713897705,"count":14,"distance":10.260000228881836,"speed":4.004336833953857},{"calorie":0.0,"count":0,"distance":0.0,"speed":0.0},{"calorie":7.539999932050705,"count":189,"distance":141.010000705719,"speed":4.051202297210693},{"calorie":7.41000010073185,"count":195,"distance":140.93999195098877,"speed":3.673466205596924},{"calorie":6.779999911785126,"count":181,"distance":130.42999267578125,"speed":3.584063768386841},{"calorie":11.039999857544899,"count":298,"distance":218.92000150680542,"speed":4.2047834396362305},{"calorie":3.3299998939037323,"count":90,"distance":66.51000022888184,"speed":4.257821559906006},{"calorie":17.979999482631683,"count":536,"distance":414.0799903869629,"speed":5.3290205001831055},{"calorie":17.839998245239258,"count":507,"distance":390.7599639892578,"speed":5.265117645263672},{"calorie":6.169999487698078,"count":173,"distance":129.76999831199646,"speed":4.871415615081787},{"calorie":0.0,"count":0,"distance":0.0,"speed":0.0},{"calorie":5.129999399185181,"count":142,"distance":96.93998718261719,"speed":4.473667621612549},{"calorie":14.799997448921204,"count":411,"distance":306.8300189971924,"speed":4.715078830718994},{"calorie":7.570000171661377,"count":218,"distance":168.7100067138672,"speed":5.403006076812744},{"calorie":16.549999713897705,"count":493,"distance":369.4299931526184,"speed":5.271811008453369},{"calorie":21.419999659061432,"count":584,"distance":440.35000801086426,"speed":5.281713962554932},{"calorie":8.469997644424438,"count":245,"distance":186.02999210357666,"speed":5.05417013168335},{"calorie":4.100000083446503,"count":117,"distance":89.02000045776367,"speed":5.0812458992004395},{"calorie":0.0,"count":0,"distance":0.0,"speed":0.0},{"calorie":0.0,"count":0,"distance":0.0,"speed":0.0},{"calorie":4.67000013589859,"count":138,"distance":103.60999774932861,"speed":5.513156890869141},{"calorie":24.980000019073486,"count":640,"distance":468.8300094604492,"speed":5.089008808135986},{"calorie":7.799999952316284,"count":214,"distance":164.2700023651123,"speed":5.045498847961426},{"calorie":13.579999327659607,"count":383,"distance":292.25999450683594,"speed":4.961737155914307},{"calorie":9.600000023841858,"count":239,"distance":184.0300006866455,"speed":5.2265543937683105},{"calorie":6.4699998795986176,"count":179,"distance":136.7100009918213,"speed":4.808692932128906},{"calorie":15.659999132156372,"count":409,"distance":297.23999309539795,"speed":3.8210561275482178},{"calorie":1.5599998533725739,"count":45,"distance":34.24000072479248,"speed":4.829966068267822},{"calorie":0.0,"count":0,"distance":0.0,"speed":0.0},{"calorie":0.7599999904632568,"count":20,"distance":14.119998931884766,"speed":3.380415201187134},{"calorie":0.0,"count":0,"distance":0.0,"speed":0.0},{"calorie":0.0,"count":0,"distance":0.0,"speed":0.0},{"calorie":0.29999998211860657,"count":8,"distance":5.779999732971191,"speed":4.147481918334961},{"calorie":0.0,"count":0,"distance":0.0,"speed":0.0},{"calorie":0.0,"count":0,"distance":0.0,"speed":0.0},{"calorie":0.5499999821186066,"count":15,"distance":10.929999351501465,"speed":4.104300498962402},{"calorie":3.049999862909317,"count":90,"distance":68.96000051498413,"speed":5.207015514373779},{"calorie":4.199999988079071,"count":115,"distance":85.03000068664551,"speed":4.336033821105957},{"calorie":0.8499999791383743,"count":24,"distance":17.84999990463257,"speed":4.6366167068481445},{"calorie":1.690000057220459,"count":47,"distance":35.57999897003174,"speed":4.874054431915283},{"calorie":1.1799999475479126,"count":35,"distance":27.0,"speed":5.231969833374023},{"calorie":0.9100000262260437,"count":24,"distance":17.920000076293945,"speed":4.564790725708008},{"calorie":0.0,"count":0,"distance":0.0,"speed":0.0},{"calorie":3.6099990606307983,"count":95,"distance":71.53999710083008,"speed":4.709460735321045},{"calorie":1.7200000286102295,"count":46,"distance":34.52000045776367,"speed":4.700000286102295},{"calorie":4.540000081062317,"count":122,"distance":90.82999801635742,"speed":4.482721328735352},{"calorie":0.0,"count":0,"distance":0.0,"speed":0.0},{"calorie":0.0,"count":0,"distance":0.0,"speed":0.0},{"calorie":0.6700000166893005,"count":18,"distance":12.970000267028809,"speed":3.9000003337860107},{"calorie":0.0,"count":0,"distance":0.0,"speed":0.0},{"calorie":0.0,"count":0,"distance":0.0,"speed":0.0},{"calorie":0.0,"count":0,"distance":0.0,"speed":0.0},{"calorie":2.520000070333481,"count":67,"distance":49.34999942779541,"speed":4.236688613891602},{"calorie":3.789998769760132,"count":105,"distance":79.3899974822998,"speed":4.825564861297607},{"calorie":4.2299999594688416,"count":115,"distance":84.51000213623047,"speed":4.4663004875183105},{"calorie":0.0,"count":0,"distance":0.0,"speed":0.0},{"calorie":1.440000057220459,"count":41,"distance":30.619998931884766,"speed":4.7631659507751465},{"calorie":4.170000076293945,"count":113,"distance":84.23999786376953,"speed":4.6720075607299805},{"calorie":5.129999995231628,"count":157,"distance":122.58999919891357,"speed":5.535362720489502},{"calorie":0.0,"count":0,"distance":0.0,"speed":0.0},{"calorie":2.619999885559082,"count":72,"distance":55.560001373291016,"speed":5.028730869293213},{"calorie":3.349998950958252,"count":92,"distance":68.94999885559082,"speed":4.6088714599609375},{"calorie":5.949999809265137,"count":162,"distance":121.09000015258789,"speed":4.733799934387207},{"calorie":1.0199999809265137,"count":28,"distance":19.869998931884766,"speed":3.8603479862213135},{"calorie":0.0,"count":0,"distance":0.0,"speed":0.0},{"calorie":0.0,"count":0,"distance":0.0,"speed":0.0},{"calorie":2.080000013113022,"count":56,"distance":41.82999897003174,"speed":4.651304721832275},{"calorie":0.25999999046325684,"count":7,"distance":5.110000133514404,"speed":3.6000006198883057},{"calorie":0.5099999755620956,"count":14,"distance":10.269999504089355,"speed":3.7250781059265137},{"calorie":5.159999787807465,"count":134,"distance":97.58999729156494,"speed":3.9436891078948975},{"calorie":2.299999952316284,"count":60,"distance":43.369998931884766,"speed":3.9597108364105225},{"calorie":0.6499999761581421,"count":18,"distance":14.680000305175781,"speed":5.415157794952393},{"calorie":1.8300000429153442,"count":54,"distance":40.65999889373779,"speed":4.685828685760498},{"calorie":0.0,"count":0,"distance":0.0,"speed":0.0},{"calorie":4.5799999833106995,"count":124,"distance":90.61999893188477,"speed":4.161412715911865},{"calorie":6.899999037384987,"count":190,"distance":142.42002868652344,"speed":4.670212268829346},{"calorie":0.47999998927116394,"count":14,"distance":10.359999656677246,"speed":4.5853447914123535},{"calorie":0.5400000214576721,"count":15,"distance":11.170000076293945,"speed":4.1647748947143555},{"calorie":0.0,"count":0,"distance":0.0,"speed":0.0},{"calorie":1.4500000476837158,"count":39,"distance":28.3799991607666,"speed":3.6806042194366455},{"calorie":0.0,"count":0,"distance":0.0,"speed":0.0},{"calorie":0.0,"count":0,"distance":0.0,"speed":0.0},{"calorie":0.0,"count":0,"distance":0.0,"speed":0.0},{"calorie":0.0,"count":0,"distance":0.0,"speed":0.0},{"calorie":0.0,"count":0,"distance":0.0,"speed":0.0},{"calorie":0.0,"count":0,"distance":0.0,"speed":0.0},{"calorie":0.0,"count":0,"distance":0.0,"speed":0.0},{"calorie":0.0,"count":0,"distance":0.0,"speed":0.0},{"calorie":0.5799999795854092,"count":18,"distance":14.039999961853027,"speed":5.678431510925293},{"calorie":0.0,"count":0,"distance":0.0,"speed":0.0},{"calorie":0.0,"count":0,"distance":0.0,"speed":0.0},{"calorie":0.0,"count":0,"distance":0.0,"speed":0.0},{"calorie":0.0,"count":0,"distance":0.0,"speed":0.0},{"calorie":0.0,"count":0,"distance":0.0,"speed":0.0},{"calorie":0.0,"count":0,"distance":0.0,"speed":0.0},{"calorie":0.0,"count":0,"distance":0.0,"speed":0.0},{"calorie":0.0,"count":0,"distance":0.0,"speed":0.0},{"calorie":0.0,"count":0,"distance":0.0,"speed":0.0},{"calorie":0.0,"count":0,"distance":0.0,"speed":0.0},{"calorie":0.0,"count":0,"distance":0.0,"speed":0.0}]