[{"calorie":0.0,"count":0,"distance":0.0,"speed":0.0},{"calorie":0.0,"count":0,"distance":0.0,"speed":0.0},{"calorie":0.0,"count":0,"distance":0.0,"speed":0.0},{"calorie":0.0,"count":0,"distance":0.0,"speed":0.0},{"calorie":0.0,"count":0,"distance":0.0,"speed":0.0},{"calorie":0.0,"count":0,"distance":0.0,"speed":0.0},{"calorie":0.0,"count":0,"distance":0.0,"speed":0.0},{"calorie":0.0,"count":0,"distance":0.0,"speed":0.0},{"calorie":0.0,"count":0,"distance":0.0,"speed":0.0},{"calorie":0.0,"count":0,"distance":0.0,"speed":0.0},{"calorie":0.0,"count":0,"distance":0.0,"speed":0.0},{"calorie":0.0,"count":0,"distance":0.0,"speed":0.0},{"calorie":0.0,"count":0,"distance":0.0,"speed":0.0},{"calorie":0.0,"count":0,"distance":0.0,"speed":0.0},{"calorie":0.0,"count":0,"distance":0.0,"speed":0.0},{"calorie":0.0,"count":0,"distance":0.0,"speed":0.0},{"calorie":0.0,"count":0,"distance":0.0,"speed":0.0},{"calorie":0.0,"count":0,"distance":0.0,"speed":0.0},{"calorie":0.0,"count":0,"distance":0.0,"speed":0.0},{"calorie":0.0,"count":0,"distance":0.0,"speed":0.0},{"calorie":0.0,"count":0,"distance":0.0,"speed":0.0},{"calorie":0.0,"count":0,"distance":0.0,"speed":0.0},{"calorie":0.0,"count":0,"distance":0.0,"speed":0.0},{"calorie":0.0,"count":0,"distance":0.0,"speed":0.0},{"calorie":0.0,"count":0,"distance":0.0,"speed":0.0},{"calorie":0.0,"count":0,"distance":0.0,"speed":0.0},{"calorie":0.0,"count":0,"distance":0.0,"speed":0.0},{"calorie":0.0,"count":0,"distance":0.0,"speed":0.0},{"calorie":0.0,"count":0,"distance":0.0,"speed":0.0},{"calorie":0.0,"count":0,"distance":0.0,"speed":0.0},{"calorie":0.0,"count":0,"distance":0.0,"speed":0.0},{"calorie":0.0,"count":0,"distance":0.0,"speed":0.0},{"calorie":0.0,"count":0,"distance":0.0,"speed":0.0},{"calorie":0.0,"count":0,"distance":0.0,"speed":0.0},{"calorie":0.0,"count":0,"distance":0.0,"speed":0.0},{"calorie":0.0,"count":0,"distance":0.0,"speed":0.0},{"calorie":0.0,"count":0,"distance":0.0,"speed":0.0},{"calorie":5.531440734863281,"count":98,"distance":76.86083984375,"speed":5.716831684112549},{"calorie":4.632575988769531,"count":82,"distance":64.7462158203125,"speed":6.132902145385742},{"calorie":0.798919677734375,"count":14,"distance":10.6416015625,"speed":4.362000465393066},{"calorie":0.0,"count":0,"distance":0.0,"speed":0.0},{"calorie":0.0,"count":0,"distance":0.0,"speed":0.0},{"calorie":6.8471527099609375,"count":120,"distance":92.534912109375,"speed":5.397599220275879},{"calorie":0.0,"count":0,"distance":0.0,"speed":0.0},{"calorie":2.1446990966796875,"count":38,"distance":29.79150390625,"speed":5.4515862464904785},{"calorie":0.0,"count":0,"distance":0.0,"speed":0.0},{"calorie":1.3383331298828125,"count":23,"distance":17.0491943359375,"speed":3.9990100860595703},{"calorie":1.74334716796875,"count":30,"distance":22.43701171875,"speed":4.2580647468566895},{"calorie":11.587417602539062,"count":201,"distance":156.04931640625,"speed":5.441277503967285},{"calorie":10.642501831054688,"count":187,"distance":145.048095703125,"speed":4.541256904602051},{"calorie":6.5489959716796875,"count":116,"distance":91.3408203125,"speed":5.724058151245117},{"calorie":0.0,"count":0,"distance":0.0,"speed":0.0},{"calorie":0.0,"count":0,"distance":0.0,"speed":0.0},{"calorie":0.0,"count":0,"distance":0.0,"speed":0.0},{"calorie":0.5658721923828125,"count":10,"distance":7.737060546875,"speed":5.332228660583496},{"calorie":2.283203125,"count":40,"distance":30.679443359375,"speed":5.421023845672607},{"calorie":3.397796630859375,"count":60,"distance":46.3935546875,"speed":5.570525169372559},{"calorie":1.37506103515625,"count":24,"distance":18.134765625,"speed":4.702611923217773},{"calorie":0.0,"count":0,"distance":0.0,"speed":0.0},{"calorie":0.0,"count":0,"distance":0.0,"speed":0.0},{"calorie":7.7094573974609375,"count":112,"distance":96.152099609375,"speed":5.171530246734619},{"calorie":0.0,"count":0,"distance":0.0,"speed":0.0},{"calorie":8.746017456054688,"count":148,"distance":116.166748046875,"speed":5.246754169464111},{"calorie":10.4710693359375,"count":181,"distance":134.2919921875,"speed":4.338681697845459},{"calorie":13.737228393554688,"count":223,"distance":182.083740234375,"speed":6.021387100219727},{"calorie":3.974639892578125,"count":69,"distance":51.711181640625,"speed":5.138699054718018},{"calorie":0.0,"count":0,"distance":0.0,"speed":0.0},{"calorie":4.5440673828125,"count":79,"distance":59.357421875,"speed":4.505156517028809},{"calorie":0.0,"count":0,"distance":0.0,"speed":0.0},{"calorie":0.0,"count":0,"distance":0.0,"speed":0.0},{"calorie":0.0,"count":0,"distance":0.0,"speed":0.0},{"calorie":4.6549530029296875,"count":82,"distance":62.931396484375,"speed":5.266050338745117},{"calorie":0.0,"count":0,"distance":0.0,"speed":0.0},{"calorie":0.0,"count":0,"distance":0.0,"speed":0.0},{"calorie":7.5174560546875,"count":133,"distance":103.600830078125,"speed":5.403436183929443},{"calorie":0.0,"count":0,"distance":0.0,"speed":0.0},{"calorie":0.0,"count":0,"distance":0.0,"speed":0.0},{"calorie":9.154708862304688,"count":161,"distance":123.0888671875,"speed":4.521016597747803},{"calorie":0.0,"count":0,"distance":0.0,"speed":0.0},{"calorie":1.73809814453125,"count":30,"distance":22.42578125,"speed":4.00223445892334},{"calorie":2.3215789794921875,"count":41,"distance":31.6533203125,"speed":5.078052997589111},{"calorie":11.3946533203125,"count":187,"distance":151.357421875,"speed":6.094505786895752},{"calorie":5.668426513671875,"count":99,"distance":75.173583984375,"speed":4.317864418029785},{"calorie":6.632232666015625,"count":117,"distance":90.453857421875,"speed":3.946484088897705},{"calorie":0.0,"count":0,"distance":0.0,"speed":0.0},{"calorie":0.0,"count":0,"distance":0.0,"speed":0.0},{"calorie":0.0,"count":0,"distance":0.0,"speed":0.0},{"calorie":0.9764404296875,"count":17,"distance":12.777587890625,"speed":4.805230617523193},{"calorie":0.589324951171875,"count":10,"distance":7.267822265625,"speed":4.297144412994385},{"calorie":0.0,"count":0,"distance":0.0,"speed":0.0},{"calorie":0.918670654296875,"count":16,"distance":12.03466796875,"speed":4.546124458312988},{"calorie":0.0,"count":0,"distance":0.0,"speed":0.0},{"calorie":0.354461669921875,"count":6,"distance":4.340576171875,"speed":4.627071857452393},{"calorie":0.0,"count":0,"distance":0.0,"speed":0.0},{"calorie":0.0,"count":0,"distance":0.0,"speed":0.0},{"calorie":0.0,"count":0,"distance":0.0,"speed":0.0},{"calorie":0.0,"count":0,"distance":0.0,"speed":0.0},{"calorie":0.0,"count":0,"distance":0.0,"speed":0.0},{"calorie":0.0,"count":0,"distance":0.0,"speed":0.0},{"calorie":0.0,"count":0,"distance":0.0,"speed":0.0},{"calorie":0.0,"count":0,"distance":0.0,"speed":0.0},{"calorie":3.89617919921875,"count":69,"distance":54.001953125,"speed":4.658468723297119},{"calorie":2.830780029296875,"count":50,"distance":38.854248046875,"speed":5.316688537597656},{"calorie":4.081268310546875,"count":65,"distance":51.98193359375,"speed":4.1210246086120605},{"calorie":0.51837158203125,"count":9,"distance":6.696533203125,"speed":4.5018310546875},{"calorie":0.508331298828125,"count":9,"distance":7.02490234375,"speed":5.46185302734375},{"calorie":0.0,"count":0,"distance":0.0,"speed":0.0},{"calorie":0.0,"count":0,"distance":0.0,"speed":0.0},{"calorie":0.0,"count":0,"distance":0.0,"speed":0.0},{"calorie":4.24627685546875,"count":75,"distance":58.226806640625,"speed":3.9028656482696533},{"calorie":6.119415283203125,"count":108,"distance":83.21875,"speed":4.9931254386901855},{"calorie":6.370758056640625,"count":113,"distance":88.852783203125,"speed":5.552438735961914},{"calorie":0.0,"count":0,"distance":0.0,"speed":0.0},{"calorie":6.276824951171875,"count":111,"distance":86.554443359375,"speed":5.617534160614014},{"calorie":0.0,"count":0,"distance":0.0,"speed":0.0},{"calorie":0.0,"count":0,"distance":0.0,"speed":0.0},{"calorie":0.0,"count":0,"distance":0.0,"speed":0.0},{"calorie":2.893218994140625,"count":51,"distance":39.21240234375,"speed":5.2419633865356445},{"calorie":1.714019775390625,"count":30,"distance":22.64208984375,"speed":4.608229160308838},{"calorie":0.0,"count":0,"distance":0.0,"speed":0.0},{"calorie":1.01580810546875,"count":18,"distance":14.232421875,"speed":5.2278828620910645},{"calorie":0.0,"count":0,"distance":0.0,"speed":0.0},{"calorie":0.0,"count":0,"distance":0.0,"speed":0.0},{"calorie":0.0,"count":0,"distance":0.0,"speed":0.0},{"calorie":0.0,"count":0,"distance":0.0,"speed":0.0},{"calorie":0.0,"count":0,"distance":0.0,"speed":0.0},{"calorie":0.0,"count":0,"distance":0.0,"speed":0.0},{"calorie":0.0,"count":0,"distance":0.0,"speed":0.0},{"calorie":0.33725035190582275,"count":6,"distance":4.847597122192383,"speed":6.143073558807373},{"calorie":0.0,"count":0,"distance":0.0,"speed":0.0},{"calorie":2.101873755455017,"count":37,"distance":28.47010612487793,"speed":4.909656047821045},{"calorie":0.0,"count":0,"distance":0.0,"speed":0.0},{"calorie":0.0,"count":0,"distance":0.0,"speed":0.0},{"calorie":0.0,"count":0,"distance":0.0,"speed":0.0},{"calorie":0.0,"count":0,"distance":0.0,"speed":0.0},{"calorie":0.0,"count":0,"distance":0.0,"speed":0.0},{"calorie":0.0,"count":0,"distance":0.0,"speed":0.0},{"calorie":0.0,"count":0,"distance":0.0,"speed":0.0},{"calorie":0.0,"count":0,"distance":0.0,"speed":0.0},{"calorie":0.0,"count":0,"distance":0.0,"speed":0.0},{"calorie":0.0,"count":0,"distance":0.0,"speed":0.0},{"calorie":0.0,"count":0,"distance":0.0,"speed":0.0},{"calorie":0.0,"count":0,"distance":0.0,"speed":0.0},{"calorie":0.0,"count":0,"distance":0.0,"speed":0.0}]