[{"calorie":0.0,"count":0,"distance":0.0,"speed":0.0},{"calorie":0.0,"count":0,"distance":0.0,"speed":0.0},{"calorie":0.0,"count":0,"distance":0.0,"speed":0.0},{"calorie":0.0,"count":0,"distance":0.0,"speed":0.0},{"calorie":0.0,"count":0,"distance":0.0,"speed":0.0},{"calorie":0.0,"count":0,"distance":0.0,"speed":0.0},{"calorie":0.0,"count":0,"distance":0.0,"speed":0.0},{"calorie":0.0,"count":0,"distance":0.0,"speed":0.0},{"calorie":0.0,"count":0,"distance":0.0,"speed":0.0},{"calorie":0.0,"count":0,"distance":0.0,"speed":0.0},{"calorie":0.0,"count":0,"distance":0.0,"speed":0.0},{"calorie":0.0,"count":0,"distance":0.0,"speed":0.0},{"calorie":0.0,"count":0,"distance":0.0,"speed":0.0},{"calorie":0.0,"count":0,"distance":0.0,"speed":0.0},{"calorie":0.0,"count":0,"distance":0.0,"speed":0.0},{"calorie":0.0,"count":0,"distance":0.0,"speed":0.0},{"calorie":0.0,"count":0,"distance":0.0,"speed":0.0},{"calorie":0.0,"count":0,"distance":0.0,"speed":0.0},{"calorie":0.0,"count":0,"distance":0.0,"speed":0.0},{"calorie":0.0,"count":0,"distance":0.0,"speed":0.0},{"calorie":0.0,"count":0,"distance":0.0,"speed":0.0},{"calorie":0.0,"count":0,"distance":0.0,"speed":0.0},{"calorie":0.0,"count":0,"distance":0.0,"speed":0.0},{"calorie":0.0,"count":0,"distance":0.0,"speed":0.0},{"calorie":0.0,"count":0,"distance":0.0,"speed":0.0},{"calorie":0.0,"count":0,"distance":0.0,"speed":0.0},{"calorie":0.0,"count":0,"distance":0.0,"speed":0.0},{"calorie":0.0,"count":0,"distance":0.0,"speed":0.0},{"calorie":0.0,"count":0,"distance":0.0,"speed":0.0},{"calorie":0.0,"count":0,"distance":0.0,"speed":0.0},{"calorie":0.0,"count":0,"distance":0.0,"speed":0.0},{"calorie":0.0,"count":0,"distance":0.0,"speed":0.0},{"calorie":0.0,"count":0,"distance":0.0,"speed":0.0},{"calorie":0.0,"count":0,"distance":0.0,"speed":0.0},{"calorie":0.0,"count":0,"distance":0.0,"speed":0.0},{"calorie":0.0,"count":0,"distance":0.0,"speed":0.0},{"calorie":0.0,"count":0,"distance":0.0,"speed":0.0},{"calorie":0.0,"count":0,"distance":0.0,"speed":0.0},{"calorie":0.0,"count":0,"distance":0.0,"speed":0.0},{"calorie":0.0,"count":0,"distance":0.0,"speed":0.0},{"calorie":0.0,"count":0,"distance":0.0,"speed":0.0},{"calorie":0.0,"count":0,"distance":0.0,"speed":0.0},{"calorie":0.0,"count":0,"distance":0.0,"speed":0.0},{"calorie":0.0,"count":0,"distance":0.0,"speed":0.0},{"calorie":0.0,"count":0,"distance":0.0,"speed":0.0},{"calorie":0.7899999618530273,"count":23,"distance":17.970001220703125,"speed":5.4404401779174805},{"calorie":0.0,"count":0,"distance":0.0,"speed":0.0},{"calorie":0.0,"count":0,"distance":0.0,"speed":0.0},{"calorie":8.339999988675117,"count":222,"distance":163.1700005531311,"speed":3.8717939853668213},{"calorie":8.869999885559082,"count":233,"distance":169.9300022125244,"speed":3.948749542236328},{"calorie":1.199999988079071,"count":32,"distance":24.31999969482422,"speed":4.974668502807617},{"calorie":0.0,"count":0,"distance":0.0,"speed":0.0},{"calorie":0.0,"count":0,"distance":0.0,"speed":0.0},{"calorie":0.0,"count":0,"distance":0.0,"speed":0.0},{"calorie":0.0,"count":0,"distance":0.0,"speed":0.0},{"calorie":0.0,"count":0,"distance":0.0,"speed":0.0},{"calorie":0.0,"count":0,"distance":0.0,"speed":0.0},{"calorie":0.0,"count":0,"distance":0.0,"speed":0.0},{"calorie":0.0,"count":0,"distance":0.0,"speed":0.0},{"calorie":0.0,"count":0,"distance":0.0,"speed":0.0},{"calorie":0.0,"count":0,"distance":0.0,"speed":0.0},{"calorie":0.0,"count":0,"distance":0.0,"speed":0.0},{"calorie":4.6199997663497925,"count":129,"distance":97.35000133514404,"speed":4.812476634979248},{"calorie":1.1200000047683716,"count":30,"distance":21.709999561309814,"speed":3.7907350063323975},{"calorie":9.770000219345093,"count":229,"distance":164.4299955368042,"speed":4.828047752380371},{"calorie":9.330000042915344,"count":272,"distance":207.39999961853027,"speed":5.0429606437683105},{"calorie":2.459999918937683,"count":65,"distance":48.129998207092285,"speed":4.522716045379639},{"calorie":5.169999971985817,"count":143,"distance":107.69000494480133,"speed":4.752700328826904},{"calorie":6.81999945640564,"count":201,"distance":153.0500020980835,"speed":4.940130233764648},{"calorie":7.500000178813934,"count":224,"distance":172.8199987411499,"speed":5.4378509521484375},{"calorie":4.349999904632568,"count":113,"distance":82.84999656677246,"speed":4.04987096786499},{"calorie":3.2199997305870056,"count":89,"distance":66.96000480651855,"speed":4.782009601593018},{"calorie":10.159999907016754,"count":266,"distance":195.87999820709229,"speed":3.911184310913086},{"calorie":1.2099999338388443,"count":33,"distance":24.28000020980835,"speed":4.210498809814453},{"calorie":0.0,"count":0,"distance":0.0,"speed":0.0},{"calorie":0.25999999046325684,"count":7,"distance":5.119999885559082,"speed":3.9000003337860107},{"calorie":0.0,"count":0,"distance":0.0,"speed":0.0},{"calorie":1.2800001204013824,"count":33,"distance":24.32000160217285,"speed":4.269859790802002},{"calorie":1.180000126361847,"count":31,"distance":23.090001583099365,"speed":4.431654453277588},{"calorie":0.0,"count":0,"distance":0.0,"speed":0.0},{"calorie":0.0,"count":0,"distance":0.0,"speed":0.0},{"calorie":0.0,"count":0,"distance":0.0,"speed":0.0},{"calorie":0.0,"count":0,"distance":0.0,"speed":0.0},{"calorie":0.800000011920929,"count":23,"distance":17.299999237060547,"speed":5.099999904632568},{"calorie":0.0,"count":0,"distance":0.0,"speed":0.0},{"calorie":0.0,"count":0,"distance":0.0,"speed":0.0},{"calorie":1.0099999606609344,"count":28,"distance":20.939998626708984,"speed":4.517070770263672},{"calorie":0.3199999928474426,"count":9,"distance":6.690000057220459,"speed":4.298732757568359},{"calorie":1.489999994635582,"count":39,"distance":28.999993324279785,"speed":4.501725196838379},{"calorie":0.60999995470047,"count":17,"distance":12.860000610351562,"speed":4.676293849945068},{"calorie":0.20999999344348907,"count":6,"distance":4.429999828338623,"speed":4.5},{"calorie":0.0,"count":0,"distance":0.0,"speed":0.0},{"calorie":0.6399999856948853,"count":18,"distance":13.450000286102295,"speed":4.342286586761475},{"calorie":4.9499997198581696,"count":128,"distance":93.77001285552979,"speed":4.046494483947754},{"calorie":0.0,"count":0,"distance":0.0,"speed":0.0},{"calorie":0.29999998211860657,"count":8,"distance":5.760000228881836,"speed":3.9242608547210693},{"calorie":0.9500000476837158,"count":25,"distance":18.340002059936523,"speed":4.291374683380127},{"calorie":0.0,"count":0,"distance":0.0,"speed":0.0},{"calorie":0.5199999809265137,"count":15,"distance":10.879999160766602,"speed":3.931971311569214},{"calorie":0.0,"count":0,"distance":0.0,"speed":0.0},{"calorie":0.7100000381469727,"count":19,"distance":13.80999755859375,"speed":4.3196258544921875},{"calorie":0.0,"count":0,"distance":0.0,"speed":0.0},{"calorie":0.0,"count":0,"distance":0.0,"speed":0.0},{"calorie":0.0,"count":0,"distance":0.0,"speed":0.0},{"calorie":0.20999999344348907,"count":6,"distance":4.420000076293945,"speed":5.299999713897705},{"calorie":0.7900000810623169,"count":22,"distance":16.139997482299805,"speed":4.191137790679932},{"calorie":0.0,"count":0,"distance":0.0,"speed":0.0},{"calorie":0.0,"count":0,"distance":0.0,"speed":0.0},{"calorie":0.2199999988079071,"count":6,"distance":4.320000171661377,"speed":4.600000381469727},{"calorie":0.0,"count":0,"distance":0.0,"speed":0.0},{"calorie":0.0,"count":0,"distance":0.0,"speed":0.0},{"calorie":5.070000052452087,"count":137,"distance":102.57999992370605,"speed":4.71364688873291},{"calorie":3.2700001895427704,"count":91,"distance":67.39999580383301,"speed":4.406338214874268},{"calorie":1.6200000047683716,"count":44,"distance":32.4399995803833,"speed":4.297542572021484},{"calorie":0.0,"count":0,"distance":0.0,"speed":0.0},{"calorie":2.229999989271164,"count":62,"distance":45.65999937057495,"speed":4.119697093963623},{"calorie":0.550000011920929,"count":15,"distance":11.059999465942383,"speed":4.008269786834717},{"calorie":0.0,"count":0,"distance":0.0,"speed":0.0},{"calorie":0.0,"count":0,"distance":0.0,"speed":0.0},{"calorie":0.0,"count":0,"distance":0.0,"speed":0.0},{"calorie":0.0,"count":0,"distance":0.0,"speed":0.0},{"calorie":0.0,"count":0,"distance":0.0,"speed":0.0},{"calorie":0.0,"count":0,"distance":0.0,"speed":0.0},{"calorie":0.0,"count":0,"distance":0.0,"speed":0.0},{"calorie":0.0,"count":0,"distance":0.0,"speed":0.0},{"calorie":0.0,"count":0,"distance":0.0,"speed":0.0},{"calorie":0.0,"count":0,"distance":0.0,"speed":0.0},{"calorie":0.0,"count":0,"distance":0.0,"speed":0.0},{"calorie":0.0,"count":0,"distance":0.0,"speed":0.0},{"calorie":0.0,"count":0,"distance":0.0,"speed":0.0},{"calorie":0.0,"count":0,"distance":0.0,"speed":0.0},{"calorie":0.0,"count":0,"distance":0.0,"speed":0.0},{"calorie":0.0,"count":0,"distance":0.0,"speed":0.0},{"calorie":0.0,"count":0,"distance":0.0,"speed":0.0},{"calorie":0.0,"count":0,"distance":0.0,"speed":0.0},{"calorie":0.25,"count":7,"distance":5.380000114440918,"speed":4.5},{"calorie":0.0,"count":0,"distance":0.0,"speed":0.0},{"calorie":0.2199999988079071,"count":6,"distance":4.329999923706055,"speed":4.5},{"calorie":0.0,"count":0,"distance":0.0,"speed":0.0},{"calorie":0.0,"count":0,"distance":0.0,"speed":0.0},{"calorie":0.0,"count":0,"distance":0.0,"speed":0.0},{"calorie":0.0,"count":0,"distance":0.0,"speed":0.0},{"calorie":0.0,"count":0,"distance":0.0,"speed":0.0},{"calorie":0.0,"count":0,"distance":0.0,"speed":0.0}]