[{"calorie":0.0,"count":0,"distance":0.0,"speed":0.0},{"calorie":0.0,"count":0,"distance":0.0,"speed":0.0},{"calorie":0.0,"count":0,"distance":0.0,"speed":0.0},{"calorie":0.0,"count":0,"distance":0.0,"speed":0.0},{"calorie":0.0,"count":0,"distance":0.0,"speed":0.0},{"calorie":0.0,"count":0,"distance":0.0,"speed":0.0},{"calorie":0.0,"count":0,"distance":0.0,"speed":0.0},{"calorie":0.0,"count":0,"distance":0.0,"speed":0.0},{"calorie":0.0,"count":0,"distance":0.0,"speed":0.0},{"calorie":0.0,"count":0,"distance":0.0,"speed":0.0},{"calorie":0.0,"count":0,"distance":0.0,"speed":0.0},{"calorie":0.0,"count":0,"distance":0.0,"speed":0.0},{"calorie":0.0,"count":0,"distance":0.0,"speed":0.0},{"calorie":0.0,"count":0,"distance":0.0,"speed":0.0},{"calorie":0.0,"count":0,"distance":0.0,"speed":0.0},{"calorie":0.0,"count":0,"distance":0.0,"speed":0.0},{"calorie":0.0,"count":0,"distance":0.0,"speed":0.0},{"calorie":0.0,"count":0,"distance":0.0,"speed":0.0},{"calorie":0.0,"count":0,"distance":0.0,"speed":0.0},{"calorie":0.0,"count":0,"distance":0.0,"speed":0.0},{"calorie":0.0,"count":0,"distance":0.0,"speed":0.0},{"calorie":0.0,"count":0,"distance":0.0,"speed":0.0},{"calorie":0.0,"count":0,"distance":0.0,"speed":0.0},{"calorie":0.0,"count":0,"distance":0.0,"speed":0.0},{"calorie":0.0,"count":0,"distance":0.0,"speed":0.0},{"calorie":0.0,"count":0,"distance":0.0,"speed":0.0},{"calorie":0.0,"count":0,"distance":0.0,"speed":0.0},{"calorie":0.0,"count":0,"distance":0.0,"speed":0.0},{"calorie":0.0,"count":0,"distance":0.0,"speed":0.0},{"calorie":0.0,"count":0,"distance":0.0,"speed":0.0},{"calorie":0.0,"count":0,"distance":0.0,"speed":0.0},{"calorie":0.0,"count":0,"distance":0.0,"speed":0.0},{"calorie":0.0,"count":0,"distance":0.0,"speed":0.0},{"calorie":0.0,"count":0,"distance":0.0,"speed":0.0},{"calorie":0.0,"count":0,"distance":0.0,"speed":0.0},{"calorie":0.0,"count":0,"distance":0.0,"speed":0.0},{"calorie":2.362907886505127,"count":42,"distance":33.7503662109375,"speed":5.823797225952148},{"calorie":0.0,"count":0,"distance":0.0,"speed":0.0},{"calorie":4.74169397354126,"count":83,"distance":62.841888427734375,"speed":4.7410759925842285},{"calorie":4.957355499267578,"count":88,"distance":70.65104675292969,"speed":6.23679256439209},{"calorie":0.0,"count":0,"distance":0.0,"speed":0.0},{"calorie":0.0,"count":0,"distance":0.0,"speed":0.0},{"calorie":1.0026187896728516,"count":17,"distance":12.291549682617188,"speed":3.958723306655884},{"calorie":3.599933624267578,"count":63,"distance":48.07469177246094,"speed":5.397216320037842},{"calorie":0.0,"count":0,"distance":0.0,"speed":0.0},{"calorie":0.0,"count":0,"distance":0.0,"speed":0.0},{"calorie":0.0,"count":0,"distance":0.0,"speed":0.0},{"calorie":0.0,"count":0,"distance":0.0,"speed":0.0},{"calorie":0.0,"count":0,"distance":0.0,"speed":0.0},{"calorie":0.0,"count":0,"distance":0.0,"speed":0.0},{"calorie":0.7034335136413574,"count":12,"distance":8.80657958984375,"speed":4.04799222946167},{"calorie":1.3135075569152832,"count":23,"distance":17.386730194091797,"speed":4.858034133911133},{"calorie":9.995294570922852,"count":156,"distance":127.88014602661133,"speed":5.899037837982178},{"calorie":1.0225811004638672,"count":18,"distance":13.781784057617188,"speed":3.6666886806488037},{"calorie":0.6244354248046875,"count":11,"distance":8.426101684570312,"speed":4.8512420654296875},{"calorie":1.0205650329589844,"count":18,"distance":14.02044677734375,"speed":3.8499159812927246},{"calorie":0.0,"count":0,"distance":0.0,"speed":0.0},{"calorie":0.0,"count":0,"distance":0.0,"speed":0.0},{"calorie":0.0,"count":0,"distance":0.0,"speed":0.0},{"calorie":5.444522857666016,"count":96,"distance":74.0380859375,"speed":5.567086219787598},{"calorie":0.0,"count":0,"distance":0.0,"speed":0.0},{"calorie":1.8367748260498047,"count":32,"distance":24.00537109375,"speed":4.907345294952393},{"calorie":3.623004913330078,"count":64,"distance":50.065277099609375,"speed":5.724710941314697},{"calorie":2.964540481567383,"count":52,"distance":39.51849365234375,"speed":4.881612300872803},{"calorie":0.0,"count":0,"distance":0.0,"speed":0.0},{"calorie":0.0,"count":0,"distance":0.0,"speed":0.0},{"calorie":4.910758972167969,"count":86,"distance":65.16195678710938,"speed":4.699303150177002},{"calorie":0.0,"count":0,"distance":0.0,"speed":0.0},{"calorie":7.790203094482422,"count":137,"distance":105.81100463867188,"speed":4.820165157318115},{"calorie":11.721088409423828,"count":203,"distance":157.8892822265625,"speed":5.42362642288208},{"calorie":2.289398193359375,"count":40,"distance":30.40167236328125,"speed":4.950449466705322},{"calorie":0.0,"count":0,"distance":0.0,"speed":0.0},{"calorie":0.0,"count":0,"distance":0.0,"speed":0.0},{"calorie":0.0,"count":0,"distance":0.0,"speed":0.0},{"calorie":0.0,"count":0,"distance":0.0,"speed":0.0},{"calorie":0.0,"count":0,"distance":0.0,"speed":0.0},{"calorie":0.0,"count":0,"distance":0.0,"speed":0.0},{"calorie":0.0,"count":0,"distance":0.0,"speed":0.0},{"calorie":0.0,"count":0,"distance":0.0,"speed":0.0},{"calorie":1.2612075805664062,"count":22,"distance":16.5198974609375,"speed":4.732421875},{"calorie":5.2999725341796875,"count":93,"distance":71.36614990234375,"speed":5.294745445251465},{"calorie":2.98236083984375,"count":52,"distance":39.325927734375,"speed":5.023788928985596},{"calorie":1.0222396850585938,"count":18,"distance":13.78521728515625,"speed":5.098564147949219},{"calorie":1.583343505859375,"count":28,"distance":21.841552734375,"speed":5.404686450958252},{"calorie":0.0,"count":0,"distance":0.0,"speed":0.0},{"calorie":1.3356399536132812,"count":23,"distance":16.98541259765625,"speed":4.2165751457214355},{"calorie":0.0,"count":0,"distance":0.0,"speed":0.0},{"calorie":0.0,"count":0,"distance":0.0,"speed":0.0},{"calorie":0.0,"count":0,"distance":0.0,"speed":0.0},{"calorie":0.0,"count":0,"distance":0.0,"speed":0.0},{"calorie":4.490936279296875,"count":79,"distance":60.47027587890625,"speed":5.057015895843506},{"calorie":1.6388778686523438,"count":29,"distance":22.5601806640625,"speed":5.113999366760254},{"calorie":0.0,"count":0,"distance":0.0,"speed":0.0},{"calorie":0.0,"count":0,"distance":0.0,"speed":0.0},{"calorie":0.0,"count":0,"distance":0.0,"speed":0.0},{"calorie":0.0,"count":0,"distance":0.0,"speed":0.0},{"calorie":1.135101318359375,"count":20,"distance":15.3448486328125,"speed":5.411848545074463},{"calorie":2.2436294555664062,"count":39,"distance":29.17437744140625,"speed":4.441349983215332},{"calorie":0.0,"count":0,"distance":0.0,"speed":0.0},{"calorie":0.0,"count":0,"distance":0.0,"speed":0.0},{"calorie":0.0,"count":0,"distance":0.0,"speed":0.0},{"calorie":0.0,"count":0,"distance":0.0,"speed":0.0},{"calorie":0.0,"count":0,"distance":0.0,"speed":0.0},{"calorie":0.0,"count":0,"distance":0.0,"speed":0.0},{"calorie":0.0,"count":0,"distance":0.0,"speed":0.0},{"calorie":0.39931488037109375,"count":7,"distance":5.30322265625,"speed":5.094181060791016},{"calorie":0.0,"count":0,"distance":0.0,"speed":0.0},{"calorie":0.0,"count":0,"distance":0.0,"speed":0.0},{"calorie":0.0,"count":0,"distance":0.0,"speed":0.0},{"calorie":0.0,"count":0,"distance":0.0,"speed":0.0},{"calorie":0.0,"count":0,"distance":0.0,"speed":0.0},{"calorie":0.0,"count":0,"distance":0.0,"speed":0.0},{"calorie":3.24560546875,"count":57,"distance":43.6363525390625,"speed":4.872744560241699},{"calorie":0.0,"count":0,"distance":0.0,"speed":0.0},{"calorie":0.0,"count":0,"distance":0.0,"speed":0.0},{"calorie":0.0,"count":0,"distance":0.0,"speed":0.0},{"calorie":3.2223587036132812,"count":56,"distance":41.9031982421875,"speed":4.579728603363037},{"calorie":0.971038818359375,"count":17,"distance":12.8406982421875,"speed":4.87626314163208},{"calorie":0.9080123901367188,"count":16,"distance":12.3255615234375,"speed":5.1846113204956055},{"calorie":0.0,"count":0,"distance":0.0,"speed":0.0},{"calorie":0.0,"count":0,"distance":0.0,"speed":0.0},{"calorie":0.0,"count":0,"distance":0.0,"speed":0.0},{"calorie":0.0,"count":0,"distance":0.0,"speed":0.0},{"calorie":0.0,"count":0,"distance":0.0,"speed":0.0},{"calorie":0.0,"count":0,"distance":0.0,"speed":0.0},{"calorie":0.0,"count":0,"distance":0.0,"speed":0.0},{"calorie":0.0,"count":0,"distance":0.0,"speed":0.0},{"calorie":0.0,"count":0,"distance":0.0,"speed":0.0},{"calorie":0.0,"count":0,"distance":0.0,"speed":0.0},{"calorie":0.0,"count":0,"distance":0.0,"speed":0.0},{"calorie":0.0,"count":0,"distance":0.0,"speed":0.0},{"calorie":10.107657432556152,"count":177,"distance":134.84748935699463,"speed":4.344813346862793},{"calorie":0.0,"count":0,"distance":0.0,"speed":0.0},{"calorie":0.0,"count":0,"distance":0.0,"speed":0.0},{"calorie":0.0,"count":0,"distance":0.0,"speed":0.0},{"calorie":0.0,"count":0,"distance":0.0,"speed":0.0},{"calorie":0.0,"count":0,"distance":0.0,"speed":0.0},{"calorie":0.0,"count":0,"distance":0.0,"speed":0.0},{"calorie":0.0,"count":0,"distance":0.0,"speed":0.0},{"calorie":0.0,"count":0,"distance":0.0,"speed":0.0},{"calorie":0.0,"count":0,"distance":0.0,"speed":0.0},{"calorie":0.0,"count":0,"distance":0.0,"speed":0.0},{"calorie":0.0,"count":0,"distance":0.0,"speed":0.0},{"calorie":0.0,"count":0,"distance":0.0,"speed":0.0}]