[{"calorie":0.0,"count":0,"distance":0.0,"speed":0.0},{"calorie":0.0,"count":0,"distance":0.0,"speed":0.0},{"calorie":0.0,"count":0,"distance":0.0,"speed":0.0},{"calorie":0.0,"count":0,"distance":0.0,"speed":0.0},{"calorie":0.0,"count":0,"distance":0.0,"speed":0.0},{"calorie":0.0,"count":0,"distance":0.0,"speed":0.0},{"calorie":0.0,"count":0,"distance":0.0,"speed":0.0},{"calorie":0.0,"count":0,"distance":0.0,"speed":0.0},{"calorie":0.0,"count":0,"distance":0.0,"speed":0.0},{"calorie":0.0,"count":0,"distance":0.0,"speed":0.0},{"calorie":0.0,"count":0,"distance":0.0,"speed":0.0},{"calorie":0.0,"count":0,"distance":0.0,"speed":0.0},{"calorie":0.0,"count":0,"distance":0.0,"speed":0.0},{"calorie":0.0,"count":0,"distance":0.0,"speed":0.0},{"calorie":0.0,"count":0,"distance":0.0,"speed":0.0},{"calorie":0.0,"count":0,"distance":0.0,"speed":0.0},{"calorie":0.0,"count":0,"distance":0.0,"speed":0.0},{"calorie":0.0,"count":0,"distance":0.0,"speed":0.0},{"calorie":0.0,"count":0,"distance":0.0,"speed":0.0},{"calorie":0.0,"count":0,"distance":0.0,"speed":0.0},{"calorie":0.0,"count":0,"distance":0.0,"speed":0.0},{"calorie":0.0,"count":0,"distance":0.0,"speed":0.0},{"calorie":0.0,"count":0,"distance":0.0,"speed":0.0},{"calorie":0.0,"count":0,"distance":0.0,"speed":0.0},{"calorie":0.0,"count":0,"distance":0.0,"speed":0.0},{"calorie":0.0,"count":0,"distance":0.0,"speed":0.0},{"calorie":0.0,"count":0,"distance":0.0,"speed":0.0},{"calorie":0.0,"count":0,"distance":0.0,"speed":0.0},{"calorie":0.0,"count":0,"distance":0.0,"speed":0.0},{"calorie":0.0,"count":0,"distance":0.0,"speed":0.0},{"calorie":0.0,"count":0,"distance":0.0,"speed":0.0},{"calorie":0.0,"count":0,"distance":0.0,"speed":0.0},{"calorie":0.0,"count":0,"distance":0.0,"speed":0.0},{"calorie":0.0,"count":0,"distance":0.0,"speed":0.0},{"calorie":0.0,"count":0,"distance":0.0,"speed":0.0},{"calorie":0.0,"count":0,"distance":0.0,"speed":0.0},{"calorie":0.0,"count":0,"distance":0.0,"speed":0.0},{"calorie":0.0,"count":0,"distance":0.0,"speed":0.0},{"calorie":0.0,"count":0,"distance":0.0,"speed":0.0},{"calorie":0.0,"count":0,"distance":0.0,"speed":0.0},{"calorie":0.0,"count":0,"distance":0.0,"speed":0.0},{"calorie":0.0,"count":0,"distance":0.0,"speed":0.0},{"calorie":0.0,"count":0,"distance":0.0,"speed":0.0},{"calorie":0.0,"count":0,"distance":0.0,"speed":0.0},{"calorie":0.0,"count":0,"distance":0.0,"speed":0.0},{"calorie":0.0,"count":0,"distance":0.0,"speed":0.0},{"calorie":0.0,"count":0,"distance":0.0,"speed":0.0},{"calorie":0.0,"count":0,"distance":0.0,"speed":0.0},{"calorie":0.0,"count":0,"distance":0.0,"speed":0.0},{"calorie":0.0,"count":0,"distance":0.0,"speed":0.0},{"calorie":2.9699997901916504,"count":58,"distance":40.559998512268066,"speed":3.9408912658691406},{"calorie":13.739996671676636,"count":275,"distance":195.7899398803711,"speed":4.363786220550537},{"calorie":0.8299999833106995,"count":16,"distance":11.289999961853027,"speed":3.799999475479126},{"calorie":0.830000102519989,"count":16,"distance":10.959999084472656,"speed":3.6539742946624756},{"calorie":0.0,"count":0,"distance":0.0,"speed":0.0},{"calorie":0.0,"count":0,"distance":0.0,"speed":0.0},{"calorie":0.3700000047683716,"count":7,"distance":4.869999885559082,"speed":4.299999713897705},{"calorie":0.0,"count":0,"distance":0.0,"speed":0.0},{"calorie":0.0,"count":0,"distance":0.0,"speed":0.0},{"calorie":0.0,"count":0,"distance":0.0,"speed":0.0},{"calorie":0.9500000476837158,"count":20,"distance":15.210000991821289,"speed":5.984795093536377},{"calorie":0.0,"count":0,"distance":0.0,"speed":0.0},{"calorie":22.71999889612198,"count":450,"distance":323.369996547699,"speed":4.49548864364624},{"calorie":2.2999998927116394,"count":45,"distance":32.73999834060669,"speed":4.526916027069092},{"calorie":0.75,"count":14,"distance":9.609999656677246,"speed":3.448183298110962},{"calorie":0.0,"count":0,"distance":0.0,"speed":0.0},{"calorie":0.3700000047683716,"count":7,"distance":4.929999828338623,"speed":4.299999713897705},{"calorie":0.0,"count":0,"distance":0.0,"speed":0.0},{"calorie":0.8000000715255737,"count":16,"distance":11.24000072479248,"speed":4.31849479675293},{"calorie":5.580000102519989,"count":109,"distance":75.94999885559082,"speed":3.7679896354675293},{"calorie":0.0,"count":0,"distance":0.0,"speed":0.0},{"calorie":0.0,"count":0,"distance":0.0,"speed":0.0},{"calorie":0.41999998688697815,"count":8,"distance":5.559999942779541,"speed":4.299999713897705},{"calorie":1.3300000131130219,"count":26,"distance":18.539999961853027,"speed":4.0},{"calorie":1.030000001192093,"count":20,"distance":14.020000219345093,"speed":4.019899845123291},{"calorie":3.0800000429153442,"count":61,"distance":43.06999969482422,"speed":4.08377742767334},{"calorie":2.4800001978874207,"count":48,"distance":32.9900016784668,"speed":3.5297133922576904},{"calorie":2.610000103712082,"count":51,"distance":35.429996490478516,"speed":3.790433406829834},{"calorie":2.4700000286102295,"count":49,"distance":32.83000183105469,"speed":4.099999904632568},{"calorie":0.0,"count":0,"distance":0.0,"speed":0.0},{"calorie":0.0,"count":0,"distance":0.0,"speed":0.0},{"calorie":0.0,"count":0,"distance":0.0,"speed":0.0},{"calorie":2.14000004529953,"count":42,"distance":30.579999923706055,"speed":4.950955390930176},{"calorie":0.0,"count":0,"distance":0.0,"speed":0.0},{"calorie":1.03000009059906,"count":20,"distance":13.909998893737793,"speed":4.011368274688721},{"calorie":1.3200000524520874,"count":26,"distance":19.100000381469727,"speed":4.808647155761719},{"calorie":0.970000147819519,"count":19,"distance":13.089999198913574,"speed":3.628225088119507},{"calorie":0.0,"count":0,"distance":0.0,"speed":0.0},{"calorie":0.0,"count":0,"distance":0.0,"speed":0.0},{"calorie":0.0,"count":0,"distance":0.0,"speed":0.0},{"calorie":0.0,"count":0,"distance":0.0,"speed":0.0},{"calorie":0.6600000262260437,"count":13,"distance":9.300000190734863,"speed":4.0},{"calorie":1.2799999713897705,"count":25,"distance":17.530000686645508,"speed":3.972804546356201},{"calorie":0.0,"count":0,"distance":0.0,"speed":0.0},{"calorie":0.0,"count":0,"distance":0.0,"speed":0.0},{"calorie":0.0,"count":0,"distance":0.0,"speed":0.0},{"calorie":2.6799995601177216,"count":52,"distance":36.5599946975708,"speed":3.9151663780212402},{"calorie":0.42000001668930054,"count":8,"distance":5.380000114440918,"speed":3.1744942665100098},{"calorie":2.290000021457672,"count":45,"distance":31.549996376037598,"speed":4.162961483001709},{"calorie":0.0,"count":0,"distance":0.0,"speed":0.0},{"calorie":0.0,"count":0,"distance":0.0,"speed":0.0},{"calorie":0.0,"count":0,"distance":0.0,"speed":0.0},{"calorie":0.0,"count":0,"distance":0.0,"speed":0.0},{"calorie":0.0,"count":0,"distance":0.0,"speed":0.0},{"calorie":0.0,"count":0,"distance":0.0,"speed":0.0},{"calorie":0.0,"count":0,"distance":0.0,"speed":0.0},{"calorie":0.0,"count":0,"distance":0.0,"speed":0.0},{"calorie":0.0,"count":0,"distance":0.0,"speed":0.0},{"calorie":0.0,"count":0,"distance":0.0,"speed":0.0},{"calorie":0.0,"count":0,"distance":0.0,"speed":0.0},{"calorie":0.0,"count":0,"distance":0.0,"speed":0.0},{"calorie":0.0,"count":0,"distance":0.0,"speed":0.0},{"calorie":0.0,"count":0,"distance":0.0,"speed":0.0},{"calorie":0.0,"count":0,"distance":0.0,"speed":0.0},{"calorie":0.0,"count":0,"distance":0.0,"speed":0.0},{"calorie":0.0,"count":0,"distance":0.0,"speed":0.0},{"calorie":0.0,"count":0,"distance":0.0,"speed":0.0},{"calorie":6.349999904632568,"count":125,"distance":88.03999900817871,"speed":4.11155891418457},{"calorie":0.0,"count":0,"distance":0.0,"speed":0.0},{"calorie":0.0,"count":0,"distance":0.0,"speed":0.0},{"calorie":0.0,"count":0,"distance":0.0,"speed":0.0},{"calorie":0.0,"count":0,"distance":0.0,"speed":0.0},{"calorie":2.3299994468688965,"count":46,"distance":32.989994049072266,"speed":4.600296497344971},{"calorie":0.0,"count":0,"distance":0.0,"speed":0.0},{"calorie":5.059999912977219,"count":99,"distance":69.72000074386597,"speed":4.193058490753174},{"calorie":0.0,"count":0,"distance":0.0,"speed":0.0},{"calorie":0.0,"count":0,"distance":0.0,"speed":0.0},{"calorie":0.0,"count":0,"distance":0.0,"speed":0.0},{"calorie":0.0,"count":0,"distance":0.0,"speed":0.0},{"calorie":0.0,"count":0,"distance":0.0,"speed":0.0},{"calorie":2.599999189376831,"count":52,"distance":36.220008850097656,"speed":3.90852427482605},{"calorie":6.450000107288361,"count":128,"distance":91.91999864578247,"speed":4.447071552276611},{"calorie":8.720000088214874,"count":170,"distance":115.97999954223633,"speed":3.4060237407684326},{"calorie":17.33999988436699,"count":345,"distance":235.96000051498413,"speed":3.4168622493743896},{"calorie":15.580000281333923,"count":302,"distance":213.44000053405762,"speed":3.950725793838501},{"calorie":8.489999771118164,"count":166,"distance":118.67000007629395,"speed":4.557747840881348},{"calorie":0.15000000596046448,"count":3,"distance":2.009999990463257,"speed":3.0999999046325684},{"calorie":1.2800000309944153,"count":25,"distance":17.719999313354492,"speed":4.4135541915893555},{"calorie":0.0,"count":0,"distance":0.0,"speed":0.0},{"calorie":0.0,"count":0,"distance":0.0,"speed":0.0},{"calorie":3.0699994564056396,"count":60,"distance":41.5099983215332,"speed":3.8018789291381836},{"calorie":5.619999974966049,"count":111,"distance":78.6200008392334,"speed":4.278932571411133},{"calorie":1.5100001096725464,"count":29,"distance":20.25999927520752,"speed":4.081844329833984},{"calorie":0.709999967366457,"count":14,"distance":10.070000171661377,"speed":4.312715530395508}]