[{"calorie":0.0,"count":0,"distance":0.0,"speed":0.0},{"calorie":0.0,"count":0,"distance":0.0,"speed":0.0},{"calorie":0.0,"count":0,"distance":0.0,"speed":0.0},{"calorie":0.0,"count":0,"distance":0.0,"speed":0.0},{"calorie":0.0,"count":0,"distance":0.0,"speed":0.0},{"calorie":0.0,"count":0,"distance":0.0,"speed":0.0},{"calorie":0.0,"count":0,"distance":0.0,"speed":0.0},{"calorie":0.0,"count":0,"distance":0.0,"speed":0.0},{"calorie":0.0,"count":0,"distance":0.0,"speed":0.0},{"calorie":0.0,"count":0,"distance":0.0,"speed":0.0},{"calorie":0.0,"count":0,"distance":0.0,"speed":0.0},{"calorie":0.0,"count":0,"distance":0.0,"speed":0.0},{"calorie":0.0,"count":0,"distance":0.0,"speed":0.0},{"calorie":0.0,"count":0,"distance":0.0,"speed":0.0},{"calorie":0.0,"count":0,"distance":0.0,"speed":0.0},{"calorie":0.0,"count":0,"distance":0.0,"speed":0.0},{"calorie":0.0,"count":0,"distance":0.0,"speed":0.0},{"calorie":0.0,"count":0,"distance":0.0,"speed":0.0},{"calorie":0.0,"count":0,"distance":0.0,"speed":0.0},{"calorie":0.0,"count":0,"distance":0.0,"speed":0.0},{"calorie":0.0,"count":0,"distance":0.0,"speed":0.0},{"calorie":0.0,"count":0,"distance":0.0,"speed":0.0},{"calorie":0.0,"count":0,"distance":0.0,"speed":0.0},{"calorie":0.0,"count":0,"distance":0.0,"speed":0.0},{"calorie":0.0,"count":0,"distance":0.0,"speed":0.0},{"calorie":0.0,"count":0,"distance":0.0,"speed":0.0},{"calorie":0.0,"count":0,"distance":0.0,"speed":0.0},{"calorie":0.0,"count":0,"distance":0.0,"speed":0.0},{"calorie":0.0,"count":0,"distance":0.0,"speed":0.0},{"calorie":0.0,"count":0,"distance":0.0,"speed":0.0},{"calorie":0.0,"count":0,"distance":0.0,"speed":0.0},{"calorie":0.0,"count":0,"distance":0.0,"speed":0.0},{"calorie":0.0,"count":0,"distance":0.0,"speed":0.0},{"calorie":0.0,"count":0,"distance":0.0,"speed":0.0},{"calorie":0.0,"count":0,"distance":0.0,"speed":0.0},{"calorie":0.0,"count":0,"distance":0.0,"speed":0.0},{"calorie":0.0,"count":0,"distance":0.0,"speed":0.0},{"calorie":0.0,"count":0,"distance":0.0,"speed":0.0},{"calorie":0.0,"count":0,"distance":0.0,"speed":0.0},{"calorie":0.0,"count":0,"distance":0.0,"speed":0.0},{"calorie":0.0,"count":0,"distance":0.0,"speed":0.0},{"calorie":0.0,"count":0,"distance":0.0,"speed":0.0},{"calorie":0.29999998211860657,"count":8,"distance":5.760000228881836,"speed":4.099381446838379},{"calorie":0.44999995827674866,"count":12,"distance":8.789999008178711,"speed":3.9401042461395264},{"calorie":0.0,"count":0,"distance":0.0,"speed":0.0},{"calorie":0.6000000238418579,"count":16,"distance":12.210000991821289,"speed":4.9663801193237305},{"calorie":0.0,"count":0,"distance":0.0,"speed":0.0},{"calorie":0.47999998927116394,"count":14,"distance":10.180000305175781,"speed":3.700000047683716},{"calorie":7.180000126361847,"count":189,"distance":137.5900001525879,"speed":3.819016456604004},{"calorie":1.0699999928474426,"count":30,"distance":22.280000686645508,"speed":4.497060298919678},{"calorie":0.0,"count":0,"distance":0.0,"speed":0.0},{"calorie":4.249999910593033,"count":114,"distance":85.93000316619873,"speed":4.753958702087402},{"calorie":1.1399999856948853,"count":31,"distance":23.210000038146973,"speed":4.940358638763428},{"calorie":1.2299998998641968,"count":34,"distance":25.119997024536133,"speed":4.251315116882324},{"calorie":0.0,"count":0,"distance":0.0,"speed":0.0},{"calorie":0.0,"count":0,"distance":0.0,"speed":0.0},{"calorie":1.7999999523162842,"count":47,"distance":35.25,"speed":4.700000286102295},{"calorie":4.940000057220459,"count":141,"distance":107.61000299453735,"speed":5.019054412841797},{"calorie":0.0,"count":0,"distance":0.0,"speed":0.0},{"calorie":5.37999963760376,"count":148,"distance":109.82999753952026,"speed":4.3798089027404785},{"calorie":1.899999976158142,"count":50,"distance":37.30000019073486,"speed":4.42907190322876},{"calorie":3.21999990940094,"count":82,"distance":59.74999809265137,"speed":4.032661437988281},{"calorie":3.03000009059906,"count":78,"distance":58.24000120162964,"speed":4.53102445602417},{"calorie":0.5199999809265137,"count":15,"distance":11.119999885559082,"speed":4.525969982147217},{"calorie":0.0,"count":0,"distance":0.0,"speed":0.0},{"calorie":0.7599999904632568,"count":21,"distance":15.619999885559082,"speed":4.700000286102295},{"calorie":0.4399999976158142,"count":13,"distance":9.75,"speed":4.892056465148926},{"calorie":1.459999829530716,"count":39,"distance":28.630000114440918,"speed":4.1555914878845215},{"calorie":0.5600000023841858,"count":16,"distance":12.15999984741211,"speed":4.859109878540039},{"calorie":0.0,"count":0,"distance":0.0,"speed":0.0},{"calorie":0.0,"count":0,"distance":0.0,"speed":0.0},{"calorie":2.6299997568130493,"count":75,"distance":56.52000617980957,"speed":4.742384433746338},{"calorie":1.6200000047683716,"count":47,"distance":35.93000030517578,"speed":5.099999904632568},{"calorie":2.8399999737739563,"count":79,"distance":59.54000282287598,"speed":4.714505672454834},{"calorie":1.1300000250339508,"count":33,"distance":24.300000190734863,"speed":4.415789604187012},{"calorie":1.3600000143051147,"count":38,"distance":28.340001106262207,"speed":4.2795305252075195},{"calorie":0.0,"count":0,"distance":0.0,"speed":0.0},{"calorie":0.0,"count":0,"distance":0.0,"speed":0.0},{"calorie":0.25999999046325684,"count":7,"distance":5.099999904632568,"speed":4.44169282913208},{"calorie":0.0,"count":0,"distance":0.0,"speed":0.0},{"calorie":0.0,"count":0,"distance":0.0,"speed":0.0},{"calorie":0.0,"count":0,"distance":0.0,"speed":0.0},{"calorie":0.41999995708465576,"count":11,"distance":7.760000228881836,"speed":3.3964478969573975},{"calorie":2.810000002384186,"count":76,"distance":56.67999839782715,"speed":4.56243896484375},{"calorie":0.4000000059604645,"count":12,"distance":8.920000076293945,"speed":4.600000381469727},{"calorie":0.9900000691413879,"count":27,"distance":20.3700008392334,"speed":4.753937244415283},{"calorie":5.11999973654747,"count":135,"distance":100.1500039100647,"speed":4.389441967010498},{"calorie":8.779999911785126,"count":212,"distance":150.32999992370605,"speed":4.637657642364502},{"calorie":1.6799999475479126,"count":52,"distance":40.41999816894531,"speed":5.600000381469727},{"calorie":5.78000009059906,"count":155,"distance":117.80999803543091,"speed":4.53477144241333},{"calorie":5.879999905824661,"count":131,"distance":91.9399995803833,"speed":4.583683490753174},{"calorie":8.859997928142548,"count":221,"distance":151.08998489379883,"speed":4.4749298095703125},{"calorie":0.0,"count":0,"distance":0.0,"speed":0.0},{"calorie":0.0,"count":0,"distance":0.0,"speed":0.0},{"calorie":0.0,"count":0,"distance":0.0,"speed":0.0},{"calorie":1.7800000309944153,"count":49,"distance":36.19999885559082,"speed":4.491283416748047},{"calorie":0.0,"count":0,"distance":0.0,"speed":0.0},{"calorie":0.0,"count":0,"distance":0.0,"speed":0.0},{"calorie":1.550000011920929,"count":42,"distance":31.329999208450317,"speed":4.675363063812256},{"calorie":0.0,"count":0,"distance":0.0,"speed":0.0},{"calorie":1.8700000047683716,"count":49,"distance":36.599998474121094,"speed":4.5},{"calorie":7.549999952316284,"count":194,"distance":142.5299997329712,"speed":4.18379020690918},{"calorie":3.0699998140335083,"count":92,"distance":70.14000511169434,"speed":4.920532703399658},{"calorie":3.109999932348728,"count":84,"distance":62.73999881744385,"speed":4.392762660980225},{"calorie":5.5000001192092896,"count":149,"distance":112.00000190734863,"speed":4.5957207679748535},{"calorie":0.0,"count":0,"distance":0.0,"speed":0.0},{"calorie":2.5999999940395355,"count":74,"distance":56.430002212524414,"speed":4.911873817443848},{"calorie":1.4300000071525574,"count":39,"distance":28.630000114440918,"speed":4.081827640533447},{"calorie":0.0,"count":0,"distance":0.0,"speed":0.0},{"calorie":21.19000017642975,"count":557,"distance":420.85999965667725,"speed":4.775217533111572},{"calorie":6.8499996066093445,"count":181,"distance":131.93000531196594,"speed":3.8974757194519043},{"calorie":1.6700000762939453,"count":45,"distance":32.369998931884766,"speed":3.6815946102142334},{"calorie":0.9600001126527786,"count":26,"distance":19.270000457763672,"speed":4.390902519226074},{"calorie":0.0,"count":0,"distance":0.0,"speed":0.0},{"calorie":0.949999988079071,"count":27,"distance":20.1299991607666,"speed":4.397957801818848},{"calorie":1.179999589920044,"count":34,"distance":25.880006790161133,"speed":5.117036819458008},{"calorie":0.0,"count":0,"distance":0.0,"speed":0.0},{"calorie":0.0,"count":0,"distance":0.0,"speed":0.0},{"calorie":0.0,"count":0,"distance":0.0,"speed":0.0},{"calorie":0.0,"count":0,"distance":0.0,"speed":0.0},{"calorie":0.0,"count":0,"distance":0.0,"speed":0.0},{"calorie":0.0,"count":0,"distance":0.0,"speed":0.0},{"calorie":0.0,"count":0,"distance":0.0,"speed":0.0},{"calorie":0.0,"count":0,"distance":0.0,"speed":0.0},{"calorie":0.0,"count":0,"distance":0.0,"speed":0.0},{"calorie":0.0,"count":0,"distance":0.0,"speed":0.0},{"calorie":0.6000000238418579,"count":17,"distance":12.34999942779541,"speed":4.162959575653076},{"calorie":0.0,"count":0,"distance":0.0,"speed":0.0},{"calorie":0.0,"count":0,"distance":0.0,"speed":0.0},{"calorie":0.0,"count":0,"distance":0.0,"speed":0.0},{"calorie":0.0,"count":0,"distance":0.0,"speed":0.0},{"calorie":0.0,"count":0,"distance":0.0,"speed":0.0},{"calorie":0.4399999976158142,"count":13,"distance":9.40999984741211,"speed":3.999999761581421},{"calorie":0.0,"count":0,"distance":0.0,"speed":0.0},{"calorie":0.0,"count":0,"distance":0.0,"speed":0.0},{"calorie":0.0,"count":0,"distance":0.0,"speed":0.0},{"calorie":0.0,"count":0,"distance":0.0,"speed":0.0},{"calorie":0.0,"count":0,"distance":0.0,"speed":0.0},{"calorie":0.0,"count":0,"distance":0.0,"speed":0.0},{"calorie":0.0,"count":0,"distance":0.0,"speed":0.0},{"calorie":0.0,"count":0,"distance":0.0,"speed":0.0},{"calorie":0.0,"count":0,"distance":0.0,"speed":0.0},{"calorie":0.0,"count":0,"distance":0.0,"speed":0.0},{"calorie":0.0,"count":0,"distance":0.0,"speed":0.0}]