[{"calorie":0.0,"count":0,"distance":0.0,"speed":0.0},{"calorie":0.0,"count":0,"distance":0.0,"speed":0.0},{"calorie":0.0,"count":0,"distance":0.0,"speed":0.0},{"calorie":0.0,"count":0,"distance":0.0,"speed":0.0},{"calorie":0.0,"count":0,"distance":0.0,"speed":0.0},{"calorie":0.0,"count":0,"distance":0.0,"speed":0.0},{"calorie":0.0,"count":0,"distance":0.0,"speed":0.0},{"calorie":0.0,"count":0,"distance":0.0,"speed":0.0},{"calorie":0.0,"count":0,"distance":0.0,"speed":0.0},{"calorie":0.0,"count":0,"distance":0.0,"speed":0.0},{"calorie":0.0,"count":0,"distance":0.0,"speed":0.0},{"calorie":0.0,"count":0,"distance":0.0,"speed":0.0},{"calorie":0.0,"count":0,"distance":0.0,"speed":0.0},{"calorie":0.0,"count":0,"distance":0.0,"speed":0.0},{"calorie":0.0,"count":0,"distance":0.0,"speed":0.0},{"calorie":0.0,"count":0,"distance":0.0,"speed":0.0},{"calorie":0.0,"count":0,"distance":0.0,"speed":0.0},{"calorie":0.0,"count":0,"distance":0.0,"speed":0.0},{"calorie":0.0,"count":0,"distance":0.0,"speed":0.0},{"calorie":0.0,"count":0,"distance":0.0,"speed":0.0},{"calorie":0.0,"count":0,"distance":0.0,"speed":0.0},{"calorie":0.0,"count":0,"distance":0.0,"speed":0.0},{"calorie":0.0,"count":0,"distance":0.0,"speed":0.0},{"calorie":0.0,"count":0,"distance":0.0,"speed":0.0},{"calorie":0.0,"count":0,"distance":0.0,"speed":0.0},{"calorie":0.0,"count":0,"distance":0.0,"speed":0.0},{"calorie":0.0,"count":0,"distance":0.0,"speed":0.0},{"calorie":0.0,"count":0,"distance":0.0,"speed":0.0},{"calorie":0.0,"count":0,"distance":0.0,"speed":0.0},{"calorie":0.0,"count":0,"distance":0.0,"speed":0.0},{"calorie":0.0,"count":0,"distance":0.0,"speed":0.0},{"calorie":0.0,"count":0,"distance":0.0,"speed":0.0},{"calorie":0.0,"count":0,"distance":0.0,"speed":0.0},{"calorie":0.0,"count":0,"distance":0.0,"speed":0.0},{"calorie":0.0,"count":0,"distance":0.0,"speed":0.0},{"calorie":0.0,"count":0,"distance":0.0,"speed":0.0},{"calorie":0.0,"count":0,"distance":0.0,"speed":0.0},{"calorie":0.357025146484375,"count":6,"distance":4.288330078125,"speed":3.4603328704833984},{"calorie":0.0,"count":0,"distance":0.0,"speed":0.0},{"calorie":0.0,"count":0,"distance":0.0,"speed":0.0},{"calorie":0.0,"count":0,"distance":0.0,"speed":0.0},{"calorie":0.0,"count":0,"distance":0.0,"speed":0.0},{"calorie":0.0,"count":0,"distance":0.0,"speed":0.0},{"calorie":0.0,"count":0,"distance":0.0,"speed":0.0},{"calorie":0.0,"count":0,"distance":0.0,"speed":0.0},{"calorie":0.0,"count":0,"distance":0.0,"speed":0.0},{"calorie":0.0,"count":0,"distance":0.0,"speed":0.0},{"calorie":0.0,"count":0,"distance":0.0,"speed":0.0},{"calorie":0.0,"count":0,"distance":0.0,"speed":0.0},{"calorie":0.0,"count":0,"distance":0.0,"speed":0.0},{"calorie":0.0,"count":0,"distance":0.0,"speed":0.0},{"calorie":0.0,"count":0,"distance":0.0,"speed":0.0},{"calorie":0.0,"count":0,"distance":0.0,"speed":0.0},{"calorie":0.0,"count":0,"distance":0.0,"speed":0.0},{"calorie":0.0,"count":0,"distance":0.0,"speed":0.0},{"calorie":0.0,"count":0,"distance":0.0,"speed":0.0},{"calorie":0.3560028076171875,"count":6,"distance":4.30126953125,"speed":3.4576189517974854},{"calorie":0.0,"count":0,"distance":0.0,"speed":0.0},{"calorie":6.9573822021484375,"count":123,"distance":96.580322265625,"speed":5.517600059509277},{"calorie":0.0,"count":0,"distance":0.0,"speed":0.0},{"calorie":5.0152130126953125,"count":88,"distance":67.404541015625,"speed":5.013156414031982},{"calorie":7.3782806396484375,"count":129,"distance":100.77587890625,"speed":5.169875144958496},{"calorie":0.0,"count":0,"distance":0.0,"speed":0.0},{"calorie":1.7027587890625,"count":30,"distance":23.01025390625,"speed":5.146185398101807},{"calorie":0.0,"count":0,"distance":0.0,"speed":0.0},{"calorie":12.880081176757812,"count":226,"distance":172.41845703125,"speed":4.8313117027282715},{"calorie":0.0,"count":0,"distance":0.0,"speed":0.0},{"calorie":0.0,"count":0,"distance":0.0,"speed":0.0},{"calorie":22.4620361328125,"count":398,"distance":315.39404296875,"speed":5.582955837249756},{"calorie":16.0924072265625,"count":286,"distance":226.772216796875,"speed":5.865882396697998},{"calorie":3.454315185546875,"count":56,"distance":45.677490234375,"speed":6.161994934082031},{"calorie":9.2099609375,"count":163,"distance":129.18115234375,"speed":5.061487197875977},{"calorie":0.0,"count":0,"distance":0.0,"speed":0.0},{"calorie":0.0,"count":0,"distance":0.0,"speed":0.0},{"calorie":0.39739990234375,"count":7,"distance":5.37451171875,"speed":5.450652599334717},{"calorie":15.04296875,"count":267,"distance":214.913818359375,"speed":6.316514492034912},{"calorie":11.8724365234375,"count":211,"distance":172.213623046875,"speed":6.126461982727051},{"calorie":2.613372802734375,"count":46,"distance":35.6416015625,"speed":3.8558151721954346},{"calorie":1.717376708984375,"count":30,"distance":23.593017578125,"speed":4.768352508544922},{"calorie":1.886810302734375,"count":33,"distance":25.1875,"speed":6.249825477600098},{"calorie":1.31170654296875,"count":23,"distance":17.566162109375,"speed":4.322369575500488},{"calorie":2.875701904296875,"count":50,"distance":37.59716796875,"speed":3.6000542640686035},{"calorie":1.648712158203125,"count":29,"distance":22.176025390625,"speed":3.6649720668792725},{"calorie":5.074798583984375,"count":89,"distance":67.951171875,"speed":4.4001617431640625},{"calorie":4.711669921875,"count":83,"distance":63.70263671875,"speed":4.443636417388916},{"calorie":0.0,"count":0,"distance":0.0,"speed":0.0},{"calorie":0.0,"count":0,"distance":0.0,"speed":0.0},{"calorie":0.0,"count":0,"distance":0.0,"speed":0.0},{"calorie":0.0,"count":0,"distance":0.0,"speed":0.0},{"calorie":0.0,"count":0,"distance":0.0,"speed":0.0},{"calorie":1.78375244140625,"count":31,"distance":23.25,"speed":3.9161181449890137},{"calorie":0.0,"count":0,"distance":0.0,"speed":0.0},{"calorie":0.0,"count":0,"distance":0.0,"speed":0.0},{"calorie":0.351531982421875,"count":6,"distance":4.37890625,"speed":4.374942779541016},{"calorie":0.0,"count":0,"distance":0.0,"speed":0.0},{"calorie":0.0,"count":0,"distance":0.0,"speed":0.0},{"calorie":0.340667724609375,"count":6,"distance":4.60400390625,"speed":5.593291282653809},{"calorie":0.0,"count":0,"distance":0.0,"speed":0.0},{"calorie":0.0,"count":0,"distance":0.0,"speed":0.0},{"calorie":0.0,"count":0,"distance":0.0,"speed":0.0},{"calorie":0.0,"count":0,"distance":0.0,"speed":0.0},{"calorie":8.77142333984375,"count":152,"distance":114.94482421875,"speed":4.447421550750732},{"calorie":9.473785400390625,"count":167,"distance":129.3154296875,"speed":5.377233028411865},{"calorie":4.0645751953125,"count":72,"distance":56.41259765625,"speed":5.122084617614746},{"calorie":0.0,"count":0,"distance":0.0,"speed":0.0},{"calorie":0.0,"count":0,"distance":0.0,"speed":0.0},{"calorie":0.0,"count":0,"distance":0.0,"speed":0.0},{"calorie":0.0,"count":0,"distance":0.0,"speed":0.0},{"calorie":2.463470458984375,"count":43,"distance":32.73681640625,"speed":4.873701572418213},{"calorie":9.3494873046875,"count":164,"distance":125.00146484375,"speed":4.680420875549316},{"calorie":18.605438232421875,"count":328,"distance":252.65966796875,"speed":5.221096515655518},{"calorie":9.905029296875,"count":175,"distance":135.76708984375,"speed":5.582429885864258},{"calorie":0.0,"count":0,"distance":0.0,"speed":0.0},{"calorie":1.606475830078125,"count":28,"distance":21.12841796875,"speed":5.216809272766113},{"calorie":0.813446044921875,"count":14,"distance":10.353515625,"speed":3.8546504974365234},{"calorie":0.0,"count":0,"distance":0.0,"speed":0.0},{"calorie":2.319305419921875,"count":40,"distance":31.1044921875,"speed":3.792475938796997},{"calorie":1.985626220703125,"count":35,"distance":27.4599609375,"speed":6.054959774017334},{"calorie":0.349700927734375,"count":6,"distance":5.24365234375,"speed":3.7276692390441895},{"calorie":2.086578369140625,"count":36,"distance":26.64111328125,"speed":4.284178733825684},{"calorie":0.343017578125,"count":6,"distance":4.53125,"speed":2.11456561088562},{"calorie":0.0,"count":0,"distance":0.0,"speed":0.0},{"calorie":0.0,"count":0,"distance":0.0,"speed":0.0},{"calorie":0.0,"count":0,"distance":0.0,"speed":0.0},{"calorie":0.0,"count":0,"distance":0.0,"speed":0.0},{"calorie":0.0,"count":0,"distance":0.0,"speed":0.0},{"calorie":0.0,"count":0,"distance":0.0,"speed":0.0},{"calorie":0.0,"count":0,"distance":0.0,"speed":0.0},{"calorie":0.0,"count":0,"distance":0.0,"speed":0.0},{"calorie":0.0,"count":0,"distance":0.0,"speed":0.0},{"calorie":0.0,"count":0,"distance":0.0,"speed":0.0},{"calorie":0.813751220703125,"count":8,"distance":8.20166015625,"speed":5.885453701019287},{"calorie":0.0,"count":0,"distance":0.0,"speed":0.0},{"calorie":0.0,"count":0,"distance":0.0,"speed":0.0},{"calorie":0.47467041015625,"count":8,"distance":7.0107421875,"speed":7.220279693603516},{"calorie":0.47064208984375,"count":8,"distance":5.8095703125,"speed":3.8087832927703857},{"calorie":0.0,"count":0,"distance":0.0,"speed":0.0},{"calorie":0.0,"count":0,"distance":0.0,"speed":0.0},{"calorie":4.220062255859375,"count":74,"distance":56.35791015625,"speed":4.180758476257324},{"calorie":1.37518310546875,"count":24,"distance":18.09521484375,"speed":4.529767990112305},{"calorie":0.0,"count":0,"distance":0.0,"speed":0.0},{"calorie":0.0,"count":0,"distance":0.0,"speed":0.0},{"calorie":0.0,"count":0,"distance":0.0,"speed":0.0},{"calorie":0.0,"count":0,"distance":0.0,"speed":0.0}]