[{"calorie":0.0,"count":0,"distance":0.0,"speed":0.0},{"calorie":0.0,"count":0,"distance":0.0,"speed":0.0},{"calorie":0.0,"count":0,"distance":0.0,"speed":0.0},{"calorie":0.0,"count":0,"distance":0.0,"speed":0.0},{"calorie":0.0,"count":0,"distance":0.0,"speed":0.0},{"calorie":0.0,"count":0,"distance":0.0,"speed":0.0},{"calorie":0.0,"count":0,"distance":0.0,"speed":0.0},{"calorie":0.0,"count":0,"distance":0.0,"speed":0.0},{"calorie":0.0,"count":0,"distance":0.0,"speed":0.0},{"calorie":0.0,"count":0,"distance":0.0,"speed":0.0},{"calorie":0.0,"count":0,"distance":0.0,"speed":0.0},{"calorie":0.0,"count":0,"distance":0.0,"speed":0.0},{"calorie":0.0,"count":0,"distance":0.0,"speed":0.0},{"calorie":0.0,"count":0,"distance":0.0,"speed":0.0},{"calorie":0.0,"count":0,"distance":0.0,"speed":0.0},{"calorie":0.0,"count":0,"distance":0.0,"speed":0.0},{"calorie":0.0,"count":0,"distance":0.0,"speed":0.0},{"calorie":0.0,"count":0,"distance":0.0,"speed":0.0},{"calorie":0.0,"count":0,"distance":0.0,"speed":0.0},{"calorie":0.0,"count":0,"distance":0.0,"speed":0.0},{"calorie":0.0,"count":0,"distance":0.0,"speed":0.0},{"calorie":0.0,"count":0,"distance":0.0,"speed":0.0},{"calorie":0.0,"count":0,"distance":0.0,"speed":0.0},{"calorie":0.0,"count":0,"distance":0.0,"speed":0.0},{"calorie":0.0,"count":0,"distance":0.0,"speed":0.0},{"calorie":0.0,"count":0,"distance":0.0,"speed":0.0},{"calorie":0.0,"count":0,"distance":0.0,"speed":0.0},{"calorie":0.0,"count":0,"distance":0.0,"speed":0.0},{"calorie":0.0,"count":0,"distance":0.0,"speed":0.0},{"calorie":0.0,"count":0,"distance":0.0,"speed":0.0},{"calorie":0.0,"count":0,"distance":0.0,"speed":0.0},{"calorie":0.0,"count":0,"distance":0.0,"speed":0.0},{"calorie":0.0,"count":0,"distance":0.0,"speed":0.0},{"calorie":0.0,"count":0,"distance":0.0,"speed":0.0},{"calorie":0.0,"count":0,"distance":0.0,"speed":0.0},{"calorie":0.0,"count":0,"distance":0.0,"speed":0.0},{"calorie":0.0,"count":0,"distance":0.0,"speed":0.0},{"calorie":0.0,"count":0,"distance":0.0,"speed":0.0},{"calorie":0.0,"count":0,"distance":0.0,"speed":0.0},{"calorie":0.0,"count":0,"distance":0.0,"speed":0.0},{"calorie":0.0,"count":0,"distance":0.0,"speed":0.0},{"calorie":3.3300002813339233,"count":88,"distance":66.46000099182129,"speed":4.6786603927612305},{"calorie":6.459999978542328,"count":180,"distance":135.4099998474121,"speed":5.002998352050781},{"calorie":0.0,"count":0,"distance":0.0,"speed":0.0},{"calorie":0.0,"count":0,"distance":0.0,"speed":0.0},{"calorie":0.0,"count":0,"distance":0.0,"speed":0.0},{"calorie":2.2300000190734863,"count":60,"distance":43.769996643066406,"speed":3.9145445823669434},{"calorie":1.4900000095367432,"count":38,"distance":29.059999465942383,"speed":4.900000095367432},{"calorie":3.539999932050705,"count":97,"distance":73.43999910354614,"speed":4.95102071762085},{"calorie":3.869999945163727,"count":107,"distance":79.18999767303467,"speed":4.360450744628906},{"calorie":4.450000107288361,"count":122,"distance":89.17999172210693,"speed":4.098256587982178},{"calorie":9.74999993853271,"count":270,"distance":203.14999723434448,"speed":4.817431926727295},{"calorie":4.939999967813492,"count":133,"distance":97.06000089645386,"speed":4.0468058586120605},{"calorie":8.189999878406525,"count":221,"distance":163.88999938964844,"speed":4.4478864669799805},{"calorie":2.7800000309944153,"count":75,"distance":55.30999946594238,"speed":4.38339900970459},{"calorie":2.649999976158142,"count":70,"distance":52.200000286102295,"speed":4.406207084655762},{"calorie":1.100000023841858,"count":30,"distance":23.110000610351562,"speed":5.099999904632568},{"calorie":0.0,"count":0,"distance":0.0,"speed":0.0},{"calorie":3.649999976158142,"count":100,"distance":73.76000022888184,"speed":4.485134124755859},{"calorie":0.0,"count":0,"distance":0.0,"speed":0.0},{"calorie":0.0,"count":0,"distance":0.0,"speed":0.0},{"calorie":0.0,"count":0,"distance":0.0,"speed":0.0},{"calorie":0.0,"count":0,"distance":0.0,"speed":0.0},{"calorie":0.0,"count":0,"distance":0.0,"speed":0.0},{"calorie":0.0,"count":0,"distance":0.0,"speed":0.0},{"calorie":0.75,"count":21,"distance":15.729999542236328,"speed":4.900000095367432},{"calorie":0.0,"count":0,"distance":0.0,"speed":0.0},{"calorie":3.649999976158142,"count":95,"distance":72.17999649047852,"speed":4.687978267669678},{"calorie":3.1799999475479126,"count":86,"distance":63.970001220703125,"speed":4.4126739501953125},{"calorie":0.3399999737739563,"count":9,"distance":6.630000114440918,"speed":4.330638885498047},{"calorie":0.0,"count":0,"distance":0.0,"speed":0.0},{"calorie":0.25,"count":7,"distance":5.269999980926514,"speed":4.600000381469727},{"calorie":3.9100000858306885,"count":101,"distance":74.00999927520752,"speed":4.1445417404174805},{"calorie":3.019999861717224,"count":80,"distance":59.55000305175781,"speed":4.462564945220947},{"calorie":0.0,"count":0,"distance":0.0,"speed":0.0},{"calorie":0.0,"count":0,"distance":0.0,"speed":0.0},{"calorie":0.0,"count":0,"distance":0.0,"speed":0.0},{"calorie":1.0499998033046722,"count":32,"distance":24.55000400543213,"speed":5.169453144073486},{"calorie":0.4699999690055847,"count":12,"distance":8.539999961853027,"speed":3.4707565307617188},{"calorie":0.0,"count":0,"distance":0.0,"speed":0.0},{"calorie":0.29999998211860657,"count":8,"distance":5.789999961853027,"speed":3.6920840740203857},{"calorie":1.889999896287918,"count":52,"distance":37.61000108718872,"speed":3.8505380153656006},{"calorie":0.5799999833106995,"count":16,"distance":12.079999923706055,"speed":4.941689968109131},{"calorie":11.409999251365662,"count":301,"distance":219.62000560760498,"speed":3.897601842880249},{"calorie":2.049999952316284,"count":56,"distance":41.89999961853027,"speed":4.328330993652344},{"calorie":0.0,"count":0,"distance":0.0,"speed":0.0},{"calorie":0.0,"count":0,"distance":0.0,"speed":0.0},{"calorie":0.4000000059604645,"count":12,"distance":8.949999809265137,"speed":4.600000381469727},{"calorie":0.0,"count":0,"distance":0.0,"speed":0.0},{"calorie":0.0,"count":0,"distance":0.0,"speed":0.0},{"calorie":0.0,"count":0,"distance":0.0,"speed":0.0},{"calorie":1.7900000214576721,"count":47,"distance":34.96000003814697,"speed":4.3002142906188965},{"calorie":0.5,"count":13,"distance":9.279999732971191,"speed":3.9000003337860107},{"calorie":0.0,"count":0,"distance":0.0,"speed":0.0},{"calorie":0.0,"count":0,"distance":0.0,"speed":0.0},{"calorie":0.0,"count":0,"distance":0.0,"speed":0.0},{"calorie":3.0100001096725464,"count":80,"distance":58.980000019073486,"speed":4.353183269500732},{"calorie":0.0,"count":0,"distance":0.0,"speed":0.0},{"calorie":0.0,"count":0,"distance":0.0,"speed":0.0},{"calorie":0.0,"count":0,"distance":0.0,"speed":0.0},{"calorie":0.6700000166893005,"count":20,"distance":15.550000190734863,"speed":5.899999618530273},{"calorie":2.759999990463257,"count":83,"distance":63.709999084472656,"speed":5.5},{"calorie":9.490000009536743,"count":253,"distance":188.98000049591064,"speed":4.568124771118164},{"calorie":5.949998825788498,"count":155,"distance":117.18000078201294,"speed":4.592360973358154},{"calorie":4.160000145435333,"count":110,"distance":83.73000049591064,"speed":4.973304748535156},{"calorie":3.8199994564056396,"count":103,"distance":77.3499984741211,"speed":4.525181293487549},{"calorie":0.6499999761581421,"count":18,"distance":13.5600004196167,"speed":4.400000095367432},{"calorie":0.9099999964237213,"count":24,"distance":17.479999542236328,"speed":3.9385859966278076},{"calorie":23.59999930858612,"count":603,"distance":446.24000549316406,"speed":4.2717061042785645},{"calorie":1.9899999350309372,"count":54,"distance":39.72000026702881,"speed":4.111568927764893},{"calorie":0.0,"count":0,"distance":0.0,"speed":0.0},{"calorie":0.0,"count":0,"distance":0.0,"speed":0.0},{"calorie":0.0,"count":0,"distance":0.0,"speed":0.0},{"calorie":0.0,"count":0,"distance":0.0,"speed":0.0},{"calorie":0.0,"count":0,"distance":0.0,"speed":0.0},{"calorie":0.0,"count":0,"distance":0.0,"speed":0.0},{"calorie":0.0,"count":0,"distance":0.0,"speed":0.0},{"calorie":0.0,"count":0,"distance":0.0,"speed":0.0},{"calorie":0.0,"count":0,"distance":0.0,"speed":0.0},{"calorie":0.0,"count":0,"distance":0.0,"speed":0.0},{"calorie":0.0,"count":0,"distance":0.0,"speed":0.0},{"calorie":0.0,"count":0,"distance":0.0,"speed":0.0},{"calorie":0.28999999165534973,"count":8,"distance":5.980000257492065,"speed":4.122800350189209},{"calorie":0.0,"count":0,"distance":0.0,"speed":0.0},{"calorie":1.0299999713897705,"count":27,"distance":19.549999237060547,"speed":3.871488571166992},{"calorie":0.0,"count":0,"distance":0.0,"speed":0.0},{"calorie":0.0,"count":0,"distance":0.0,"speed":0.0},{"calorie":0.0,"count":0,"distance":0.0,"speed":0.0},{"calorie":0.0,"count":0,"distance":0.0,"speed":0.0},{"calorie":0.3399999737739563,"count":9,"distance":6.500000953674316,"speed":3.610809803009033},{"calorie":0.0,"count":0,"distance":0.0,"speed":0.0},{"calorie":0.0,"count":0,"distance":0.0,"speed":0.0},{"calorie":0.0,"count":0,"distance":0.0,"speed":0.0},{"calorie":0.0,"count":0,"distance":0.0,"speed":0.0},{"calorie":0.0,"count":0,"distance":0.0,"speed":0.0},{"calorie":0.0,"count":0,"distance":0.0,"speed":0.0},{"calorie":0.0,"count":0,"distance":0.0,"speed":0.0},{"calorie":0.0,"count":0,"distance":0.0,"speed":0.0},{"calorie":0.0,"count":0,"distance":0.0,"speed":0.0},{"calorie":0.0,"count":0,"distance":0.0,"speed":0.0},{"calorie":0.0,"count":0,"distance":0.0,"speed":0.0},{"calorie":0.0,"count":0,"distance":0.0,"speed":0.0},{"calorie":0.0,"count":0,"distance":0.0,"speed":0.0},{"calorie":0.0,"count":0,"distance":0.0,"speed":0.0}]