[{"calorie":0.0,"count":0,"distance":0.0,"speed":0.0},{"calorie":0.0,"count":0,"distance":0.0,"speed":0.0},{"calorie":0.0,"count":0,"distance":0.0,"speed":0.0},{"calorie":0.0,"count":0,"distance":0.0,"speed":0.0},{"calorie":0.0,"count":0,"distance":0.0,"speed":0.0},{"calorie":0.0,"count":0,"distance":0.0,"speed":0.0},{"calorie":0.0,"count":0,"distance":0.0,"speed":0.0},{"calorie":0.0,"count":0,"distance":0.0,"speed":0.0},{"calorie":0.0,"count":0,"distance":0.0,"speed":0.0},{"calorie":0.0,"count":0,"distance":0.0,"speed":0.0},{"calorie":0.0,"count":0,"distance":0.0,"speed":0.0},{"calorie":0.0,"count":0,"distance":0.0,"speed":0.0},{"calorie":0.0,"count":0,"distance":0.0,"speed":0.0},{"calorie":0.0,"count":0,"distance":0.0,"speed":0.0},{"calorie":0.0,"count":0,"distance":0.0,"speed":0.0},{"calorie":0.0,"count":0,"distance":0.0,"speed":0.0},{"calorie":0.0,"count":0,"distance":0.0,"speed":0.0},{"calorie":0.0,"count":0,"distance":0.0,"speed":0.0},{"calorie":0.0,"count":0,"distance":0.0,"speed":0.0},{"calorie":0.0,"count":0,"distance":0.0,"speed":0.0},{"calorie":0.0,"count":0,"distance":0.0,"speed":0.0},{"calorie":0.0,"count":0,"distance":0.0,"speed":0.0},{"calorie":0.0,"count":0,"distance":0.0,"speed":0.0},{"calorie":0.0,"count":0,"distance":0.0,"speed":0.0},{"calorie":0.0,"count":0,"distance":0.0,"speed":0.0},{"calorie":0.0,"count":0,"distance":0.0,"speed":0.0},{"calorie":0.0,"count":0,"distance":0.0,"speed":0.0},{"calorie":0.0,"count":0,"distance":0.0,"speed":0.0},{"calorie":0.0,"count":0,"distance":0.0,"speed":0.0},{"calorie":0.0,"count":0,"distance":0.0,"speed":0.0},{"calorie":0.0,"count":0,"distance":0.0,"speed":0.0},{"calorie":0.0,"count":0,"distance":0.0,"speed":0.0},{"calorie":0.0,"count":0,"distance":0.0,"speed":0.0},{"calorie":0.0,"count":0,"distance":0.0,"speed":0.0},{"calorie":0.0,"count":0,"distance":0.0,"speed":0.0},{"calorie":0.0,"count":0,"distance":0.0,"speed":0.0},{"calorie":0.0,"count":0,"distance":0.0,"speed":0.0},{"calorie":0.0,"count":0,"distance":0.0,"speed":0.0},{"calorie":0.0,"count":0,"distance":0.0,"speed":0.0},{"calorie":0.0,"count":0,"distance":0.0,"speed":0.0},{"calorie":0.0,"count":0,"distance":0.0,"speed":0.0},{"calorie":0.0,"count":0,"distance":0.0,"speed":0.0},{"calorie":0.0,"count":0,"distance":0.0,"speed":0.0},{"calorie":0.0,"count":0,"distance":0.0,"speed":0.0},{"calorie":0.0,"count":0,"distance":0.0,"speed":0.0},{"calorie":0.0,"count":0,"distance":0.0,"speed":0.0},{"calorie":0.0,"count":0,"distance":0.0,"speed":0.0},{"calorie":5.2399983406066895,"count":146,"distance":112.25001525878906,"speed":5.1324238777160645},{"calorie":22.159998893737793,"count":638,"distance":488.23998069763184,"speed":5.209322452545166},{"calorie":0.0,"count":0,"distance":0.0,"speed":0.0},{"calorie":2.180000066757202,"count":56,"distance":44.870001792907715,"speed":6.279836654663086},{"calorie":0.0,"count":0,"distance":0.0,"speed":0.0},{"calorie":0.0,"count":0,"distance":0.0,"speed":0.0},{"calorie":0.0,"count":0,"distance":0.0,"speed":0.0},{"calorie":0.0,"count":0,"distance":0.0,"speed":0.0},{"calorie":0.0,"count":0,"distance":0.0,"speed":0.0},{"calorie":0.0,"count":0,"distance":0.0,"speed":0.0},{"calorie":0.0,"count":0,"distance":0.0,"speed":0.0},{"calorie":0.47999998927116394,"count":14,"distance":10.399999618530273,"speed":4.199999809265137},{"calorie":1.3299999386072159,"count":36,"distance":26.019999504089355,"speed":3.7198407649993896},{"calorie":0.5399999544024467,"count":14,"distance":10.150000810623169,"speed":3.833245038986206},{"calorie":18.409998655319214,"count":587,"distance":461.42000007629395,"speed":5.748561382293701},{"calorie":6.5699999034404755,"count":180,"distance":134.5700011253357,"speed":4.665158748626709},{"calorie":10.249999433755875,"count":275,"distance":214.16001319885254,"speed":5.380834102630615},{"calorie":7.509999990463257,"count":209,"distance":158.00999927520752,"speed":4.837207794189453},{"calorie":3.209999978542328,"count":92,"distance":70.77999877929688,"speed":5.174885272979736},{"calorie":6.25999990105629,"count":169,"distance":126.3700008392334,"speed":4.675145626068115},{"calorie":4.53999999165535,"count":122,"distance":91.50000286102295,"speed":4.7197980880737305},{"calorie":0.0,"count":0,"distance":0.0,"speed":0.0},{"calorie":2.099999874830246,"count":62,"distance":48.830002784729004,"speed":5.465364933013916},{"calorie":8.010000109672546,"count":233,"distance":187.6299958229065,"speed":6.008050441741943},{"calorie":0.0,"count":0,"distance":0.0,"speed":0.0},{"calorie":0.0,"count":0,"distance":0.0,"speed":0.0},{"calorie":0.0,"count":0,"distance":0.0,"speed":0.0},{"calorie":0.0,"count":0,"distance":0.0,"speed":0.0},{"calorie":14.109999895095825,"count":385,"distance":293.28999519348145,"speed":4.990342617034912},{"calorie":20.5100000500679,"count":551,"distance":417.40000009536743,"speed":4.863236904144287},{"calorie":2.9500000178813934,"count":81,"distance":60.1899995803833,"speed":4.380208969116211},{"calorie":0.0,"count":0,"distance":0.0,"speed":0.0},{"calorie":0.7799999713897705,"count":21,"distance":15.319999694824219,"speed":3.9000003337860107},{"calorie":2.469999670982361,"count":64,"distance":47.459999561309814,"speed":4.450623989105225},{"calorie":3.2399996519088745,"count":86,"distance":62.92999267578125,"speed":4.0961761474609375},{"calorie":1.5399999469518661,"count":41,"distance":30.3799991607666,"speed":4.410106658935547},{"calorie":0.5900000017136335,"count":17,"distance":13.059999704360962,"speed":5.411542892456055},{"calorie":0.7799999713897705,"count":22,"distance":16.770000457763672,"speed":5.133800029754639},{"calorie":0.0,"count":0,"distance":0.0,"speed":0.0},{"calorie":0.0,"count":0,"distance":0.0,"speed":0.0},{"calorie":0.0,"count":0,"distance":0.0,"speed":0.0},{"calorie":0.0,"count":0,"distance":0.0,"speed":0.0},{"calorie":0.0,"count":0,"distance":0.0,"speed":0.0},{"calorie":0.0,"count":0,"distance":0.0,"speed":0.0},{"calorie":0.0,"count":0,"distance":0.0,"speed":0.0},{"calorie":0.0,"count":0,"distance":0.0,"speed":0.0},{"calorie":0.0,"count":0,"distance":0.0,"speed":0.0},{"calorie":0.0,"count":0,"distance":0.0,"speed":0.0},{"calorie":0.25999999046325684,"count":7,"distance":4.96999979019165,"speed":3.799999952316284},{"calorie":0.0,"count":0,"distance":0.0,"speed":0.0},{"calorie":2.490000009536743,"count":64,"distance":49.029998779296875,"speed":4.999999523162842},{"calorie":12.75000011920929,"count":334,"distance":253.13000011444092,"speed":4.84848690032959},{"calorie":3.4899999797344208,"count":96,"distance":73.10999965667725,"speed":4.799572944641113},{"calorie":1.2899999618530273,"count":35,"distance":25.66999912261963,"speed":3.993426561355591},{"calorie":5.599999904632568,"count":151,"distance":110.3799934387207,"speed":4.09454345703125},{"calorie":5.810000002384186,"count":155,"distance":113.18000221252441,"speed":4.00508451461792},{"calorie":1.309999942779541,"count":35,"distance":25.670000076293945,"speed":4.299999713897705},{"calorie":0.0,"count":0,"distance":0.0,"speed":0.0},{"calorie":9.560000240802765,"count":261,"distance":196.5999984741211,"speed":4.6161394119262695},{"calorie":5.230000138282776,"count":145,"distance":111.02999687194824,"speed":4.933432579040527},{"calorie":0.0,"count":0,"distance":0.0,"speed":0.0},{"calorie":6.739999949932098,"count":178,"distance":133.04999923706055,"speed":4.548078536987305},{"calorie":0.0,"count":0,"distance":0.0,"speed":0.0},{"calorie":0.0,"count":0,"distance":0.0,"speed":0.0},{"calorie":4.460000157356262,"count":120,"distance":89.70000171661377,"speed":4.552004814147949},{"calorie":8.220000147819519,"count":212,"distance":156.11000156402588,"speed":4.205540657043457},{"calorie":4.830000013113022,"count":119,"distance":91.12999963760376,"speed":4.3715105056762695},{"calorie":6.410000026226044,"count":171,"distance":124.20000171661377,"speed":3.8999781608581543},{"calorie":0.5199999809265137,"count":14,"distance":10.399999618530273,"speed":4.533565044403076},{"calorie":0.0,"count":0,"distance":0.0,"speed":0.0},{"calorie":0.0,"count":0,"distance":0.0,"speed":0.0},{"calorie":0.0,"count":0,"distance":0.0,"speed":0.0},{"calorie":0.0,"count":0,"distance":0.0,"speed":0.0},{"calorie":0.35999998450279236,"count":10,"distance":7.680000305175781,"speed":5.299136638641357},{"calorie":0.0,"count":0,"distance":0.0,"speed":0.0},{"calorie":0.25999999791383743,"count":7,"distance":5.000000238418579,"speed":3.5999996662139893},{"calorie":0.8999999761581421,"count":25,"distance":18.639999866485596,"speed":4.578224182128906},{"calorie":1.82999986410141,"count":49,"distance":36.77999925613403,"speed":4.441394329071045},{"calorie":0.0,"count":0,"distance":0.0,"speed":0.0},{"calorie":0.0,"count":0,"distance":0.0,"speed":0.0},{"calorie":0.0,"count":0,"distance":0.0,"speed":0.0},{"calorie":0.0,"count":0,"distance":0.0,"speed":0.0},{"calorie":0.20999999344348907,"count":6,"distance":4.659999847412109,"speed":3.999999761581421},{"calorie":0.0,"count":0,"distance":0.0,"speed":0.0},{"calorie":0.0,"count":0,"distance":0.0,"speed":0.0},{"calorie":0.0,"count":0,"distance":0.0,"speed":0.0},{"calorie":0.0,"count":0,"distance":0.0,"speed":0.0},{"calorie":0.0,"count":0,"distance":0.0,"speed":0.0},{"calorie":0.0,"count":0,"distance":0.0,"speed":0.0},{"calorie":0.0,"count":0,"distance":0.0,"speed":0.0},{"calorie":0.0,"count":0,"distance":0.0,"speed":0.0},{"calorie":0.0,"count":0,"distance":0.0,"speed":0.0},{"calorie":0.0,"count":0,"distance":0.0,"speed":0.0},{"calorie":0.0,"count":0,"distance":0.0,"speed":0.0},{"calorie":0.0,"count":0,"distance":0.0,"speed":0.0},{"calorie":0.0,"count":0,"distance":0.0,"speed":0.0},{"calorie":0.0,"count":0,"distance":0.0,"speed":0.0}]