[{"calorie":0.0,"count":0,"distance":0.0,"speed":0.0},{"calorie":0.0,"count":0,"distance":0.0,"speed":0.0},{"calorie":0.0,"count":0,"distance":0.0,"speed":0.0},{"calorie":0.0,"count":0,"distance":0.0,"speed":0.0},{"calorie":0.0,"count":0,"distance":0.0,"speed":0.0},{"calorie":0.0,"count":0,"distance":0.0,"speed":0.0},{"calorie":0.0,"count":0,"distance":0.0,"speed":0.0},{"calorie":0.0,"count":0,"distance":0.0,"speed":0.0},{"calorie":0.0,"count":0,"distance":0.0,"speed":0.0},{"calorie":0.0,"count":0,"distance":0.0,"speed":0.0},{"calorie":0.0,"count":0,"distance":0.0,"speed":0.0},{"calorie":0.0,"count":0,"distance":0.0,"speed":0.0},{"calorie":0.0,"count":0,"distance":0.0,"speed":0.0},{"calorie":0.0,"count":0,"distance":0.0,"speed":0.0},{"calorie":0.0,"count":0,"distance":0.0,"speed":0.0},{"calorie":0.0,"count":0,"distance":0.0,"speed":0.0},{"calorie":0.0,"count":0,"distance":0.0,"speed":0.0},{"calorie":0.0,"count":0,"distance":0.0,"speed":0.0},{"calorie":0.0,"count":0,"distance":0.0,"speed":0.0},{"calorie":0.0,"count":0,"distance":0.0,"speed":0.0},{"calorie":0.0,"count":0,"distance":0.0,"speed":0.0},{"calorie":0.0,"count":0,"distance":0.0,"speed":0.0},{"calorie":0.0,"count":0,"distance":0.0,"speed":0.0},{"calorie":0.0,"count":0,"distance":0.0,"speed":0.0},{"calorie":0.0,"count":0,"distance":0.0,"speed":0.0},{"calorie":0.0,"count":0,"distance":0.0,"speed":0.0},{"calorie":0.0,"count":0,"distance":0.0,"speed":0.0},{"calorie":0.0,"count":0,"distance":0.0,"speed":0.0},{"calorie":0.0,"count":0,"distance":0.0,"speed":0.0},{"calorie":0.0,"count":0,"distance":0.0,"speed":0.0},{"calorie":0.0,"count":0,"distance":0.0,"speed":0.0},{"calorie":0.0,"count":0,"distance":0.0,"speed":0.0},{"calorie":0.0,"count":0,"distance":0.0,"speed":0.0},{"calorie":0.0,"count":0,"distance":0.0,"speed":0.0},{"calorie":0.0,"count":0,"distance":0.0,"speed":0.0},{"calorie":0.0,"count":0,"distance":0.0,"speed":0.0},{"calorie":0.0,"count":0,"distance":0.0,"speed":0.0},{"calorie":0.0,"count":0,"distance":0.0,"speed":0.0},{"calorie":0.0,"count":0,"distance":0.0,"speed":0.0},{"calorie":0.0,"count":0,"distance":0.0,"speed":0.0},{"calorie":0.0,"count":0,"distance":0.0,"speed":0.0},{"calorie":0.0,"count":0,"distance":0.0,"speed":0.0},{"calorie":0.0,"count":0,"distance":0.0,"speed":0.0},{"calorie":0.0,"count":0,"distance":0.0,"speed":0.0},{"calorie":0.0,"count":0,"distance":0.0,"speed":0.0},{"calorie":0.0,"count":0,"distance":0.0,"speed":0.0},{"calorie":0.0,"count":0,"distance":0.0,"speed":0.0},{"calorie":0.0,"count":0,"distance":0.0,"speed":0.0},{"calorie":0.0,"count":0,"distance":0.0,"speed":0.0},{"calorie":0.0,"count":0,"distance":0.0,"speed":0.0},{"calorie":0.0,"count":0,"distance":0.0,"speed":0.0},{"calorie":0.0,"count":0,"distance":0.0,"speed":0.0},{"calorie":0.0,"count":0,"distance":0.0,"speed":0.0},{"calorie":0.0,"count":0,"distance":0.0,"speed":0.0},{"calorie":0.0,"count":0,"distance":0.0,"speed":0.0},{"calorie":0.0,"count":0,"distance":0.0,"speed":0.0},{"calorie":0.0,"count":0,"distance":0.0,"speed":0.0},{"calorie":0.0,"count":0,"distance":0.0,"speed":0.0},{"calorie":0.0,"count":0,"distance":0.0,"speed":0.0},{"calorie":0.0,"count":0,"distance":0.0,"speed":0.0},{"calorie":0.0,"count":0,"distance":0.0,"speed":0.0},{"calorie":0.0,"count":0,"distance":0.0,"speed":0.0},{"calorie":1.6200001239776611,"count":32,"distance":23.059998512268066,"speed":4.492062091827393},{"calorie":1.6200001239776611,"count":32,"distance":22.770000457763672,"speed":4.280357837677002},{"calorie":0.0,"count":0,"distance":0.0,"speed":0.0},{"calorie":0.0,"count":0,"distance":0.0,"speed":0.0},{"calorie":7.679998397827148,"count":152,"distance":107.6099910736084,"speed":4.206471920013428},{"calorie":5.859999060630798,"count":115,"distance":80.34000015258789,"speed":3.846524715423584},{"calorie":3.0299999713897705,"count":60,"distance":43.33000183105469,"speed":4.799999713897705},{"calorie":10.929999709129333,"count":217,"distance":155.80999660491943,"speed":4.572970867156982},{"calorie":2.430000066757202,"count":38,"distance":33.5099983215332,"speed":10.5},{"calorie":5.62000036239624,"count":60,"distance":59.08000183105469,"speed":10.72268295288086},{"calorie":10.7800013422966,"count":213,"distance":153.03999948501587,"speed":4.592562198638916},{"calorie":2.4300000071525574,"count":47,"distance":32.89999961853027,"speed":3.9813709259033203},{"calorie":1.209999918937683,"count":24,"distance":17.440000534057617,"speed":4.725734233856201},{"calorie":0.5199999809265137,"count":7,"distance":5.880000114440918,"speed":5.8457722663879395},{"calorie":1.5300001502037048,"count":30,"distance":21.239999294281006,"speed":4.457601547241211},{"calorie":13.939999997615814,"count":277,"distance":196.6700029373169,"speed":4.260542392730713},{"calorie":0.0,"count":0,"distance":0.0,"speed":0.0},{"calorie":0.0,"count":0,"distance":0.0,"speed":0.0},{"calorie":0.9700000286102295,"count":19,"distance":13.5600004196167,"speed":4.147341251373291},{"calorie":0.5600000023841858,"count":11,"distance":7.829999923706055,"speed":4.343178749084473},{"calorie":1.6400000154972076,"count":32,"distance":22.750000953674316,"speed":4.400720596313477},{"calorie":0.0,"count":0,"distance":0.0,"speed":0.0},{"calorie":1.9299999475479126,"count":38,"distance":27.540000915527344,"speed":4.600000381469727},{"calorie":1.3300000429153442,"count":26,"distance":18.280000686645508,"speed":4.014254570007324},{"calorie":0.8700000047683716,"count":17,"distance":12.229999542236328,"speed":4.472953796386719},{"calorie":0.0,"count":0,"distance":0.0,"speed":0.0},{"calorie":0.0,"count":0,"distance":0.0,"speed":0.0},{"calorie":1.5399999618530273,"count":30,"distance":20.59000015258789,"speed":3.799999952316284},{"calorie":0.0,"count":0,"distance":0.0,"speed":0.0},{"calorie":1.2899999618530273,"count":25,"distance":17.490001678466797,"speed":4.00413703918457},{"calorie":2.1600000858306885,"count":42,"distance":29.5,"speed":4.026711463928223},{"calorie":0.0,"count":0,"distance":0.0,"speed":0.0},{"calorie":0.0,"count":0,"distance":0.0,"speed":0.0},{"calorie":0.0,"count":0,"distance":0.0,"speed":0.0},{"calorie":0.0,"count":0,"distance":0.0,"speed":0.0},{"calorie":0.0,"count":0,"distance":0.0,"speed":0.0},{"calorie":0.0,"count":0,"distance":0.0,"speed":0.0},{"calorie":0.0,"count":0,"distance":0.0,"speed":0.0},{"calorie":0.0,"count":0,"distance":0.0,"speed":0.0},{"calorie":0.0,"count":0,"distance":0.0,"speed":0.0},{"calorie":0.6000000238418579,"count":13,"distance":9.529999732971191,"speed":4.900000095367432},{"calorie":4.329999804496765,"count":85,"distance":60.34999084472656,"speed":4.295995235443115},{"calorie":0.0,"count":0,"distance":0.0,"speed":0.0},{"calorie":0.0,"count":0,"distance":0.0,"speed":0.0},{"calorie":1.230000078678131,"count":24,"distance":17.039999961853027,"speed":4.266959190368652},{"calorie":8.40999960899353,"count":167,"distance":121.39999532699585,"speed":4.8060173988342285},{"calorie":8.030000030994415,"count":159,"distance":114.1700005531311,"speed":4.548393726348877},{"calorie":4.399999916553497,"count":86,"distance":60.94999885559082,"speed":4.346809387207031},{"calorie":0.0,"count":0,"distance":0.0,"speed":0.0},{"calorie":0.0,"count":0,"distance":0.0,"speed":0.0},{"calorie":0.0,"count":0,"distance":0.0,"speed":0.0},{"calorie":0.0,"count":0,"distance":0.0,"speed":0.0},{"calorie":0.0,"count":0,"distance":0.0,"speed":0.0},{"calorie":0.0,"count":0,"distance":0.0,"speed":0.0},{"calorie":3.290000021457672,"count":65,"distance":45.84000015258789,"speed":4.131462097167969},{"calorie":3.9100000858306885,"count":77,"distance":54.42000102996826,"speed":4.348487377166748},{"calorie":0.0,"count":0,"distance":0.0,"speed":0.0},{"calorie":0.0,"count":0,"distance":0.0,"speed":0.0},{"calorie":0.0,"count":0,"distance":0.0,"speed":0.0},{"calorie":7.809999465942383,"count":154,"distance":108.43000984191895,"speed":4.165276050567627},{"calorie":0.0,"count":0,"distance":0.0,"speed":0.0},{"calorie":0.0,"count":0,"distance":0.0,"speed":0.0},{"calorie":1.2200000286102295,"count":24,"distance":16.990000247955322,"speed":4.137242794036865},{"calorie":0.0,"count":0,"distance":0.0,"speed":0.0},{"calorie":0.0,"count":0,"distance":0.0,"speed":0.0},{"calorie":3.3499996662139893,"count":66,"distance":46.4399938583374,"speed":4.09686803817749},{"calorie":2.5499998927116394,"count":51,"distance":36.14999866485596,"speed":4.338773727416992},{"calorie":0.0,"count":0,"distance":0.0,"speed":0.0},{"calorie":0.0,"count":0,"distance":0.0,"speed":0.0},{"calorie":0.0,"count":0,"distance":0.0,"speed":0.0},{"calorie":0.0,"count":0,"distance":0.0,"speed":0.0},{"calorie":0.0,"count":0,"distance":0.0,"speed":0.0},{"calorie":0.0,"count":0,"distance":0.0,"speed":0.0},{"calorie":0.0,"count":0,"distance":0.0,"speed":0.0},{"calorie":3.240000009536743,"count":64,"distance":45.14000129699707,"speed":4.203917026519775},{"calorie":6.2099999487400055,"count":119,"distance":85.11000180244446,"speed":4.2130231857299805},{"calorie":2.209999978542328,"count":43,"distance":31.05000066757202,"speed":4.3975090980529785},{"calorie":0.7700000405311584,"count":15,"distance":10.75,"speed":4.620659828186035},{"calorie":0.0,"count":0,"distance":0.0,"speed":0.0},{"calorie":1.9900001287460327,"count":39,"distance":27.77000093460083,"speed":4.3690080642700195},{"calorie":0.3199999928474426,"count":6,"distance":4.039999961853027,"speed":3.499999761581421},{"calorie":0.0,"count":0,"distance":0.0,"speed":0.0}]