[{"calorie":0.0,"count":0,"distance":0.0,"speed":0.0},{"calorie":0.0,"count":0,"distance":0.0,"speed":0.0},{"calorie":0.0,"count":0,"distance":0.0,"speed":0.0},{"calorie":0.0,"count":0,"distance":0.0,"speed":0.0},{"calorie":0.0,"count":0,"distance":0.0,"speed":0.0},{"calorie":0.0,"count":0,"distance":0.0,"speed":0.0},{"calorie":0.0,"count":0,"distance":0.0,"speed":0.0},{"calorie":0.0,"count":0,"distance":0.0,"speed":0.0},{"calorie":0.0,"count":0,"distance":0.0,"speed":0.0},{"calorie":0.0,"count":0,"distance":0.0,"speed":0.0},{"calorie":0.0,"count":0,"distance":0.0,"speed":0.0},{"calorie":0.0,"count":0,"distance":0.0,"speed":0.0},{"calorie":0.0,"count":0,"distance":0.0,"speed":0.0},{"calorie":0.0,"count":0,"distance":0.0,"speed":0.0},{"calorie":0.0,"count":0,"distance":0.0,"speed":0.0},{"calorie":0.0,"count":0,"distance":0.0,"speed":0.0},{"calorie":0.0,"count":0,"distance":0.0,"speed":0.0},{"calorie":0.0,"count":0,"distance":0.0,"speed":0.0},{"calorie":0.0,"count":0,"distance":0.0,"speed":0.0},{"calorie":0.0,"count":0,"distance":0.0,"speed":0.0},{"calorie":0.0,"count":0,"distance":0.0,"speed":0.0},{"calorie":0.0,"count":0,"distance":0.0,"speed":0.0},{"calorie":0.0,"count":0,"distance":0.0,"speed":0.0},{"calorie":0.0,"count":0,"distance":0.0,"speed":0.0},{"calorie":0.0,"count":0,"distance":0.0,"speed":0.0},{"calorie":0.0,"count":0,"distance":0.0,"speed":0.0},{"calorie":0.0,"count":0,"distance":0.0,"speed":0.0},{"calorie":0.0,"count":0,"distance":0.0,"speed":0.0},{"calorie":0.0,"count":0,"distance":0.0,"speed":0.0},{"calorie":0.0,"count":0,"distance":0.0,"speed":0.0},{"calorie":0.0,"count":0,"distance":0.0,"speed":0.0},{"calorie":0.0,"count":0,"distance":0.0,"speed":0.0},{"calorie":0.0,"count":0,"distance":0.0,"speed":0.0},{"calorie":0.0,"count":0,"distance":0.0,"speed":0.0},{"calorie":0.0,"count":0,"distance":0.0,"speed":0.0},{"calorie":0.0,"count":0,"distance":0.0,"speed":0.0},{"calorie":0.0,"count":0,"distance":0.0,"speed":0.0},{"calorie":0.0,"count":0,"distance":0.0,"speed":0.0},{"calorie":0.0,"count":0,"distance":0.0,"speed":0.0},{"calorie":0.0,"count":0,"distance":0.0,"speed":0.0},{"calorie":0.0,"count":0,"distance":0.0,"speed":0.0},{"calorie":0.0,"count":0,"distance":0.0,"speed":0.0},{"calorie":0.0,"count":0,"distance":0.0,"speed":0.0},{"calorie":0.0,"count":0,"distance":0.0,"speed":0.0},{"calorie":9.309999704360962,"count":185,"distance":132.29000091552734,"speed":4.472482204437256},{"calorie":3.559999942779541,"count":71,"distance":51.2400016784668,"speed":4.700000286102295},{"calorie":0.0,"count":0,"distance":0.0,"speed":0.0},{"calorie":0.0,"count":0,"distance":0.0,"speed":0.0},{"calorie":0.0,"count":0,"distance":0.0,"speed":0.0},{"calorie":0.0,"count":0,"distance":0.0,"speed":0.0},{"calorie":0.0,"count":0,"distance":0.0,"speed":0.0},{"calorie":0.0,"count":0,"distance":0.0,"speed":0.0},{"calorie":0.0,"count":0,"distance":0.0,"speed":0.0},{"calorie":0.0,"count":0,"distance":0.0,"speed":0.0},{"calorie":4.8999998569488525,"count":97,"distance":70.19999885559082,"speed":4.815089702606201},{"calorie":4.019999384880066,"count":80,"distance":58.45999240875244,"speed":4.943252086639404},{"calorie":0.0,"count":0,"distance":0.0,"speed":0.0},{"calorie":0.0,"count":0,"distance":0.0,"speed":0.0},{"calorie":0.0,"count":0,"distance":0.0,"speed":0.0},{"calorie":0.0,"count":0,"distance":0.0,"speed":0.0},{"calorie":1.229999989271164,"count":24,"distance":16.999999523162842,"speed":4.1839375495910645},{"calorie":0.0,"count":0,"distance":0.0,"speed":0.0},{"calorie":11.66000011563301,"count":229,"distance":164.7499966621399,"speed":4.560629367828369},{"calorie":4.6399999260902405,"count":92,"distance":65.18000030517578,"speed":4.444486618041992},{"calorie":0.0,"count":0,"distance":0.0,"speed":0.0},{"calorie":0.0,"count":0,"distance":0.0,"speed":0.0},{"calorie":0.0,"count":0,"distance":0.0,"speed":0.0},{"calorie":0.0,"count":0,"distance":0.0,"speed":0.0},{"calorie":0.0,"count":0,"distance":0.0,"speed":0.0},{"calorie":9.979999661445618,"count":199,"distance":144.2099952697754,"speed":4.7953200340271},{"calorie":15.009999990463257,"count":299,"distance":214.66000747680664,"speed":4.532419681549072},{"calorie":3.6400000154972076,"count":72,"distance":51.03999948501587,"speed":4.276905059814453},{"calorie":3.93999981880188,"count":78,"distance":55.56999683380127,"speed":4.356833457946777},{"calorie":14.46999979019165,"count":288,"distance":206.25999641418457,"speed":4.488807201385498},{"calorie":4.129999995231628,"count":81,"distance":57.33000183105469,"speed":4.3029303550720215},{"calorie":0.0,"count":0,"distance":0.0,"speed":0.0},{"calorie":0.0,"count":0,"distance":0.0,"speed":0.0},{"calorie":8.639999806880951,"count":173,"distance":123.86000061035156,"speed":4.4563307762146},{"calorie":7.239999294281006,"count":144,"distance":104.08999252319336,"speed":4.673203468322754},{"calorie":0.0,"count":0,"distance":0.0,"speed":0.0},{"calorie":0.0,"count":0,"distance":0.0,"speed":0.0},{"calorie":0.0,"count":0,"distance":0.0,"speed":0.0},{"calorie":0.3700000047683716,"count":7,"distance":4.889999866485596,"speed":3.499999761581421},{"calorie":0.0,"count":0,"distance":0.0,"speed":0.0},{"calorie":0.0,"count":0,"distance":0.0,"speed":0.0},{"calorie":0.0,"count":0,"distance":0.0,"speed":0.0},{"calorie":0.46000000834465027,"count":9,"distance":6.510000228881836,"speed":4.696734428405762},{"calorie":0.699999988079071,"count":14,"distance":10.8100004196167,"speed":6.199999809265137},{"calorie":0.0,"count":0,"distance":0.0,"speed":0.0},{"calorie":3.6499993801116943,"count":72,"distance":51.11999320983887,"speed":4.354953765869141},{"calorie":0.0,"count":0,"distance":0.0,"speed":0.0},{"calorie":0.0,"count":0,"distance":0.0,"speed":0.0},{"calorie":0.0,"count":0,"distance":0.0,"speed":0.0},{"calorie":0.0,"count":0,"distance":0.0,"speed":0.0},{"calorie":0.0,"count":0,"distance":0.0,"speed":0.0},{"calorie":0.0,"count":0,"distance":0.0,"speed":0.0},{"calorie":0.0,"count":0,"distance":0.0,"speed":0.0},{"calorie":0.0,"count":0,"distance":0.0,"speed":0.0},{"calorie":0.0,"count":0,"distance":0.0,"speed":0.0},{"calorie":0.0,"count":0,"distance":0.0,"speed":0.0},{"calorie":0.0,"count":0,"distance":0.0,"speed":0.0},{"calorie":0.0,"count":0,"distance":0.0,"speed":0.0},{"calorie":0.0,"count":0,"distance":0.0,"speed":0.0},{"calorie":0.0,"count":0,"distance":0.0,"speed":0.0},{"calorie":0.0,"count":0,"distance":0.0,"speed":0.0},{"calorie":0.0,"count":0,"distance":0.0,"speed":0.0},{"calorie":0.0,"count":0,"distance":0.0,"speed":0.0},{"calorie":10.44999647140503,"count":207,"distance":143.48998641967773,"speed":3.713421106338501},{"calorie":0.7699999809265137,"count":15,"distance":10.350000381469727,"speed":3.6395368576049805},{"calorie":0.0,"count":0,"distance":0.0,"speed":0.0},{"calorie":0.0,"count":0,"distance":0.0,"speed":0.0},{"calorie":5.810000151395798,"count":114,"distance":80.79999876022339,"speed":4.2975263595581055},{"calorie":0.0,"count":0,"distance":0.0,"speed":0.0},{"calorie":3.369999647140503,"count":66,"distance":46.45999526977539,"speed":4.034179210662842},{"calorie":0.3100000023841858,"count":6,"distance":4.340000152587891,"speed":4.700000286102295},{"calorie":0.0,"count":0,"distance":0.0,"speed":0.0},{"calorie":12.33999514579773,"count":244,"distance":170.84997844696045,"speed":4.040192604064941},{"calorie":0.0,"count":0,"distance":0.0,"speed":0.0},{"calorie":0.0,"count":0,"distance":0.0,"speed":0.0},{"calorie":0.0,"count":0,"distance":0.0,"speed":0.0},{"calorie":0.0,"count":0,"distance":0.0,"speed":0.0},{"calorie":0.0,"count":0,"distance":0.0,"speed":0.0},{"calorie":0.0,"count":0,"distance":0.0,"speed":0.0},{"calorie":0.0,"count":0,"distance":0.0,"speed":0.0},{"calorie":0.0,"count":0,"distance":0.0,"speed":0.0},{"calorie":0.0,"count":0,"distance":0.0,"speed":0.0},{"calorie":1.9800000190734863,"count":39,"distance":27.6299991607666,"speed":4.299999713897705},{"calorie":0.7099999785423279,"count":14,"distance":10.09000015258789,"speed":4.600000381469727},{"calorie":2.2799999713897705,"count":45,"distance":32.53999996185303,"speed":4.860753536224365},{"calorie":1.60999995470047,"count":31,"distance":21.570000648498535,"speed":4.071854591369629},{"calorie":4.17000013589859,"count":81,"distance":56.44999980926514,"speed":3.834423780441284},{"calorie":7.659998774528503,"count":152,"distance":107.33000946044922,"speed":4.102034091949463},{"calorie":4.359999775886536,"count":85,"distance":60.02000045776367,"speed":4.157756805419922},{"calorie":6.799999356269836,"count":135,"distance":96.29998874664307,"speed":4.394965171813965},{"calorie":14.749999940395355,"count":293,"distance":209.76999855041504,"speed":4.4646430015563965},{"calorie":4.419999837875366,"count":87,"distance":61.18000030517578,"speed":4.0778489112854},{"calorie":1.5599999725818634,"count":30,"distance":20.630000114440918,"speed":3.7753515243530273},{"calorie":0.0,"count":0,"distance":0.0,"speed":0.0},{"calorie":0.36000001430511475,"count":7,"distance":5.119999885559082,"speed":4.900000095367432},{"calorie":0.8100000023841858,"count":16,"distance":11.380000114440918,"speed":4.418365955352783},{"calorie":3.9200000762939453,"count":77,"distance":55.58000040054321,"speed":4.472448348999023},{"calorie":0.0,"count":0,"distance":0.0,"speed":0.0},{"calorie":0.0,"count":0,"distance":0.0,"speed":0.0},{"calorie":0.43000003695487976,"count":8,"distance":5.350000381469727,"speed":3.112179756164551}]