[{"calorie":0.0,"count":0,"distance":0.0,"speed":0.0},{"calorie":0.0,"count":0,"distance":0.0,"speed":0.0},{"calorie":0.0,"count":0,"distance":0.0,"speed":0.0},{"calorie":0.0,"count":0,"distance":0.0,"speed":0.0},{"calorie":0.0,"count":0,"distance":0.0,"speed":0.0},{"calorie":0.0,"count":0,"distance":0.0,"speed":0.0},{"calorie":0.0,"count":0,"distance":0.0,"speed":0.0},{"calorie":0.0,"count":0,"distance":0.0,"speed":0.0},{"calorie":0.0,"count":0,"distance":0.0,"speed":0.0},{"calorie":0.0,"count":0,"distance":0.0,"speed":0.0},{"calorie":0.0,"count":0,"distance":0.0,"speed":0.0},{"calorie":0.0,"count":0,"distance":0.0,"speed":0.0},{"calorie":0.0,"count":0,"distance":0.0,"speed":0.0},{"calorie":0.0,"count":0,"distance":0.0,"speed":0.0},{"calorie":0.0,"count":0,"distance":0.0,"speed":0.0},{"calorie":0.0,"count":0,"distance":0.0,"speed":0.0},{"calorie":0.0,"count":0,"distance":0.0,"speed":0.0},{"calorie":0.0,"count":0,"distance":0.0,"speed":0.0},{"calorie":0.0,"count":0,"distance":0.0,"speed":0.0},{"calorie":0.0,"count":0,"distance":0.0,"speed":0.0},{"calorie":0.0,"count":0,"distance":0.0,"speed":0.0},{"calorie":0.0,"count":0,"distance":0.0,"speed":0.0},{"calorie":0.0,"count":0,"distance":0.0,"speed":0.0},{"calorie":0.0,"count":0,"distance":0.0,"speed":0.0},{"calorie":0.0,"count":0,"distance":0.0,"speed":0.0},{"calorie":0.0,"count":0,"distance":0.0,"speed":0.0},{"calorie":0.0,"count":0,"distance":0.0,"speed":0.0},{"calorie":0.0,"count":0,"distance":0.0,"speed":0.0},{"calorie":0.0,"count":0,"distance":0.0,"speed":0.0},{"calorie":0.0,"count":0,"distance":0.0,"speed":0.0},{"calorie":0.0,"count":0,"distance":0.0,"speed":0.0},{"calorie":0.0,"count":0,"distance":0.0,"speed":0.0},{"calorie":0.0,"count":0,"distance":0.0,"speed":0.0},{"calorie":0.0,"count":0,"distance":0.0,"speed":0.0},{"calorie":0.0,"count":0,"distance":0.0,"speed":0.0},{"calorie":0.0,"count":0,"distance":0.0,"speed":0.0},{"calorie":0.0,"count":0,"distance":0.0,"speed":0.0},{"calorie":0.0,"count":0,"distance":0.0,"speed":0.0},{"calorie":0.0,"count":0,"distance":0.0,"speed":0.0},{"calorie":0.0,"count":0,"distance":0.0,"speed":0.0},{"calorie":0.0,"count":0,"distance":0.0,"speed":0.0},{"calorie":0.0,"count":0,"distance":0.0,"speed":0.0},{"calorie":0.0,"count":0,"distance":0.0,"speed":0.0},{"calorie":0.0,"count":0,"distance":0.0,"speed":0.0},{"calorie":0.0,"count":0,"distance":0.0,"speed":0.0},{"calorie":0.0,"count":0,"distance":0.0,"speed":0.0},{"calorie":0.0,"count":0,"distance":0.0,"speed":0.0},{"calorie":2.399999976158142,"count":63,"distance":45.95000076293945,"speed":3.9000003337860107},{"calorie":0.0,"count":0,"distance":0.0,"speed":0.0},{"calorie":6.289999932050705,"count":183,"distance":139.19000148773193,"speed":5.158073425292969},{"calorie":4.829999566078186,"count":141,"distance":107.34999084472656,"speed":5.0775909423828125},{"calorie":0.0,"count":0,"distance":0.0,"speed":0.0},{"calorie":0.20999999344348907,"count":6,"distance":4.619999885559082,"speed":4.799999713897705},{"calorie":8.08999964594841,"count":215,"distance":158.80999183654785,"speed":4.259175777435303},{"calorie":4.849999904632568,"count":147,"distance":112.57999897003174,"speed":5.10990571975708},{"calorie":6.950000047683716,"count":204,"distance":151.62000274658203,"speed":5.713257789611816},{"calorie":0.0,"count":0,"distance":0.0,"speed":0.0},{"calorie":0.0,"count":0,"distance":0.0,"speed":0.0},{"calorie":4.280000030994415,"count":115,"distance":86.99999809265137,"speed":4.765660285949707},{"calorie":0.0,"count":0,"distance":0.0,"speed":0.0},{"calorie":0.4000000059604645,"count":12,"distance":8.6899995803833,"speed":4.099999904632568},{"calorie":1.309999942779541,"count":35,"distance":25.850001335144043,"speed":4.48967981338501},{"calorie":1.8699999749660492,"count":51,"distance":37.540000915527344,"speed":4.455046653747559},{"calorie":6.229999899864197,"count":173,"distance":131.47000122070312,"speed":5.011081218719482},{"calorie":8.90000033378601,"count":228,"distance":168.2499942779541,"speed":4.940054416656494},{"calorie":13.099999994039536,"count":354,"distance":258.7599997520447,"speed":5.065759658813477},{"calorie":0.7999999672174454,"count":22,"distance":16.62000036239624,"speed":4.615922927856445},{"calorie":0.25999999046325684,"count":7,"distance":4.929999828338623,"speed":3.200000286102295},{"calorie":1.6200000941753387,"count":35,"distance":28.28999900817871,"speed":4.596688747406006},{"calorie":0.4099999964237213,"count":11,"distance":8.020000457763672,"speed":4.099999904632568},{"calorie":3.9800000190734863,"count":124,"distance":91.32999801635742,"speed":5.382892608642578},{"calorie":0.0,"count":0,"distance":0.0,"speed":0.0},{"calorie":1.1600000262260437,"count":33,"distance":24.649999618530273,"speed":5.017369747161865},{"calorie":3.429999977350235,"count":96,"distance":71.61999988555908,"speed":4.68555212020874},{"calorie":0.7099999785423279,"count":19,"distance":13.919999599456787,"speed":4.311169147491455},{"calorie":0.23999999463558197,"count":7,"distance":5.46999979019165,"speed":5.285691261291504},{"calorie":2.569999873638153,"count":70,"distance":51.64000082015991,"speed":4.138303279876709},{"calorie":0.0,"count":0,"distance":0.0,"speed":0.0},{"calorie":0.3699999749660492,"count":10,"distance":7.5199995040893555,"speed":4.494450092315674},{"calorie":0.0,"count":0,"distance":0.0,"speed":0.0},{"calorie":0.0,"count":0,"distance":0.0,"speed":0.0},{"calorie":0.0,"count":0,"distance":0.0,"speed":0.0},{"calorie":0.7400000095367432,"count":20,"distance":14.859999656677246,"speed":4.5},{"calorie":2.839999943971634,"count":75,"distance":56.410000801086426,"speed":4.731475830078125},{"calorie":1.119999997317791,"count":30,"distance":21.730000257492065,"speed":4.095713138580322},{"calorie":3.8599999845027924,"count":108,"distance":81.9300012588501,"speed":4.718181610107422},{"calorie":0.3399999737739563,"count":9,"distance":6.309999465942383,"speed":3.1999998092651367},{"calorie":0.0,"count":0,"distance":0.0,"speed":0.0},{"calorie":0.0,"count":0,"distance":0.0,"speed":0.0},{"calorie":0.0,"count":0,"distance":0.0,"speed":0.0},{"calorie":0.0,"count":0,"distance":0.0,"speed":0.0},{"calorie":0.0,"count":0,"distance":0.0,"speed":0.0},{"calorie":0.7400000095367432,"count":20,"distance":14.369999885559082,"speed":3.499999761581421},{"calorie":2.940000057220459,"count":81,"distance":59.94999551773071,"speed":4.348844051361084},{"calorie":17.65999984741211,"count":459,"distance":335.5300006866455,"speed":4.042902946472168},{"calorie":2.139999955892563,"count":59,"distance":44.59000110626221,"speed":4.640139102935791},{"calorie":3.089999794960022,"count":79,"distance":57.8599967956543,"speed":4.159230709075928},{"calorie":15.259998679161072,"count":399,"distance":291.9100036621094,"speed":4.097794532775879},{"calorie":7.090000003576279,"count":214,"distance":164.69000005722046,"speed":5.389108180999756},{"calorie":3.2299999594688416,"count":93,"distance":70.92000007629395,"speed":4.9202985763549805},{"calorie":1.850000023841858,"count":54,"distance":41.28000068664551,"speed":5.201857089996338},{"calorie":15.069999366998672,"count":386,"distance":277.88998794555664,"speed":3.722395896911621},{"calorie":1.4800000190734863,"count":40,"distance":29.56999969482422,"speed":4.387820243835449},{"calorie":1.0599998235702515,"count":33,"distance":25.980005264282227,"speed":5.779922962188721},{"calorie":0.0,"count":0,"distance":0.0,"speed":0.0},{"calorie":0.8600001335144043,"count":24,"distance":17.819997787475586,"speed":4.501139163970947},{"calorie":0.0,"count":0,"distance":0.0,"speed":0.0},{"calorie":1.979999989271164,"count":52,"distance":37.97999858856201,"speed":4.113738536834717},{"calorie":3.2299999594688416,"count":89,"distance":67.30000019073486,"speed":4.921167850494385},{"calorie":0.0,"count":0,"distance":0.0,"speed":0.0},{"calorie":2.7899999618530273,"count":74,"distance":53.57000017166138,"speed":3.87280535697937},{"calorie":2.319999933242798,"count":64,"distance":48.429999351501465,"speed":4.882812976837158},{"calorie":0.0,"count":0,"distance":0.0,"speed":0.0},{"calorie":0.0,"count":0,"distance":0.0,"speed":0.0},{"calorie":0.0,"count":0,"distance":0.0,"speed":0.0},{"calorie":1.21999990940094,"count":35,"distance":26.049999237060547,"speed":4.474126815795898},{"calorie":2.700000047683716,"count":70,"distance":52.250000953674316,"speed":4.51596736907959},{"calorie":3.0799999833106995,"count":82,"distance":60.34000110626221,"speed":4.405812740325928},{"calorie":6.919999599456787,"count":165,"distance":131.19999313354492,"speed":5.095692157745361},{"calorie":0.2199999988079071,"count":6,"distance":4.269999980926514,"speed":4.799999713897705},{"calorie":0.0,"count":0,"distance":0.0,"speed":0.0},{"calorie":0.0,"count":0,"distance":0.0,"speed":0.0},{"calorie":0.0,"count":0,"distance":0.0,"speed":0.0},{"calorie":0.0,"count":0,"distance":0.0,"speed":0.0},{"calorie":0.0,"count":0,"distance":0.0,"speed":0.0},{"calorie":0.0,"count":0,"distance":0.0,"speed":0.0},{"calorie":0.0,"count":0,"distance":0.0,"speed":0.0},{"calorie":5.949999809265137,"count":151,"distance":111.46000289916992,"speed":4.194664478302002},{"calorie":15.080000191926956,"count":380,"distance":278.6100034713745,"speed":4.071855545043945},{"calorie":0.0,"count":0,"distance":0.0,"speed":0.0},{"calorie":0.0,"count":0,"distance":0.0,"speed":0.0},{"calorie":0.0,"count":0,"distance":0.0,"speed":0.0},{"calorie":0.0,"count":0,"distance":0.0,"speed":0.0},{"calorie":0.0,"count":0,"distance":0.0,"speed":0.0},{"calorie":0.0,"count":0,"distance":0.0,"speed":0.0},{"calorie":0.0,"count":0,"distance":0.0,"speed":0.0},{"calorie":0.0,"count":0,"distance":0.0,"speed":0.0},{"calorie":0.0,"count":0,"distance":0.0,"speed":0.0},{"calorie":0.0,"count":0,"distance":0.0,"speed":0.0},{"calorie":0.0,"count":0,"distance":0.0,"speed":0.0},{"calorie":7.639999896287918,"count":201,"distance":159.92999935150146,"speed":5.460970401763916},{"calorie":1.920000046491623,"count":52,"distance":39.639999866485596,"speed":4.972423553466797},{"calorie":0.0,"count":0,"distance":0.0,"speed":0.0},{"calorie":0.0,"count":0,"distance":0.0,"speed":0.0}]