[{"calorie":0.0,"count":0,"distance":0.0,"speed":0.0},{"calorie":0.0,"count":0,"distance":0.0,"speed":0.0},{"calorie":0.0,"count":0,"distance":0.0,"speed":0.0},{"calorie":0.0,"count":0,"distance":0.0,"speed":0.0},{"calorie":0.0,"count":0,"distance":0.0,"speed":0.0},{"calorie":0.0,"count":0,"distance":0.0,"speed":0.0},{"calorie":0.0,"count":0,"distance":0.0,"speed":0.0},{"calorie":0.0,"count":0,"distance":0.0,"speed":0.0},{"calorie":0.0,"count":0,"distance":0.0,"speed":0.0},{"calorie":0.0,"count":0,"distance":0.0,"speed":0.0},{"calorie":0.0,"count":0,"distance":0.0,"speed":0.0},{"calorie":0.0,"count":0,"distance":0.0,"speed":0.0},{"calorie":0.0,"count":0,"distance":0.0,"speed":0.0},{"calorie":0.0,"count":0,"distance":0.0,"speed":0.0},{"calorie":0.0,"count":0,"distance":0.0,"speed":0.0},{"calorie":0.0,"count":0,"distance":0.0,"speed":0.0},{"calorie":0.0,"count":0,"distance":0.0,"speed":0.0},{"calorie":0.0,"count":0,"distance":0.0,"speed":0.0},{"calorie":0.0,"count":0,"distance":0.0,"speed":0.0},{"calorie":0.0,"count":0,"distance":0.0,"speed":0.0},{"calorie":0.0,"count":0,"distance":0.0,"speed":0.0},{"calorie":0.0,"count":0,"distance":0.0,"speed":0.0},{"calorie":0.0,"count":0,"distance":0.0,"speed":0.0},{"calorie":0.0,"count":0,"distance":0.0,"speed":0.0},{"calorie":0.0,"count":0,"distance":0.0,"speed":0.0},{"calorie":0.0,"count":0,"distance":0.0,"speed":0.0},{"calorie":0.0,"count":0,"distance":0.0,"speed":0.0},{"calorie":0.0,"count":0,"distance":0.0,"speed":0.0},{"calorie":0.0,"count":0,"distance":0.0,"speed":0.0},{"calorie":0.0,"count":0,"distance":0.0,"speed":0.0},{"calorie":0.0,"count":0,"distance":0.0,"speed":0.0},{"calorie":0.0,"count":0,"distance":0.0,"speed":0.0},{"calorie":0.0,"count":0,"distance":0.0,"speed":0.0},{"calorie":0.0,"count":0,"distance":0.0,"speed":0.0},{"calorie":0.0,"count":0,"distance":0.0,"speed":0.0},{"calorie":0.0,"count":0,"distance":0.0,"speed":0.0},{"calorie":0.0,"count":0,"distance":0.0,"speed":0.0},{"calorie":0.0,"count":0,"distance":0.0,"speed":0.0},{"calorie":0.0,"count":0,"distance":0.0,"speed":0.0},{"calorie":0.0,"count":0,"distance":0.0,"speed":0.0},{"calorie":0.0,"count":0,"distance":0.0,"speed":0.0},{"calorie":0.0,"count":0,"distance":0.0,"speed":0.0},{"calorie":0.0,"count":0,"distance":0.0,"speed":0.0},{"calorie":1.540000081062317,"count":42,"distance":31.09000015258789,"speed":4.205434799194336},{"calorie":0.25,"count":7,"distance":5.189999580383301,"speed":4.02734375},{"calorie":0.0,"count":0,"distance":0.0,"speed":0.0},{"calorie":1.0800000429153442,"count":29,"distance":21.409998893737793,"speed":4.395711898803711},{"calorie":5.1199997663497925,"count":140,"distance":103.56000328063965,"speed":4.369279861450195},{"calorie":9.960000157356262,"count":264,"distance":191.94998931884766,"speed":3.8367764949798584},{"calorie":0.0,"count":0,"distance":0.0,"speed":0.0},{"calorie":4.490000069141388,"count":119,"distance":87.25999927520752,"speed":3.993232250213623},{"calorie":0.7799999415874481,"count":21,"distance":15.68000078201294,"speed":4.657236576080322},{"calorie":0.2800000011920929,"count":8,"distance":5.930000305175781,"speed":4.400000095367432},{"calorie":0.0,"count":0,"distance":0.0,"speed":0.0},{"calorie":5.909999966621399,"count":157,"distance":120.28999996185303,"speed":4.861306190490723},{"calorie":5.31999945640564,"count":152,"distance":115.20001411437988,"speed":4.936662673950195},{"calorie":1.530000016093254,"count":40,"distance":29.65999937057495,"speed":4.345357894897461},{"calorie":4.9999998807907104,"count":134,"distance":99.7400016784668,"speed":4.547058582305908},{"calorie":11.599997997283936,"count":315,"distance":235.4400177001953,"speed":4.54572057723999},{"calorie":4.389999911189079,"count":128,"distance":96.96000099182129,"speed":4.743068695068359},{"calorie":2.119999945163727,"count":56,"distance":41.61000061035156,"speed":4.5516510009765625},{"calorie":3.25,"count":88,"distance":64.7899980545044,"speed":4.223514556884766},{"calorie":2.7699999809265137,"count":73,"distance":53.91000175476074,"speed":4.156806468963623},{"calorie":2.8399996757507324,"count":77,"distance":58.189998626708984,"speed":4.822777271270752},{"calorie":0.0,"count":0,"distance":0.0,"speed":0.0},{"calorie":0.0,"count":0,"distance":0.0,"speed":0.0},{"calorie":0.0,"count":0,"distance":0.0,"speed":0.0},{"calorie":0.0,"count":0,"distance":0.0,"speed":0.0},{"calorie":0.0,"count":0,"distance":0.0,"speed":0.0},{"calorie":0.0,"count":0,"distance":0.0,"speed":0.0},{"calorie":0.7699999362230301,"count":21,"distance":15.900001525878906,"speed":4.870813369750977},{"calorie":0.6399999558925629,"count":17,"distance":12.40000057220459,"speed":4.06925106048584},{"calorie":1.309999942779541,"count":35,"distance":25.6299991607666,"speed":4.099999904632568},{"calorie":0.0,"count":0,"distance":0.0,"speed":0.0},{"calorie":1.199999988079071,"count":33,"distance":24.65999984741211,"speed":4.430292129516602},{"calorie":0.550000011920929,"count":15,"distance":10.710000038146973,"speed":3.499999761581421},{"calorie":0.0,"count":0,"distance":0.0,"speed":0.0},{"calorie":1.1200000047683716,"count":30,"distance":22.05000066757202,"speed":4.309787750244141},{"calorie":10.979999840259552,"count":302,"distance":224.2700023651123,"speed":4.359142780303955},{"calorie":7.299999415874481,"count":199,"distance":149.43000602722168,"speed":4.638951778411865},{"calorie":0.30000001192092896,"count":9,"distance":6.939999580383301,"speed":5.5110602378845215},{"calorie":0.0,"count":0,"distance":0.0,"speed":0.0},{"calorie":1.8000000715255737,"count":47,"distance":34.339999198913574,"speed":4.110048770904541},{"calorie":0.0,"count":0,"distance":0.0,"speed":0.0},{"calorie":0.0,"count":0,"distance":0.0,"speed":0.0},{"calorie":0.5900000333786011,"count":17,"distance":12.630000114440918,"speed":4.529313087463379},{"calorie":0.0,"count":0,"distance":0.0,"speed":0.0},{"calorie":0.0,"count":0,"distance":0.0,"speed":0.0},{"calorie":0.0,"count":0,"distance":0.0,"speed":0.0},{"calorie":0.0,"count":0,"distance":0.0,"speed":0.0},{"calorie":0.0,"count":0,"distance":0.0,"speed":0.0},{"calorie":0.0,"count":0,"distance":0.0,"speed":0.0},{"calorie":0.0,"count":0,"distance":0.0,"speed":0.0},{"calorie":0.0,"count":0,"distance":0.0,"speed":0.0},{"calorie":0.0,"count":0,"distance":0.0,"speed":0.0},{"calorie":1.3599999845027924,"count":37,"distance":27.22999858856201,"speed":4.070476531982422},{"calorie":0.0,"count":0,"distance":0.0,"speed":0.0},{"calorie":0.0,"count":0,"distance":0.0,"speed":0.0},{"calorie":0.0,"count":0,"distance":0.0,"speed":0.0},{"calorie":0.0,"count":0,"distance":0.0,"speed":0.0},{"calorie":0.0,"count":0,"distance":0.0,"speed":0.0},{"calorie":0.0,"count":0,"distance":0.0,"speed":0.0},{"calorie":0.0,"count":0,"distance":0.0,"speed":0.0},{"calorie":0.5699999928474426,"count":16,"distance":12.010000228881836,"speed":4.4241509437561035},{"calorie":0.0,"count":0,"distance":0.0,"speed":0.0},{"calorie":2.4299998581409454,"count":63,"distance":46.480003356933594,"speed":4.244992256164551},{"calorie":0.0,"count":0,"distance":0.0,"speed":0.0},{"calorie":0.0,"count":0,"distance":0.0,"speed":0.0},{"calorie":1.0199999809265137,"count":27,"distance":20.03999900817871,"speed":4.467291831970215},{"calorie":0.25,"count":7,"distance":5.170000076293945,"speed":4.600000381469727},{"calorie":1.3099998235702515,"count":36,"distance":27.05000114440918,"speed":4.73526668548584},{"calorie":0.0,"count":0,"distance":0.0,"speed":0.0},{"calorie":0.0,"count":0,"distance":0.0,"speed":0.0},{"calorie":0.0,"count":0,"distance":0.0,"speed":0.0},{"calorie":0.0,"count":0,"distance":0.0,"speed":0.0},{"calorie":0.0,"count":0,"distance":0.0,"speed":0.0},{"calorie":0.0,"count":0,"distance":0.0,"speed":0.0},{"calorie":0.4599999561905861,"count":12,"distance":8.730000734329224,"speed":4.245061874389648},{"calorie":0.0,"count":0,"distance":0.0,"speed":0.0},{"calorie":0.0,"count":0,"distance":0.0,"speed":0.0},{"calorie":0.25,"count":7,"distance":5.139999866485596,"speed":4.299999713897705},{"calorie":0.0,"count":0,"distance":0.0,"speed":0.0},{"calorie":0.7699999809265137,"count":21,"distance":15.309999465942383,"speed":4.036330699920654},{"calorie":0.0,"count":0,"distance":0.0,"speed":0.0},{"calorie":0.0,"count":0,"distance":0.0,"speed":0.0},{"calorie":0.0,"count":0,"distance":0.0,"speed":0.0},{"calorie":0.0,"count":0,"distance":0.0,"speed":0.0},{"calorie":0.0,"count":0,"distance":0.0,"speed":0.0},{"calorie":0.0,"count":0,"distance":0.0,"speed":0.0},{"calorie":0.0,"count":0,"distance":0.0,"speed":0.0},{"calorie":0.0,"count":0,"distance":0.0,"speed":0.0},{"calorie":0.0,"count":0,"distance":0.0,"speed":0.0},{"calorie":0.0,"count":0,"distance":0.0,"speed":0.0},{"calorie":0.0,"count":0,"distance":0.0,"speed":0.0},{"calorie":0.0,"count":0,"distance":0.0,"speed":0.0},{"calorie":0.0,"count":0,"distance":0.0,"speed":0.0},{"calorie":0.0,"count":0,"distance":0.0,"speed":0.0},{"calorie":0.0,"count":0,"distance":0.0,"speed":0.0},{"calorie":0.0,"count":0,"distance":0.0,"speed":0.0},{"calorie":0.0,"count":0,"distance":0.0,"speed":0.0},{"calorie":0.0,"count":0,"distance":0.0,"speed":0.0},{"calorie":0.0,"count":0,"distance":0.0,"speed":0.0},{"calorie":0.0,"count":0,"distance":0.0,"speed":0.0},{"calorie":0.0,"count":0,"distance":0.0,"speed":0.0}]