[{"calorie":0.0,"count":0,"distance":0.0,"speed":0.0},{"calorie":0.0,"count":0,"distance":0.0,"speed":0.0},{"calorie":0.0,"count":0,"distance":0.0,"speed":0.0},{"calorie":0.0,"count":0,"distance":0.0,"speed":0.0},{"calorie":0.0,"count":0,"distance":0.0,"speed":0.0},{"calorie":0.0,"count":0,"distance":0.0,"speed":0.0},{"calorie":0.0,"count":0,"distance":0.0,"speed":0.0},{"calorie":0.0,"count":0,"distance":0.0,"speed":0.0},{"calorie":0.0,"count":0,"distance":0.0,"speed":0.0},{"calorie":0.0,"count":0,"distance":0.0,"speed":0.0},{"calorie":0.0,"count":0,"distance":0.0,"speed":0.0},{"calorie":0.0,"count":0,"distance":0.0,"speed":0.0},{"calorie":0.0,"count":0,"distance":0.0,"speed":0.0},{"calorie":0.0,"count":0,"distance":0.0,"speed":0.0},{"calorie":0.0,"count":0,"distance":0.0,"speed":0.0},{"calorie":0.0,"count":0,"distance":0.0,"speed":0.0},{"calorie":0.0,"count":0,"distance":0.0,"speed":0.0},{"calorie":0.0,"count":0,"distance":0.0,"speed":0.0},{"calorie":0.0,"count":0,"distance":0.0,"speed":0.0},{"calorie":0.0,"count":0,"distance":0.0,"speed":0.0},{"calorie":0.0,"count":0,"distance":0.0,"speed":0.0},{"calorie":0.0,"count":0,"distance":0.0,"speed":0.0},{"calorie":0.0,"count":0,"distance":0.0,"speed":0.0},{"calorie":0.0,"count":0,"distance":0.0,"speed":0.0},{"calorie":0.0,"count":0,"distance":0.0,"speed":0.0},{"calorie":0.0,"count":0,"distance":0.0,"speed":0.0},{"calorie":0.0,"count":0,"distance":0.0,"speed":0.0},{"calorie":0.0,"count":0,"distance":0.0,"speed":0.0},{"calorie":0.0,"count":0,"distance":0.0,"speed":0.0},{"calorie":0.0,"count":0,"distance":0.0,"speed":0.0},{"calorie":0.0,"count":0,"distance":0.0,"speed":0.0},{"calorie":0.0,"count":0,"distance":0.0,"speed":0.0},{"calorie":0.0,"count":0,"distance":0.0,"speed":0.0},{"calorie":0.0,"count":0,"distance":0.0,"speed":0.0},{"calorie":0.0,"count":0,"distance":0.0,"speed":0.0},{"calorie":0.0,"count":0,"distance":0.0,"speed":0.0},{"calorie":0.0,"count":0,"distance":0.0,"speed":0.0},{"calorie":0.0,"count":0,"distance":0.0,"speed":0.0},{"calorie":0.0,"count":0,"distance":0.0,"speed":0.0},{"calorie":0.0,"count":0,"distance":0.0,"speed":0.0},{"calorie":0.0,"count":0,"distance":0.0,"speed":0.0},{"calorie":0.0,"count":0,"distance":0.0,"speed":0.0},{"calorie":0.0,"count":0,"distance":0.0,"speed":0.0},{"calorie":0.0,"count":0,"distance":0.0,"speed":0.0},{"calorie":0.0,"count":0,"distance":0.0,"speed":0.0},{"calorie":0.0,"count":0,"distance":0.0,"speed":0.0},{"calorie":0.25999999046325684,"count":7,"distance":4.949999809265137,"speed":3.3854920864105225},{"calorie":2.769998848438263,"count":72,"distance":52.91000461578369,"speed":4.173465251922607},{"calorie":1.6899999976158142,"count":46,"distance":33.84999942779541,"speed":4.299999713897705},{"calorie":4.6199997663497925,"count":122,"distance":90.69000625610352,"speed":4.378841400146484},{"calorie":13.790000170469284,"count":376,"distance":283.04999923706055,"speed":4.744271278381348},{"calorie":0.0,"count":0,"distance":0.0,"speed":0.0},{"calorie":2.5999999046325684,"count":70,"distance":51.44999885559082,"speed":4.103548049926758},{"calorie":5.320000052452087,"count":154,"distance":116.80999755859375,"speed":4.7652740478515625},{"calorie":5.569999933242798,"count":154,"distance":114.17999362945557,"speed":4.435263633728027},{"calorie":2.5899999141693115,"count":69,"distance":50.85999774932861,"speed":4.298647403717041},{"calorie":6.4499997198581696,"count":177,"distance":128.76998686790466,"speed":4.091370105743408},{"calorie":0.0,"count":0,"distance":0.0,"speed":0.0},{"calorie":0.0,"count":0,"distance":0.0,"speed":0.0},{"calorie":0.0,"count":0,"distance":0.0,"speed":0.0},{"calorie":1.25,"count":34,"distance":25.09000015258789,"speed":4.199999809265137},{"calorie":3.3600001335144043,"count":92,"distance":68.73999786376953,"speed":4.387908935546875},{"calorie":0.5299999713897705,"count":15,"distance":11.109999656677246,"speed":4.700000286102295},{"calorie":1.1699999868869781,"count":32,"distance":23.610000610351562,"speed":4.074036598205566},{"calorie":0.0,"count":0,"distance":0.0,"speed":0.0},{"calorie":0.0,"count":0,"distance":0.0,"speed":0.0},{"calorie":0.0,"count":0,"distance":0.0,"speed":0.0},{"calorie":0.0,"count":0,"distance":0.0,"speed":0.0},{"calorie":0.0,"count":0,"distance":0.0,"speed":0.0},{"calorie":1.1399999856948853,"count":32,"distance":23.209999084472656,"speed":3.773590326309204},{"calorie":4.519999921321869,"count":122,"distance":90.6899995803833,"speed":4.277020454406738},{"calorie":4.929999768733978,"count":127,"distance":89.65000629425049,"speed":3.296208620071411},{"calorie":16.729998767375946,"count":430,"distance":312.24999237060547,"speed":3.78784441947937},{"calorie":0.20999999344348907,"count":6,"distance":4.480000019073486,"speed":4.600000381469727},{"calorie":1.410000056028366,"count":39,"distance":29.309999465942383,"speed":4.761316776275635},{"calorie":0.0,"count":0,"distance":0.0,"speed":0.0},{"calorie":0.0,"count":0,"distance":0.0,"speed":0.0},{"calorie":1.379999965429306,"count":39,"distance":29.019999504089355,"speed":4.443750858306885},{"calorie":0.0,"count":0,"distance":0.0,"speed":0.0},{"calorie":0.20999999344348907,"count":6,"distance":4.480000019073486,"speed":4.700000286102295},{"calorie":1.2799999117851257,"count":35,"distance":26.08000087738037,"speed":4.435910701751709},{"calorie":0.0,"count":0,"distance":0.0,"speed":0.0},{"calorie":0.7599999457597733,"count":21,"distance":15.640000581741333,"speed":4.536542892456055},{"calorie":11.299999743700027,"count":292,"distance":208.52000427246094,"speed":3.5715184211730957},{"calorie":5.149999916553497,"count":136,"distance":100.0999984741211,"speed":4.125300884246826},{"calorie":5.35000005364418,"count":142,"distance":104.75000095367432,"speed":4.062370300292969},{"calorie":1.1399999856948853,"count":29,"distance":21.450000762939453,"speed":4.400000095367432},{"calorie":5.940000206232071,"count":161,"distance":120.1599931716919,"speed":4.493033409118652},{"calorie":4.119999557733536,"count":112,"distance":83.22000074386597,"speed":4.332716941833496},{"calorie":0.0,"count":0,"distance":0.0,"speed":0.0},{"calorie":0.0,"count":0,"distance":0.0,"speed":0.0},{"calorie":0.0,"count":0,"distance":0.0,"speed":0.0},{"calorie":2.7499998807907104,"count":75,"distance":54.69999980926514,"speed":3.9506163597106934},{"calorie":2.650000363588333,"count":73,"distance":54.06000018119812,"speed":4.41261625289917},{"calorie":11.619999885559082,"count":318,"distance":239.52999782562256,"speed":4.688309669494629},{"calorie":12.149999976158142,"count":322,"distance":240.2299976348877,"speed":4.497201442718506},{"calorie":5.449999898672104,"count":145,"distance":109.4800009727478,"speed":4.512032508850098},{"calorie":4.499999791383743,"count":131,"distance":99.33999872207642,"speed":5.097114562988281},{"calorie":1.8200000524520874,"count":49,"distance":38.31999969482422,"speed":5.097977638244629},{"calorie":0.7099997997283936,"count":22,"distance":16.619998931884766,"speed":5.203068256378174},{"calorie":19.109996438026428,"count":550,"distance":425.3999195098877,"speed":5.281803131103516},{"calorie":3.3200000524520874,"count":90,"distance":67.18000030517578,"speed":4.584257125854492},{"calorie":3.6600000858306885,"count":100,"distance":71.74000072479248,"speed":4.512391567230225},{"calorie":0.7599999904632568,"count":21,"distance":15.869999885559082,"speed":4.900000095367432},{"calorie":0.0,"count":0,"distance":0.0,"speed":0.0},{"calorie":0.8000001311302185,"count":22,"distance":16.12999725341797,"speed":4.244260311126709},{"calorie":0.0,"count":0,"distance":0.0,"speed":0.0},{"calorie":0.0,"count":0,"distance":0.0,"speed":0.0},{"calorie":0.6000000238418579,"count":17,"distance":12.539999961853027,"speed":4.299999713897705},{"calorie":0.75,"count":20,"distance":14.59000015258789,"speed":3.7736611366271973},{"calorie":1.2699999809265137,"count":35,"distance":26.039999961853027,"speed":4.315440654754639},{"calorie":2.590000092983246,"count":71,"distance":51.36999797821045,"speed":3.8047451972961426},{"calorie":3.6299999356269836,"count":97,"distance":70.82999992370605,"speed":3.9004745483398438},{"calorie":3.649999976158142,"count":83,"distance":65.23999786376953,"speed":3.999135732650757},{"calorie":5.629999995231628,"count":152,"distance":113.44999980926514,"speed":4.598047256469727},{"calorie":10.849998831748962,"count":285,"distance":206.9300193786621,"speed":3.8733253479003906},{"calorie":0.0,"count":0,"distance":0.0,"speed":0.0},{"calorie":5.709999918937683,"count":146,"distance":107.70999908447266,"speed":4.2222514152526855},{"calorie":0.0,"count":0,"distance":0.0,"speed":0.0},{"calorie":0.6200000047683716,"count":19,"distance":14.110000133514404,"speed":4.685125827789307},{"calorie":0.0,"count":0,"distance":0.0,"speed":0.0},{"calorie":0.0,"count":0,"distance":0.0,"speed":0.0},{"calorie":0.0,"count":0,"distance":0.0,"speed":0.0},{"calorie":0.0,"count":0,"distance":0.0,"speed":0.0},{"calorie":0.0,"count":0,"distance":0.0,"speed":0.0},{"calorie":0.0,"count":0,"distance":0.0,"speed":0.0},{"calorie":0.0,"count":0,"distance":0.0,"speed":0.0},{"calorie":0.25,"count":7,"distance":5.320000171661377,"speed":4.600000381469727},{"calorie":1.3799999952316284,"count":37,"distance":27.54999828338623,"speed":4.456875801086426},{"calorie":0.9900000095367432,"count":26,"distance":19.510000228881836,"speed":4.62044620513916},{"calorie":0.0,"count":0,"distance":0.0,"speed":0.0},{"calorie":0.0,"count":0,"distance":0.0,"speed":0.0},{"calorie":0.0,"count":0,"distance":0.0,"speed":0.0},{"calorie":0.0,"count":0,"distance":0.0,"speed":0.0},{"calorie":0.0,"count":0,"distance":0.0,"speed":0.0},{"calorie":0.0,"count":0,"distance":0.0,"speed":0.0},{"calorie":0.0,"count":0,"distance":0.0,"speed":0.0},{"calorie":0.0,"count":0,"distance":0.0,"speed":0.0},{"calorie":0.0,"count":0,"distance":0.0,"speed":0.0},{"calorie":0.0,"count":0,"distance":0.0,"speed":0.0},{"calorie":0.0,"count":0,"distance":0.0,"speed":0.0},{"calorie":0.0,"count":0,"distance":0.0,"speed":0.0},{"calorie":0.0,"count":0,"distance":0.0,"speed":0.0},{"calorie":0.0,"count":0,"distance":0.0,"speed":0.0}]