[{"calorie":0.0,"count":0,"distance":0.0,"speed":0.0},{"calorie":0.0,"count":0,"distance":0.0,"speed":0.0},{"calorie":0.0,"count":0,"distance":0.0,"speed":0.0},{"calorie":0.0,"count":0,"distance":0.0,"speed":0.0},{"calorie":0.0,"count":0,"distance":0.0,"speed":0.0},{"calorie":0.0,"count":0,"distance":0.0,"speed":0.0},{"calorie":0.0,"count":0,"distance":0.0,"speed":0.0},{"calorie":0.0,"count":0,"distance":0.0,"speed":0.0},{"calorie":0.0,"count":0,"distance":0.0,"speed":0.0},{"calorie":0.0,"count":0,"distance":0.0,"speed":0.0},{"calorie":0.0,"count":0,"distance":0.0,"speed":0.0},{"calorie":0.0,"count":0,"distance":0.0,"speed":0.0},{"calorie":0.0,"count":0,"distance":0.0,"speed":0.0},{"calorie":0.0,"count":0,"distance":0.0,"speed":0.0},{"calorie":0.0,"count":0,"distance":0.0,"speed":0.0},{"calorie":0.0,"count":0,"distance":0.0,"speed":0.0},{"calorie":0.0,"count":0,"distance":0.0,"speed":0.0},{"calorie":0.0,"count":0,"distance":0.0,"speed":0.0},{"calorie":0.0,"count":0,"distance":0.0,"speed":0.0},{"calorie":0.0,"count":0,"distance":0.0,"speed":0.0},{"calorie":0.0,"count":0,"distance":0.0,"speed":0.0},{"calorie":0.0,"count":0,"distance":0.0,"speed":0.0},{"calorie":0.0,"count":0,"distance":0.0,"speed":0.0},{"calorie":0.0,"count":0,"distance":0.0,"speed":0.0},{"calorie":0.0,"count":0,"distance":0.0,"speed":0.0},{"calorie":0.0,"count":0,"distance":0.0,"speed":0.0},{"calorie":0.0,"count":0,"distance":0.0,"speed":0.0},{"calorie":0.0,"count":0,"distance":0.0,"speed":0.0},{"calorie":0.0,"count":0,"distance":0.0,"speed":0.0},{"calorie":0.0,"count":0,"distance":0.0,"speed":0.0},{"calorie":0.0,"count":0,"distance":0.0,"speed":0.0},{"calorie":0.0,"count":0,"distance":0.0,"speed":0.0},{"calorie":0.0,"count":0,"distance":0.0,"speed":0.0},{"calorie":0.0,"count":0,"distance":0.0,"speed":0.0},{"calorie":0.0,"count":0,"distance":0.0,"speed":0.0},{"calorie":0.0,"count":0,"distance":0.0,"speed":0.0},{"calorie":0.0,"count":0,"distance":0.0,"speed":0.0},{"calorie":0.0,"count":0,"distance":0.0,"speed":0.0},{"calorie":0.0,"count":0,"distance":0.0,"speed":0.0},{"calorie":0.0,"count":0,"distance":0.0,"speed":0.0},{"calorie":4.409999966621399,"count":74,"distance":51.84000015258789,"speed":4.049803256988525},{"calorie":0.0,"count":0,"distance":0.0,"speed":0.0},{"calorie":0.0,"count":0,"distance":0.0,"speed":0.0},{"calorie":5.78000009059906,"count":97,"distance":68.60999965667725,"speed":4.199999809265137},{"calorie":2.8499999344348907,"count":48,"distance":33.74000072479248,"speed":3.977376699447632},{"calorie":0.3400000035762787,"count":6,"distance":4.360000133514404,"speed":4.799999713897705},{"calorie":3.2699999511241913,"count":55,"distance":38.38000011444092,"speed":3.8270089626312256},{"calorie":0.23999999463558197,"count":4,"distance":2.8600001335144043,"speed":4.3992133140563965},{"calorie":0.0,"count":0,"distance":0.0,"speed":0.0},{"calorie":0.0,"count":0,"distance":0.0,"speed":0.0},{"calorie":6.9499998688697815,"count":118,"distance":85.10000038146973,"speed":4.650304794311523},{"calorie":10.15999972820282,"count":171,"distance":122.32000160217285,"speed":4.371299743652344},{"calorie":5.2499998807907104,"count":88,"distance":62.38999938964844,"speed":4.383205413818359},{"calorie":12.139999628067017,"count":203,"distance":142.4000015258789,"speed":4.063705921173096},{"calorie":0.0,"count":0,"distance":0.0,"speed":0.0},{"calorie":0.0,"count":0,"distance":0.0,"speed":0.0},{"calorie":0.0,"count":0,"distance":0.0,"speed":0.0},{"calorie":0.0,"count":0,"distance":0.0,"speed":0.0},{"calorie":0.0,"count":0,"distance":0.0,"speed":0.0},{"calorie":0.0,"count":0,"distance":0.0,"speed":0.0},{"calorie":6.199999660253525,"count":104,"distance":73.5199990272522,"speed":4.154200077056885},{"calorie":13.619999796152115,"count":188,"distance":120.3499984741211,"speed":4.535396099090576},{"calorie":3.4000000953674316,"count":58,"distance":34.60000038146973,"speed":4.126235008239746},{"calorie":0.47999998927116394,"count":8,"distance":5.579999923706055,"speed":3.8731462955474854},{"calorie":0.0,"count":0,"distance":0.0,"speed":0.0},{"calorie":0.0,"count":0,"distance":0.0,"speed":0.0},{"calorie":1.4500000476837158,"count":24,"distance":16.6200008392334,"speed":4.0},{"calorie":9.699999809265137,"count":163,"distance":116.19999885559082,"speed":4.357025623321533},{"calorie":0.0,"count":0,"distance":0.0,"speed":0.0},{"calorie":7.510000079870224,"count":126,"distance":88.9900016784668,"speed":4.149848937988281},{"calorie":0.0,"count":0,"distance":0.0,"speed":0.0},{"calorie":6.399999260902405,"count":107,"distance":74.91999626159668,"speed":3.8943164348602295},{"calorie":11.919999957084656,"count":200,"distance":140.6899995803833,"speed":4.1380109786987305},{"calorie":0.0,"count":0,"distance":0.0,"speed":0.0},{"calorie":0.0,"count":0,"distance":0.0,"speed":0.0},{"calorie":0.0,"count":0,"distance":0.0,"speed":0.0},{"calorie":0.0,"count":0,"distance":0.0,"speed":0.0},{"calorie":0.0,"count":0,"distance":0.0,"speed":0.0},{"calorie":0.0,"count":0,"distance":0.0,"speed":0.0},{"calorie":0.0,"count":0,"distance":0.0,"speed":0.0},{"calorie":0.0,"count":0,"distance":0.0,"speed":0.0},{"calorie":2.810000002384186,"count":48,"distance":33.99000072479248,"speed":4.074374198913574},{"calorie":2.0999999940395355,"count":35,"distance":24.389999866485596,"speed":4.044616222381592},{"calorie":0.0,"count":0,"distance":0.0,"speed":0.0},{"calorie":0.0,"count":0,"distance":0.0,"speed":0.0},{"calorie":0.49000000953674316,"count":8,"distance":5.360000133514404,"speed":3.224611282348633},{"calorie":0.0,"count":0,"distance":0.0,"speed":0.0},{"calorie":0.0,"count":0,"distance":0.0,"speed":0.0},{"calorie":0.8799999952316284,"count":15,"distance":10.930000305175781,"speed":4.6436662673950195},{"calorie":10.149999499320984,"count":171,"distance":119.79000473022461,"speed":4.356007099151611},{"calorie":10.100000143051147,"count":169,"distance":118.72000312805176,"speed":4.046052932739258},{"calorie":3.10999995470047,"count":52,"distance":36.239999771118164,"speed":3.845442056655884},{"calorie":0.0,"count":0,"distance":0.0,"speed":0.0},{"calorie":11.919999420642853,"count":200,"distance":139.88999462127686,"speed":3.920710325241089},{"calorie":0.8999999761581421,"count":15,"distance":10.239999771118164,"speed":3.6000001430511475},{"calorie":5.1499998569488525,"count":87,"distance":61.91999816894531,"speed":4.333103179931641},{"calorie":0.0,"count":0,"distance":0.0,"speed":0.0},{"calorie":0.0,"count":0,"distance":0.0,"speed":0.0},{"calorie":0.0,"count":0,"distance":0.0,"speed":0.0},{"calorie":4.609999895095825,"count":78,"distance":55.849998474121094,"speed":4.562240123748779},{"calorie":0.0,"count":0,"distance":0.0,"speed":0.0},{"calorie":5.560000151395798,"count":94,"distance":66.4200005531311,"speed":4.198462009429932},{"calorie":7.809998989105225,"count":131,"distance":92.34000015258789,"speed":4.301044940948486},{"calorie":0.0,"count":0,"distance":0.0,"speed":0.0},{"calorie":0.0,"count":0,"distance":0.0,"speed":0.0},{"calorie":0.0,"count":0,"distance":0.0,"speed":0.0},{"calorie":0.0,"count":0,"distance":0.0,"speed":0.0},{"calorie":0.0,"count":0,"distance":0.0,"speed":0.0},{"calorie":0.0,"count":0,"distance":0.0,"speed":0.0},{"calorie":0.0,"count":0,"distance":0.0,"speed":0.0},{"calorie":0.0,"count":0,"distance":0.0,"speed":0.0},{"calorie":4.589999675750732,"count":77,"distance":53.20000076293945,"speed":3.763275623321533},{"calorie":5.299999952316284,"count":90,"distance":63.67999839782715,"speed":4.361825942993164},{"calorie":0.0,"count":0,"distance":0.0,"speed":0.0},{"calorie":0.0,"count":0,"distance":0.0,"speed":0.0},{"calorie":1.6099999845027924,"count":27,"distance":18.550000190734863,"speed":3.487121820449829},{"calorie":0.0,"count":0,"distance":0.0,"speed":0.0},{"calorie":0.0,"count":0,"distance":0.0,"speed":0.0},{"calorie":1.3799998760223389,"count":23,"distance":16.059999465942383,"speed":4.020866394042969},{"calorie":0.0,"count":0,"distance":0.0,"speed":0.0},{"calorie":0.6600000262260437,"count":11,"distance":7.609999656677246,"speed":3.8078315258026123},{"calorie":1.9200000166893005,"count":33,"distance":23.869998931884766,"speed":4.586784839630127},{"calorie":0.0,"count":0,"distance":0.0,"speed":0.0},{"calorie":0.0,"count":0,"distance":0.0,"speed":0.0},{"calorie":0.0,"count":0,"distance":0.0,"speed":0.0},{"calorie":0.0,"count":0,"distance":0.0,"speed":0.0},{"calorie":0.0,"count":0,"distance":0.0,"speed":0.0},{"calorie":0.0,"count":0,"distance":0.0,"speed":0.0},{"calorie":0.0,"count":0,"distance":0.0,"speed":0.0},{"calorie":0.0,"count":0,"distance":0.0,"speed":0.0},{"calorie":0.0,"count":0,"distance":0.0,"speed":0.0},{"calorie":0.0,"count":0,"distance":0.0,"speed":0.0},{"calorie":0.0,"count":0,"distance":0.0,"speed":0.0},{"calorie":2.2899997234344482,"count":39,"distance":27.50999927520752,"speed":3.988450288772583},{"calorie":1.4799995422363281,"count":25,"distance":17.809999465942383,"speed":4.366644382476807},{"calorie":0.0,"count":0,"distance":0.0,"speed":0.0},{"calorie":0.4700000286102295,"count":8,"distance":5.559999942779541,"speed":4.373878479003906},{"calorie":0.0,"count":0,"distance":0.0,"speed":0.0},{"calorie":0.0,"count":0,"distance":0.0,"speed":0.0},{"calorie":0.0,"count":0,"distance":0.0,"speed":0.0},{"calorie":0.0,"count":0,"distance":0.0,"speed":0.0},{"calorie":0.0,"count":0,"distance":0.0,"speed":0.0},{"calorie":0.0,"count":0,"distance":0.0,"speed":0.0},{"calorie":0.0,"count":0,"distance":0.0,"speed":0.0}]