[{"calorie":0.0,"count":0,"distance":0.0,"speed":0.0},{"calorie":0.7200000248849392,"count":14,"distance":10.100000321865082,"speed":4.585348606109619},{"calorie":0.0,"count":0,"distance":0.0,"speed":0.0},{"calorie":0.0,"count":0,"distance":0.0,"speed":0.0},{"calorie":0.0,"count":0,"distance":0.0,"speed":0.0},{"calorie":0.0,"count":0,"distance":0.0,"speed":0.0},{"calorie":0.0,"count":0,"distance":0.0,"speed":0.0},{"calorie":0.0,"count":0,"distance":0.0,"speed":0.0},{"calorie":0.0,"count":0,"distance":0.0,"speed":0.0},{"calorie":0.0,"count":0,"distance":0.0,"speed":0.0},{"calorie":0.0,"count":0,"distance":0.0,"speed":0.0},{"calorie":0.0,"count":0,"distance":0.0,"speed":0.0},{"calorie":0.0,"count":0,"distance":0.0,"speed":0.0},{"calorie":0.0,"count":0,"distance":0.0,"speed":0.0},{"calorie":0.0,"count":0,"distance":0.0,"speed":0.0},{"calorie":0.0,"count":0,"distance":0.0,"speed":0.0},{"calorie":0.0,"count":0,"distance":0.0,"speed":0.0},{"calorie":0.0,"count":0,"distance":0.0,"speed":0.0},{"calorie":0.0,"count":0,"distance":0.0,"speed":0.0},{"calorie":0.0,"count":0,"distance":0.0,"speed":0.0},{"calorie":0.0,"count":0,"distance":0.0,"speed":0.0},{"calorie":0.0,"count":0,"distance":0.0,"speed":0.0},{"calorie":0.0,"count":0,"distance":0.0,"speed":0.0},{"calorie":0.0,"count":0,"distance":0.0,"speed":0.0},{"calorie":0.0,"count":0,"distance":0.0,"speed":0.0},{"calorie":0.0,"count":0,"distance":0.0,"speed":0.0},{"calorie":0.0,"count":0,"distance":0.0,"speed":0.0},{"calorie":0.0,"count":0,"distance":0.0,"speed":0.0},{"calorie":0.0,"count":0,"distance":0.0,"speed":0.0},{"calorie":0.0,"count":0,"distance":0.0,"speed":0.0},{"calorie":0.0,"count":0,"distance":0.0,"speed":0.0},{"calorie":0.0,"count":0,"distance":0.0,"speed":0.0},{"calorie":0.0,"count":0,"distance":0.0,"speed":0.0},{"calorie":0.0,"count":0,"distance":0.0,"speed":0.0},{"calorie":0.0,"count":0,"distance":0.0,"speed":0.0},{"calorie":0.0,"count":0,"distance":0.0,"speed":0.0},{"calorie":0.0,"count":0,"distance":0.0,"speed":0.0},{"calorie":0.0,"count":0,"distance":0.0,"speed":0.0},{"calorie":0.0,"count":0,"distance":0.0,"speed":0.0},{"calorie":2.4200000166893005,"count":41,"distance":29.229999542236328,"speed":4.222676753997803},{"calorie":5.080000102519989,"count":73,"distance":49.82999897003174,"speed":4.343740463256836},{"calorie":7.659999847412109,"count":123,"distance":82.55000019073486,"speed":4.226641654968262},{"calorie":5.10999983549118,"count":86,"distance":60.390000343322754,"speed":4.031066417694092},{"calorie":24.039993226528168,"count":409,"distance":289.6599416732788,"speed":4.256869316101074},{"calorie":0.0,"count":0,"distance":0.0,"speed":0.0},{"calorie":1.1100000143051147,"count":19,"distance":13.609999656677246,"speed":4.5},{"calorie":2.549999952316284,"count":43,"distance":30.75999927520752,"speed":4.209392070770264},{"calorie":1.709999442100525,"count":29,"distance":20.56999397277832,"speed":4.3745198249816895},{"calorie":0.0,"count":0,"distance":0.0,"speed":0.0},{"calorie":0.0,"count":0,"distance":0.0,"speed":0.0},{"calorie":0.0,"count":0,"distance":0.0,"speed":0.0},{"calorie":0.0,"count":0,"distance":0.0,"speed":0.0},{"calorie":0.0,"count":0,"distance":0.0,"speed":0.0},{"calorie":0.0,"count":0,"distance":0.0,"speed":0.0},{"calorie":5.069999575614929,"count":86,"distance":60.440003395080566,"speed":4.053716659545898},{"calorie":1.1199999749660492,"count":19,"distance":13.299999713897705,"speed":4.0311970710754395},{"calorie":0.49000000953674316,"count":8,"distance":5.400000095367432,"speed":3.4719414710998535},{"calorie":9.099998950958252,"count":134,"distance":87.77000617980957,"speed":4.73461389541626},{"calorie":1.4599999785423279,"count":25,"distance":18.199999809265137,"speed":4.674458980560303},{"calorie":1.2599998712539673,"count":22,"distance":16.220001220703125,"speed":4.945059299468994},{"calorie":0.0,"count":0,"distance":0.0,"speed":0.0},{"calorie":0.0,"count":0,"distance":0.0,"speed":0.0},{"calorie":0.5899999737739563,"count":10,"distance":7.059999942779541,"speed":4.459232330322266},{"calorie":2.4599990844726562,"count":41,"distance":28.58000373840332,"speed":3.903529405593872},{"calorie":0.0,"count":0,"distance":0.0,"speed":0.0},{"calorie":0.0,"count":0,"distance":0.0,"speed":0.0},{"calorie":3.180000066757202,"count":51,"distance":36.97999954223633,"speed":4.299999713897705},{"calorie":11.149997591972351,"count":180,"distance":130.9599838256836,"speed":4.461365222930908},{"calorie":0.0,"count":0,"distance":0.0,"speed":0.0},{"calorie":0.0,"count":0,"distance":0.0,"speed":0.0},{"calorie":0.0,"count":0,"distance":0.0,"speed":0.0},{"calorie":0.0,"count":0,"distance":0.0,"speed":0.0},{"calorie":0.0,"count":0,"distance":0.0,"speed":0.0},{"calorie":0.0,"count":0,"distance":0.0,"speed":0.0},{"calorie":17.96999877691269,"count":304,"distance":218.06001663208008,"speed":4.497511386871338},{"calorie":2.069999873638153,"count":35,"distance":24.34000015258789,"speed":3.8811333179473877},{"calorie":0.0,"count":0,"distance":0.0,"speed":0.0},{"calorie":0.49000000953674316,"count":8,"distance":5.340000152587891,"speed":3.0999999046325684},{"calorie":0.0,"count":0,"distance":0.0,"speed":0.0},{"calorie":0.0,"count":0,"distance":0.0,"speed":0.0},{"calorie":0.0,"count":0,"distance":0.0,"speed":0.0},{"calorie":1.0499999821186066,"count":18,"distance":13.080000877380371,"speed":4.483823299407959},{"calorie":0.0,"count":0,"distance":0.0,"speed":0.0},{"calorie":0.0,"count":0,"distance":0.0,"speed":0.0},{"calorie":0.0,"count":0,"distance":0.0,"speed":0.0},{"calorie":0.0,"count":0,"distance":0.0,"speed":0.0},{"calorie":0.0,"count":0,"distance":0.0,"speed":0.0},{"calorie":0.0,"count":0,"distance":0.0,"speed":0.0},{"calorie":0.0,"count":0,"distance":0.0,"speed":0.0},{"calorie":0.0,"count":0,"distance":0.0,"speed":0.0},{"calorie":0.0,"count":0,"distance":0.0,"speed":0.0},{"calorie":0.0,"count":0,"distance":0.0,"speed":0.0},{"calorie":0.0,"count":0,"distance":0.0,"speed":0.0},{"calorie":0.0,"count":0,"distance":0.0,"speed":0.0},{"calorie":0.0,"count":0,"distance":0.0,"speed":0.0},{"calorie":0.0,"count":0,"distance":0.0,"speed":0.0},{"calorie":0.0,"count":0,"distance":0.0,"speed":0.0},{"calorie":0.0,"count":0,"distance":0.0,"speed":0.0},{"calorie":1.9299999475479126,"count":32,"distance":22.219999313354492,"speed":3.9000003337860107},{"calorie":2.7199994921684265,"count":46,"distance":32.69999694824219,"speed":4.448058128356934},{"calorie":10.289999540895224,"count":174,"distance":122.0999972820282,"speed":4.16030740737915},{"calorie":5.879999577999115,"count":100,"distance":70.75,"speed":4.204120635986328},{"calorie":0.0,"count":0,"distance":0.0,"speed":0.0},{"calorie":0.9399999976158142,"count":16,"distance":11.129999160766602,"speed":4.080750942230225},{"calorie":4.189999580383301,"count":71,"distance":50.809998512268066,"speed":4.515524864196777},{"calorie":0.3499999940395355,"count":6,"distance":4.150000095367432,"speed":4.299999713897705},{"calorie":0.0,"count":0,"distance":0.0,"speed":0.0},{"calorie":0.0,"count":0,"distance":0.0,"speed":0.0},{"calorie":0.0,"count":0,"distance":0.0,"speed":0.0},{"calorie":0.0,"count":0,"distance":0.0,"speed":0.0},{"calorie":0.0,"count":0,"distance":0.0,"speed":0.0},{"calorie":3.5299994945526123,"count":59,"distance":40.94999313354492,"speed":3.9809391498565674},{"calorie":2.5300000309944153,"count":43,"distance":30.660000801086426,"speed":4.623849391937256},{"calorie":0.0,"count":0,"distance":0.0,"speed":0.0},{"calorie":0.0,"count":0,"distance":0.0,"speed":0.0},{"calorie":4.81000005453825,"count":80,"distance":54.570000767707825,"speed":3.492391347885132},{"calorie":0.0,"count":0,"distance":0.0,"speed":0.0},{"calorie":0.0,"count":0,"distance":0.0,"speed":0.0},{"calorie":0.0,"count":0,"distance":0.0,"speed":0.0},{"calorie":0.0,"count":0,"distance":0.0,"speed":0.0},{"calorie":0.0,"count":0,"distance":0.0,"speed":0.0},{"calorie":0.0,"count":0,"distance":0.0,"speed":0.0},{"calorie":5.259998828172684,"count":88,"distance":60.48000144958496,"speed":3.5803399085998535},{"calorie":0.0,"count":0,"distance":0.0,"speed":0.0},{"calorie":32.43999981880188,"count":466,"distance":314.7499895095825,"speed":4.1544270515441895},{"calorie":21.219999372959137,"count":354,"distance":247.06000471115112,"speed":3.8508026599884033},{"calorie":7.990000009536743,"count":133,"distance":91.11000061035156,"speed":3.5068471431732178},{"calorie":31.350000232458115,"count":523,"distance":364.92000102996826,"speed":3.925462484359741},{"calorie":0.0,"count":0,"distance":0.0,"speed":0.0},{"calorie":10.029999613761902,"count":168,"distance":119.5999984741211,"speed":4.400994300842285},{"calorie":10.150000095367432,"count":170,"distance":119.59000015258789,"speed":4.1352972984313965},{"calorie":0.0,"count":0,"distance":0.0,"speed":0.0},{"calorie":0.0,"count":0,"distance":0.0,"speed":0.0},{"calorie":0.0,"count":0,"distance":0.0,"speed":0.0},{"calorie":0.699999988079071,"count":12,"distance":8.730000495910645,"speed":4.6657843589782715},{"calorie":0.4699999988079071,"count":8,"distance":5.869999885559082,"speed":5.723994731903076},{"calorie":0.0,"count":0,"distance":0.0,"speed":0.0},{"calorie":0.0,"count":0,"distance":0.0,"speed":0.0},{"calorie":0.0,"count":0,"distance":0.0,"speed":0.0},{"calorie":0.0,"count":0,"distance":0.0,"speed":0.0},{"calorie":1.059999942779541,"count":18,"distance":12.639999389648438,"speed":4.121793270111084},{"calorie":0.7599999904632568,"count":13,"distance":9.390000343322754,"speed":4.862795829772949},{"calorie":0.0,"count":0,"distance":0.0,"speed":0.0},{"calorie":0.0,"count":0,"distance":0.0,"speed":0.0}]