[{"calorie":0.0,"count":0,"distance":0.0,"speed":0.0},{"calorie":0.0,"count":0,"distance":0.0,"speed":0.0},{"calorie":0.0,"count":0,"distance":0.0,"speed":0.0},{"calorie":0.0,"count":0,"distance":0.0,"speed":0.0},{"calorie":0.0,"count":0,"distance":0.0,"speed":0.0},{"calorie":0.0,"count":0,"distance":0.0,"speed":0.0},{"calorie":0.0,"count":0,"distance":0.0,"speed":0.0},{"calorie":0.0,"count":0,"distance":0.0,"speed":0.0},{"calorie":0.0,"count":0,"distance":0.0,"speed":0.0},{"calorie":0.0,"count":0,"distance":0.0,"speed":0.0},{"calorie":0.0,"count":0,"distance":0.0,"speed":0.0},{"calorie":0.0,"count":0,"distance":0.0,"speed":0.0},{"calorie":0.0,"count":0,"distance":0.0,"speed":0.0},{"calorie":0.0,"count":0,"distance":0.0,"speed":0.0},{"calorie":0.0,"count":0,"distance":0.0,"speed":0.0},{"calorie":0.0,"count":0,"distance":0.0,"speed":0.0},{"calorie":0.0,"count":0,"distance":0.0,"speed":0.0},{"calorie":0.0,"count":0,"distance":0.0,"speed":0.0},{"calorie":0.0,"count":0,"distance":0.0,"speed":0.0},{"calorie":0.0,"count":0,"distance":0.0,"speed":0.0},{"calorie":0.0,"count":0,"distance":0.0,"speed":0.0},{"calorie":0.0,"count":0,"distance":0.0,"speed":0.0},{"calorie":0.0,"count":0,"distance":0.0,"speed":0.0},{"calorie":0.0,"count":0,"distance":0.0,"speed":0.0},{"calorie":0.0,"count":0,"distance":0.0,"speed":0.0},{"calorie":0.0,"count":0,"distance":0.0,"speed":0.0},{"calorie":0.0,"count":0,"distance":0.0,"speed":0.0},{"calorie":0.0,"count":0,"distance":0.0,"speed":0.0},{"calorie":0.0,"count":0,"distance":0.0,"speed":0.0},{"calorie":0.0,"count":0,"distance":0.0,"speed":0.0},{"calorie":0.0,"count":0,"distance":0.0,"speed":0.0},{"calorie":0.0,"count":0,"distance":0.0,"speed":0.0},{"calorie":0.0,"count":0,"distance":0.0,"speed":0.0},{"calorie":0.0,"count":0,"distance":0.0,"speed":0.0},{"calorie":0.0,"count":0,"distance":0.0,"speed":0.0},{"calorie":0.0,"count":0,"distance":0.0,"speed":0.0},{"calorie":0.0,"count":0,"distance":0.0,"speed":0.0},{"calorie":0.0,"count":0,"distance":0.0,"speed":0.0},{"calorie":5.789999961853027,"count":115,"distance":82.7400016784668,"speed":4.5},{"calorie":1.0800000429153442,"count":21,"distance":13.819999694824219,"speed":4.0},{"calorie":2.3100000619888306,"count":46,"distance":32.459999561309814,"speed":4.468180179595947},{"calorie":1.75,"count":35,"distance":25.299999237060547,"speed":4.657284736633301},{"calorie":21.820003509521484,"count":425,"distance":308.96010541915894,"speed":4.720202922821045},{"calorie":11.460000053048134,"count":224,"distance":159.00000286102295,"speed":4.3296637535095215},{"calorie":11.25999990105629,"count":220,"distance":157.70999765396118,"speed":4.565133094787598},{"calorie":1.840000033378601,"count":36,"distance":25.149999618530273,"speed":4.099999904632568},{"calorie":0.0,"count":0,"distance":0.0,"speed":0.0},{"calorie":7.1500000059604645,"count":141,"distance":102.17999982833862,"speed":4.607313632965088},{"calorie":0.0,"count":0,"distance":0.0,"speed":0.0},{"calorie":0.0,"count":0,"distance":0.0,"speed":0.0},{"calorie":16.30999845266342,"count":318,"distance":221.90999126434326,"speed":4.378030776977539},{"calorie":0.0,"count":0,"distance":0.0,"speed":0.0},{"calorie":0.0,"count":0,"distance":0.0,"speed":0.0},{"calorie":7.68999981880188,"count":149,"distance":106.3900032043457,"speed":4.85545539855957},{"calorie":3.9100000858306885,"count":77,"distance":53.920000076293945,"speed":3.918379783630371},{"calorie":1.7799999713897705,"count":33,"distance":22.97000026702881,"speed":4.105907917022705},{"calorie":9.639999896287918,"count":164,"distance":114.55000305175781,"speed":5.182113170623779},{"calorie":5.5899999141693115,"count":101,"distance":73.60000038146973,"speed":5.356344699859619},{"calorie":0.0,"count":0,"distance":0.0,"speed":0.0},{"calorie":9.100000143051147,"count":179,"distance":129.85000038146973,"speed":5.060884952545166},{"calorie":16.089999675750732,"count":300,"distance":214.72000122070312,"speed":5.0794525146484375},{"calorie":5.449999928474426,"count":107,"distance":77.17999839782715,"speed":4.685283660888672},{"calorie":3.329998731613159,"count":61,"distance":42.6500129699707,"speed":4.608327865600586},{"calorie":3.159999966621399,"count":63,"distance":45.0,"speed":5.24907922744751},{"calorie":10.129999935626984,"count":194,"distance":138.02999639511108,"speed":4.949488162994385},{"calorie":4.46999990940094,"count":88,"distance":63.69999885559082,"speed":4.971733570098877},{"calorie":17.210000157356262,"count":342,"distance":252.71999740600586,"speed":5.203899383544922},{"calorie":13.449999958276749,"count":266,"distance":193.41999769210815,"speed":4.872727394104004},{"calorie":7.729998875409365,"count":153,"distance":109.1699948310852,"speed":4.458468914031982},{"calorie":1.3500000834465027,"count":28,"distance":20.359999656677246,"speed":4.573731899261475},{"calorie":6.10999983549118,"count":120,"distance":84.9299955368042,"speed":4.29447603225708},{"calorie":6.300000071525574,"count":125,"distance":89.28000068664551,"speed":4.3796820640563965},{"calorie":8.07999962568283,"count":151,"distance":112.53999328613281,"speed":5.257753849029541},{"calorie":0.0,"count":0,"distance":0.0,"speed":0.0},{"calorie":0.0,"count":0,"distance":0.0,"speed":0.0},{"calorie":0.0,"count":0,"distance":0.0,"speed":0.0},{"calorie":11.809999287128448,"count":228,"distance":164.50999450683594,"speed":4.890461444854736},{"calorie":3.640000104904175,"count":71,"distance":49.650001525878906,"speed":3.907349109649658},{"calorie":2.649999976158142,"count":52,"distance":36.14000129699707,"speed":3.799999952316284},{"calorie":13.00000011920929,"count":254,"distance":181.35999488830566,"speed":4.45639181137085},{"calorie":0.8100000023841858,"count":16,"distance":11.109999656677246,"speed":3.700000047683716},{"calorie":0.0,"count":0,"distance":0.0,"speed":0.0},{"calorie":0.0,"count":0,"distance":0.0,"speed":0.0},{"calorie":9.069999992847443,"count":174,"distance":124.05999755859375,"speed":4.5947065353393555},{"calorie":0.0,"count":0,"distance":0.0,"speed":0.0},{"calorie":0.0,"count":0,"distance":0.0,"speed":0.0},{"calorie":0.0,"count":0,"distance":0.0,"speed":0.0},{"calorie":0.0,"count":0,"distance":0.0,"speed":0.0},{"calorie":10.979999780654907,"count":211,"distance":151.01999759674072,"speed":4.650852203369141},{"calorie":0.0,"count":0,"distance":0.0,"speed":0.0},{"calorie":0.0,"count":0,"distance":0.0,"speed":0.0},{"calorie":0.0,"count":0,"distance":0.0,"speed":0.0},{"calorie":1.6300000250339508,"count":32,"distance":23.100000381469727,"speed":4.7205891609191895},{"calorie":9.320000290870667,"count":169,"distance":117.58000087738037,"speed":4.398828029632568},{"calorie":0.0,"count":0,"distance":0.0,"speed":0.0},{"calorie":0.0,"count":0,"distance":0.0,"speed":0.0},{"calorie":0.0,"count":0,"distance":0.0,"speed":0.0},{"calorie":0.0,"count":0,"distance":0.0,"speed":0.0},{"calorie":4.660000026226044,"count":91,"distance":64.61999988555908,"speed":4.3889007568359375},{"calorie":0.0,"count":0,"distance":0.0,"speed":0.0},{"calorie":4.420000076293945,"count":87,"distance":60.77999973297119,"speed":3.784191608428955},{"calorie":0.0,"count":0,"distance":0.0,"speed":0.0},{"calorie":0.0,"count":0,"distance":0.0,"speed":0.0},{"calorie":6.92000013589859,"count":137,"distance":97.26000308990479,"speed":4.292204856872559},{"calorie":1.2599999904632568,"count":25,"distance":17.940000534057617,"speed":4.400000095367432},{"calorie":2.5300002098083496,"count":50,"distance":35.20000076293945,"speed":4.173667907714844},{"calorie":4.740000009536743,"count":93,"distance":66.48999977111816,"speed":4.403293609619141},{"calorie":0.0,"count":0,"distance":0.0,"speed":0.0},{"calorie":7.130000129342079,"count":140,"distance":99.62000036239624,"speed":4.322567462921143},{"calorie":2.049999952316284,"count":40,"distance":28.380000114440918,"speed":4.2971110343933105},{"calorie":0.0,"count":0,"distance":0.0,"speed":0.0},{"calorie":0.0,"count":0,"distance":0.0,"speed":0.0},{"calorie":0.0,"count":0,"distance":0.0,"speed":0.0},{"calorie":0.0,"count":0,"distance":0.0,"speed":0.0},{"calorie":6.2799999713897705,"count":114,"distance":84.08999919891357,"speed":5.302444934844971},{"calorie":6.640000224113464,"count":130,"distance":92.17000389099121,"speed":4.678634166717529},{"calorie":0.0,"count":0,"distance":0.0,"speed":0.0},{"calorie":1.14000004529953,"count":22,"distance":15.570000171661377,"speed":4.182003498077393},{"calorie":0.0,"count":0,"distance":0.0,"speed":0.0},{"calorie":0.0,"count":0,"distance":0.0,"speed":0.0},{"calorie":0.0,"count":0,"distance":0.0,"speed":0.0},{"calorie":0.0,"count":0,"distance":0.0,"speed":0.0},{"calorie":6.099999785423279,"count":120,"distance":84.94999599456787,"speed":4.192033290863037},{"calorie":0.0,"count":0,"distance":0.0,"speed":0.0},{"calorie":6.379999935626984,"count":126,"distance":91.5999984741211,"speed":4.9669599533081055},{"calorie":20.399999976158142,"count":343,"distance":270.8999972343445,"speed":5.891194820404053},{"calorie":5.460000067949295,"count":105,"distance":75.47999978065491,"speed":4.575963020324707},{"calorie":26.62999999523163,"count":530,"distance":382.1000328063965,"speed":4.659465312957764},{"calorie":0.8799999952316284,"count":17,"distance":11.949999809265137,"speed":4.199999809265137},{"calorie":1.4499996900558472,"count":29,"distance":21.079994201660156,"speed":4.813509464263916},{"calorie":3.459999203681946,"count":68,"distance":48.039995193481445,"speed":4.21235466003418},{"calorie":0.0,"count":0,"distance":0.0,"speed":0.0},{"calorie":0.0,"count":0,"distance":0.0,"speed":0.0},{"calorie":0.5099999904632568,"count":10,"distance":7.260000228881836,"speed":4.700000286102295},{"calorie":1.770000010728836,"count":34,"distance":24.09000062942505,"speed":4.280738353729248},{"calorie":0.0,"count":0,"distance":0.0,"speed":0.0},{"calorie":4.319999098777771,"count":85,"distance":60.29998970031738,"speed":4.258957862854004},{"calorie":0.0,"count":0,"distance":0.0,"speed":0.0},{"calorie":0.0,"count":0,"distance":0.0,"speed":0.0},{"calorie":0.0,"count":0,"distance":0.0,"speed":0.0},{"calorie":0.0,"count":0,"distance":0.0,"speed":0.0},{"calorie":0.0,"count":0,"distance":0.0,"speed":0.0},{"calorie":0.0,"count":0,"distance":0.0,"speed":0.0},{"calorie":0.0,"count":0,"distance":0.0,"speed":0.0}]