[{"calorie":0.0,"count":0,"distance":0.0,"speed":0.0},{"calorie":0.0,"count":0,"distance":0.0,"speed":0.0},{"calorie":0.0,"count":0,"distance":0.0,"speed":0.0},{"calorie":0.0,"count":0,"distance":0.0,"speed":0.0},{"calorie":0.0,"count":0,"distance":0.0,"speed":0.0},{"calorie":0.0,"count":0,"distance":0.0,"speed":0.0},{"calorie":0.0,"count":0,"distance":0.0,"speed":0.0},{"calorie":0.0,"count":0,"distance":0.0,"speed":0.0},{"calorie":0.0,"count":0,"distance":0.0,"speed":0.0},{"calorie":0.0,"count":0,"distance":0.0,"speed":0.0},{"calorie":0.0,"count":0,"distance":0.0,"speed":0.0},{"calorie":0.0,"count":0,"distance":0.0,"speed":0.0},{"calorie":0.0,"count":0,"distance":0.0,"speed":0.0},{"calorie":0.0,"count":0,"distance":0.0,"speed":0.0},{"calorie":0.0,"count":0,"distance":0.0,"speed":0.0},{"calorie":0.0,"count":0,"distance":0.0,"speed":0.0},{"calorie":0.0,"count":0,"distance":0.0,"speed":0.0},{"calorie":0.0,"count":0,"distance":0.0,"speed":0.0},{"calorie":0.0,"count":0,"distance":0.0,"speed":0.0},{"calorie":0.0,"count":0,"distance":0.0,"speed":0.0},{"calorie":0.0,"count":0,"distance":0.0,"speed":0.0},{"calorie":0.0,"count":0,"distance":0.0,"speed":0.0},{"calorie":0.0,"count":0,"distance":0.0,"speed":0.0},{"calorie":0.0,"count":0,"distance":0.0,"speed":0.0},{"calorie":0.0,"count":0,"distance":0.0,"speed":0.0},{"calorie":0.0,"count":0,"distance":0.0,"speed":0.0},{"calorie":0.0,"count":0,"distance":0.0,"speed":0.0},{"calorie":0.0,"count":0,"distance":0.0,"speed":0.0},{"calorie":0.0,"count":0,"distance":0.0,"speed":0.0},{"calorie":0.0,"count":0,"distance":0.0,"speed":0.0},{"calorie":0.0,"count":0,"distance":0.0,"speed":0.0},{"calorie":0.0,"count":0,"distance":0.0,"speed":0.0},{"calorie":0.0,"count":0,"distance":0.0,"speed":0.0},{"calorie":0.0,"count":0,"distance":0.0,"speed":0.0},{"calorie":0.0,"count":0,"distance":0.0,"speed":0.0},{"calorie":0.0,"count":0,"distance":0.0,"speed":0.0},{"calorie":0.0,"count":0,"distance":0.0,"speed":0.0},{"calorie":0.0,"count":0,"distance":0.0,"speed":0.0},{"calorie":0.0,"count":0,"distance":0.0,"speed":0.0},{"calorie":0.0,"count":0,"distance":0.0,"speed":0.0},{"calorie":0.0,"count":0,"distance":0.0,"speed":0.0},{"calorie":0.0,"count":0,"distance":0.0,"speed":0.0},{"calorie":0.0,"count":0,"distance":0.0,"speed":0.0},{"calorie":0.0,"count":0,"distance":0.0,"speed":0.0},{"calorie":0.0,"count":0,"distance":0.0,"speed":0.0},{"calorie":0.0,"count":0,"distance":0.0,"speed":0.0},{"calorie":0.25999999046325684,"count":7,"distance":5.050000190734863,"speed":3.700000047683716},{"calorie":2.1100000143051147,"count":57,"distance":41.73999786376953,"speed":4.212077617645264},{"calorie":2.7600000500679016,"count":73,"distance":52.90000057220459,"speed":3.6535706520080566},{"calorie":1.0699999630451202,"count":30,"distance":21.449999809265137,"speed":3.7222485542297363},{"calorie":6.28000009059906,"count":166,"distance":121.75,"speed":3.8730990886688232},{"calorie":5.8399999141693115,"count":154,"distance":113.39999961853027,"speed":4.130295753479004},{"calorie":2.6200000047683716,"count":69,"distance":51.09000015258789,"speed":4.1818952560424805},{"calorie":5.779999911785126,"count":154,"distance":112.2900013923645,"speed":3.918468713760376},{"calorie":4.259999871253967,"count":115,"distance":85.88999652862549,"speed":4.696242332458496},{"calorie":5.830000042915344,"count":170,"distance":128.27999925613403,"speed":4.697842121124268},{"calorie":0.0,"count":0,"distance":0.0,"speed":0.0},{"calorie":0.0,"count":0,"distance":0.0,"speed":0.0},{"calorie":0.0,"count":0,"distance":0.0,"speed":0.0},{"calorie":0.0,"count":0,"distance":0.0,"speed":0.0},{"calorie":8.20999994687736,"count":222,"distance":166.28999429941177,"speed":4.6090497970581055},{"calorie":4.759999953210354,"count":126,"distance":93.6999990940094,"speed":4.446691989898682},{"calorie":0.0,"count":0,"distance":0.0,"speed":0.0},{"calorie":0.6700000166893005,"count":18,"distance":12.949999809265137,"speed":4.0},{"calorie":0.0,"count":0,"distance":0.0,"speed":0.0},{"calorie":0.75,"count":20,"distance":14.59000015258789,"speed":3.864658832550049},{"calorie":1.7900000214576721,"count":50,"distance":37.28000068664551,"speed":4.390477180480957},{"calorie":0.20999999344348907,"count":6,"distance":4.539999961853027,"speed":4.700000286102295},{"calorie":4.949999392032623,"count":129,"distance":96.1200156211853,"speed":4.506069183349609},{"calorie":2.2300000190734863,"count":60,"distance":43.999993324279785,"speed":4.172386169433594},{"calorie":8.3299999833107,"count":224,"distance":165.82999897003174,"speed":4.242673873901367},{"calorie":1.6399999558925629,"count":45,"distance":33.68000078201294,"speed":4.610811233520508},{"calorie":3.8299998193979263,"count":107,"distance":80.99999952316284,"speed":4.878448009490967},{"calorie":17.570000022649765,"count":495,"distance":375.8900079727173,"speed":4.929909706115723},{"calorie":11.640000224113464,"count":317,"distance":238.6099877357483,"speed":4.50992488861084},{"calorie":0.0,"count":0,"distance":0.0,"speed":0.0},{"calorie":0.0,"count":0,"distance":0.0,"speed":0.0},{"calorie":0.0,"count":0,"distance":0.0,"speed":0.0},{"calorie":0.8200000524520874,"count":23,"distance":17.349998474121094,"speed":4.464907169342041},{"calorie":0.0,"count":0,"distance":0.0,"speed":0.0},{"calorie":0.0,"count":0,"distance":0.0,"speed":0.0},{"calorie":0.2199999988079071,"count":6,"distance":4.340000152587891,"speed":5.899999618530273},{"calorie":0.0,"count":0,"distance":0.0,"speed":0.0},{"calorie":5.2299999594688416,"count":141,"distance":102.84999990463257,"speed":3.8522703647613525},{"calorie":3.299999952316284,"count":93,"distance":70.93000030517578,"speed":4.687465190887451},{"calorie":0.0,"count":0,"distance":0.0,"speed":0.0},{"calorie":2.4799998998641968,"count":68,"distance":50.72000312805176,"speed":4.704495429992676},{"calorie":3.2300000190734863,"count":89,"distance":65.71999454498291,"speed":4.198024272918701},{"calorie":3.8200000524520874,"count":104,"distance":78.37000179290771,"speed":4.69871187210083},{"calorie":6.3799998462200165,"count":170,"distance":125.41999435424805,"speed":4.293985843658447},{"calorie":2.4300000071525574,"count":66,"distance":48.849998474121094,"speed":4.42676305770874},{"calorie":3.999999612569809,"count":115,"distance":87.68999814987183,"speed":4.964987754821777},{"calorie":3.7300000488758087,"count":104,"distance":77.739999294281,"speed":4.466165065765381},{"calorie":8.910000026226044,"count":239,"distance":175.84999656677246,"speed":4.2161078453063965},{"calorie":2.660000115633011,"count":73,"distance":54.23999786376953,"speed":4.369853973388672},{"calorie":0.0,"count":0,"distance":0.0,"speed":0.0},{"calorie":2.300000011920929,"count":62,"distance":44.94999980926514,"speed":3.954796314239502},{"calorie":2.5000000596046448,"count":68,"distance":50.589999198913574,"speed":4.316834926605225},{"calorie":2.049999713897705,"count":54,"distance":40.140010833740234,"speed":4.62781286239624},{"calorie":8.450000077486038,"count":225,"distance":164.55999994277954,"speed":4.113422393798828},{"calorie":11.959999144077301,"count":316,"distance":231.92998790740967,"speed":4.118013858795166},{"calorie":5.229999899864197,"count":141,"distance":102.96999549865723,"speed":4.100031852722168},{"calorie":3.3299993574619293,"count":86,"distance":62.48999261856079,"speed":3.9542834758758545},{"calorie":11.669999122619629,"count":308,"distance":226.0400104522705,"speed":4.097657680511475},{"calorie":6.179999887943268,"count":168,"distance":125.55000114440918,"speed":4.428236961364746},{"calorie":1.449999988079071,"count":39,"distance":28.610000610351562,"speed":4.332829475402832},{"calorie":0.5799999833106995,"count":15,"distance":11.200000762939453,"speed":4.802670478820801},{"calorie":1.5,"count":40,"distance":29.450000762939453,"speed":4.32854700088501},{"calorie":11.489998459815979,"count":297,"distance":212.78001022338867,"speed":3.5700132846832275},{"calorie":0.0,"count":0,"distance":0.0,"speed":0.0},{"calorie":0.8299999758601189,"count":22,"distance":16.149999141693115,"speed":4.387540340423584},{"calorie":0.0,"count":0,"distance":0.0,"speed":0.0},{"calorie":0.0,"count":0,"distance":0.0,"speed":0.0},{"calorie":0.0,"count":0,"distance":0.0,"speed":0.0},{"calorie":0.699999988079071,"count":20,"distance":15.329999923706055,"speed":4.900000095367432},{"calorie":0.0,"count":0,"distance":0.0,"speed":0.0},{"calorie":0.2199999988079071,"count":6,"distance":4.210000038146973,"speed":3.200000047683716},{"calorie":1.9000000357627869,"count":51,"distance":37.210002422332764,"speed":4.005234718322754},{"calorie":15.18999993801117,"count":419,"distance":315.80999851226807,"speed":4.6569623947143555},{"calorie":16.19999986886978,"count":422,"distance":313.8400001525879,"speed":4.393439769744873},{"calorie":6.4400001764297485,"count":165,"distance":123.35000038146973,"speed":4.595152854919434},{"calorie":21.359999775886536,"count":570,"distance":420.91000175476074,"speed":4.149655342102051},{"calorie":5.500000089406967,"count":147,"distance":107.17999982833862,"speed":3.8419721126556396},{"calorie":1.399999976158142,"count":30,"distance":25.269999980926514,"speed":5.742037296295166},{"calorie":0.0,"count":0,"distance":0.0,"speed":0.0},{"calorie":0.25999999046325684,"count":7,"distance":5.070000171661377,"speed":3.6706268787384033},{"calorie":0.0,"count":0,"distance":0.0,"speed":0.0},{"calorie":0.0,"count":0,"distance":0.0,"speed":0.0},{"calorie":0.0,"count":0,"distance":0.0,"speed":0.0},{"calorie":1.6900000274181366,"count":44,"distance":32.35999011993408,"speed":4.213427543640137},{"calorie":0.28999999165534973,"count":8,"distance":5.909999847412109,"speed":4.700000286102295},{"calorie":0.0,"count":0,"distance":0.0,"speed":0.0},{"calorie":0.0,"count":0,"distance":0.0,"speed":0.0},{"calorie":0.30000001192092896,"count":8,"distance":5.619999885559082,"speed":3.3000001907348633},{"calorie":0.0,"count":0,"distance":0.0,"speed":0.0},{"calorie":0.0,"count":0,"distance":0.0,"speed":0.0},{"calorie":0.0,"count":0,"distance":0.0,"speed":0.0},{"calorie":0.0,"count":0,"distance":0.0,"speed":0.0},{"calorie":0.0,"count":0,"distance":0.0,"speed":0.0},{"calorie":0.0,"count":0,"distance":0.0,"speed":0.0},{"calorie":0.0,"count":0,"distance":0.0,"speed":0.0},{"calorie":0.0,"count":0,"distance":0.0,"speed":0.0},{"calorie":0.0,"count":0,"distance":0.0,"speed":0.0},{"calorie":0.0,"count":0,"distance":0.0,"speed":0.0}]