[{"calorie":0.0,"count":0,"distance":0.0,"speed":0.0},{"calorie":0.0,"count":0,"distance":0.0,"speed":0.0},{"calorie":0.0,"count":0,"distance":0.0,"speed":0.0},{"calorie":0.0,"count":0,"distance":0.0,"speed":0.0},{"calorie":0.0,"count":0,"distance":0.0,"speed":0.0},{"calorie":0.0,"count":0,"distance":0.0,"speed":0.0},{"calorie":0.0,"count":0,"distance":0.0,"speed":0.0},{"calorie":0.0,"count":0,"distance":0.0,"speed":0.0},{"calorie":0.0,"count":0,"distance":0.0,"speed":0.0},{"calorie":0.0,"count":0,"distance":0.0,"speed":0.0},{"calorie":0.0,"count":0,"distance":0.0,"speed":0.0},{"calorie":0.0,"count":0,"distance":0.0,"speed":0.0},{"calorie":0.0,"count":0,"distance":0.0,"speed":0.0},{"calorie":0.0,"count":0,"distance":0.0,"speed":0.0},{"calorie":0.0,"count":0,"distance":0.0,"speed":0.0},{"calorie":0.0,"count":0,"distance":0.0,"speed":0.0},{"calorie":0.0,"count":0,"distance":0.0,"speed":0.0},{"calorie":0.0,"count":0,"distance":0.0,"speed":0.0},{"calorie":0.0,"count":0,"distance":0.0,"speed":0.0},{"calorie":0.0,"count":0,"distance":0.0,"speed":0.0},{"calorie":0.0,"count":0,"distance":0.0,"speed":0.0},{"calorie":0.0,"count":0,"distance":0.0,"speed":0.0},{"calorie":0.0,"count":0,"distance":0.0,"speed":0.0},{"calorie":0.0,"count":0,"distance":0.0,"speed":0.0},{"calorie":0.0,"count":0,"distance":0.0,"speed":0.0},{"calorie":0.0,"count":0,"distance":0.0,"speed":0.0},{"calorie":0.0,"count":0,"distance":0.0,"speed":0.0},{"calorie":0.0,"count":0,"distance":0.0,"speed":0.0},{"calorie":0.0,"count":0,"distance":0.0,"speed":0.0},{"calorie":0.0,"count":0,"distance":0.0,"speed":0.0},{"calorie":0.0,"count":0,"distance":0.0,"speed":0.0},{"calorie":0.0,"count":0,"distance":0.0,"speed":0.0},{"calorie":0.0,"count":0,"distance":0.0,"speed":0.0},{"calorie":0.0,"count":0,"distance":0.0,"speed":0.0},{"calorie":0.0,"count":0,"distance":0.0,"speed":0.0},{"calorie":0.0,"count":0,"distance":0.0,"speed":0.0},{"calorie":0.7855194807052612,"count":13,"distance":9.893144607543945,"speed":3.4523534774780273},{"calorie":0.0,"count":0,"distance":0.0,"speed":0.0},{"calorie":7.088640332221985,"count":118,"distance":90.98602867126465,"speed":4.912492275238037},{"calorie":0.0,"count":0,"distance":0.0,"speed":0.0},{"calorie":0.0,"count":0,"distance":0.0,"speed":0.0},{"calorie":0.0,"count":0,"distance":0.0,"speed":0.0},{"calorie":0.0,"count":0,"distance":0.0,"speed":0.0},{"calorie":2.280684471130371,"count":38,"distance":29.34728240966797,"speed":5.179657936096191},{"calorie":0.0,"count":0,"distance":0.0,"speed":0.0},{"calorie":0.0,"count":0,"distance":0.0,"speed":0.0},{"calorie":2.746668815612793,"count":46,"distance":36.15852355957031,"speed":4.934535980224609},{"calorie":4.622797966003418,"count":77,"distance":59.578216552734375,"speed":4.944336414337158},{"calorie":8.834857940673828,"count":147,"distance":113.267822265625,"speed":5.198419094085693},{"calorie":3.7076759338378906,"count":62,"distance":48.518310546875,"speed":5.4209160804748535},{"calorie":0.0,"count":0,"distance":0.0,"speed":0.0},{"calorie":0.0,"count":0,"distance":0.0,"speed":0.0},{"calorie":0.0,"count":0,"distance":0.0,"speed":0.0},{"calorie":0.5414676666259766,"count":9,"distance":6.92236328125,"speed":5.117036819458008},{"calorie":0.0,"count":0,"distance":0.0,"speed":0.0},{"calorie":1.1442298889160156,"count":19,"distance":14.564056396484375,"speed":5.0366740226745605},{"calorie":0.0,"count":0,"distance":0.0,"speed":0.0},{"calorie":0.0,"count":0,"distance":0.0,"speed":0.0},{"calorie":0.0,"count":0,"distance":0.0,"speed":0.0},{"calorie":0.0,"count":0,"distance":0.0,"speed":0.0},{"calorie":0.0,"count":0,"distance":0.0,"speed":0.0},{"calorie":0.0,"count":0,"distance":0.0,"speed":0.0},{"calorie":10.119817733764648,"count":169,"distance":131.46334838867188,"speed":5.489990234375},{"calorie":0.3615684509277344,"count":6,"distance":4.57513427734375,"speed":2.4143946170806885},{"calorie":0.0,"count":0,"distance":0.0,"speed":0.0},{"calorie":0.0,"count":0,"distance":0.0,"speed":0.0},{"calorie":14.389568328857422,"count":240,"distance":189.71221923828125,"speed":5.4965410232543945},{"calorie":0.0,"count":0,"distance":0.0,"speed":0.0},{"calorie":3.3547439575195312,"count":56,"distance":43.6204833984375,"speed":4.462553977966309},{"calorie":0.0,"count":0,"distance":0.0,"speed":0.0},{"calorie":2.767536163330078,"count":46,"distance":35.20587158203125,"speed":4.998818874359131},{"calorie":0.0,"count":0,"distance":0.0,"speed":0.0},{"calorie":0.0,"count":0,"distance":0.0,"speed":0.0},{"calorie":6.243350982666016,"count":104,"distance":81.4127197265625,"speed":4.03767204284668},{"calorie":0.36098480224609375,"count":6,"distance":4.58734130859375,"speed":2.46380352973938},{"calorie":0.0,"count":0,"distance":0.0,"speed":0.0},{"calorie":0.0,"count":0,"distance":0.0,"speed":0.0},{"calorie":0.0,"count":0,"distance":0.0,"speed":0.0},{"calorie":0.0,"count":0,"distance":0.0,"speed":0.0},{"calorie":0.0,"count":0,"distance":0.0,"speed":0.0},{"calorie":0.0,"count":0,"distance":0.0,"speed":0.0},{"calorie":0.0,"count":0,"distance":0.0,"speed":0.0},{"calorie":0.0,"count":0,"distance":0.0,"speed":0.0},{"calorie":0.0,"count":0,"distance":0.0,"speed":0.0},{"calorie":0.0,"count":0,"distance":0.0,"speed":0.0},{"calorie":0.0,"count":0,"distance":0.0,"speed":0.0},{"calorie":0.0,"count":0,"distance":0.0,"speed":0.0},{"calorie":0.0,"count":0,"distance":0.0,"speed":0.0},{"calorie":0.0,"count":0,"distance":0.0,"speed":0.0},{"calorie":0.0,"count":0,"distance":0.0,"speed":0.0},{"calorie":0.0,"count":0,"distance":0.0,"speed":0.0},{"calorie":0.0,"count":0,"distance":0.0,"speed":0.0},{"calorie":0.0,"count":0,"distance":0.0,"speed":0.0},{"calorie":0.0,"count":0,"distance":0.0,"speed":0.0},{"calorie":0.0,"count":0,"distance":0.0,"speed":0.0},{"calorie":0.0,"count":0,"distance":0.0,"speed":0.0},{"calorie":0.0,"count":0,"distance":0.0,"speed":0.0},{"calorie":0.5587158203125,"count":9,"distance":6.543701171875,"speed":3.554452419281006},{"calorie":4.451454162597656,"count":73,"distance":54.53192138671875,"speed":3.8587284088134766},{"calorie":2.59906005859375,"count":43,"distance":32.6353759765625,"speed":4.774202346801758},{"calorie":11.693603515625,"count":193,"distance":146.32318115234375,"speed":4.776304721832275},{"calorie":8.945198059082031,"count":150,"distance":119.1112060546875,"speed":4.372152328491211},{"calorie":0.0,"count":0,"distance":0.0,"speed":0.0},{"calorie":0.0,"count":0,"distance":0.0,"speed":0.0},{"calorie":0.0,"count":0,"distance":0.0,"speed":0.0},{"calorie":9.173965454101562,"count":152,"distance":116.3974609375,"speed":4.726319313049316},{"calorie":2.1787567138671875,"count":36,"distance":27.309326171875,"speed":4.488460540771484},{"calorie":5.988914489746094,"count":100,"distance":77.6383056640625,"speed":5.379027366638184},{"calorie":0.0,"count":0,"distance":0.0,"speed":0.0},{"calorie":3.3468399047851562,"count":55,"distance":41.10302734375,"speed":4.658441543579102},{"calorie":0.0,"count":0,"distance":0.0,"speed":0.0},{"calorie":2.1851348876953125,"count":36,"distance":27.1865234375,"speed":4.953401565551758},{"calorie":7.8529815673828125,"count":130,"distance":99.5189208984375,"speed":4.586812496185303},{"calorie":0.0,"count":0,"distance":0.0,"speed":0.0},{"calorie":5.9635162353515625,"count":100,"distance":79.2037353515625,"speed":5.401092529296875},{"calorie":0.0,"count":0,"distance":0.0,"speed":0.0},{"calorie":0.8327178955078125,"count":13,"distance":9.1693115234375,"speed":3.2211062908172607},{"calorie":1.7514801025390625,"count":29,"distance":22.0284423828125,"speed":3.9763731956481934},{"calorie":0.0,"count":0,"distance":0.0,"speed":0.0},{"calorie":0.0,"count":0,"distance":0.0,"speed":0.0},{"calorie":0.0,"count":0,"distance":0.0,"speed":0.0},{"calorie":0.0,"count":0,"distance":0.0,"speed":0.0},{"calorie":0.726593017578125,"count":12,"distance":9.08447265625,"speed":5.517571449279785},{"calorie":0.0,"count":0,"distance":0.0,"speed":0.0},{"calorie":0.43243408203125,"count":7,"distance":5.1158447265625,"speed":3.537221908569336},{"calorie":0.0,"count":0,"distance":0.0,"speed":0.0},{"calorie":0.0,"count":0,"distance":0.0,"speed":0.0},{"calorie":0.0,"count":0,"distance":0.0,"speed":0.0},{"calorie":0.0,"count":0,"distance":0.0,"speed":0.0},{"calorie":0.0,"count":0,"distance":0.0,"speed":0.0},{"calorie":0.0,"count":0,"distance":0.0,"speed":0.0},{"calorie":0.0,"count":0,"distance":0.0,"speed":0.0},{"calorie":0.0,"count":0,"distance":0.0,"speed":0.0},{"calorie":0.0,"count":0,"distance":0.0,"speed":0.0},{"calorie":0.0,"count":0,"distance":0.0,"speed":0.0},{"calorie":0.0,"count":0,"distance":0.0,"speed":0.0},{"calorie":0.0,"count":0,"distance":0.0,"speed":0.0},{"calorie":0.0,"count":0,"distance":0.0,"speed":0.0},{"calorie":0.0,"count":0,"distance":0.0,"speed":0.0},{"calorie":0.0,"count":0,"distance":0.0,"speed":0.0},{"calorie":0.0,"count":0,"distance":0.0,"speed":0.0},{"calorie":0.0,"count":0,"distance":0.0,"speed":0.0},{"calorie":0.0,"count":0,"distance":0.0,"speed":0.0},{"calorie":0.0,"count":0,"distance":0.0,"speed":0.0}]