[{"calorie":0.0,"count":0,"distance":0.0,"speed":0.0},{"calorie":0.0,"count":0,"distance":0.0,"speed":0.0},{"calorie":0.0,"count":0,"distance":0.0,"speed":0.0},{"calorie":0.0,"count":0,"distance":0.0,"speed":0.0},{"calorie":0.0,"count":0,"distance":0.0,"speed":0.0},{"calorie":0.0,"count":0,"distance":0.0,"speed":0.0},{"calorie":0.0,"count":0,"distance":0.0,"speed":0.0},{"calorie":0.0,"count":0,"distance":0.0,"speed":0.0},{"calorie":0.0,"count":0,"distance":0.0,"speed":0.0},{"calorie":0.0,"count":0,"distance":0.0,"speed":0.0},{"calorie":0.0,"count":0,"distance":0.0,"speed":0.0},{"calorie":0.0,"count":0,"distance":0.0,"speed":0.0},{"calorie":0.0,"count":0,"distance":0.0,"speed":0.0},{"calorie":0.0,"count":0,"distance":0.0,"speed":0.0},{"calorie":0.0,"count":0,"distance":0.0,"speed":0.0},{"calorie":0.0,"count":0,"distance":0.0,"speed":0.0},{"calorie":0.0,"count":0,"distance":0.0,"speed":0.0},{"calorie":0.0,"count":0,"distance":0.0,"speed":0.0},{"calorie":0.0,"count":0,"distance":0.0,"speed":0.0},{"calorie":0.0,"count":0,"distance":0.0,"speed":0.0},{"calorie":0.0,"count":0,"distance":0.0,"speed":0.0},{"calorie":0.0,"count":0,"distance":0.0,"speed":0.0},{"calorie":0.0,"count":0,"distance":0.0,"speed":0.0},{"calorie":0.0,"count":0,"distance":0.0,"speed":0.0},{"calorie":0.0,"count":0,"distance":0.0,"speed":0.0},{"calorie":0.0,"count":0,"distance":0.0,"speed":0.0},{"calorie":0.0,"count":0,"distance":0.0,"speed":0.0},{"calorie":0.0,"count":0,"distance":0.0,"speed":0.0},{"calorie":0.0,"count":0,"distance":0.0,"speed":0.0},{"calorie":0.0,"count":0,"distance":0.0,"speed":0.0},{"calorie":0.0,"count":0,"distance":0.0,"speed":0.0},{"calorie":0.0,"count":0,"distance":0.0,"speed":0.0},{"calorie":0.0,"count":0,"distance":0.0,"speed":0.0},{"calorie":0.0,"count":0,"distance":0.0,"speed":0.0},{"calorie":0.0,"count":0,"distance":0.0,"speed":0.0},{"calorie":0.0,"count":0,"distance":0.0,"speed":0.0},{"calorie":0.0,"count":0,"distance":0.0,"speed":0.0},{"calorie":0.0,"count":0,"distance":0.0,"speed":0.0},{"calorie":0.0,"count":0,"distance":0.0,"speed":0.0},{"calorie":0.0,"count":0,"distance":0.0,"speed":0.0},{"calorie":0.0,"count":0,"distance":0.0,"speed":0.0},{"calorie":0.0,"count":0,"distance":0.0,"speed":0.0},{"calorie":0.0,"count":0,"distance":0.0,"speed":0.0},{"calorie":0.0,"count":0,"distance":0.0,"speed":0.0},{"calorie":0.0,"count":0,"distance":0.0,"speed":0.0},{"calorie":0.0,"count":0,"distance":0.0,"speed":0.0},{"calorie":0.5600000023841858,"count":16,"distance":11.599998474121094,"speed":4.1430864334106445},{"calorie":3.8899999856948853,"count":106,"distance":79.72000074386597,"speed":4.5283894538879395},{"calorie":4.28000009059906,"count":114,"distance":82.00000190734863,"speed":3.634744644165039},{"calorie":0.0,"count":0,"distance":0.0,"speed":0.0},{"calorie":0.0,"count":0,"distance":0.0,"speed":0.0},{"calorie":0.0,"count":0,"distance":0.0,"speed":0.0},{"calorie":5.429999798536301,"count":147,"distance":109.0700011253357,"speed":4.248729705810547},{"calorie":0.0,"count":0,"distance":0.0,"speed":0.0},{"calorie":0.6099999845027924,"count":16,"distance":12.010000228881836,"speed":4.600000381469727},{"calorie":3.5999999344348907,"count":98,"distance":72.13000059127808,"speed":4.12436056137085},{"calorie":0.0,"count":0,"distance":0.0,"speed":0.0},{"calorie":0.0,"count":0,"distance":0.0,"speed":0.0},{"calorie":0.0,"count":0,"distance":0.0,"speed":0.0},{"calorie":0.0,"count":0,"distance":0.0,"speed":0.0},{"calorie":0.23999999463558197,"count":7,"distance":5.519999980926514,"speed":6.3000006675720215},{"calorie":0.0,"count":0,"distance":0.0,"speed":0.0},{"calorie":0.0,"count":0,"distance":0.0,"speed":0.0},{"calorie":0.0,"count":0,"distance":0.0,"speed":0.0},{"calorie":0.0,"count":0,"distance":0.0,"speed":0.0},{"calorie":0.0,"count":0,"distance":0.0,"speed":0.0},{"calorie":0.0,"count":0,"distance":0.0,"speed":0.0},{"calorie":0.4000000059604645,"count":12,"distance":8.6899995803833,"speed":4.400000095367432},{"calorie":0.0,"count":0,"distance":0.0,"speed":0.0},{"calorie":0.0,"count":0,"distance":0.0,"speed":0.0},{"calorie":0.0,"count":0,"distance":0.0,"speed":0.0},{"calorie":0.0,"count":0,"distance":0.0,"speed":0.0},{"calorie":0.0,"count":0,"distance":0.0,"speed":0.0},{"calorie":4.820000037550926,"count":128,"distance":94.38000011444092,"speed":4.122742176055908},{"calorie":11.279999732971191,"count":306,"distance":229.229998588562,"speed":4.507475852966309},{"calorie":0.0,"count":0,"distance":0.0,"speed":0.0},{"calorie":0.4000000059604645,"count":12,"distance":8.779999732971191,"speed":4.400000095367432},{"calorie":0.0,"count":0,"distance":0.0,"speed":0.0},{"calorie":1.1400001049041748,"count":31,"distance":22.869999408721924,"speed":4.102693557739258},{"calorie":0.0,"count":0,"distance":0.0,"speed":0.0},{"calorie":0.0,"count":0,"distance":0.0,"speed":0.0},{"calorie":1.1000001430511475,"count":31,"distance":23.079999923706055,"speed":4.516708850860596},{"calorie":0.25,"count":7,"distance":5.300000190734863,"speed":5.17034387588501},{"calorie":5.179999738931656,"count":139,"distance":102.17998933792114,"speed":4.178550720214844},{"calorie":1.1299999952316284,"count":31,"distance":22.789999961853027,"speed":4.133191108703613},{"calorie":0.5299999713897705,"count":15,"distance":11.239999771118164,"speed":4.400000095367432},{"calorie":9.350000232458115,"count":257,"distance":191.76000118255615,"speed":4.479801654815674},{"calorie":1.090000033378601,"count":30,"distance":22.239999771118164,"speed":4.799999713897705},{"calorie":3.6100000143051147,"count":101,"distance":76.18999862670898,"speed":4.807190418243408},{"calorie":12.639999985694885,"count":335,"distance":247.52999877929688,"speed":4.799735069274902},{"calorie":3.4400001168251038,"count":95,"distance":72.0,"speed":4.840109825134277},{"calorie":0.0,"count":0,"distance":0.0,"speed":0.0},{"calorie":0.0,"count":0,"distance":0.0,"speed":0.0},{"calorie":8.210000276565552,"count":218,"distance":162.56000137329102,"speed":4.307918071746826},{"calorie":13.919996619224548,"count":378,"distance":286.52999687194824,"speed":4.8848443031311035},{"calorie":12.169998407363892,"count":325,"distance":243.56002044677734,"speed":4.543826103210449},{"calorie":17.609998285770416,"count":453,"distance":332.8300037384033,"speed":4.102377414703369},{"calorie":3.0800000429153442,"count":87,"distance":64.97999954223633,"speed":4.8177313804626465},{"calorie":0.0,"count":0,"distance":0.0,"speed":0.0},{"calorie":2.1599999368190765,"count":58,"distance":43.65000057220459,"speed":4.733299732208252},{"calorie":3.149999961256981,"count":89,"distance":68.03000020980835,"speed":5.026878356933594},{"calorie":0.5299999713897705,"count":15,"distance":11.140000343322754,"speed":4.5},{"calorie":0.0,"count":0,"distance":0.0,"speed":0.0},{"calorie":0.0,"count":0,"distance":0.0,"speed":0.0},{"calorie":3.6600000262260437,"count":100,"distance":74.89999961853027,"speed":4.536083698272705},{"calorie":5.309999957680702,"count":150,"distance":114.05999970436096,"speed":4.896027088165283},{"calorie":9.879999816417694,"count":276,"distance":210.44000053405762,"speed":5.004039287567139},{"calorie":10.110000014305115,"count":303,"distance":233.0900011062622,"speed":5.307652950286865},{"calorie":5.1600000858306885,"count":165,"distance":129.20000076293945,"speed":5.7132649421691895},{"calorie":0.0,"count":0,"distance":0.0,"speed":0.0},{"calorie":0.0,"count":0,"distance":0.0,"speed":0.0},{"calorie":0.0,"count":0,"distance":0.0,"speed":0.0},{"calorie":2.8500000834465027,"count":76,"distance":57.28999900817871,"speed":4.670325756072998},{"calorie":6.299999982118607,"count":171,"distance":126.48999977111816,"speed":4.324743747711182},{"calorie":3.790000021457672,"count":101,"distance":75.11999988555908,"speed":4.581573963165283},{"calorie":7.480000078678131,"count":196,"distance":148.5300006866455,"speed":4.819633483886719},{"calorie":9.859999895095825,"count":259,"distance":192.4200038909912,"speed":4.232324600219727},{"calorie":4.759999170899391,"count":128,"distance":94.6400032043457,"speed":4.247746467590332},{"calorie":0.0,"count":0,"distance":0.0,"speed":0.0},{"calorie":0.0,"count":0,"distance":0.0,"speed":0.0},{"calorie":0.0,"count":0,"distance":0.0,"speed":0.0},{"calorie":0.0,"count":0,"distance":0.0,"speed":0.0},{"calorie":0.0,"count":0,"distance":0.0,"speed":0.0},{"calorie":0.0,"count":0,"distance":0.0,"speed":0.0},{"calorie":0.0,"count":0,"distance":0.0,"speed":0.0},{"calorie":5.359998464584351,"count":140,"distance":105.64001369476318,"speed":4.653011798858643},{"calorie":0.0,"count":0,"distance":0.0,"speed":0.0},{"calorie":0.0,"count":0,"distance":0.0,"speed":0.0},{"calorie":0.0,"count":0,"distance":0.0,"speed":0.0},{"calorie":21.170000672340393,"count":535,"distance":404.36000633239746,"speed":4.785955429077148},{"calorie":40.739999532699585,"count":1023,"distance":770.4499969482422,"speed":4.729031085968018},{"calorie":39.71999955177307,"count":995,"distance":743.310001373291,"speed":4.56551456451416},{"calorie":35.459999680519104,"count":888,"distance":660.970006942749,"speed":4.462162017822266},{"calorie":28.81000006198883,"count":734,"distance":541.9900054931641,"speed":4.294627666473389},{"calorie":0.0,"count":0,"distance":0.0,"speed":0.0},{"calorie":0.0,"count":0,"distance":0.0,"speed":0.0},{"calorie":0.0,"count":0,"distance":0.0,"speed":0.0},{"calorie":0.0,"count":0,"distance":0.0,"speed":0.0},{"calorie":0.0,"count":0,"distance":0.0,"speed":0.0},{"calorie":29.29998207092285,"count":736,"distance":546.980152130127,"speed":4.453322410583496},{"calorie":39.249985218048096,"count":984,"distance":730.5301513671875,"speed":4.4178690910339355},{"calorie":40.67999339103699,"count":1017,"distance":759.6900787353516,"speed":4.567836761474609},{"calorie":10.549998618662357,"count":270,"distance":201.06000781059265,"speed":4.463068008422852},{"calorie":1.489999920129776,"count":40,"distance":29.80000114440918,"speed":4.648487567901611}]