[{"calorie":0.0,"count":0,"distance":0.0,"speed":0.0},{"calorie":0.0,"count":0,"distance":0.0,"speed":0.0},{"calorie":0.0,"count":0,"distance":0.0,"speed":0.0},{"calorie":0.0,"count":0,"distance":0.0,"speed":0.0},{"calorie":0.0,"count":0,"distance":0.0,"speed":0.0},{"calorie":0.0,"count":0,"distance":0.0,"speed":0.0},{"calorie":0.0,"count":0,"distance":0.0,"speed":0.0},{"calorie":0.0,"count":0,"distance":0.0,"speed":0.0},{"calorie":0.0,"count":0,"distance":0.0,"speed":0.0},{"calorie":0.0,"count":0,"distance":0.0,"speed":0.0},{"calorie":0.0,"count":0,"distance":0.0,"speed":0.0},{"calorie":0.0,"count":0,"distance":0.0,"speed":0.0},{"calorie":0.0,"count":0,"distance":0.0,"speed":0.0},{"calorie":0.0,"count":0,"distance":0.0,"speed":0.0},{"calorie":0.0,"count":0,"distance":0.0,"speed":0.0},{"calorie":0.0,"count":0,"distance":0.0,"speed":0.0},{"calorie":0.0,"count":0,"distance":0.0,"speed":0.0},{"calorie":0.0,"count":0,"distance":0.0,"speed":0.0},{"calorie":0.0,"count":0,"distance":0.0,"speed":0.0},{"calorie":0.0,"count":0,"distance":0.0,"speed":0.0},{"calorie":0.0,"count":0,"distance":0.0,"speed":0.0},{"calorie":0.0,"count":0,"distance":0.0,"speed":0.0},{"calorie":0.0,"count":0,"distance":0.0,"speed":0.0},{"calorie":0.0,"count":0,"distance":0.0,"speed":0.0},{"calorie":0.0,"count":0,"distance":0.0,"speed":0.0},{"calorie":0.0,"count":0,"distance":0.0,"speed":0.0},{"calorie":0.0,"count":0,"distance":0.0,"speed":0.0},{"calorie":0.0,"count":0,"distance":0.0,"speed":0.0},{"calorie":0.0,"count":0,"distance":0.0,"speed":0.0},{"calorie":0.0,"count":0,"distance":0.0,"speed":0.0},{"calorie":0.0,"count":0,"distance":0.0,"speed":0.0},{"calorie":0.0,"count":0,"distance":0.0,"speed":0.0},{"calorie":0.0,"count":0,"distance":0.0,"speed":0.0},{"calorie":0.0,"count":0,"distance":0.0,"speed":0.0},{"calorie":0.0,"count":0,"distance":0.0,"speed":0.0},{"calorie":0.0,"count":0,"distance":0.0,"speed":0.0},{"calorie":0.0,"count":0,"distance":0.0,"speed":0.0},{"calorie":0.0,"count":0,"distance":0.0,"speed":0.0},{"calorie":5.280000001192093,"count":104,"distance":74.21000099182129,"speed":4.35853385925293},{"calorie":14.749998211860657,"count":292,"distance":210.27999687194824,"speed":4.628150939941406},{"calorie":0.0,"count":0,"distance":0.0,"speed":0.0},{"calorie":0.0,"count":0,"distance":0.0,"speed":0.0},{"calorie":0.0,"count":0,"distance":0.0,"speed":0.0},{"calorie":0.0,"count":0,"distance":0.0,"speed":0.0},{"calorie":0.0,"count":0,"distance":0.0,"speed":0.0},{"calorie":4.549999952316284,"count":90,"distance":65.57999992370605,"speed":4.810000419616699},{"calorie":2.5899999141693115,"count":51,"distance":36.96999931335449,"speed":4.278709888458252},{"calorie":11.679999828338623,"count":227,"distance":166.30999755859375,"speed":4.976472854614258},{"calorie":2.6299999356269836,"count":52,"distance":37.46999931335449,"speed":4.5},{"calorie":0.0,"count":0,"distance":0.0,"speed":0.0},{"calorie":0.0,"count":0,"distance":0.0,"speed":0.0},{"calorie":0.0,"count":0,"distance":0.0,"speed":0.0},{"calorie":0.0,"count":0,"distance":0.0,"speed":0.0},{"calorie":13.299999833106995,"count":264,"distance":190.48000192642212,"speed":4.726513385772705},{"calorie":10.790000855922699,"count":215,"distance":156.2500123977661,"speed":4.735967636108398},{"calorie":1.060000091791153,"count":20,"distance":13.400001525878906,"speed":3.138115644454956},{"calorie":0.0,"count":0,"distance":0.0,"speed":0.0},{"calorie":2.1800000071525574,"count":43,"distance":29.889999866485596,"speed":3.7653982639312744},{"calorie":0.0,"count":0,"distance":0.0,"speed":0.0},{"calorie":0.0,"count":0,"distance":0.0,"speed":0.0},{"calorie":2.8299999237060547,"count":56,"distance":40.13999938964844,"speed":4.506749153137207},{"calorie":0.0,"count":0,"distance":0.0,"speed":0.0},{"calorie":0.0,"count":0,"distance":0.0,"speed":0.0},{"calorie":13.500000059604645,"count":269,"distance":193.49999618530273,"speed":4.565486907958984},{"calorie":0.9399999976158142,"count":18,"distance":13.399999618530273,"speed":4.5},{"calorie":0.0,"count":0,"distance":0.0,"speed":0.0},{"calorie":0.0,"count":0,"distance":0.0,"speed":0.0},{"calorie":0.9300000071525574,"count":18,"distance":12.680000305175781,"speed":4.400000095367432},{"calorie":5.299999833106995,"count":105,"distance":75.46999931335449,"speed":4.43706750869751},{"calorie":0.3100000023841858,"count":6,"distance":4.369999885559082,"speed":4.799999713897705},{"calorie":0.4099999964237213,"count":8,"distance":5.739999771118164,"speed":4.494616508483887},{"calorie":8.919999361038208,"count":177,"distance":127.16999530792236,"speed":4.53400993347168},{"calorie":13.87000060081482,"count":275,"distance":197.1400089263916,"speed":4.450263023376465},{"calorie":0.0,"count":0,"distance":0.0,"speed":0.0},{"calorie":0.0,"count":0,"distance":0.0,"speed":0.0},{"calorie":0.0,"count":0,"distance":0.0,"speed":0.0},{"calorie":0.0,"count":0,"distance":0.0,"speed":0.0},{"calorie":0.0,"count":0,"distance":0.0,"speed":0.0},{"calorie":0.0,"count":0,"distance":0.0,"speed":0.0},{"calorie":1.340000033378601,"count":26,"distance":18.34000015258789,"speed":4.5},{"calorie":0.0,"count":0,"distance":0.0,"speed":0.0},{"calorie":0.0,"count":0,"distance":0.0,"speed":0.0},{"calorie":8.93999981880188,"count":177,"distance":124.71999835968018,"speed":4.176414966583252},{"calorie":0.0,"count":0,"distance":0.0,"speed":0.0},{"calorie":1.1100001335144043,"count":22,"distance":16.129998683929443,"speed":5.056640148162842},{"calorie":0.0,"count":0,"distance":0.0,"speed":0.0},{"calorie":0.0,"count":0,"distance":0.0,"speed":0.0},{"calorie":0.0,"count":0,"distance":0.0,"speed":0.0},{"calorie":0.0,"count":0,"distance":0.0,"speed":0.0},{"calorie":0.0,"count":0,"distance":0.0,"speed":0.0},{"calorie":1.6699999570846558,"count":33,"distance":23.59000015258789,"speed":4.5},{"calorie":8.659999698400497,"count":172,"distance":125.3100016117096,"speed":4.94779109954834},{"calorie":11.459998965263367,"count":226,"distance":161.15999603271484,"speed":4.4088134765625},{"calorie":2.8700000420212746,"count":56,"distance":40.05000066757202,"speed":4.693929195404053},{"calorie":0.0,"count":0,"distance":0.0,"speed":0.0},{"calorie":0.0,"count":0,"distance":0.0,"speed":0.0},{"calorie":0.0,"count":0,"distance":0.0,"speed":0.0},{"calorie":0.0,"count":0,"distance":0.0,"speed":0.0},{"calorie":0.0,"count":0,"distance":0.0,"speed":0.0},{"calorie":0.0,"count":0,"distance":0.0,"speed":0.0},{"calorie":0.0,"count":0,"distance":0.0,"speed":0.0},{"calorie":15.47999906539917,"count":307,"distance":216.96000003814697,"speed":4.157527923583984},{"calorie":2.8300000317394733,"count":56,"distance":40.00999969244003,"speed":4.363731861114502},{"calorie":0.0,"count":0,"distance":0.0,"speed":0.0},{"calorie":2.4100000858306885,"count":47,"distance":33.23999881744385,"speed":4.46647310256958},{"calorie":0.42000001668930054,"count":8,"distance":5.479999542236328,"speed":3.6198861598968506},{"calorie":0.0,"count":0,"distance":0.0,"speed":0.0},{"calorie":0.0,"count":0,"distance":0.0,"speed":0.0},{"calorie":0.0,"count":0,"distance":0.0,"speed":0.0},{"calorie":0.550000011920929,"count":11,"distance":8.279999732971191,"speed":5.397061347961426},{"calorie":1.260000079870224,"count":24,"distance":16.59999942779541,"speed":3.7965714931488037},{"calorie":0.0,"count":0,"distance":0.0,"speed":0.0},{"calorie":0.8400000333786011,"count":16,"distance":10.949999809265137,"speed":3.418325662612915},{"calorie":1.4800001382827759,"count":29,"distance":20.6200008392334,"speed":4.269372940063477},{"calorie":0.0,"count":0,"distance":0.0,"speed":0.0},{"calorie":6.929999470710754,"count":136,"distance":94.95999717712402,"speed":3.94781494140625},{"calorie":0.0,"count":0,"distance":0.0,"speed":0.0},{"calorie":0.0,"count":0,"distance":0.0,"speed":0.0},{"calorie":3.1100001335144043,"count":61,"distance":43.64000129699707,"speed":4.45564079284668},{"calorie":0.0,"count":0,"distance":0.0,"speed":0.0},{"calorie":1.7400000095367432,"count":34,"distance":24.479999542236328,"speed":4.543821334838867},{"calorie":0.0,"count":0,"distance":0.0,"speed":0.0},{"calorie":0.0,"count":0,"distance":0.0,"speed":0.0},{"calorie":0.0,"count":0,"distance":0.0,"speed":0.0},{"calorie":0.0,"count":0,"distance":0.0,"speed":0.0},{"calorie":0.0,"count":0,"distance":0.0,"speed":0.0},{"calorie":0.0,"count":0,"distance":0.0,"speed":0.0},{"calorie":0.0,"count":0,"distance":0.0,"speed":0.0},{"calorie":0.0,"count":0,"distance":0.0,"speed":0.0},{"calorie":0.0,"count":0,"distance":0.0,"speed":0.0},{"calorie":0.0,"count":0,"distance":0.0,"speed":0.0},{"calorie":0.0,"count":0,"distance":0.0,"speed":0.0},{"calorie":0.0,"count":0,"distance":0.0,"speed":0.0},{"calorie":0.0,"count":0,"distance":0.0,"speed":0.0},{"calorie":0.0,"count":0,"distance":0.0,"speed":0.0},{"calorie":0.9800000190734863,"count":19,"distance":13.319999694824219,"speed":4.0},{"calorie":0.0,"count":0,"distance":0.0,"speed":0.0},{"calorie":0.0,"count":0,"distance":0.0,"speed":0.0},{"calorie":0.0,"count":0,"distance":0.0,"speed":0.0},{"calorie":0.0,"count":0,"distance":0.0,"speed":0.0},{"calorie":0.0,"count":0,"distance":0.0,"speed":0.0},{"calorie":0.0,"count":0,"distance":0.0,"speed":0.0},{"calorie":0.0,"count":0,"distance":0.0,"speed":0.0},{"calorie":0.0,"count":0,"distance":0.0,"speed":0.0}]