[{"calorie":0.0,"count":0,"distance":0.0,"speed":0.0},{"calorie":0.0,"count":0,"distance":0.0,"speed":0.0},{"calorie":0.0,"count":0,"distance":0.0,"speed":0.0},{"calorie":0.0,"count":0,"distance":0.0,"speed":0.0},{"calorie":0.0,"count":0,"distance":0.0,"speed":0.0},{"calorie":0.0,"count":0,"distance":0.0,"speed":0.0},{"calorie":0.0,"count":0,"distance":0.0,"speed":0.0},{"calorie":0.0,"count":0,"distance":0.0,"speed":0.0},{"calorie":0.0,"count":0,"distance":0.0,"speed":0.0},{"calorie":0.0,"count":0,"distance":0.0,"speed":0.0},{"calorie":0.0,"count":0,"distance":0.0,"speed":0.0},{"calorie":0.0,"count":0,"distance":0.0,"speed":0.0},{"calorie":0.0,"count":0,"distance":0.0,"speed":0.0},{"calorie":0.0,"count":0,"distance":0.0,"speed":0.0},{"calorie":0.0,"count":0,"distance":0.0,"speed":0.0},{"calorie":0.0,"count":0,"distance":0.0,"speed":0.0},{"calorie":0.0,"count":0,"distance":0.0,"speed":0.0},{"calorie":0.0,"count":0,"distance":0.0,"speed":0.0},{"calorie":0.0,"count":0,"distance":0.0,"speed":0.0},{"calorie":0.0,"count":0,"distance":0.0,"speed":0.0},{"calorie":0.0,"count":0,"distance":0.0,"speed":0.0},{"calorie":0.0,"count":0,"distance":0.0,"speed":0.0},{"calorie":0.0,"count":0,"distance":0.0,"speed":0.0},{"calorie":0.0,"count":0,"distance":0.0,"speed":0.0},{"calorie":0.0,"count":0,"distance":0.0,"speed":0.0},{"calorie":0.0,"count":0,"distance":0.0,"speed":0.0},{"calorie":0.0,"count":0,"distance":0.0,"speed":0.0},{"calorie":0.0,"count":0,"distance":0.0,"speed":0.0},{"calorie":0.0,"count":0,"distance":0.0,"speed":0.0},{"calorie":0.0,"count":0,"distance":0.0,"speed":0.0},{"calorie":0.0,"count":0,"distance":0.0,"speed":0.0},{"calorie":0.0,"count":0,"distance":0.0,"speed":0.0},{"calorie":0.0,"count":0,"distance":0.0,"speed":0.0},{"calorie":0.0,"count":0,"distance":0.0,"speed":0.0},{"calorie":0.0,"count":0,"distance":0.0,"speed":0.0},{"calorie":0.0,"count":0,"distance":0.0,"speed":0.0},{"calorie":0.0,"count":0,"distance":0.0,"speed":0.0},{"calorie":0.0,"count":0,"distance":0.0,"speed":0.0},{"calorie":1.7000000476837158,"count":53,"distance":39.779998779296875,"speed":4.700446605682373},{"calorie":1.4700000286102295,"count":49,"distance":38.5099983215332,"speed":5.700000286102295},{"calorie":0.0,"count":0,"distance":0.0,"speed":0.0},{"calorie":0.0,"count":0,"distance":0.0,"speed":0.0},{"calorie":0.0,"count":0,"distance":0.0,"speed":0.0},{"calorie":4.989999741315842,"count":159,"distance":119.36999893188477,"speed":4.447338581085205},{"calorie":0.30000001192092896,"count":9,"distance":6.380000114440918,"speed":3.499999761581421},{"calorie":0.0,"count":0,"distance":0.0,"speed":0.0},{"calorie":1.7999995350837708,"count":57,"distance":42.45000076293945,"speed":4.631697177886963},{"calorie":3.199999988079071,"count":105,"distance":80.82999992370605,"speed":5.159149646759033},{"calorie":4.559999942779541,"count":146,"distance":109.1899995803833,"speed":4.609036922454834},{"calorie":2.2699999809265137,"count":72,"distance":52.779998779296875,"speed":4.03312873840332},{"calorie":2.9800000190734863,"count":96,"distance":71.07999897003174,"speed":4.3840012550354},{"calorie":1.149999976158142,"count":36,"distance":26.570000171661377,"speed":4.3179850578308105},{"calorie":2.530000001192093,"count":80,"distance":59.03000020980835,"speed":4.2170562744140625},{"calorie":0.0,"count":0,"distance":0.0,"speed":0.0},{"calorie":2.1299999058246613,"count":68,"distance":49.729997634887695,"speed":4.063976287841797},{"calorie":0.0,"count":0,"distance":0.0,"speed":0.0},{"calorie":1.5899996757507324,"count":43,"distance":34.75,"speed":5.6522345542907715},{"calorie":0.699999988079071,"count":22,"distance":16.450000762939453,"speed":4.799999713897705},{"calorie":1.6799999922513962,"count":54,"distance":40.339999198913574,"speed":4.531240940093994},{"calorie":6.359999656677246,"count":205,"distance":155.32000350952148,"speed":4.876548767089844},{"calorie":2.520000010728836,"count":80,"distance":60.40000104904175,"speed":4.897212982177734},{"calorie":1.199999988079071,"count":39,"distance":29.699999809265137,"speed":4.977921009063721},{"calorie":0.0,"count":0,"distance":0.0,"speed":0.0},{"calorie":2.5799999237060547,"count":83,"distance":62.44999694824219,"speed":4.652360916137695},{"calorie":0.0,"count":0,"distance":0.0,"speed":0.0},{"calorie":0.0,"count":0,"distance":0.0,"speed":0.0},{"calorie":8.099999949336052,"count":262,"distance":198.43000268936157,"speed":4.894323348999023},{"calorie":0.7900000214576721,"count":25,"distance":19.149999618530273,"speed":5.299999713897705},{"calorie":6.71999990940094,"count":218,"distance":166.61000061035156,"speed":5.088435173034668},{"calorie":0.0,"count":0,"distance":0.0,"speed":0.0},{"calorie":0.0,"count":0,"distance":0.0,"speed":0.0},{"calorie":0.0,"count":0,"distance":0.0,"speed":0.0},{"calorie":2.3600000143051147,"count":79,"distance":60.71000099182129,"speed":5.271437644958496},{"calorie":0.0,"count":0,"distance":0.0,"speed":0.0},{"calorie":0.0,"count":0,"distance":0.0,"speed":0.0},{"calorie":0.0,"count":0,"distance":0.0,"speed":0.0},{"calorie":0.0,"count":0,"distance":0.0,"speed":0.0},{"calorie":0.0,"count":0,"distance":0.0,"speed":0.0},{"calorie":0.0,"count":0,"distance":0.0,"speed":0.0},{"calorie":0.0,"count":0,"distance":0.0,"speed":0.0},{"calorie":3.2600001096725464,"count":105,"distance":78.14000129699707,"speed":4.544981956481934},{"calorie":3.0500000081956387,"count":98,"distance":73.52999877929688,"speed":4.701998710632324},{"calorie":0.0,"count":0,"distance":0.0,"speed":0.0},{"calorie":0.0,"count":0,"distance":0.0,"speed":0.0},{"calorie":0.0,"count":0,"distance":0.0,"speed":0.0},{"calorie":2.5800000429153442,"count":84,"distance":63.64000129699707,"speed":4.827695846557617},{"calorie":0.0,"count":0,"distance":0.0,"speed":0.0},{"calorie":0.0,"count":0,"distance":0.0,"speed":0.0},{"calorie":0.0,"count":0,"distance":0.0,"speed":0.0},{"calorie":3.6299997568130493,"count":115,"distance":86.23000192642212,"speed":4.597774505615234},{"calorie":1.0699994564056396,"count":35,"distance":25.649993896484375,"speed":4.116823673248291},{"calorie":0.0,"count":0,"distance":0.0,"speed":0.0},{"calorie":0.0,"count":0,"distance":0.0,"speed":0.0},{"calorie":0.0,"count":0,"distance":0.0,"speed":0.0},{"calorie":0.0,"count":0,"distance":0.0,"speed":0.0},{"calorie":1.8699999451637268,"count":58,"distance":42.36000061035156,"speed":4.109958648681641},{"calorie":0.0,"count":0,"distance":0.0,"speed":0.0},{"calorie":7.240000069141388,"count":235,"distance":178.97000312805176,"speed":5.030517101287842},{"calorie":0.0,"count":0,"distance":0.0,"speed":0.0},{"calorie":0.0,"count":0,"distance":0.0,"speed":0.0},{"calorie":0.0,"count":0,"distance":0.0,"speed":0.0},{"calorie":0.0,"count":0,"distance":0.0,"speed":0.0},{"calorie":0.0,"count":0,"distance":0.0,"speed":0.0},{"calorie":0.0,"count":0,"distance":0.0,"speed":0.0},{"calorie":0.0,"count":0,"distance":0.0,"speed":0.0},{"calorie":0.0,"count":0,"distance":0.0,"speed":0.0},{"calorie":0.0,"count":0,"distance":0.0,"speed":0.0},{"calorie":0.0,"count":0,"distance":0.0,"speed":0.0},{"calorie":0.0,"count":0,"distance":0.0,"speed":0.0},{"calorie":0.0,"count":0,"distance":0.0,"speed":0.0},{"calorie":0.0,"count":0,"distance":0.0,"speed":0.0},{"calorie":0.0,"count":0,"distance":0.0,"speed":0.0},{"calorie":8.260000050067902,"count":267,"distance":198.68999767303467,"speed":4.3978705406188965},{"calorie":0.0,"count":0,"distance":0.0,"speed":0.0},{"calorie":0.6899999976158142,"count":21,"distance":14.890000343322754,"speed":3.499999761581421},{"calorie":0.0,"count":0,"distance":0.0,"speed":0.0},{"calorie":1.3199999928474426,"count":42,"distance":31.779999256134033,"speed":4.697512626647949},{"calorie":0.5699999928474426,"count":19,"distance":14.739999771118164,"speed":5.400000095367432},{"calorie":0.47999998927116394,"count":15,"distance":11.130000114440918,"speed":4.099999904632568},{"calorie":0.0,"count":0,"distance":0.0,"speed":0.0},{"calorie":2.1499999165534973,"count":68,"distance":51.1200008392334,"speed":4.5901923179626465},{"calorie":0.0,"count":0,"distance":0.0,"speed":0.0},{"calorie":3.9799999594688416,"count":128,"distance":94.34000205993652,"speed":4.2831902503967285},{"calorie":0.23999999463558197,"count":8,"distance":6.059999942779541,"speed":4.799999713897705},{"calorie":3.729999303817749,"count":118,"distance":85.50998497009277,"speed":3.856107711791992},{"calorie":4.269998788833618,"count":138,"distance":98.79000473022461,"speed":3.588524580001831},{"calorie":8.229999899864197,"count":270,"distance":207.32000255584717,"speed":5.218257904052734},{"calorie":2.709999978542328,"count":87,"distance":65.57000160217285,"speed":4.635669231414795},{"calorie":0.0,"count":0,"distance":0.0,"speed":0.0},{"calorie":2.9499999284744263,"count":96,"distance":71.57999801635742,"speed":4.623654365539551},{"calorie":7.35999995470047,"count":241,"distance":177.5900001525879,"speed":4.202989101409912},{"calorie":0.42000001668930054,"count":13,"distance":9.34999966621399,"speed":3.6746726036071777},{"calorie":0.3499999940395355,"count":11,"distance":8.169999837875366,"speed":4.827493667602539},{"calorie":0.23999999463558197,"count":7,"distance":4.909999847412109,"speed":3.1999998092651367},{"calorie":0.0,"count":0,"distance":0.0,"speed":0.0},{"calorie":0.1899999976158142,"count":6,"distance":4.869999885559082,"speed":6.199999809265137},{"calorie":0.23000000417232513,"count":7,"distance":4.980000019073486,"speed":3.8411998748779297},{"calorie":0.0,"count":0,"distance":0.0,"speed":0.0},{"calorie":0.0,"count":0,"distance":0.0,"speed":0.0},{"calorie":0.0,"count":0,"distance":0.0,"speed":0.0},{"calorie":0.0,"count":0,"distance":0.0,"speed":0.0},{"calorie":0.0,"count":0,"distance":0.0,"speed":0.0},{"calorie":0.0,"count":0,"distance":0.0,"speed":0.0},{"calorie":0.0,"count":0,"distance":0.0,"speed":0.0}]