[{"calorie":0.0,"count":0,"distance":0.0,"speed":0.0},{"calorie":0.0,"count":0,"distance":0.0,"speed":0.0},{"calorie":0.0,"count":0,"distance":0.0,"speed":0.0},{"calorie":0.0,"count":0,"distance":0.0,"speed":0.0},{"calorie":0.0,"count":0,"distance":0.0,"speed":0.0},{"calorie":0.0,"count":0,"distance":0.0,"speed":0.0},{"calorie":0.0,"count":0,"distance":0.0,"speed":0.0},{"calorie":0.0,"count":0,"distance":0.0,"speed":0.0},{"calorie":0.0,"count":0,"distance":0.0,"speed":0.0},{"calorie":0.0,"count":0,"distance":0.0,"speed":0.0},{"calorie":0.0,"count":0,"distance":0.0,"speed":0.0},{"calorie":0.0,"count":0,"distance":0.0,"speed":0.0},{"calorie":0.0,"count":0,"distance":0.0,"speed":0.0},{"calorie":0.0,"count":0,"distance":0.0,"speed":0.0},{"calorie":0.0,"count":0,"distance":0.0,"speed":0.0},{"calorie":0.0,"count":0,"distance":0.0,"speed":0.0},{"calorie":0.0,"count":0,"distance":0.0,"speed":0.0},{"calorie":0.0,"count":0,"distance":0.0,"speed":0.0},{"calorie":0.0,"count":0,"distance":0.0,"speed":0.0},{"calorie":0.0,"count":0,"distance":0.0,"speed":0.0},{"calorie":0.0,"count":0,"distance":0.0,"speed":0.0},{"calorie":0.0,"count":0,"distance":0.0,"speed":0.0},{"calorie":0.0,"count":0,"distance":0.0,"speed":0.0},{"calorie":0.0,"count":0,"distance":0.0,"speed":0.0},{"calorie":0.0,"count":0,"distance":0.0,"speed":0.0},{"calorie":0.0,"count":0,"distance":0.0,"speed":0.0},{"calorie":0.0,"count":0,"distance":0.0,"speed":0.0},{"calorie":0.0,"count":0,"distance":0.0,"speed":0.0},{"calorie":0.0,"count":0,"distance":0.0,"speed":0.0},{"calorie":0.0,"count":0,"distance":0.0,"speed":0.0},{"calorie":0.0,"count":0,"distance":0.0,"speed":0.0},{"calorie":0.0,"count":0,"distance":0.0,"speed":0.0},{"calorie":0.0,"count":0,"distance":0.0,"speed":0.0},{"calorie":0.0,"count":0,"distance":0.0,"speed":0.0},{"calorie":0.0,"count":0,"distance":0.0,"speed":0.0},{"calorie":0.0,"count":0,"distance":0.0,"speed":0.0},{"calorie":0.0,"count":0,"distance":0.0,"speed":0.0},{"calorie":0.0,"count":0,"distance":0.0,"speed":0.0},{"calorie":0.0,"count":0,"distance":0.0,"speed":0.0},{"calorie":0.0,"count":0,"distance":0.0,"speed":0.0},{"calorie":0.0,"count":0,"distance":0.0,"speed":0.0},{"calorie":0.0,"count":0,"distance":0.0,"speed":0.0},{"calorie":0.0,"count":0,"distance":0.0,"speed":0.0},{"calorie":11.61999887228012,"count":197,"distance":137.64000701904297,"speed":3.992328405380249},{"calorie":0.0,"count":0,"distance":0.0,"speed":0.0},{"calorie":0.0,"count":0,"distance":0.0,"speed":0.0},{"calorie":0.0,"count":0,"distance":0.0,"speed":0.0},{"calorie":0.0,"count":0,"distance":0.0,"speed":0.0},{"calorie":0.0,"count":0,"distance":0.0,"speed":0.0},{"calorie":0.3400000035762787,"count":6,"distance":4.559999942779541,"speed":5.600000381469727},{"calorie":0.0,"count":0,"distance":0.0,"speed":0.0},{"calorie":0.0,"count":0,"distance":0.0,"speed":0.0},{"calorie":0.0,"count":0,"distance":0.0,"speed":0.0},{"calorie":0.0,"count":0,"distance":0.0,"speed":0.0},{"calorie":1.5000000596046448,"count":25,"distance":16.959999561309814,"speed":3.3647632598876953},{"calorie":0.0,"count":0,"distance":0.0,"speed":0.0},{"calorie":0.9600000381469727,"count":18,"distance":12.640000343322754,"speed":3.76106858253479},{"calorie":0.0,"count":0,"distance":0.0,"speed":0.0},{"calorie":0.0,"count":0,"distance":0.0,"speed":0.0},{"calorie":0.0,"count":0,"distance":0.0,"speed":0.0},{"calorie":4.239999890327454,"count":72,"distance":50.929999351501465,"speed":4.216651439666748},{"calorie":8.399999976158142,"count":142,"distance":100.78999710083008,"speed":4.268811225891113},{"calorie":0.0,"count":0,"distance":0.0,"speed":0.0},{"calorie":4.009999662637711,"count":68,"distance":47.73999547958374,"speed":4.099626064300537},{"calorie":0.0,"count":0,"distance":0.0,"speed":0.0},{"calorie":1.1399999856948853,"count":19,"distance":13.150000095367432,"speed":3.9520201683044434},{"calorie":4.760000020265579,"count":80,"distance":56.160000801086426,"speed":3.9501426219940186},{"calorie":4.849999636411667,"count":83,"distance":59.479997634887695,"speed":4.356603622436523},{"calorie":13.849998831748962,"count":205,"distance":136.02000999450684,"speed":4.424937725067139},{"calorie":2.5899999141693115,"count":44,"distance":31.450000762939453,"speed":4.400000095367432},{"calorie":10.319998677819967,"count":173,"distance":122.47999161481857,"speed":4.152630805969238},{"calorie":1.059999942779541,"count":18,"distance":13.489999771118164,"speed":5.899999618530273},{"calorie":5.969998598098755,"count":100,"distance":71.58999061584473,"speed":4.3850178718566895},{"calorie":22.46999830007553,"count":380,"distance":271.7500190734863,"speed":4.536377906799316},{"calorie":1.3699999749660492,"count":23,"distance":15.950000286102295,"speed":3.7827048301696777},{"calorie":0.0,"count":0,"distance":0.0,"speed":0.0},{"calorie":1.6499999463558197,"count":28,"distance":20.230000019073486,"speed":4.0535054206848145},{"calorie":1.5099999904632568,"count":26,"distance":18.750000953674316,"speed":4.445925712585449},{"calorie":1.1200000047683716,"count":19,"distance":13.630000114440918,"speed":4.371142864227295},{"calorie":0.5299999713897705,"count":9,"distance":6.369999885559082,"speed":4.299999713897705},{"calorie":3.91999951004982,"count":66,"distance":46.54999375343323,"speed":4.068881511688232},{"calorie":0.0,"count":0,"distance":0.0,"speed":0.0},{"calorie":0.0,"count":0,"distance":0.0,"speed":0.0},{"calorie":1.4200000166893005,"count":24,"distance":16.80000066757202,"speed":4.9476189613342285},{"calorie":2.0799999237060547,"count":35,"distance":24.719999313354492,"speed":4.199999809265137},{"calorie":3.9499999284744263,"count":67,"distance":47.8199987411499,"speed":4.292599201202393},{"calorie":2.8499999940395355,"count":48,"distance":33.24000024795532,"speed":3.590071678161621},{"calorie":1.3100000023841858,"count":22,"distance":15.320000171661377,"speed":3.7837321758270264},{"calorie":2.4199999570846558,"count":41,"distance":28.960000038146973,"speed":4.131319999694824},{"calorie":7.719999670982361,"count":130,"distance":91.0199966430664,"speed":3.9549624919891357},{"calorie":3.119999974966049,"count":52,"distance":35.87000036239624,"speed":4.07776403427124},{"calorie":4.229998469352722,"count":71,"distance":50.90998649597168,"speed":4.52500057220459},{"calorie":0.0,"count":0,"distance":0.0,"speed":0.0},{"calorie":0.0,"count":0,"distance":0.0,"speed":0.0},{"calorie":2.3399999141693115,"count":41,"distance":29.390000343322754,"speed":4.267386436462402},{"calorie":1.239999771118164,"count":21,"distance":14.780000686645508,"speed":4.228507995605469},{"calorie":1.2599999904632568,"count":21,"distance":14.62999963760376,"speed":3.944967269897461},{"calorie":0.0,"count":0,"distance":0.0,"speed":0.0},{"calorie":1.0099999904632568,"count":17,"distance":11.940000534057617,"speed":3.898888349533081},{"calorie":0.0,"count":0,"distance":0.0,"speed":0.0},{"calorie":0.0,"count":0,"distance":0.0,"speed":0.0},{"calorie":6.389998123049736,"count":109,"distance":76.50998377799988,"speed":4.040703773498535},{"calorie":0.0,"count":0,"distance":0.0,"speed":0.0},{"calorie":0.0,"count":0,"distance":0.0,"speed":0.0},{"calorie":0.0,"count":0,"distance":0.0,"speed":0.0},{"calorie":4.8999994695186615,"count":83,"distance":58.180002212524414,"speed":3.866861581802368},{"calorie":0.0,"count":0,"distance":0.0,"speed":0.0},{"calorie":4.069998681545258,"count":71,"distance":49.96999454498291,"speed":4.317281246185303},{"calorie":5.559998780488968,"count":95,"distance":67.67999792098999,"speed":4.465841293334961},{"calorie":0.0,"count":0,"distance":0.0,"speed":0.0},{"calorie":0.0,"count":0,"distance":0.0,"speed":0.0},{"calorie":0.0,"count":0,"distance":0.0,"speed":0.0},{"calorie":0.0,"count":0,"distance":0.0,"speed":0.0},{"calorie":0.0,"count":0,"distance":0.0,"speed":0.0},{"calorie":0.0,"count":0,"distance":0.0,"speed":0.0},{"calorie":0.0,"count":0,"distance":0.0,"speed":0.0},{"calorie":1.7400000095367432,"count":31,"distance":21.449999809265137,"speed":4.071759223937988},{"calorie":1.3399996757507324,"count":23,"distance":16.020000457763672,"speed":4.254525661468506},{"calorie":0.0,"count":0,"distance":0.0,"speed":0.0},{"calorie":3.630000054836273,"count":61,"distance":42.71000099182129,"speed":3.9234280586242676},{"calorie":0.0,"count":0,"distance":0.0,"speed":0.0},{"calorie":0.0,"count":0,"distance":0.0,"speed":0.0},{"calorie":0.0,"count":0,"distance":0.0,"speed":0.0},{"calorie":0.0,"count":0,"distance":0.0,"speed":0.0},{"calorie":0.0,"count":0,"distance":0.0,"speed":0.0},{"calorie":0.0,"count":0,"distance":0.0,"speed":0.0},{"calorie":0.0,"count":0,"distance":0.0,"speed":0.0},{"calorie":0.0,"count":0,"distance":0.0,"speed":0.0},{"calorie":0.0,"count":0,"distance":0.0,"speed":0.0},{"calorie":0.0,"count":0,"distance":0.0,"speed":0.0},{"calorie":6.269999206066132,"count":108,"distance":76.14999675750732,"speed":4.086937427520752},{"calorie":2.5999996662139893,"count":44,"distance":30.590001106262207,"speed":3.7433953285217285},{"calorie":0.0,"count":0,"distance":0.0,"speed":0.0},{"calorie":0.4699999913573265,"count":8,"distance":5.629999995231628,"speed":4.134749889373779},{"calorie":0.8199999928474426,"count":14,"distance":10.130000114440918,"speed":4.325994968414307},{"calorie":0.0,"count":0,"distance":0.0,"speed":0.0},{"calorie":0.0,"count":0,"distance":0.0,"speed":0.0},{"calorie":0.0,"count":0,"distance":0.0,"speed":0.0},{"calorie":0.0,"count":0,"distance":0.0,"speed":0.0},{"calorie":0.6700000166893005,"count":11,"distance":7.389999866485596,"speed":3.3000001907348633},{"calorie":0.0,"count":0,"distance":0.0,"speed":0.0},{"calorie":0.0,"count":0,"distance":0.0,"speed":0.0},{"calorie":0.0,"count":0,"distance":0.0,"speed":0.0},{"calorie":0.0,"count":0,"distance":0.0,"speed":0.0}]