[{"calorie":0.0,"count":0,"distance":0.0,"speed":0.0},{"calorie":0.0,"count":0,"distance":0.0,"speed":0.0},{"calorie":0.0,"count":0,"distance":0.0,"speed":0.0},{"calorie":0.0,"count":0,"distance":0.0,"speed":0.0},{"calorie":0.0,"count":0,"distance":0.0,"speed":0.0},{"calorie":0.0,"count":0,"distance":0.0,"speed":0.0},{"calorie":0.0,"count":0,"distance":0.0,"speed":0.0},{"calorie":0.0,"count":0,"distance":0.0,"speed":0.0},{"calorie":0.0,"count":0,"distance":0.0,"speed":0.0},{"calorie":0.0,"count":0,"distance":0.0,"speed":0.0},{"calorie":0.0,"count":0,"distance":0.0,"speed":0.0},{"calorie":0.0,"count":0,"distance":0.0,"speed":0.0},{"calorie":0.0,"count":0,"distance":0.0,"speed":0.0},{"calorie":0.0,"count":0,"distance":0.0,"speed":0.0},{"calorie":0.0,"count":0,"distance":0.0,"speed":0.0},{"calorie":0.0,"count":0,"distance":0.0,"speed":0.0},{"calorie":0.0,"count":0,"distance":0.0,"speed":0.0},{"calorie":0.0,"count":0,"distance":0.0,"speed":0.0},{"calorie":0.0,"count":0,"distance":0.0,"speed":0.0},{"calorie":0.0,"count":0,"distance":0.0,"speed":0.0},{"calorie":0.0,"count":0,"distance":0.0,"speed":0.0},{"calorie":0.0,"count":0,"distance":0.0,"speed":0.0},{"calorie":0.0,"count":0,"distance":0.0,"speed":0.0},{"calorie":0.0,"count":0,"distance":0.0,"speed":0.0},{"calorie":0.0,"count":0,"distance":0.0,"speed":0.0},{"calorie":0.0,"count":0,"distance":0.0,"speed":0.0},{"calorie":0.0,"count":0,"distance":0.0,"speed":0.0},{"calorie":0.0,"count":0,"distance":0.0,"speed":0.0},{"calorie":0.0,"count":0,"distance":0.0,"speed":0.0},{"calorie":0.0,"count":0,"distance":0.0,"speed":0.0},{"calorie":0.0,"count":0,"distance":0.0,"speed":0.0},{"calorie":0.0,"count":0,"distance":0.0,"speed":0.0},{"calorie":0.0,"count":0,"distance":0.0,"speed":0.0},{"calorie":0.0,"count":0,"distance":0.0,"speed":0.0},{"calorie":0.0,"count":0,"distance":0.0,"speed":0.0},{"calorie":0.0,"count":0,"distance":0.0,"speed":0.0},{"calorie":0.0,"count":0,"distance":0.0,"speed":0.0},{"calorie":0.0,"count":0,"distance":0.0,"speed":0.0},{"calorie":0.0,"count":0,"distance":0.0,"speed":0.0},{"calorie":0.0,"count":0,"distance":0.0,"speed":0.0},{"calorie":0.0,"count":0,"distance":0.0,"speed":0.0},{"calorie":0.0,"count":0,"distance":0.0,"speed":0.0},{"calorie":0.0,"count":0,"distance":0.0,"speed":0.0},{"calorie":0.7899999618530273,"count":22,"distance":16.77999973297119,"speed":4.915795803070068},{"calorie":0.5999999642372131,"count":16,"distance":11.630000114440918,"speed":4.035512447357178},{"calorie":0.0,"count":0,"distance":0.0,"speed":0.0},{"calorie":0.4299999922513962,"count":12,"distance":8.699999809265137,"speed":3.8979341983795166},{"calorie":5.999999105930328,"count":159,"distance":116.81998872756958,"speed":4.084168910980225},{"calorie":1.3100000023841858,"count":36,"distance":25.989999771118164,"speed":3.756197929382324},{"calorie":0.0,"count":0,"distance":0.0,"speed":0.0},{"calorie":0.0,"count":0,"distance":0.0,"speed":0.0},{"calorie":0.0,"count":0,"distance":0.0,"speed":0.0},{"calorie":1.1799999475479126,"count":35,"distance":26.719999313354492,"speed":5.099999904632568},{"calorie":4.029999941587448,"count":110,"distance":82.30000305175781,"speed":4.494101524353027},{"calorie":1.9200000166893005,"count":53,"distance":39.10999870300293,"speed":4.305271625518799},{"calorie":4.950000047683716,"count":130,"distance":98.85000038146973,"speed":4.484586715698242},{"calorie":3.0499998033046722,"count":90,"distance":68.43000221252441,"speed":4.999494552612305},{"calorie":0.2199999988079071,"count":6,"distance":4.230000019073486,"speed":3.6000001430511475},{"calorie":0.0,"count":0,"distance":0.0,"speed":0.0},{"calorie":1.3799999952316284,"count":37,"distance":27.57000160217285,"speed":4.363300323486328},{"calorie":1.6299999952316284,"count":44,"distance":32.35000038146973,"speed":4.192467212677002},{"calorie":2.8399999141693115,"count":76,"distance":55.74000072479248,"speed":3.9437010288238525},{"calorie":2.189999997615814,"count":59,"distance":44.24999952316284,"speed":4.560093879699707},{"calorie":6.950000107288361,"count":172,"distance":132.61999320983887,"speed":4.289061069488525},{"calorie":5.67999941110611,"count":142,"distance":106.35998964309692,"speed":4.543477535247803},{"calorie":3.9399994909763336,"count":109,"distance":82.00998973846436,"speed":4.551421165466309},{"calorie":4.709999918937683,"count":133,"distance":101.02000045776367,"speed":5.05470085144043},{"calorie":9.529999196529388,"count":298,"distance":227.27999353408813,"speed":5.2959794998168945},{"calorie":0.0,"count":0,"distance":0.0,"speed":0.0},{"calorie":0.0,"count":0,"distance":0.0,"speed":0.0},{"calorie":0.0,"count":0,"distance":0.0,"speed":0.0},{"calorie":0.0,"count":0,"distance":0.0,"speed":0.0},{"calorie":3.7199993431568146,"count":99,"distance":71.97000026702881,"speed":3.8087286949157715},{"calorie":11.509999454021454,"count":301,"distance":221.66999435424805,"speed":4.125866889953613},{"calorie":0.0,"count":0,"distance":0.0,"speed":0.0},{"calorie":0.3699999749660492,"count":10,"distance":7.400000095367432,"speed":4.07987642288208},{"calorie":0.0,"count":0,"distance":0.0,"speed":0.0},{"calorie":1.6800000071525574,"count":50,"distance":39.739999771118164,"speed":6.31840705871582},{"calorie":1.3599999248981476,"count":39,"distance":30.150001049041748,"speed":5.320657253265381},{"calorie":0.41999998688697815,"count":12,"distance":9.380000114440918,"speed":4.798342704772949},{"calorie":0.8499999791383743,"count":25,"distance":19.369999885559082,"speed":5.5189528465271},{"calorie":1.2600000202655792,"count":34,"distance":24.680002212524414,"speed":3.863170623779297},{"calorie":0.0,"count":0,"distance":0.0,"speed":0.0},{"calorie":7.459999263286591,"count":209,"distance":158.07000398635864,"speed":4.731404781341553},{"calorie":0.0,"count":0,"distance":0.0,"speed":0.0},{"calorie":0.0,"count":0,"distance":0.0,"speed":0.0},{"calorie":0.0,"count":0,"distance":0.0,"speed":0.0},{"calorie":0.0,"count":0,"distance":0.0,"speed":0.0},{"calorie":0.0,"count":0,"distance":0.0,"speed":0.0},{"calorie":0.0,"count":0,"distance":0.0,"speed":0.0},{"calorie":0.0,"count":0,"distance":0.0,"speed":0.0},{"calorie":0.0,"count":0,"distance":0.0,"speed":0.0},{"calorie":0.0,"count":0,"distance":0.0,"speed":0.0},{"calorie":0.0,"count":0,"distance":0.0,"speed":0.0},{"calorie":0.0,"count":0,"distance":0.0,"speed":0.0},{"calorie":1.4300000071525574,"count":39,"distance":28.93000030517578,"speed":4.208556652069092},{"calorie":0.0,"count":0,"distance":0.0,"speed":0.0},{"calorie":0.0,"count":0,"distance":0.0,"speed":0.0},{"calorie":0.0,"count":0,"distance":0.0,"speed":0.0},{"calorie":0.0,"count":0,"distance":0.0,"speed":0.0},{"calorie":0.0,"count":0,"distance":0.0,"speed":0.0},{"calorie":0.0,"count":0,"distance":0.0,"speed":0.0},{"calorie":0.0,"count":0,"distance":0.0,"speed":0.0},{"calorie":2.140000067651272,"count":57,"distance":42.539998292922974,"speed":4.7900238037109375},{"calorie":0.6499999761581421,"count":18,"distance":13.569999694824219,"speed":4.5},{"calorie":0.8700000047683716,"count":24,"distance":17.90999984741211,"speed":4.5},{"calorie":1.8299999237060547,"count":51,"distance":38.64000129699707,"speed":4.943099498748779},{"calorie":2.059999942779541,"count":56,"distance":42.650001525878906,"speed":4.939360618591309},{"calorie":5.610000014305115,"count":156,"distance":117.07999897003174,"speed":4.690938949584961},{"calorie":10.609999790787697,"count":285,"distance":211.5900000333786,"speed":4.043315410614014},{"calorie":2.4100000262260437,"count":65,"distance":47.869998931884766,"speed":4.4213457107543945},{"calorie":0.0,"count":0,"distance":0.0,"speed":0.0},{"calorie":0.0,"count":0,"distance":0.0,"speed":0.0},{"calorie":0.0,"count":0,"distance":0.0,"speed":0.0},{"calorie":0.0,"count":0,"distance":0.0,"speed":0.0},{"calorie":0.0,"count":0,"distance":0.0,"speed":0.0},{"calorie":0.0,"count":0,"distance":0.0,"speed":0.0},{"calorie":0.0,"count":0,"distance":0.0,"speed":0.0},{"calorie":0.0,"count":0,"distance":0.0,"speed":0.0},{"calorie":0.0,"count":0,"distance":0.0,"speed":0.0},{"calorie":0.0,"count":0,"distance":0.0,"speed":0.0},{"calorie":0.0,"count":0,"distance":0.0,"speed":0.0},{"calorie":0.0,"count":0,"distance":0.0,"speed":0.0},{"calorie":0.0,"count":0,"distance":0.0,"speed":0.0},{"calorie":2.2300003468990326,"count":61,"distance":44.61999797821045,"speed":3.9982213973999023},{"calorie":0.0,"count":0,"distance":0.0,"speed":0.0},{"calorie":0.0,"count":0,"distance":0.0,"speed":0.0},{"calorie":0.0,"count":0,"distance":0.0,"speed":0.0},{"calorie":0.0,"count":0,"distance":0.0,"speed":0.0},{"calorie":0.0,"count":0,"distance":0.0,"speed":0.0},{"calorie":0.0,"count":0,"distance":0.0,"speed":0.0},{"calorie":0.0,"count":0,"distance":0.0,"speed":0.0},{"calorie":0.0,"count":0,"distance":0.0,"speed":0.0},{"calorie":0.0,"count":0,"distance":0.0,"speed":0.0},{"calorie":0.0,"count":0,"distance":0.0,"speed":0.0},{"calorie":0.0,"count":0,"distance":0.0,"speed":0.0},{"calorie":0.0,"count":0,"distance":0.0,"speed":0.0},{"calorie":0.0,"count":0,"distance":0.0,"speed":0.0},{"calorie":0.0,"count":0,"distance":0.0,"speed":0.0},{"calorie":0.0,"count":0,"distance":0.0,"speed":0.0},{"calorie":0.0,"count":0,"distance":0.0,"speed":0.0},{"calorie":0.5099999904632568,"count":15,"distance":11.15000057220459,"speed":4.166071891784668},{"calorie":1.96999990940094,"count":57,"distance":44.06999969482422,"speed":5.311156272888184},{"calorie":0.0,"count":0,"distance":0.0,"speed":0.0}]