[{"calorie":0.0,"count":0,"distance":0.0,"speed":0.0},{"calorie":0.0,"count":0,"distance":0.0,"speed":0.0},{"calorie":0.0,"count":0,"distance":0.0,"speed":0.0},{"calorie":0.0,"count":0,"distance":0.0,"speed":0.0},{"calorie":0.0,"count":0,"distance":0.0,"speed":0.0},{"calorie":0.0,"count":0,"distance":0.0,"speed":0.0},{"calorie":0.0,"count":0,"distance":0.0,"speed":0.0},{"calorie":0.0,"count":0,"distance":0.0,"speed":0.0},{"calorie":0.0,"count":0,"distance":0.0,"speed":0.0},{"calorie":0.0,"count":0,"distance":0.0,"speed":0.0},{"calorie":0.0,"count":0,"distance":0.0,"speed":0.0},{"calorie":0.0,"count":0,"distance":0.0,"speed":0.0},{"calorie":0.0,"count":0,"distance":0.0,"speed":0.0},{"calorie":0.0,"count":0,"distance":0.0,"speed":0.0},{"calorie":0.0,"count":0,"distance":0.0,"speed":0.0},{"calorie":0.0,"count":0,"distance":0.0,"speed":0.0},{"calorie":0.0,"count":0,"distance":0.0,"speed":0.0},{"calorie":0.0,"count":0,"distance":0.0,"speed":0.0},{"calorie":0.0,"count":0,"distance":0.0,"speed":0.0},{"calorie":0.0,"count":0,"distance":0.0,"speed":0.0},{"calorie":0.0,"count":0,"distance":0.0,"speed":0.0},{"calorie":0.0,"count":0,"distance":0.0,"speed":0.0},{"calorie":0.0,"count":0,"distance":0.0,"speed":0.0},{"calorie":0.0,"count":0,"distance":0.0,"speed":0.0},{"calorie":0.0,"count":0,"distance":0.0,"speed":0.0},{"calorie":0.0,"count":0,"distance":0.0,"speed":0.0},{"calorie":0.0,"count":0,"distance":0.0,"speed":0.0},{"calorie":0.0,"count":0,"distance":0.0,"speed":0.0},{"calorie":0.0,"count":0,"distance":0.0,"speed":0.0},{"calorie":0.0,"count":0,"distance":0.0,"speed":0.0},{"calorie":0.0,"count":0,"distance":0.0,"speed":0.0},{"calorie":0.0,"count":0,"distance":0.0,"speed":0.0},{"calorie":0.0,"count":0,"distance":0.0,"speed":0.0},{"calorie":0.0,"count":0,"distance":0.0,"speed":0.0},{"calorie":0.0,"count":0,"distance":0.0,"speed":0.0},{"calorie":0.0,"count":0,"distance":0.0,"speed":0.0},{"calorie":0.0,"count":0,"distance":0.0,"speed":0.0},{"calorie":3.0500001311302185,"count":60,"distance":42.53999853134155,"speed":4.328689098358154},{"calorie":23.730000019073486,"count":473,"distance":338.56006622314453,"speed":4.589968681335449},{"calorie":22.79999828338623,"count":454,"distance":327.9899787902832,"speed":4.664031028747559},{"calorie":14.35000228881836,"count":286,"distance":208.56998252868652,"speed":4.838961124420166},{"calorie":6.340000033378601,"count":125,"distance":89.6500015258789,"speed":4.429258823394775},{"calorie":3.559999942779541,"count":69,"distance":48.23999786376953,"speed":4.15683126449585},{"calorie":0.0,"count":0,"distance":0.0,"speed":0.0},{"calorie":0.0,"count":0,"distance":0.0,"speed":0.0},{"calorie":0.0,"count":0,"distance":0.0,"speed":0.0},{"calorie":0.0,"count":0,"distance":0.0,"speed":0.0},{"calorie":0.0,"count":0,"distance":0.0,"speed":0.0},{"calorie":0.0,"count":0,"distance":0.0,"speed":0.0},{"calorie":0.0,"count":0,"distance":0.0,"speed":0.0},{"calorie":0.0,"count":0,"distance":0.0,"speed":0.0},{"calorie":0.0,"count":0,"distance":0.0,"speed":0.0},{"calorie":5.2700000405311584,"count":104,"distance":74.51000189781189,"speed":4.39178991317749},{"calorie":0.3799999952316284,"count":7,"distance":4.739999771118164,"speed":3.6000001430511475},{"calorie":0.0,"count":0,"distance":0.0,"speed":0.0},{"calorie":0.0,"count":0,"distance":0.0,"speed":0.0},{"calorie":0.0,"count":0,"distance":0.0,"speed":0.0},{"calorie":0.0,"count":0,"distance":0.0,"speed":0.0},{"calorie":0.0,"count":0,"distance":0.0,"speed":0.0},{"calorie":3.790000021457672,"count":75,"distance":52.630001068115234,"speed":3.959352493286133},{"calorie":0.0,"count":0,"distance":0.0,"speed":0.0},{"calorie":0.0,"count":0,"distance":0.0,"speed":0.0},{"calorie":1.379999965429306,"count":27,"distance":19.019999980926514,"speed":4.2578935623168945},{"calorie":13.610000133514404,"count":270,"distance":192.37999725341797,"speed":4.363107204437256},{"calorie":4.280000030994415,"count":84,"distance":59.86999988555908,"speed":4.352177143096924},{"calorie":6.580000042915344,"count":129,"distance":91.19999885559082,"speed":4.185516357421875},{"calorie":0.0,"count":0,"distance":0.0,"speed":0.0},{"calorie":4.46999990940094,"count":87,"distance":60.759994983673096,"speed":3.980027437210083},{"calorie":1.2200000882148743,"count":24,"distance":17.490000247955322,"speed":5.005249500274658},{"calorie":0.0,"count":0,"distance":0.0,"speed":0.0},{"calorie":0.0,"count":0,"distance":0.0,"speed":0.0},{"calorie":5.849999785423279,"count":115,"distance":82.38999843597412,"speed":4.648024082183838},{"calorie":12.060000229626894,"count":240,"distance":171.36999815702438,"speed":4.427659034729004},{"calorie":0.0,"count":0,"distance":0.0,"speed":0.0},{"calorie":0.0,"count":0,"distance":0.0,"speed":0.0},{"calorie":0.0,"count":0,"distance":0.0,"speed":0.0},{"calorie":0.0,"count":0,"distance":0.0,"speed":0.0},{"calorie":0.0,"count":0,"distance":0.0,"speed":0.0},{"calorie":0.0,"count":0,"distance":0.0,"speed":0.0},{"calorie":0.0,"count":0,"distance":0.0,"speed":0.0},{"calorie":0.0,"count":0,"distance":0.0,"speed":0.0},{"calorie":3.3000000715255737,"count":65,"distance":46.51999855041504,"speed":4.58488655090332},{"calorie":8.099999904632568,"count":160,"distance":114.41999816894531,"speed":4.40472936630249},{"calorie":3.919999897480011,"count":77,"distance":54.47999858856201,"speed":4.167094707489014},{"calorie":0.0,"count":0,"distance":0.0,"speed":0.0},{"calorie":0.8100000023841858,"count":16,"distance":11.789999961853027,"speed":5.400000095367432},{"calorie":2.8300000429153442,"count":55,"distance":38.390000343322754,"speed":3.951430320739746},{"calorie":13.39999908208847,"count":266,"distance":191.83999061584473,"speed":4.6652607917785645},{"calorie":3.789999485015869,"count":74,"distance":52.51999473571777,"speed":4.266083717346191},{"calorie":0.0,"count":0,"distance":0.0,"speed":0.0},{"calorie":0.0,"count":0,"distance":0.0,"speed":0.0},{"calorie":0.0,"count":0,"distance":0.0,"speed":0.0},{"calorie":0.0,"count":0,"distance":0.0,"speed":0.0},{"calorie":0.0,"count":0,"distance":0.0,"speed":0.0},{"calorie":0.0,"count":0,"distance":0.0,"speed":0.0},{"calorie":0.0,"count":0,"distance":0.0,"speed":0.0},{"calorie":0.0,"count":0,"distance":0.0,"speed":0.0},{"calorie":0.0,"count":0,"distance":0.0,"speed":0.0},{"calorie":0.0,"count":0,"distance":0.0,"speed":0.0},{"calorie":0.0,"count":0,"distance":0.0,"speed":0.0},{"calorie":0.0,"count":0,"distance":0.0,"speed":0.0},{"calorie":10.80999830365181,"count":214,"distance":152.60002088546753,"speed":4.412769794464111},{"calorie":6.329999387264252,"count":124,"distance":86.78998947143555,"speed":3.995753765106201},{"calorie":0.0,"count":0,"distance":0.0,"speed":0.0},{"calorie":0.0,"count":0,"distance":0.0,"speed":0.0},{"calorie":0.0,"count":0,"distance":0.0,"speed":0.0},{"calorie":0.0,"count":0,"distance":0.0,"speed":0.0},{"calorie":0.0,"count":0,"distance":0.0,"speed":0.0},{"calorie":3.1999999284744263,"count":56,"distance":42.93000030517578,"speed":5.145451545715332},{"calorie":14.579999089241028,"count":288,"distance":204.67000770568848,"speed":4.426183223724365},{"calorie":3.9000000953674316,"count":77,"distance":54.97999954223633,"speed":4.396418571472168},{"calorie":2.930000066757202,"count":58,"distance":41.46000003814697,"speed":4.394125938415527},{"calorie":0.0,"count":0,"distance":0.0,"speed":0.0},{"calorie":1.100000023841858,"count":21,"distance":14.499999523162842,"speed":3.7228589057922363},{"calorie":2.1100001633167267,"count":40,"distance":27.32999897003174,"speed":3.535115957260132},{"calorie":1.8999998569488525,"count":37,"distance":25.69999599456787,"speed":3.804107904434204},{"calorie":0.0,"count":0,"distance":0.0,"speed":0.0},{"calorie":1.9400001168251038,"count":38,"distance":26.380000114440918,"speed":3.668797492980957},{"calorie":0.940000057220459,"count":18,"distance":12.37999963760376,"speed":3.745716094970703},{"calorie":3.0399996638298035,"count":60,"distance":42.619994163513184,"speed":4.348120212554932},{"calorie":0.0,"count":0,"distance":0.0,"speed":0.0},{"calorie":0.0,"count":0,"distance":0.0,"speed":0.0},{"calorie":0.0,"count":0,"distance":0.0,"speed":0.0},{"calorie":0.0,"count":0,"distance":0.0,"speed":0.0},{"calorie":0.0,"count":0,"distance":0.0,"speed":0.0},{"calorie":0.0,"count":0,"distance":0.0,"speed":0.0},{"calorie":0.0,"count":0,"distance":0.0,"speed":0.0},{"calorie":0.0,"count":0,"distance":0.0,"speed":0.0},{"calorie":0.0,"count":0,"distance":0.0,"speed":0.0},{"calorie":1.6199995279312134,"count":32,"distance":22.050003051757812,"speed":3.7115085124969482},{"calorie":0.0,"count":0,"distance":0.0,"speed":0.0},{"calorie":0.0,"count":0,"distance":0.0,"speed":0.0},{"calorie":0.0,"count":0,"distance":0.0,"speed":0.0},{"calorie":0.0,"count":0,"distance":0.0,"speed":0.0},{"calorie":0.0,"count":0,"distance":0.0,"speed":0.0},{"calorie":0.0,"count":0,"distance":0.0,"speed":0.0},{"calorie":0.0,"count":0,"distance":0.0,"speed":0.0},{"calorie":0.0,"count":0,"distance":0.0,"speed":0.0},{"calorie":0.0,"count":0,"distance":0.0,"speed":0.0},{"calorie":0.0,"count":0,"distance":0.0,"speed":0.0},{"calorie":0.0,"count":0,"distance":0.0,"speed":0.0},{"calorie":0.0,"count":0,"distance":0.0,"speed":0.0},{"calorie":0.0,"count":0,"distance":0.0,"speed":0.0},{"calorie":0.0,"count":0,"distance":0.0,"speed":0.0}]