[{"calorie":0.0,"count":0,"distance":0.0,"speed":0.0},{"calorie":0.0,"count":0,"distance":0.0,"speed":0.0},{"calorie":0.0,"count":0,"distance":0.0,"speed":0.0},{"calorie":0.0,"count":0,"distance":0.0,"speed":0.0},{"calorie":0.0,"count":0,"distance":0.0,"speed":0.0},{"calorie":0.0,"count":0,"distance":0.0,"speed":0.0},{"calorie":0.0,"count":0,"distance":0.0,"speed":0.0},{"calorie":0.0,"count":0,"distance":0.0,"speed":0.0},{"calorie":0.0,"count":0,"distance":0.0,"speed":0.0},{"calorie":0.0,"count":0,"distance":0.0,"speed":0.0},{"calorie":0.0,"count":0,"distance":0.0,"speed":0.0},{"calorie":0.0,"count":0,"distance":0.0,"speed":0.0},{"calorie":0.0,"count":0,"distance":0.0,"speed":0.0},{"calorie":0.0,"count":0,"distance":0.0,"speed":0.0},{"calorie":0.0,"count":0,"distance":0.0,"speed":0.0},{"calorie":0.0,"count":0,"distance":0.0,"speed":0.0},{"calorie":1.0499999523162842,"count":18,"distance":12.710000038146973,"speed":4.1317338943481445},{"calorie":1.5199999809265137,"count":26,"distance":17.97000026702881,"speed":3.8015406131744385},{"calorie":0.89000004529953,"count":17,"distance":12.300000190734863,"speed":4.517245292663574},{"calorie":1.8799999952316284,"count":32,"distance":23.110000610351562,"speed":4.600000381469727},{"calorie":1.0200000405311584,"count":19,"distance":13.630000591278076,"speed":4.222051620483398},{"calorie":1.0700000524520874,"count":18,"distance":12.779999732971191,"speed":4.199999809265137},{"calorie":1.4699999690055847,"count":25,"distance":17.719999313354492,"speed":3.9453399181365967},{"calorie":0.0,"count":0,"distance":0.0,"speed":0.0},{"calorie":0.0,"count":0,"distance":0.0,"speed":0.0},{"calorie":0.0,"count":0,"distance":0.0,"speed":0.0},{"calorie":0.0,"count":0,"distance":0.0,"speed":0.0},{"calorie":0.0,"count":0,"distance":0.0,"speed":0.0},{"calorie":0.0,"count":0,"distance":0.0,"speed":0.0},{"calorie":0.0,"count":0,"distance":0.0,"speed":0.0},{"calorie":0.0,"count":0,"distance":0.0,"speed":0.0},{"calorie":0.0,"count":0,"distance":0.0,"speed":0.0},{"calorie":0.0,"count":0,"distance":0.0,"speed":0.0},{"calorie":0.0,"count":0,"distance":0.0,"speed":0.0},{"calorie":0.0,"count":0,"distance":0.0,"speed":0.0},{"calorie":0.0,"count":0,"distance":0.0,"speed":0.0},{"calorie":0.0,"count":0,"distance":0.0,"speed":0.0},{"calorie":0.0,"count":0,"distance":0.0,"speed":0.0},{"calorie":0.0,"count":0,"distance":0.0,"speed":0.0},{"calorie":0.0,"count":0,"distance":0.0,"speed":0.0},{"calorie":0.0,"count":0,"distance":0.0,"speed":0.0},{"calorie":0.0,"count":0,"distance":0.0,"speed":0.0},{"calorie":0.0,"count":0,"distance":0.0,"speed":0.0},{"calorie":0.0,"count":0,"distance":0.0,"speed":0.0},{"calorie":0.0,"count":0,"distance":0.0,"speed":0.0},{"calorie":0.0,"count":0,"distance":0.0,"speed":0.0},{"calorie":0.0,"count":0,"distance":0.0,"speed":0.0},{"calorie":0.0,"count":0,"distance":0.0,"speed":0.0},{"calorie":0.0,"count":0,"distance":0.0,"speed":0.0},{"calorie":0.0,"count":0,"distance":0.0,"speed":0.0},{"calorie":0.0,"count":0,"distance":0.0,"speed":0.0},{"calorie":0.0,"count":0,"distance":0.0,"speed":0.0},{"calorie":0.0,"count":0,"distance":0.0,"speed":0.0},{"calorie":0.0,"count":0,"distance":0.0,"speed":0.0},{"calorie":0.0,"count":0,"distance":0.0,"speed":0.0},{"calorie":0.0,"count":0,"distance":0.0,"speed":0.0},{"calorie":0.0,"count":0,"distance":0.0,"speed":0.0},{"calorie":0.0,"count":0,"distance":0.0,"speed":0.0},{"calorie":0.0,"count":0,"distance":0.0,"speed":0.0},{"calorie":0.0,"count":0,"distance":0.0,"speed":0.0},{"calorie":0.0,"count":0,"distance":0.0,"speed":0.0},{"calorie":0.0,"count":0,"distance":0.0,"speed":0.0},{"calorie":0.0,"count":0,"distance":0.0,"speed":0.0},{"calorie":0.0,"count":0,"distance":0.0,"speed":0.0},{"calorie":0.0,"count":0,"distance":0.0,"speed":0.0},{"calorie":0.0,"count":0,"distance":0.0,"speed":0.0},{"calorie":0.0,"count":0,"distance":0.0,"speed":0.0},{"calorie":0.0,"count":0,"distance":0.0,"speed":0.0},{"calorie":0.0,"count":0,"distance":0.0,"speed":0.0},{"calorie":0.0,"count":0,"distance":0.0,"speed":0.0},{"calorie":0.0,"count":0,"distance":0.0,"speed":0.0},{"calorie":0.0,"count":0,"distance":0.0,"speed":0.0},{"calorie":0.0,"count":0,"distance":0.0,"speed":0.0},{"calorie":0.0,"count":0,"distance":0.0,"speed":0.0},{"calorie":0.0,"count":0,"distance":0.0,"speed":0.0},{"calorie":0.0,"count":0,"distance":0.0,"speed":0.0},{"calorie":0.0,"count":0,"distance":0.0,"speed":0.0},{"calorie":0.0,"count":0,"distance":0.0,"speed":0.0},{"calorie":0.0,"count":0,"distance":0.0,"speed":0.0},{"calorie":0.0,"count":0,"distance":0.0,"speed":0.0},{"calorie":0.0,"count":0,"distance":0.0,"speed":0.0},{"calorie":1.0700000524520874,"count":18,"distance":12.480000019073486,"speed":3.5310630798339844},{"calorie":5.400000095367432,"count":91,"distance":65.04000091552734,"speed":4.412517070770264},{"calorie":8.160000085830688,"count":138,"distance":100.10000038146973,"speed":4.843801975250244},{"calorie":1.9700000286102295,"count":34,"distance":24.47000026702881,"speed":4.648716449737549},{"calorie":0.0,"count":0,"distance":0.0,"speed":0.0},{"calorie":0.0,"count":0,"distance":0.0,"speed":0.0},{"calorie":0.0,"count":0,"distance":0.0,"speed":0.0},{"calorie":0.46000000834465027,"count":8,"distance":6.090000152587891,"speed":5.899999618530273},{"calorie":1.0199999809265137,"count":19,"distance":13.700000762939453,"speed":4.673304080963135},{"calorie":2.2200000286102295,"count":38,"distance":27.510000228881836,"speed":4.600000381469727},{"calorie":0.8399999737739563,"count":14,"distance":9.770000457763672,"speed":4.199999809265137},{"calorie":0.0,"count":0,"distance":0.0,"speed":0.0},{"calorie":0.0,"count":0,"distance":0.0,"speed":0.0},{"calorie":0.0,"count":0,"distance":0.0,"speed":0.0},{"calorie":0.0,"count":0,"distance":0.0,"speed":0.0},{"calorie":1.2899999618530273,"count":17,"distance":15.120000839233398,"speed":9.951726913452148},{"calorie":0.0,"count":0,"distance":0.0,"speed":0.0},{"calorie":0.0,"count":0,"distance":0.0,"speed":0.0},{"calorie":3.719998359680176,"count":54,"distance":41.429996490478516,"speed":4.547570705413818},{"calorie":5.360000014305115,"count":91,"distance":64.86000061035156,"speed":4.364259243011475},{"calorie":4.07999849319458,"count":70,"distance":49.359981536865234,"speed":4.115318298339844},{"calorie":0.0,"count":0,"distance":0.0,"speed":0.0},{"calorie":0.0,"count":0,"distance":0.0,"speed":0.0},{"calorie":5.979999542236328,"count":102,"distance":72.13999938964844,"speed":4.192168235778809},{"calorie":1.239999771118164,"count":21,"distance":14.769998550415039,"speed":4.231473922729492},{"calorie":0.0,"count":0,"distance":0.0,"speed":0.0},{"calorie":1.6899999976158142,"count":29,"distance":21.230000019073486,"speed":4.418461322784424},{"calorie":0.0,"count":0,"distance":0.0,"speed":0.0},{"calorie":2.1699999570846558,"count":37,"distance":26.980000495910645,"speed":5.468766689300537},{"calorie":2.5,"count":42,"distance":30.360000610351562,"speed":4.700000286102295},{"calorie":6.840000033378601,"count":115,"distance":83.86999797821045,"speed":4.835812091827393},{"calorie":0.0,"count":0,"distance":0.0,"speed":0.0},{"calorie":0.0,"count":0,"distance":0.0,"speed":0.0},{"calorie":8.819998797029257,"count":151,"distance":109.0399963259697,"speed":4.713064670562744},{"calorie":0.0,"count":0,"distance":0.0,"speed":0.0},{"calorie":1.0899999141693115,"count":18,"distance":12.24999713897705,"speed":3.480308771133423},{"calorie":0.0,"count":0,"distance":0.0,"speed":0.0},{"calorie":0.4699999988079071,"count":8,"distance":5.75,"speed":5.67033052444458},{"calorie":0.0,"count":0,"distance":0.0,"speed":0.0},{"calorie":0.0,"count":0,"distance":0.0,"speed":0.0},{"calorie":3.490000009536743,"count":59,"distance":41.65000057220459,"speed":4.409719467163086},{"calorie":11.359999179840088,"count":192,"distance":135.73999404907227,"speed":4.3822340965271},{"calorie":0.0,"count":0,"distance":0.0,"speed":0.0},{"calorie":0.0,"count":0,"distance":0.0,"speed":0.0},{"calorie":0.0,"count":0,"distance":0.0,"speed":0.0},{"calorie":0.0,"count":0,"distance":0.0,"speed":0.0},{"calorie":0.0,"count":0,"distance":0.0,"speed":0.0},{"calorie":1.959999918937683,"count":33,"distance":23.03999900817871,"speed":4.254302978515625},{"calorie":15.520000204443932,"count":261,"distance":185.89999866485596,"speed":4.368213176727295},{"calorie":0.0,"count":0,"distance":0.0,"speed":0.0},{"calorie":4.209999889135361,"count":71,"distance":49.899999141693115,"speed":4.078276634216309},{"calorie":0.0,"count":0,"distance":0.0,"speed":0.0},{"calorie":0.0,"count":0,"distance":0.0,"speed":0.0},{"calorie":0.0,"count":0,"distance":0.0,"speed":0.0},{"calorie":0.0,"count":0,"distance":0.0,"speed":0.0},{"calorie":0.0,"count":0,"distance":0.0,"speed":0.0},{"calorie":0.36000001430511475,"count":6,"distance":4.110000133514404,"speed":4.0},{"calorie":0.0,"count":0,"distance":0.0,"speed":0.0},{"calorie":0.0,"count":0,"distance":0.0,"speed":0.0},{"calorie":0.0,"count":0,"distance":0.0,"speed":0.0},{"calorie":0.0,"count":0,"distance":0.0,"speed":0.0},{"calorie":0.0,"count":0,"distance":0.0,"speed":0.0},{"calorie":0.0,"count":0,"distance":0.0,"speed":0.0}]