[{"calorie":0.0,"count":0,"distance":0.0,"speed":0.0},{"calorie":0.0,"count":0,"distance":0.0,"speed":0.0},{"calorie":0.0,"count":0,"distance":0.0,"speed":0.0},{"calorie":0.0,"count":0,"distance":0.0,"speed":0.0},{"calorie":0.0,"count":0,"distance":0.0,"speed":0.0},{"calorie":0.0,"count":0,"distance":0.0,"speed":0.0},{"calorie":0.0,"count":0,"distance":0.0,"speed":0.0},{"calorie":0.0,"count":0,"distance":0.0,"speed":0.0},{"calorie":0.0,"count":0,"distance":0.0,"speed":0.0},{"calorie":0.0,"count":0,"distance":0.0,"speed":0.0},{"calorie":0.0,"count":0,"distance":0.0,"speed":0.0},{"calorie":0.0,"count":0,"distance":0.0,"speed":0.0},{"calorie":0.0,"count":0,"distance":0.0,"speed":0.0},{"calorie":0.0,"count":0,"distance":0.0,"speed":0.0},{"calorie":0.0,"count":0,"distance":0.0,"speed":0.0},{"calorie":0.0,"count":0,"distance":0.0,"speed":0.0},{"calorie":0.0,"count":0,"distance":0.0,"speed":0.0},{"calorie":0.0,"count":0,"distance":0.0,"speed":0.0},{"calorie":0.0,"count":0,"distance":0.0,"speed":0.0},{"calorie":0.0,"count":0,"distance":0.0,"speed":0.0},{"calorie":0.0,"count":0,"distance":0.0,"speed":0.0},{"calorie":0.0,"count":0,"distance":0.0,"speed":0.0},{"calorie":0.0,"count":0,"distance":0.0,"speed":0.0},{"calorie":0.0,"count":0,"distance":0.0,"speed":0.0},{"calorie":0.0,"count":0,"distance":0.0,"speed":0.0},{"calorie":0.0,"count":0,"distance":0.0,"speed":0.0},{"calorie":0.0,"count":0,"distance":0.0,"speed":0.0},{"calorie":0.0,"count":0,"distance":0.0,"speed":0.0},{"calorie":0.0,"count":0,"distance":0.0,"speed":0.0},{"calorie":0.0,"count":0,"distance":0.0,"speed":0.0},{"calorie":0.0,"count":0,"distance":0.0,"speed":0.0},{"calorie":0.0,"count":0,"distance":0.0,"speed":0.0},{"calorie":0.0,"count":0,"distance":0.0,"speed":0.0},{"calorie":0.0,"count":0,"distance":0.0,"speed":0.0},{"calorie":0.0,"count":0,"distance":0.0,"speed":0.0},{"calorie":0.0,"count":0,"distance":0.0,"speed":0.0},{"calorie":0.0,"count":0,"distance":0.0,"speed":0.0},{"calorie":0.0,"count":0,"distance":0.0,"speed":0.0},{"calorie":2.540000021457672,"count":50,"distance":35.28999996185303,"speed":4.224396705627441},{"calorie":12.560000360012054,"count":250,"distance":180.74999809265137,"speed":4.606679916381836},{"calorie":0.9800000190734863,"count":19,"distance":13.539999961853027,"speed":4.600000381469727},{"calorie":1.1200000643730164,"count":22,"distance":15.599999904632568,"speed":4.293395042419434},{"calorie":0.0,"count":0,"distance":0.0,"speed":0.0},{"calorie":4.840000152587891,"count":96,"distance":68.27999973297119,"speed":4.498265743255615},{"calorie":5.430000066757202,"count":106,"distance":73.10999894142151,"speed":4.375537872314453},{"calorie":0.0,"count":0,"distance":0.0,"speed":0.0},{"calorie":0.0,"count":0,"distance":0.0,"speed":0.0},{"calorie":2.71999990940094,"count":54,"distance":38.420000076293945,"speed":4.312290668487549},{"calorie":0.0,"count":0,"distance":0.0,"speed":0.0},{"calorie":1.0300000309944153,"count":20,"distance":13.899999141693115,"speed":3.8510208129882812},{"calorie":0.0,"count":0,"distance":0.0,"speed":0.0},{"calorie":0.8500000238418579,"count":17,"distance":11.6899995803833,"speed":3.717167854309082},{"calorie":0.0,"count":0,"distance":0.0,"speed":0.0},{"calorie":0.0,"count":0,"distance":0.0,"speed":0.0},{"calorie":3.1100001335144043,"count":62,"distance":45.07000160217285,"speed":4.874718189239502},{"calorie":0.0,"count":0,"distance":0.0,"speed":0.0},{"calorie":0.0,"count":0,"distance":0.0,"speed":0.0},{"calorie":0.0,"count":0,"distance":0.0,"speed":0.0},{"calorie":0.0,"count":0,"distance":0.0,"speed":0.0},{"calorie":0.0,"count":0,"distance":0.0,"speed":0.0},{"calorie":0.0,"count":0,"distance":0.0,"speed":0.0},{"calorie":0.0,"count":0,"distance":0.0,"speed":0.0},{"calorie":0.0,"count":0,"distance":0.0,"speed":0.0},{"calorie":12.310000002384186,"count":245,"distance":175.25,"speed":4.464537143707275},{"calorie":6.699999988079071,"count":133,"distance":95.6500015258789,"speed":4.56222677230835},{"calorie":3.609999943524599,"count":71,"distance":50.79000014066696,"speed":4.690539836883545},{"calorie":0.0,"count":0,"distance":0.0,"speed":0.0},{"calorie":0.6200000643730164,"count":12,"distance":8.269999504089355,"speed":3.3617310523986816},{"calorie":0.0,"count":0,"distance":0.0,"speed":0.0},{"calorie":0.0,"count":0,"distance":0.0,"speed":0.0},{"calorie":1.100000023841858,"count":22,"distance":15.459997177124023,"speed":3.9394466876983643},{"calorie":2.7800000309944153,"count":56,"distance":40.380001068115234,"speed":4.654148578643799},{"calorie":12.010000348091125,"count":238,"distance":172.50000190734863,"speed":4.770543098449707},{"calorie":4.829999953508377,"count":71,"distance":62.1800000667572,"speed":5.6682353019714355},{"calorie":1.2999999523162842,"count":25,"distance":17.549999237060547,"speed":4.199999809265137},{"calorie":3.0299991853535175,"count":60,"distance":42.52999037504196,"speed":4.134214878082275},{"calorie":0.0,"count":0,"distance":0.0,"speed":0.0},{"calorie":1.769999623298645,"count":35,"distance":24.410001754760742,"speed":3.931741952896118},{"calorie":2.019999720156193,"count":39,"distance":26.460005402565002,"speed":3.5879931449890137},{"calorie":5.150000095367432,"count":102,"distance":74.35999870300293,"speed":4.80155086517334},{"calorie":0.0,"count":0,"distance":0.0,"speed":0.0},{"calorie":0.0,"count":0,"distance":0.0,"speed":0.0},{"calorie":0.0,"count":0,"distance":0.0,"speed":0.0},{"calorie":2.0400000512599945,"count":40,"distance":28.830000400543213,"speed":4.542261600494385},{"calorie":2.849999964237213,"count":56,"distance":39.44000005722046,"speed":4.038535118103027},{"calorie":0.8600000143051147,"count":17,"distance":12.270000457763672,"speed":4.400000095367432},{"calorie":0.0,"count":0,"distance":0.0,"speed":0.0},{"calorie":0.46000003814697266,"count":9,"distance":6.420000076293945,"speed":4.153668403625488},{"calorie":0.0,"count":0,"distance":0.0,"speed":0.0},{"calorie":0.0,"count":0,"distance":0.0,"speed":0.0},{"calorie":0.0,"count":0,"distance":0.0,"speed":0.0},{"calorie":0.0,"count":0,"distance":0.0,"speed":0.0},{"calorie":0.0,"count":0,"distance":0.0,"speed":0.0},{"calorie":0.0,"count":0,"distance":0.0,"speed":0.0},{"calorie":0.0,"count":0,"distance":0.0,"speed":0.0},{"calorie":0.9600001573562622,"count":19,"distance":13.480000495910645,"speed":4.26470422744751},{"calorie":2.119999945163727,"count":41,"distance":28.239999771118164,"speed":3.6826837062835693},{"calorie":1.4199997186660767,"count":28,"distance":19.73000144958496,"speed":4.062846660614014},{"calorie":0.0,"count":0,"distance":0.0,"speed":0.0},{"calorie":0.0,"count":0,"distance":0.0,"speed":0.0},{"calorie":0.0,"count":0,"distance":0.0,"speed":0.0},{"calorie":15.489998389035463,"count":308,"distance":218.16001772880554,"speed":4.371518611907959},{"calorie":0.0,"count":0,"distance":0.0,"speed":0.0},{"calorie":0.9000000953674316,"count":18,"distance":13.520000457763672,"speed":5.926739692687988},{"calorie":0.0,"count":0,"distance":0.0,"speed":0.0},{"calorie":0.0,"count":0,"distance":0.0,"speed":0.0},{"calorie":0.0,"count":0,"distance":0.0,"speed":0.0},{"calorie":10.290000081062317,"count":201,"distance":137.23000144958496,"speed":3.4939489364624023},{"calorie":11.249999970197678,"count":220,"distance":151.65000200271606,"speed":3.630730390548706},{"calorie":1.3499997854232788,"count":27,"distance":20.089996337890625,"speed":5.022494316101074},{"calorie":0.0,"count":0,"distance":0.0,"speed":0.0},{"calorie":0.0,"count":0,"distance":0.0,"speed":0.0},{"calorie":0.0,"count":0,"distance":0.0,"speed":0.0},{"calorie":0.0,"count":0,"distance":0.0,"speed":0.0},{"calorie":0.0,"count":0,"distance":0.0,"speed":0.0},{"calorie":0.0,"count":0,"distance":0.0,"speed":0.0},{"calorie":0.0,"count":0,"distance":0.0,"speed":0.0},{"calorie":0.0,"count":0,"distance":0.0,"speed":0.0},{"calorie":0.0,"count":0,"distance":0.0,"speed":0.0},{"calorie":0.0,"count":0,"distance":0.0,"speed":0.0},{"calorie":3.3499999046325684,"count":66,"distance":46.9900016784668,"speed":4.461867809295654},{"calorie":2.53000009059906,"count":50,"distance":35.53000068664551,"speed":4.2686448097229},{"calorie":2.119999945163727,"count":42,"distance":30.56999969482422,"speed":4.712532043457031},{"calorie":0.0,"count":0,"distance":0.0,"speed":0.0},{"calorie":5.599999964237213,"count":110,"distance":79.35000038146973,"speed":4.577517509460449},{"calorie":0.36000001430511475,"count":7,"distance":5.079999923706055,"speed":4.900000095367432},{"calorie":0.0,"count":0,"distance":0.0,"speed":0.0},{"calorie":0.0,"count":0,"distance":0.0,"speed":0.0},{"calorie":0.0,"count":0,"distance":0.0,"speed":0.0},{"calorie":0.0,"count":0,"distance":0.0,"speed":0.0},{"calorie":0.6500000357627869,"count":13,"distance":9.0,"speed":3.8075931072235107},{"calorie":0.5700000524520874,"count":11,"distance":7.710000038146973,"speed":4.223144054412842},{"calorie":0.0,"count":0,"distance":0.0,"speed":0.0},{"calorie":0.0,"count":0,"distance":0.0,"speed":0.0},{"calorie":0.0,"count":0,"distance":0.0,"speed":0.0},{"calorie":0.0,"count":0,"distance":0.0,"speed":0.0},{"calorie":0.699999988079071,"count":14,"distance":10.75,"speed":6.099999904632568},{"calorie":0.0,"count":0,"distance":0.0,"speed":0.0},{"calorie":0.0,"count":0,"distance":0.0,"speed":0.0},{"calorie":0.0,"count":0,"distance":0.0,"speed":0.0},{"calorie":0.0,"count":0,"distance":0.0,"speed":0.0},{"calorie":0.0,"count":0,"distance":0.0,"speed":0.0},{"calorie":0.0,"count":0,"distance":0.0,"speed":0.0},{"calorie":0.0,"count":0,"distance":0.0,"speed":0.0}]