[{"calorie":0.0,"count":0,"distance":0.0,"speed":0.0},{"calorie":0.0,"count":0,"distance":0.0,"speed":0.0},{"calorie":0.0,"count":0,"distance":0.0,"speed":0.0},{"calorie":0.0,"count":0,"distance":0.0,"speed":0.0},{"calorie":0.0,"count":0,"distance":0.0,"speed":0.0},{"calorie":0.0,"count":0,"distance":0.0,"speed":0.0},{"calorie":0.0,"count":0,"distance":0.0,"speed":0.0},{"calorie":0.0,"count":0,"distance":0.0,"speed":0.0},{"calorie":0.0,"count":0,"distance":0.0,"speed":0.0},{"calorie":0.0,"count":0,"distance":0.0,"speed":0.0},{"calorie":0.0,"count":0,"distance":0.0,"speed":0.0},{"calorie":0.0,"count":0,"distance":0.0,"speed":0.0},{"calorie":0.0,"count":0,"distance":0.0,"speed":0.0},{"calorie":0.0,"count":0,"distance":0.0,"speed":0.0},{"calorie":0.0,"count":0,"distance":0.0,"speed":0.0},{"calorie":0.0,"count":0,"distance":0.0,"speed":0.0},{"calorie":0.0,"count":0,"distance":0.0,"speed":0.0},{"calorie":0.0,"count":0,"distance":0.0,"speed":0.0},{"calorie":0.0,"count":0,"distance":0.0,"speed":0.0},{"calorie":0.0,"count":0,"distance":0.0,"speed":0.0},{"calorie":0.0,"count":0,"distance":0.0,"speed":0.0},{"calorie":0.0,"count":0,"distance":0.0,"speed":0.0},{"calorie":0.0,"count":0,"distance":0.0,"speed":0.0},{"calorie":0.0,"count":0,"distance":0.0,"speed":0.0},{"calorie":0.0,"count":0,"distance":0.0,"speed":0.0},{"calorie":0.0,"count":0,"distance":0.0,"speed":0.0},{"calorie":0.0,"count":0,"distance":0.0,"speed":0.0},{"calorie":0.0,"count":0,"distance":0.0,"speed":0.0},{"calorie":0.0,"count":0,"distance":0.0,"speed":0.0},{"calorie":0.0,"count":0,"distance":0.0,"speed":0.0},{"calorie":0.0,"count":0,"distance":0.0,"speed":0.0},{"calorie":0.0,"count":0,"distance":0.0,"speed":0.0},{"calorie":0.0,"count":0,"distance":0.0,"speed":0.0},{"calorie":0.0,"count":0,"distance":0.0,"speed":0.0},{"calorie":0.0,"count":0,"distance":0.0,"speed":0.0},{"calorie":0.0,"count":0,"distance":0.0,"speed":0.0},{"calorie":0.0,"count":0,"distance":0.0,"speed":0.0},{"calorie":0.0,"count":0,"distance":0.0,"speed":0.0},{"calorie":0.0,"count":0,"distance":0.0,"speed":0.0},{"calorie":3.4199999570846558,"count":67,"distance":46.720001220703125,"speed":3.921454429626465},{"calorie":4.089999973773956,"count":67,"distance":45.500004529953,"speed":4.549732208251953},{"calorie":4.949999988079071,"count":99,"distance":70.48000049591064,"speed":4.31535530090332},{"calorie":2.0299999490380287,"count":40,"distance":28.84000027179718,"speed":4.199999809265137},{"calorie":0.0,"count":0,"distance":0.0,"speed":0.0},{"calorie":0.0,"count":0,"distance":0.0,"speed":0.0},{"calorie":2.3000000715255737,"count":45,"distance":30.960000038146973,"speed":3.7252016067504883},{"calorie":0.0,"count":0,"distance":0.0,"speed":0.0},{"calorie":1.9099998474121094,"count":37,"distance":26.05999755859375,"speed":4.215346813201904},{"calorie":0.0,"count":0,"distance":0.0,"speed":0.0},{"calorie":0.0,"count":0,"distance":0.0,"speed":0.0},{"calorie":0.0,"count":0,"distance":0.0,"speed":0.0},{"calorie":0.0,"count":0,"distance":0.0,"speed":0.0},{"calorie":0.0,"count":0,"distance":0.0,"speed":0.0},{"calorie":0.0,"count":0,"distance":0.0,"speed":0.0},{"calorie":3.5899999141693115,"count":71,"distance":50.56999588012695,"speed":4.2964253425598145},{"calorie":2.309999942779541,"count":46,"distance":33.459999084472656,"speed":4.700000286102295},{"calorie":4.690000116825104,"count":94,"distance":66.13000202178955,"speed":4.624783515930176},{"calorie":1.2400000095367432,"count":24,"distance":16.790000915527344,"speed":4.099999904632568},{"calorie":11.159997820854187,"count":186,"distance":125.63998508453369,"speed":4.150393009185791},{"calorie":0.0,"count":0,"distance":0.0,"speed":0.0},{"calorie":0.0,"count":0,"distance":0.0,"speed":0.0},{"calorie":0.0,"count":0,"distance":0.0,"speed":0.0},{"calorie":0.0,"count":0,"distance":0.0,"speed":0.0},{"calorie":0.0,"count":0,"distance":0.0,"speed":0.0},{"calorie":0.0,"count":0,"distance":0.0,"speed":0.0},{"calorie":0.0,"count":0,"distance":0.0,"speed":0.0},{"calorie":0.0,"count":0,"distance":0.0,"speed":0.0},{"calorie":9.150000035762787,"count":181,"distance":127.79999923706055,"speed":4.1527910232543945},{"calorie":5.409998893737793,"count":107,"distance":75.1400032043457,"speed":4.0835676193237305},{"calorie":0.0,"count":0,"distance":0.0,"speed":0.0},{"calorie":0.0,"count":0,"distance":0.0,"speed":0.0},{"calorie":1.1200000643730164,"count":22,"distance":15.820000648498535,"speed":4.388828277587891},{"calorie":7.689999938011169,"count":152,"distance":108.92999458312988,"speed":4.344529628753662},{"calorie":5.869999259710312,"count":114,"distance":79.16000032424927,"speed":3.7799501419067383},{"calorie":2.7300000190734863,"count":54,"distance":38.3799991607666,"speed":4.372089385986328},{"calorie":3.5199999809265137,"count":69,"distance":48.50999975204468,"speed":4.106896877288818},{"calorie":1.2300000190734863,"count":24,"distance":16.93000030517578,"speed":4.400000095367432},{"calorie":3.4499999582767487,"count":68,"distance":48.29999828338623,"speed":4.31760835647583},{"calorie":0.0,"count":0,"distance":0.0,"speed":0.0},{"calorie":0.0,"count":0,"distance":0.0,"speed":0.0},{"calorie":0.0,"count":0,"distance":0.0,"speed":0.0},{"calorie":0.0,"count":0,"distance":0.0,"speed":0.0},{"calorie":0.0,"count":0,"distance":0.0,"speed":0.0},{"calorie":0.0,"count":0,"distance":0.0,"speed":0.0},{"calorie":0.0,"count":0,"distance":0.0,"speed":0.0},{"calorie":0.0,"count":0,"distance":0.0,"speed":0.0},{"calorie":0.0,"count":0,"distance":0.0,"speed":0.0},{"calorie":0.0,"count":0,"distance":0.0,"speed":0.0},{"calorie":0.0,"count":0,"distance":0.0,"speed":0.0},{"calorie":6.79999902844429,"count":133,"distance":93.5,"speed":4.040816783905029},{"calorie":3.2000000178813934,"count":62,"distance":43.139999866485596,"speed":3.864340305328369},{"calorie":1.8899999558925629,"count":37,"distance":26.019999980926514,"speed":4.059075355529785},{"calorie":6.289999961853027,"count":119,"distance":80.64999914169312,"speed":3.3048505783081055},{"calorie":0.0,"count":0,"distance":0.0,"speed":0.0},{"calorie":0.0,"count":0,"distance":0.0,"speed":0.0},{"calorie":0.0,"count":0,"distance":0.0,"speed":0.0},{"calorie":0.6500000357627869,"count":13,"distance":9.289999961853027,"speed":4.199999809265137},{"calorie":0.8299999833106995,"count":16,"distance":11.180000305175781,"speed":4.0},{"calorie":1.6100000143051147,"count":31,"distance":21.36999750137329,"speed":3.845590829849243},{"calorie":2.0399999618530273,"count":40,"distance":28.350000381469727,"speed":4.262487411499023},{"calorie":11.599999785423279,"count":230,"distance":165.13000011444092,"speed":4.587644577026367},{"calorie":0.0,"count":0,"distance":0.0,"speed":0.0},{"calorie":6.130000114440918,"count":120,"distance":83.60000038146973,"speed":4.022879600524902},{"calorie":0.0,"count":0,"distance":0.0,"speed":0.0},{"calorie":6.610000193119049,"count":119,"distance":83.22000122070312,"speed":4.451977252960205},{"calorie":0.0,"count":0,"distance":0.0,"speed":0.0},{"calorie":0.0,"count":0,"distance":0.0,"speed":0.0},{"calorie":0.0,"count":0,"distance":0.0,"speed":0.0},{"calorie":0.0,"count":0,"distance":0.0,"speed":0.0},{"calorie":0.0,"count":0,"distance":0.0,"speed":0.0},{"calorie":0.0,"count":0,"distance":0.0,"speed":0.0},{"calorie":4.110000014305115,"count":80,"distance":56.260000228881836,"speed":4.075080871582031},{"calorie":0.6000000238418579,"count":13,"distance":9.670000076293945,"speed":5.299999713897705},{"calorie":0.0,"count":0,"distance":0.0,"speed":0.0},{"calorie":0.3800000250339508,"count":7,"distance":4.680000305175781,"speed":3.1000001430511475},{"calorie":1.7700001001358032,"count":34,"distance":23.480000972747803,"speed":3.537062406539917},{"calorie":0.0,"count":0,"distance":0.0,"speed":0.0},{"calorie":0.0,"count":0,"distance":0.0,"speed":0.0},{"calorie":0.0,"count":0,"distance":0.0,"speed":0.0},{"calorie":0.0,"count":0,"distance":0.0,"speed":0.0},{"calorie":1.0800000429153442,"count":21,"distance":14.640000343322754,"speed":3.799999952316284},{"calorie":0.0,"count":0,"distance":0.0,"speed":0.0},{"calorie":0.0,"count":0,"distance":0.0,"speed":0.0},{"calorie":0.0,"count":0,"distance":0.0,"speed":0.0},{"calorie":0.0,"count":0,"distance":0.0,"speed":0.0},{"calorie":0.0,"count":0,"distance":0.0,"speed":0.0},{"calorie":0.0,"count":0,"distance":0.0,"speed":0.0},{"calorie":0.0,"count":0,"distance":0.0,"speed":0.0},{"calorie":0.0,"count":0,"distance":0.0,"speed":0.0},{"calorie":0.0,"count":0,"distance":0.0,"speed":0.0},{"calorie":0.0,"count":0,"distance":0.0,"speed":0.0},{"calorie":0.0,"count":0,"distance":0.0,"speed":0.0},{"calorie":0.0,"count":0,"distance":0.0,"speed":0.0},{"calorie":0.0,"count":0,"distance":0.0,"speed":0.0},{"calorie":0.0,"count":0,"distance":0.0,"speed":0.0},{"calorie":0.0,"count":0,"distance":0.0,"speed":0.0},{"calorie":2.7500000596046448,"count":54,"distance":37.929996490478516,"speed":3.929227113723755},{"calorie":0.0,"count":0,"distance":0.0,"speed":0.0},{"calorie":0.0,"count":0,"distance":0.0,"speed":0.0},{"calorie":0.0,"count":0,"distance":0.0,"speed":0.0},{"calorie":0.0,"count":0,"distance":0.0,"speed":0.0},{"calorie":0.9200000166893005,"count":18,"distance":12.9399995803833,"speed":4.700000286102295},{"calorie":0.0,"count":0,"distance":0.0,"speed":0.0},{"calorie":0.0,"count":0,"distance":0.0,"speed":0.0}]