[{"calorie":1.570000022649765,"count":42,"distance":30.880000114440918,"speed":4.129482746124268},{"calorie":0.0,"count":0,"distance":0.0,"speed":0.0},{"calorie":1.6400000229477882,"count":43,"distance":31.21999979019165,"speed":3.8166568279266357},{"calorie":0.3100000023841858,"count":9,"distance":6.840000152587891,"speed":5.8771820068359375},{"calorie":0.28999999165534973,"count":8,"distance":5.890000343322754,"speed":3.611933469772339},{"calorie":0.6000000238418579,"count":17,"distance":12.989999771118164,"speed":5.025982856750488},{"calorie":0.0,"count":0,"distance":0.0,"speed":0.0},{"calorie":0.0,"count":0,"distance":0.0,"speed":0.0},{"calorie":0.0,"count":0,"distance":0.0,"speed":0.0},{"calorie":0.0,"count":0,"distance":0.0,"speed":0.0},{"calorie":0.0,"count":0,"distance":0.0,"speed":0.0},{"calorie":0.0,"count":0,"distance":0.0,"speed":0.0},{"calorie":0.0,"count":0,"distance":0.0,"speed":0.0},{"calorie":0.0,"count":0,"distance":0.0,"speed":0.0},{"calorie":0.0,"count":0,"distance":0.0,"speed":0.0},{"calorie":0.0,"count":0,"distance":0.0,"speed":0.0},{"calorie":0.0,"count":0,"distance":0.0,"speed":0.0},{"calorie":0.0,"count":0,"distance":0.0,"speed":0.0},{"calorie":0.0,"count":0,"distance":0.0,"speed":0.0},{"calorie":0.0,"count":0,"distance":0.0,"speed":0.0},{"calorie":0.0,"count":0,"distance":0.0,"speed":0.0},{"calorie":0.0,"count":0,"distance":0.0,"speed":0.0},{"calorie":0.0,"count":0,"distance":0.0,"speed":0.0},{"calorie":0.0,"count":0,"distance":0.0,"speed":0.0},{"calorie":0.0,"count":0,"distance":0.0,"speed":0.0},{"calorie":0.0,"count":0,"distance":0.0,"speed":0.0},{"calorie":0.0,"count":0,"distance":0.0,"speed":0.0},{"calorie":0.0,"count":0,"distance":0.0,"speed":0.0},{"calorie":0.0,"count":0,"distance":0.0,"speed":0.0},{"calorie":0.0,"count":0,"distance":0.0,"speed":0.0},{"calorie":0.0,"count":0,"distance":0.0,"speed":0.0},{"calorie":0.0,"count":0,"distance":0.0,"speed":0.0},{"calorie":0.0,"count":0,"distance":0.0,"speed":0.0},{"calorie":0.0,"count":0,"distance":0.0,"speed":0.0},{"calorie":0.0,"count":0,"distance":0.0,"speed":0.0},{"calorie":0.0,"count":0,"distance":0.0,"speed":0.0},{"calorie":0.0,"count":0,"distance":0.0,"speed":0.0},{"calorie":0.0,"count":0,"distance":0.0,"speed":0.0},{"calorie":0.0,"count":0,"distance":0.0,"speed":0.0},{"calorie":0.0,"count":0,"distance":0.0,"speed":0.0},{"calorie":0.0,"count":0,"distance":0.0,"speed":0.0},{"calorie":0.0,"count":0,"distance":0.0,"speed":0.0},{"calorie":0.0,"count":0,"distance":0.0,"speed":0.0},{"calorie":0.0,"count":0,"distance":0.0,"speed":0.0},{"calorie":0.0,"count":0,"distance":0.0,"speed":0.0},{"calorie":0.0,"count":0,"distance":0.0,"speed":0.0},{"calorie":0.3399999737739563,"count":9,"distance":6.560000419616699,"speed":3.93424916267395},{"calorie":0.0,"count":0,"distance":0.0,"speed":0.0},{"calorie":6.619999945163727,"count":172,"distance":122.97999954223633,"speed":3.50045108795166},{"calorie":0.0,"count":0,"distance":0.0,"speed":0.0},{"calorie":0.0,"count":0,"distance":0.0,"speed":0.0},{"calorie":0.0,"count":0,"distance":0.0,"speed":0.0},{"calorie":0.0,"count":0,"distance":0.0,"speed":0.0},{"calorie":0.0,"count":0,"distance":0.0,"speed":0.0},{"calorie":1.7200000286102295,"count":48,"distance":36.329999923706055,"speed":4.928706645965576},{"calorie":4.949999958276749,"count":131,"distance":98.5999984741211,"speed":4.778585910797119},{"calorie":5.2400000393390656,"count":144,"distance":108.05000162124634,"speed":4.638119697570801},{"calorie":5.6600000858306885,"count":150,"distance":112.69999694824219,"speed":4.733332633972168},{"calorie":4.25,"count":115,"distance":86.7899980545044,"speed":4.80280065536499},{"calorie":2.6100000143051147,"count":69,"distance":51.06999921798706,"speed":4.25270938873291},{"calorie":1.2299999594688416,"count":34,"distance":25.489999771118164,"speed":4.583820343017578},{"calorie":5.899999976158142,"count":158,"distance":117.6599988937378,"speed":4.484171390533447},{"calorie":3.630000054836273,"count":97,"distance":72.81999969482422,"speed":4.641756534576416},{"calorie":0.0,"count":0,"distance":0.0,"speed":0.0},{"calorie":0.0,"count":0,"distance":0.0,"speed":0.0},{"calorie":5.64000004529953,"count":154,"distance":115.72999906539917,"speed":4.6636433601379395},{"calorie":1.699999988079071,"count":46,"distance":34.08999967575073,"speed":4.458245277404785},{"calorie":1.2400000393390656,"count":34,"distance":25.169999599456787,"speed":4.267221450805664},{"calorie":2.539999946951866,"count":67,"distance":49.62000036239624,"speed":4.413142681121826},{"calorie":1.8100000619888306,"count":48,"distance":35.94000053405762,"speed":4.245275497436523},{"calorie":4.009999990463257,"count":107,"distance":81.08000087738037,"speed":4.79186487197876},{"calorie":1.7899999618530273,"count":48,"distance":35.77000045776367,"speed":4.636138916015625},{"calorie":1.3300000429153442,"count":37,"distance":27.56999969482422,"speed":4.809488296508789},{"calorie":9.669999927282333,"count":253,"distance":182.15999841690063,"speed":3.6634063720703125},{"calorie":8.649999976158142,"count":229,"distance":171.78999757766724,"speed":4.664198398590088},{"calorie":0.0,"count":0,"distance":0.0,"speed":0.0},{"calorie":0.0,"count":0,"distance":0.0,"speed":0.0},{"calorie":0.0,"count":0,"distance":0.0,"speed":0.0},{"calorie":0.6600000038743019,"count":19,"distance":14.319999694824219,"speed":4.520588397979736},{"calorie":0.0,"count":0,"distance":0.0,"speed":0.0},{"calorie":0.0,"count":0,"distance":0.0,"speed":0.0},{"calorie":0.0,"count":0,"distance":0.0,"speed":0.0},{"calorie":2.289999842643738,"count":63,"distance":47.78999900817871,"speed":4.789816379547119},{"calorie":0.29999998211860657,"count":8,"distance":5.639999866485596,"speed":3.4992802143096924},{"calorie":9.270000129938126,"count":229,"distance":174.60000133514404,"speed":4.247025966644287},{"calorie":7.120000064373016,"count":199,"distance":150.85999870300293,"speed":4.789278030395508},{"calorie":5.130000025033951,"count":137,"distance":101.85000228881836,"speed":4.375237941741943},{"calorie":8.109999984502792,"count":229,"distance":175.20999479293823,"speed":5.049604892730713},{"calorie":6.239999707788229,"count":174,"distance":133.15000009536743,"speed":5.033624649047852},{"calorie":1.6299999952316284,"count":45,"distance":34.459999084472656,"speed":4.999999523162842},{"calorie":1.1200000047683716,"count":30,"distance":21.940000534057617,"speed":4.190577030181885},{"calorie":0.28999999165534973,"count":8,"distance":5.840000152587891,"speed":4.099999904632568},{"calorie":2.7199999690055847,"count":72,"distance":53.27000093460083,"speed":4.426891326904297},{"calorie":1.5000001788139343,"count":42,"distance":30.319998741149902,"speed":3.74699068069458},{"calorie":1.9799999594688416,"count":54,"distance":40.139999866485596,"speed":4.247967720031738},{"calorie":4.820000171661377,"count":130,"distance":97.91000175476074,"speed":4.677115440368652},{"calorie":0.9800000190734863,"count":25,"distance":18.219999313354492,"speed":4.199999809265137},{"calorie":5.17999991774559,"count":142,"distance":107.4499979019165,"speed":4.785717010498047},{"calorie":3.2499999403953552,"count":98,"distance":74.88000011444092,"speed":5.08705472946167},{"calorie":5.050000011920929,"count":140,"distance":106.27000045776367,"speed":4.906826019287109},{"calorie":0.0,"count":0,"distance":0.0,"speed":0.0},{"calorie":0.25,"count":7,"distance":5.269999980926514,"speed":4.299999713897705},{"calorie":0.6000000238418579,"count":16,"distance":11.399999618530273,"speed":4.199999809265137},{"calorie":0.0,"count":0,"distance":0.0,"speed":0.0},{"calorie":0.30000001192092896,"count":8,"distance":5.75,"speed":3.6999995708465576},{"calorie":0.3199999928474426,"count":9,"distance":6.770000457763672,"speed":4.664885997772217},{"calorie":0.30000001192092896,"count":8,"distance":5.760000228881836,"speed":4.299999713897705},{"calorie":6.61999986320734,"count":177,"distance":131.85000467300415,"speed":4.487674236297607},{"calorie":0.0,"count":0,"distance":0.0,"speed":0.0},{"calorie":0.0,"count":0,"distance":0.0,"speed":0.0},{"calorie":0.0,"count":0,"distance":0.0,"speed":0.0},{"calorie":0.0,"count":0,"distance":0.0,"speed":0.0},{"calorie":0.0,"count":0,"distance":0.0,"speed":0.0},{"calorie":0.0,"count":0,"distance":0.0,"speed":0.0},{"calorie":2.1500000953674316,"count":53,"distance":40.439995765686035,"speed":4.510956287384033},{"calorie":5.639999181032181,"count":149,"distance":109.5400013923645,"speed":4.160275459289551},{"calorie":0.2199999988079071,"count":6,"distance":4.360000133514404,"speed":3.5999996662139893},{"calorie":0.0,"count":0,"distance":0.0,"speed":0.0},{"calorie":1.0199999809265137,"count":29,"distance":21.040000915527344,"speed":4.085266590118408},{"calorie":0.25999999046325684,"count":7,"distance":4.949999809265137,"speed":3.8539345264434814},{"calorie":0.0,"count":0,"distance":0.0,"speed":0.0},{"calorie":1.2899998426437378,"count":34,"distance":25.359996795654297,"speed":4.398440361022949},{"calorie":0.0,"count":0,"distance":0.0,"speed":0.0},{"calorie":0.0,"count":0,"distance":0.0,"speed":0.0},{"calorie":0.0,"count":0,"distance":0.0,"speed":0.0},{"calorie":0.0,"count":0,"distance":0.0,"speed":0.0},{"calorie":0.0,"count":0,"distance":0.0,"speed":0.0},{"calorie":0.0,"count":0,"distance":0.0,"speed":0.0},{"calorie":1.0499999523162842,"count":30,"distance":22.43000030517578,"speed":4.655928611755371},{"calorie":0.0,"count":0,"distance":0.0,"speed":0.0},{"calorie":0.0,"count":0,"distance":0.0,"speed":0.0},{"calorie":0.0,"count":0,"distance":0.0,"speed":0.0},{"calorie":0.0,"count":0,"distance":0.0,"speed":0.0},{"calorie":1.7799999117851257,"count":49,"distance":36.63000297546387,"speed":4.6771650314331055},{"calorie":2.819999635219574,"count":81,"distance":61.69000816345215,"speed":5.096531867980957},{"calorie":1.639999970793724,"count":44,"distance":31.890000343322754,"speed":3.909433126449585},{"calorie":0.0,"count":0,"distance":0.0,"speed":0.0},{"calorie":0.0,"count":0,"distance":0.0,"speed":0.0},{"calorie":0.0,"count":0,"distance":0.0,"speed":0.0},{"calorie":0.0,"count":0,"distance":0.0,"speed":0.0},{"calorie":0.0,"count":0,"distance":0.0,"speed":0.0},{"calorie":0.0,"count":0,"distance":0.0,"speed":0.0},{"calorie":0.0,"count":0,"distance":0.0,"speed":0.0},{"calorie":0.0,"count":0,"distance":0.0,"speed":0.0}]