[{"calorie":0.0,"count":0,"distance":0.0,"speed":0.0},{"calorie":0.0,"count":0,"distance":0.0,"speed":0.0},{"calorie":0.0,"count":0,"distance":0.0,"speed":0.0},{"calorie":0.0,"count":0,"distance":0.0,"speed":0.0},{"calorie":0.0,"count":0,"distance":0.0,"speed":0.0},{"calorie":0.0,"count":0,"distance":0.0,"speed":0.0},{"calorie":0.0,"count":0,"distance":0.0,"speed":0.0},{"calorie":0.0,"count":0,"distance":0.0,"speed":0.0},{"calorie":0.0,"count":0,"distance":0.0,"speed":0.0},{"calorie":0.0,"count":0,"distance":0.0,"speed":0.0},{"calorie":0.0,"count":0,"distance":0.0,"speed":0.0},{"calorie":0.0,"count":0,"distance":0.0,"speed":0.0},{"calorie":0.0,"count":0,"distance":0.0,"speed":0.0},{"calorie":0.0,"count":0,"distance":0.0,"speed":0.0},{"calorie":0.0,"count":0,"distance":0.0,"speed":0.0},{"calorie":0.0,"count":0,"distance":0.0,"speed":0.0},{"calorie":0.0,"count":0,"distance":0.0,"speed":0.0},{"calorie":0.0,"count":0,"distance":0.0,"speed":0.0},{"calorie":0.0,"count":0,"distance":0.0,"speed":0.0},{"calorie":0.0,"count":0,"distance":0.0,"speed":0.0},{"calorie":0.0,"count":0,"distance":0.0,"speed":0.0},{"calorie":0.0,"count":0,"distance":0.0,"speed":0.0},{"calorie":0.0,"count":0,"distance":0.0,"speed":0.0},{"calorie":0.0,"count":0,"distance":0.0,"speed":0.0},{"calorie":0.0,"count":0,"distance":0.0,"speed":0.0},{"calorie":0.0,"count":0,"distance":0.0,"speed":0.0},{"calorie":0.0,"count":0,"distance":0.0,"speed":0.0},{"calorie":0.0,"count":0,"distance":0.0,"speed":0.0},{"calorie":0.0,"count":0,"distance":0.0,"speed":0.0},{"calorie":0.0,"count":0,"distance":0.0,"speed":0.0},{"calorie":0.0,"count":0,"distance":0.0,"speed":0.0},{"calorie":0.0,"count":0,"distance":0.0,"speed":0.0},{"calorie":0.0,"count":0,"distance":0.0,"speed":0.0},{"calorie":0.0,"count":0,"distance":0.0,"speed":0.0},{"calorie":0.0,"count":0,"distance":0.0,"speed":0.0},{"calorie":0.0,"count":0,"distance":0.0,"speed":0.0},{"calorie":0.0,"count":0,"distance":0.0,"speed":0.0},{"calorie":0.0,"count":0,"distance":0.0,"speed":0.0},{"calorie":0.0,"count":0,"distance":0.0,"speed":0.0},{"calorie":0.0,"count":0,"distance":0.0,"speed":0.0},{"calorie":0.0,"count":0,"distance":0.0,"speed":0.0},{"calorie":0.0,"count":0,"distance":0.0,"speed":0.0},{"calorie":0.0,"count":0,"distance":0.0,"speed":0.0},{"calorie":0.0,"count":0,"distance":0.0,"speed":0.0},{"calorie":0.0,"count":0,"distance":0.0,"speed":0.0},{"calorie":0.0,"count":0,"distance":0.0,"speed":0.0},{"calorie":0.0,"count":0,"distance":0.0,"speed":0.0},{"calorie":2.2400000393390656,"count":53,"distance":42.9399995803833,"speed":4.835987091064453},{"calorie":6.560000061988831,"count":172,"distance":123.81999778747559,"speed":3.698503255844116},{"calorie":0.0,"count":0,"distance":0.0,"speed":0.0},{"calorie":0.0,"count":0,"distance":0.0,"speed":0.0},{"calorie":8.169999927282333,"count":230,"distance":171.73000049591064,"speed":4.586646556854248},{"calorie":6.719999849796295,"count":181,"distance":136.05000162124634,"speed":4.744505405426025},{"calorie":2.679999887943268,"count":83,"distance":63.24000072479248,"speed":5.303829193115234},{"calorie":1.5999999642372131,"count":44,"distance":32.40999984741211,"speed":4.190948009490967},{"calorie":5.010000005364418,"count":136,"distance":102.32000231742859,"speed":4.707708835601807},{"calorie":1.2599999904632568,"count":34,"distance":25.59999942779541,"speed":4.685519218444824},{"calorie":7.379999577999115,"count":203,"distance":150.97000885009766,"speed":4.477692127227783},{"calorie":1.0199999809265137,"count":30,"distance":22.510000228881836,"speed":5.199999809265137},{"calorie":1.9400000274181366,"count":53,"distance":39.52999925613403,"speed":4.366674900054932},{"calorie":2.1999999284744263,"count":59,"distance":43.3199987411499,"speed":4.101352214813232},{"calorie":2.689999967813492,"count":75,"distance":56.590004444122314,"speed":4.751690864562988},{"calorie":0.9900000095367432,"count":27,"distance":20.639999389648438,"speed":4.900000095367432},{"calorie":6.079999953508377,"count":165,"distance":122.38999843597412,"speed":4.452441215515137},{"calorie":2.10999995470047,"count":57,"distance":42.510000228881836,"speed":4.331150531768799},{"calorie":1.2999999523162842,"count":36,"distance":26.75,"speed":3.799999952316284},{"calorie":5.270000100135803,"count":155,"distance":117.66000175476074,"speed":5.253726959228516},{"calorie":2.4899999499320984,"count":66,"distance":48.300002098083496,"speed":4.265851974487305},{"calorie":4.200000077486038,"count":112,"distance":82.26000165939331,"speed":4.292891979217529},{"calorie":0.0,"count":0,"distance":0.0,"speed":0.0},{"calorie":0.0,"count":0,"distance":0.0,"speed":0.0},{"calorie":1.9800000190734863,"count":53,"distance":38.96999979019165,"speed":4.284006595611572},{"calorie":0.0,"count":0,"distance":0.0,"speed":0.0},{"calorie":1.5000000596046448,"count":46,"distance":35.380000591278076,"speed":5.480122089385986},{"calorie":0.0,"count":0,"distance":0.0,"speed":0.0},{"calorie":3.0799999237060547,"count":87,"distance":65.57000160217285,"speed":4.901120185852051},{"calorie":2.209999918937683,"count":59,"distance":44.19000244140625,"speed":4.5688066482543945},{"calorie":2.939999967813492,"count":87,"distance":66.49999523162842,"speed":5.349193572998047},{"calorie":2.1999998688697815,"count":66,"distance":50.33999824523926,"speed":5.281918525695801},{"calorie":1.1499999165534973,"count":32,"distance":23.93000030517578,"speed":4.485876083374023},{"calorie":0.6299999877810478,"count":17,"distance":12.3100004196167,"speed":3.93865704536438},{"calorie":0.20999999344348907,"count":6,"distance":4.619999885559082,"speed":5.199999809265137},{"calorie":6.719999939203262,"count":191,"distance":151.06000137329102,"speed":5.768843173980713},{"calorie":0.9599999785423279,"count":29,"distance":22.179999828338623,"speed":5.300000190734863},{"calorie":2.729999929666519,"count":75,"distance":55.6800012588501,"speed":4.453195095062256},{"calorie":0.8100001215934753,"count":21,"distance":15.439998626708984,"speed":4.143682956695557},{"calorie":0.0,"count":0,"distance":0.0,"speed":0.0},{"calorie":0.0,"count":0,"distance":0.0,"speed":0.0},{"calorie":17.499999284744263,"count":538,"distance":413.02998208999634,"speed":5.174930095672607},{"calorie":3.5999999046325684,"count":95,"distance":70.97999858856201,"speed":4.590030670166016},{"calorie":0.5600000023841858,"count":17,"distance":12.170001029968262,"speed":3.78788685798645},{"calorie":0.4000000059604645,"count":12,"distance":8.930000305175781,"speed":4.700000286102295},{"calorie":3.950000137090683,"count":105,"distance":77.69000101089478,"speed":4.2965264320373535},{"calorie":0.0,"count":0,"distance":0.0,"speed":0.0},{"calorie":1.5699999928474426,"count":43,"distance":31.559998512268066,"speed":4.227441310882568},{"calorie":1.070000171661377,"count":29,"distance":21.290000915527344,"speed":4.365138053894043},{"calorie":1.7100000977516174,"count":47,"distance":35.4200005531311,"speed":4.720211505889893},{"calorie":0.0,"count":0,"distance":0.0,"speed":0.0},{"calorie":0.0,"count":0,"distance":0.0,"speed":0.0},{"calorie":8.759999513626099,"count":279,"distance":218.92998886108398,"speed":5.751996994018555},{"calorie":10.340000122785568,"count":323,"distance":249.67999982833862,"speed":5.281132221221924},{"calorie":2.5700000524520874,"count":77,"distance":59.16000175476074,"speed":5.176272869110107},{"calorie":5.909999966621399,"count":171,"distance":127.39999866485596,"speed":5.063244342803955},{"calorie":4.489999890327454,"count":120,"distance":87.54999923706055,"speed":3.7909979820251465},{"calorie":1.2599999904632568,"count":35,"distance":26.43000030517578,"speed":4.551307678222656},{"calorie":6.369999796152115,"count":193,"distance":149.21999883651733,"speed":5.3832316398620605},{"calorie":7.549999535083771,"count":230,"distance":175.61000633239746,"speed":5.224213123321533},{"calorie":4.359999984502792,"count":125,"distance":95.31000137329102,"speed":5.120639801025391},{"calorie":3.2499996423721313,"count":92,"distance":68.8200044631958,"speed":4.623485565185547},{"calorie":5.799999788403511,"count":155,"distance":111.43999862670898,"speed":3.5932304859161377},{"calorie":9.730000078678131,"count":261,"distance":192.44000053405762,"speed":4.047764778137207},{"calorie":0.0,"count":0,"distance":0.0,"speed":0.0},{"calorie":1.9000000357627869,"count":50,"distance":37.13000202178955,"speed":4.347458362579346},{"calorie":0.0,"count":0,"distance":0.0,"speed":0.0},{"calorie":1.2100000083446503,"count":30,"distance":25.03000020980835,"speed":6.123452663421631},{"calorie":1.7199996709823608,"count":44,"distance":31.889997482299805,"speed":3.8839807510375977},{"calorie":0.0,"count":0,"distance":0.0,"speed":0.0},{"calorie":1.7800001055002213,"count":50,"distance":37.439998388290405,"speed":4.278474807739258},{"calorie":2.6299993991851807,"count":70,"distance":51.91001892089844,"speed":4.232998371124268},{"calorie":1.0700000524520874,"count":29,"distance":21.860002517700195,"speed":4.717020511627197},{"calorie":0.0,"count":0,"distance":0.0,"speed":0.0},{"calorie":7.080000221729279,"count":190,"distance":141.32000160217285,"speed":4.404959678649902},{"calorie":0.25999999046325684,"count":7,"distance":4.930000305175781,"speed":3.364656686782837},{"calorie":0.25,"count":7,"distance":5.130000114440918,"speed":3.4000000953674316},{"calorie":0.0,"count":0,"distance":0.0,"speed":0.0},{"calorie":0.8299999833106995,"count":23,"distance":17.31999969482422,"speed":4.600000381469727},{"calorie":0.0,"count":0,"distance":0.0,"speed":0.0},{"calorie":0.2199999988079071,"count":6,"distance":4.28000020980835,"speed":3.5999996662139893},{"calorie":0.0,"count":0,"distance":0.0,"speed":0.0},{"calorie":0.0,"count":0,"distance":0.0,"speed":0.0},{"calorie":0.0,"count":0,"distance":0.0,"speed":0.0},{"calorie":0.0,"count":0,"distance":0.0,"speed":0.0},{"calorie":0.699999988079071,"count":20,"distance":14.239999771118164,"speed":3.314669370651245},{"calorie":0.0,"count":0,"distance":0.0,"speed":0.0},{"calorie":0.0,"count":0,"distance":0.0,"speed":0.0},{"calorie":0.0,"count":0,"distance":0.0,"speed":0.0},{"calorie":0.0,"count":0,"distance":0.0,"speed":0.0},{"calorie":0.0,"count":0,"distance":0.0,"speed":0.0},{"calorie":0.0,"count":0,"distance":0.0,"speed":0.0},{"calorie":0.0,"count":0,"distance":0.0,"speed":0.0},{"calorie":0.0,"count":0,"distance":0.0,"speed":0.0},{"calorie":0.0,"count":0,"distance":0.0,"speed":0.0},{"calorie":0.0,"count":0,"distance":0.0,"speed":0.0},{"calorie":0.0,"count":0,"distance":0.0,"speed":0.0}]