[{"calorie":0.0,"count":0,"distance":0.0,"speed":0.0},{"calorie":0.0,"count":0,"distance":0.0,"speed":0.0},{"calorie":0.0,"count":0,"distance":0.0,"speed":0.0},{"calorie":0.0,"count":0,"distance":0.0,"speed":0.0},{"calorie":0.0,"count":0,"distance":0.0,"speed":0.0},{"calorie":0.0,"count":0,"distance":0.0,"speed":0.0},{"calorie":0.0,"count":0,"distance":0.0,"speed":0.0},{"calorie":0.0,"count":0,"distance":0.0,"speed":0.0},{"calorie":0.0,"count":0,"distance":0.0,"speed":0.0},{"calorie":0.0,"count":0,"distance":0.0,"speed":0.0},{"calorie":0.0,"count":0,"distance":0.0,"speed":0.0},{"calorie":0.0,"count":0,"distance":0.0,"speed":0.0},{"calorie":0.0,"count":0,"distance":0.0,"speed":0.0},{"calorie":0.0,"count":0,"distance":0.0,"speed":0.0},{"calorie":0.0,"count":0,"distance":0.0,"speed":0.0},{"calorie":0.0,"count":0,"distance":0.0,"speed":0.0},{"calorie":0.0,"count":0,"distance":0.0,"speed":0.0},{"calorie":0.0,"count":0,"distance":0.0,"speed":0.0},{"calorie":0.0,"count":0,"distance":0.0,"speed":0.0},{"calorie":0.0,"count":0,"distance":0.0,"speed":0.0},{"calorie":0.0,"count":0,"distance":0.0,"speed":0.0},{"calorie":0.0,"count":0,"distance":0.0,"speed":0.0},{"calorie":0.0,"count":0,"distance":0.0,"speed":0.0},{"calorie":0.0,"count":0,"distance":0.0,"speed":0.0},{"calorie":0.0,"count":0,"distance":0.0,"speed":0.0},{"calorie":0.0,"count":0,"distance":0.0,"speed":0.0},{"calorie":0.0,"count":0,"distance":0.0,"speed":0.0},{"calorie":0.0,"count":0,"distance":0.0,"speed":0.0},{"calorie":0.0,"count":0,"distance":0.0,"speed":0.0},{"calorie":0.0,"count":0,"distance":0.0,"speed":0.0},{"calorie":0.0,"count":0,"distance":0.0,"speed":0.0},{"calorie":0.0,"count":0,"distance":0.0,"speed":0.0},{"calorie":0.0,"count":0,"distance":0.0,"speed":0.0},{"calorie":0.0,"count":0,"distance":0.0,"speed":0.0},{"calorie":0.0,"count":0,"distance":0.0,"speed":0.0},{"calorie":0.0,"count":0,"distance":0.0,"speed":0.0},{"calorie":0.0,"count":0,"distance":0.0,"speed":0.0},{"calorie":0.0,"count":0,"distance":0.0,"speed":0.0},{"calorie":0.0,"count":0,"distance":0.0,"speed":0.0},{"calorie":0.0,"count":0,"distance":0.0,"speed":0.0},{"calorie":4.290000081062317,"count":84,"distance":59.1200008392334,"speed":4.166018009185791},{"calorie":0.7000000476837158,"count":14,"distance":9.360000610351562,"speed":3.1137096881866455},{"calorie":0.0,"count":0,"distance":0.0,"speed":0.0},{"calorie":10.979999721050262,"count":213,"distance":150.34000396728516,"speed":4.256822109222412},{"calorie":2.6299999356269836,"count":52,"distance":37.82000112533569,"speed":4.822286128997803},{"calorie":4.489999920129776,"count":89,"distance":63.849998474121094,"speed":4.40364933013916},{"calorie":3.659999907016754,"count":72,"distance":50.33999824523926,"speed":3.900853157043457},{"calorie":0.4700000286102295,"count":9,"distance":6.1399993896484375,"speed":3.6742730140686035},{"calorie":2.0299999117851257,"count":40,"distance":27.929994583129883,"speed":3.906628370285034},{"calorie":0.0,"count":0,"distance":0.0,"speed":0.0},{"calorie":2.069999910891056,"count":41,"distance":29.309998393058777,"speed":4.4979424476623535},{"calorie":5.349999666213989,"count":105,"distance":73.81999397277832,"speed":4.2098517417907715},{"calorie":1.3900000154972076,"count":27,"distance":19.05999994277954,"speed":4.400000095367432},{"calorie":2.3600000143051147,"count":47,"distance":32.87999868392944,"speed":4.080053329467773},{"calorie":0.0,"count":0,"distance":0.0,"speed":0.0},{"calorie":0.0,"count":0,"distance":0.0,"speed":0.0},{"calorie":1.1799999475479126,"count":23,"distance":16.350000381469727,"speed":4.5},{"calorie":0.0,"count":0,"distance":0.0,"speed":0.0},{"calorie":3.019999958574772,"count":60,"distance":42.379998564720154,"speed":4.08918571472168},{"calorie":0.0,"count":0,"distance":0.0,"speed":0.0},{"calorie":0.0,"count":0,"distance":0.0,"speed":0.0},{"calorie":0.0,"count":0,"distance":0.0,"speed":0.0},{"calorie":5.889999836683273,"count":111,"distance":72.09000253677368,"speed":4.220158100128174},{"calorie":0.0,"count":0,"distance":0.0,"speed":0.0},{"calorie":0.0,"count":0,"distance":0.0,"speed":0.0},{"calorie":1.3100000321865082,"count":26,"distance":18.84000062942505,"speed":4.512836456298828},{"calorie":2.340000033378601,"count":46,"distance":32.22999668121338,"speed":3.978712558746338},{"calorie":4.9700000286102295,"count":98,"distance":68.71000099182129,"speed":4.099999904632568},{"calorie":2.6500000953674316,"count":53,"distance":37.179996490478516,"speed":3.996004819869995},{"calorie":7.939999759197235,"count":157,"distance":110.61999988555908,"speed":4.018887996673584},{"calorie":0.0,"count":0,"distance":0.0,"speed":0.0},{"calorie":4.000000178813934,"count":78,"distance":54.800002098083496,"speed":4.111317157745361},{"calorie":5.009999513626099,"count":87,"distance":59.389997482299805,"speed":4.341853141784668},{"calorie":0.0,"count":0,"distance":0.0,"speed":0.0},{"calorie":0.0,"count":0,"distance":0.0,"speed":0.0},{"calorie":0.0,"count":0,"distance":0.0,"speed":0.0},{"calorie":0.0,"count":0,"distance":0.0,"speed":0.0},{"calorie":0.0,"count":0,"distance":0.0,"speed":0.0},{"calorie":0.0,"count":0,"distance":0.0,"speed":0.0},{"calorie":0.0,"count":0,"distance":0.0,"speed":0.0},{"calorie":0.0,"count":0,"distance":0.0,"speed":0.0},{"calorie":0.0,"count":0,"distance":0.0,"speed":0.0},{"calorie":0.0,"count":0,"distance":0.0,"speed":0.0},{"calorie":0.0,"count":0,"distance":0.0,"speed":0.0},{"calorie":0.0,"count":0,"distance":0.0,"speed":0.0},{"calorie":4.449999958276749,"count":64,"distance":40.99000024795532,"speed":4.211623191833496},{"calorie":2.449999988079071,"count":48,"distance":33.9399995803833,"speed":4.134939193725586},{"calorie":0.0,"count":0,"distance":0.0,"speed":0.0},{"calorie":0.0,"count":0,"distance":0.0,"speed":0.0},{"calorie":0.0,"count":0,"distance":0.0,"speed":0.0},{"calorie":0.0,"count":0,"distance":0.0,"speed":0.0},{"calorie":0.0,"count":0,"distance":0.0,"speed":0.0},{"calorie":0.0,"count":0,"distance":0.0,"speed":0.0},{"calorie":1.3999998569488525,"count":28,"distance":20.76999855041504,"speed":4.818032264709473},{"calorie":1.0800000429153442,"count":21,"distance":14.84000015258789,"speed":4.099999904632568},{"calorie":0.9100000262260437,"count":18,"distance":12.739999771118164,"speed":4.199999809265137},{"calorie":2.65000007301569,"count":52,"distance":36.669999957084656,"speed":4.059426784515381},{"calorie":0.30000001192092896,"count":6,"distance":4.170000076293945,"speed":3.8572168350219727},{"calorie":0.0,"count":0,"distance":0.0,"speed":0.0},{"calorie":0.0,"count":0,"distance":0.0,"speed":0.0},{"calorie":0.0,"count":0,"distance":0.0,"speed":0.0},{"calorie":3.2200000286102295,"count":63,"distance":44.49999809265137,"speed":3.993692398071289},{"calorie":2.8199996948242188,"count":56,"distance":39.929996490478516,"speed":4.313827991485596},{"calorie":3.659999132156372,"count":74,"distance":50.109994888305664,"speed":4.69192361831665},{"calorie":0.0,"count":0,"distance":0.0,"speed":0.0},{"calorie":0.0,"count":0,"distance":0.0,"speed":0.0},{"calorie":0.0,"count":0,"distance":0.0,"speed":0.0},{"calorie":0.0,"count":0,"distance":0.0,"speed":0.0},{"calorie":0.0,"count":0,"distance":0.0,"speed":0.0},{"calorie":0.0,"count":0,"distance":0.0,"speed":0.0},{"calorie":9.709999799728394,"count":193,"distance":135.00000190734863,"speed":3.9909064769744873},{"calorie":15.930000007152557,"count":316,"distance":220.85000324249268,"speed":3.9341225624084473},{"calorie":14.61000007390976,"count":288,"distance":202.80999088287354,"speed":4.146449089050293},{"calorie":6.929999351501465,"count":137,"distance":96.73999214172363,"speed":4.151960849761963},{"calorie":6.68999981880188,"count":133,"distance":93.23000717163086,"speed":3.9714479446411133},{"calorie":6.990000128746033,"count":138,"distance":96.55999946594238,"speed":3.965143918991089},{"calorie":2.099999964237213,"count":41,"distance":28.43000030517578,"speed":3.799999713897705},{"calorie":0.0,"count":0,"distance":0.0,"speed":0.0},{"calorie":0.0,"count":0,"distance":0.0,"speed":0.0},{"calorie":0.0,"count":0,"distance":0.0,"speed":0.0},{"calorie":0.0,"count":0,"distance":0.0,"speed":0.0},{"calorie":1.309999704360962,"count":25,"distance":17.06999969482422,"speed":3.614243984222412},{"calorie":0.0,"count":0,"distance":0.0,"speed":0.0},{"calorie":0.0,"count":0,"distance":0.0,"speed":0.0},{"calorie":0.0,"count":0,"distance":0.0,"speed":0.0},{"calorie":0.0,"count":0,"distance":0.0,"speed":0.0},{"calorie":0.0,"count":0,"distance":0.0,"speed":0.0},{"calorie":0.0,"count":0,"distance":0.0,"speed":0.0},{"calorie":0.0,"count":0,"distance":0.0,"speed":0.0},{"calorie":0.0,"count":0,"distance":0.0,"speed":0.0},{"calorie":1.2999998331069946,"count":26,"distance":18.149995803833008,"speed":3.9598653316497803},{"calorie":0.0,"count":0,"distance":0.0,"speed":0.0},{"calorie":0.0,"count":0,"distance":0.0,"speed":0.0},{"calorie":0.0,"count":0,"distance":0.0,"speed":0.0},{"calorie":0.0,"count":0,"distance":0.0,"speed":0.0},{"calorie":0.0,"count":0,"distance":0.0,"speed":0.0},{"calorie":0.0,"count":0,"distance":0.0,"speed":0.0},{"calorie":0.0,"count":0,"distance":0.0,"speed":0.0},{"calorie":0.0,"count":0,"distance":0.0,"speed":0.0},{"calorie":0.0,"count":0,"distance":0.0,"speed":0.0},{"calorie":0.0,"count":0,"distance":0.0,"speed":0.0},{"calorie":0.0,"count":0,"distance":0.0,"speed":0.0},{"calorie":0.0,"count":0,"distance":0.0,"speed":0.0},{"calorie":0.0,"count":0,"distance":0.0,"speed":0.0}]