[{"calorie":0.0,"count":0,"distance":0.0,"speed":0.0},{"calorie":0.0,"count":0,"distance":0.0,"speed":0.0},{"calorie":0.0,"count":0,"distance":0.0,"speed":0.0},{"calorie":0.0,"count":0,"distance":0.0,"speed":0.0},{"calorie":0.0,"count":0,"distance":0.0,"speed":0.0},{"calorie":0.0,"count":0,"distance":0.0,"speed":0.0},{"calorie":0.0,"count":0,"distance":0.0,"speed":0.0},{"calorie":0.0,"count":0,"distance":0.0,"speed":0.0},{"calorie":0.0,"count":0,"distance":0.0,"speed":0.0},{"calorie":0.0,"count":0,"distance":0.0,"speed":0.0},{"calorie":0.0,"count":0,"distance":0.0,"speed":0.0},{"calorie":0.0,"count":0,"distance":0.0,"speed":0.0},{"calorie":0.0,"count":0,"distance":0.0,"speed":0.0},{"calorie":0.0,"count":0,"distance":0.0,"speed":0.0},{"calorie":0.0,"count":0,"distance":0.0,"speed":0.0},{"calorie":0.0,"count":0,"distance":0.0,"speed":0.0},{"calorie":0.0,"count":0,"distance":0.0,"speed":0.0},{"calorie":0.0,"count":0,"distance":0.0,"speed":0.0},{"calorie":0.0,"count":0,"distance":0.0,"speed":0.0},{"calorie":0.0,"count":0,"distance":0.0,"speed":0.0},{"calorie":0.0,"count":0,"distance":0.0,"speed":0.0},{"calorie":0.0,"count":0,"distance":0.0,"speed":0.0},{"calorie":0.0,"count":0,"distance":0.0,"speed":0.0},{"calorie":0.0,"count":0,"distance":0.0,"speed":0.0},{"calorie":0.0,"count":0,"distance":0.0,"speed":0.0},{"calorie":0.0,"count":0,"distance":0.0,"speed":0.0},{"calorie":0.0,"count":0,"distance":0.0,"speed":0.0},{"calorie":0.0,"count":0,"distance":0.0,"speed":0.0},{"calorie":0.0,"count":0,"distance":0.0,"speed":0.0},{"calorie":0.0,"count":0,"distance":0.0,"speed":0.0},{"calorie":0.0,"count":0,"distance":0.0,"speed":0.0},{"calorie":0.0,"count":0,"distance":0.0,"speed":0.0},{"calorie":0.0,"count":0,"distance":0.0,"speed":0.0},{"calorie":0.0,"count":0,"distance":0.0,"speed":0.0},{"calorie":0.0,"count":0,"distance":0.0,"speed":0.0},{"calorie":0.0,"count":0,"distance":0.0,"speed":0.0},{"calorie":0.0,"count":0,"distance":0.0,"speed":0.0},{"calorie":0.0,"count":0,"distance":0.0,"speed":0.0},{"calorie":0.0,"count":0,"distance":0.0,"speed":0.0},{"calorie":0.0,"count":0,"distance":0.0,"speed":0.0},{"calorie":0.0,"count":0,"distance":0.0,"speed":0.0},{"calorie":0.0,"count":0,"distance":0.0,"speed":0.0},{"calorie":0.0,"count":0,"distance":0.0,"speed":0.0},{"calorie":0.0,"count":0,"distance":0.0,"speed":0.0},{"calorie":2.979999542236328,"count":59,"distance":42.50999307632446,"speed":4.519901275634766},{"calorie":12.149999499320984,"count":242,"distance":172.6200008392334,"speed":4.3841233253479},{"calorie":0.0,"count":0,"distance":0.0,"speed":0.0},{"calorie":0.699999988079071,"count":14,"distance":10.180000305175781,"speed":4.199999809265137},{"calorie":0.3700000047683716,"count":7,"distance":4.820000171661377,"speed":4.600000381469727},{"calorie":1.5800000429153442,"count":31,"distance":22.06999969482422,"speed":4.272150993347168},{"calorie":2.819999933242798,"count":51,"distance":37.75999879837036,"speed":4.884232044219971},{"calorie":0.0,"count":0,"distance":0.0,"speed":0.0},{"calorie":0.41999998688697815,"count":8,"distance":5.650000095367432,"speed":4.799999713897705},{"calorie":16.509999692440033,"count":329,"distance":238.14000129699707,"speed":4.747419834136963},{"calorie":0.0,"count":0,"distance":0.0,"speed":0.0},{"calorie":3.769999384880066,"count":74,"distance":52.04998779296875,"speed":3.956101655960083},{"calorie":2.520000159740448,"count":50,"distance":36.23000144958496,"speed":4.596747875213623},{"calorie":2.0900000035762787,"count":41,"distance":29.53000020980835,"speed":4.417516708374023},{"calorie":1.8599998950958252,"count":37,"distance":27.40999984741211,"speed":5.215715408325195},{"calorie":0.0,"count":0,"distance":0.0,"speed":0.0},{"calorie":0.0,"count":0,"distance":0.0,"speed":0.0},{"calorie":0.0,"count":0,"distance":0.0,"speed":0.0},{"calorie":0.0,"count":0,"distance":0.0,"speed":0.0},{"calorie":0.0,"count":0,"distance":0.0,"speed":0.0},{"calorie":0.0,"count":0,"distance":0.0,"speed":0.0},{"calorie":0.3800000250339508,"count":7,"distance":4.710000038146973,"speed":3.5852110385894775},{"calorie":3.709999680519104,"count":73,"distance":51.18999481201172,"speed":3.994990110397339},{"calorie":0.0,"count":0,"distance":0.0,"speed":0.0},{"calorie":0.0,"count":0,"distance":0.0,"speed":0.0},{"calorie":11.489999413490295,"count":229,"distance":166.49999237060547,"speed":4.80535888671875},{"calorie":2.1500000953674316,"count":41,"distance":28.549999237060547,"speed":4.0},{"calorie":0.0,"count":0,"distance":0.0,"speed":0.0},{"calorie":8.669999927282333,"count":171,"distance":122.59000062942505,"speed":4.4002885818481445},{"calorie":1.5499999523162842,"count":27,"distance":19.90999984741211,"speed":4.199999809265137},{"calorie":0.0,"count":0,"distance":0.0,"speed":0.0},{"calorie":1.0500000715255737,"count":21,"distance":14.809999465942383,"speed":4.000124931335449},{"calorie":0.0,"count":0,"distance":0.0,"speed":0.0},{"calorie":5.129999935626984,"count":94,"distance":69.09999942779541,"speed":4.6946563720703125},{"calorie":14.639999985694885,"count":291,"distance":212.6200008392334,"speed":4.98958158493042},{"calorie":0.0,"count":0,"distance":0.0,"speed":0.0},{"calorie":0.0,"count":0,"distance":0.0,"speed":0.0},{"calorie":0.0,"count":0,"distance":0.0,"speed":0.0},{"calorie":0.0,"count":0,"distance":0.0,"speed":0.0},{"calorie":0.0,"count":0,"distance":0.0,"speed":0.0},{"calorie":0.0,"count":0,"distance":0.0,"speed":0.0},{"calorie":0.0,"count":0,"distance":0.0,"speed":0.0},{"calorie":1.6399999856948853,"count":32,"distance":22.110000610351562,"speed":3.6999995708465576},{"calorie":0.8199999928474426,"count":16,"distance":11.489999771118164,"speed":4.600000381469727},{"calorie":1.8600000441074371,"count":36,"distance":25.280000686645508,"speed":3.832437753677368},{"calorie":0.0,"count":0,"distance":0.0,"speed":0.0},{"calorie":0.36000001430511475,"count":7,"distance":5.090000152587891,"speed":4.799999713897705},{"calorie":0.6600000858306885,"count":13,"distance":9.380001068115234,"speed":4.327184200286865},{"calorie":0.0,"count":0,"distance":0.0,"speed":0.0},{"calorie":0.0,"count":0,"distance":0.0,"speed":0.0},{"calorie":0.0,"count":0,"distance":0.0,"speed":0.0},{"calorie":0.0,"count":0,"distance":0.0,"speed":0.0},{"calorie":0.7400000393390656,"count":14,"distance":9.550000190734863,"speed":3.4563241004943848},{"calorie":0.0,"count":0,"distance":0.0,"speed":0.0},{"calorie":0.0,"count":0,"distance":0.0,"speed":0.0},{"calorie":1.2100000381469727,"count":24,"distance":17.3799991607666,"speed":4.600000381469727},{"calorie":3.3599999845027924,"count":66,"distance":46.92999887466431,"speed":4.238595485687256},{"calorie":1.3799999952316284,"count":27,"distance":19.010000228881836,"speed":4.099999904632568},{"calorie":0.0,"count":0,"distance":0.0,"speed":0.0},{"calorie":0.8600001335144043,"count":17,"distance":12.190001487731934,"speed":4.525513172149658},{"calorie":0.8000000715255737,"count":16,"distance":11.359999656677246,"speed":4.341660022735596},{"calorie":2.130000114440918,"count":42,"distance":29.8799991607666,"speed":4.400000095367432},{"calorie":0.0,"count":0,"distance":0.0,"speed":0.0},{"calorie":12.989999234676361,"count":257,"distance":180.26001071929932,"speed":4.0065388679504395},{"calorie":0.0,"count":0,"distance":0.0,"speed":0.0},{"calorie":6.300000071525574,"count":125,"distance":88.76999855041504,"speed":4.197042942047119},{"calorie":0.0,"count":0,"distance":0.0,"speed":0.0},{"calorie":0.0,"count":0,"distance":0.0,"speed":0.0},{"calorie":0.6500000357627869,"count":13,"distance":8.980000495910645,"speed":4.391924858093262},{"calorie":0.0,"count":0,"distance":0.0,"speed":0.0},{"calorie":0.0,"count":0,"distance":0.0,"speed":0.0},{"calorie":3.299999862909317,"count":65,"distance":47.03999376296997,"speed":4.688657283782959},{"calorie":4.340000033378601,"count":86,"distance":60.619998931884766,"speed":4.069612979888916},{"calorie":0.0,"count":0,"distance":0.0,"speed":0.0},{"calorie":0.0,"count":0,"distance":0.0,"speed":0.0},{"calorie":0.0,"count":0,"distance":0.0,"speed":0.0},{"calorie":0.0,"count":0,"distance":0.0,"speed":0.0},{"calorie":0.0,"count":0,"distance":0.0,"speed":0.0},{"calorie":0.0,"count":0,"distance":0.0,"speed":0.0},{"calorie":0.0,"count":0,"distance":0.0,"speed":0.0},{"calorie":0.0,"count":0,"distance":0.0,"speed":0.0},{"calorie":0.0,"count":0,"distance":0.0,"speed":0.0},{"calorie":0.0,"count":0,"distance":0.0,"speed":0.0},{"calorie":0.0,"count":0,"distance":0.0,"speed":0.0},{"calorie":0.0,"count":0,"distance":0.0,"speed":0.0},{"calorie":1.0199999809265137,"count":20,"distance":14.4399995803833,"speed":4.900000095367432},{"calorie":0.0,"count":0,"distance":0.0,"speed":0.0},{"calorie":0.0,"count":0,"distance":0.0,"speed":0.0},{"calorie":0.0,"count":0,"distance":0.0,"speed":0.0},{"calorie":0.0,"count":0,"distance":0.0,"speed":0.0},{"calorie":0.0,"count":0,"distance":0.0,"speed":0.0},{"calorie":0.0,"count":0,"distance":0.0,"speed":0.0},{"calorie":0.0,"count":0,"distance":0.0,"speed":0.0},{"calorie":0.0,"count":0,"distance":0.0,"speed":0.0},{"calorie":0.0,"count":0,"distance":0.0,"speed":0.0},{"calorie":10.139999270439148,"count":202,"distance":142.88999462127686,"speed":4.432596683502197},{"calorie":4.149999916553497,"count":82,"distance":59.30999946594238,"speed":4.768976211547852},{"calorie":0.9600000083446503,"count":19,"distance":13.59000015258789,"speed":4.367459774017334},{"calorie":0.0,"count":0,"distance":0.0,"speed":0.0},{"calorie":0.0,"count":0,"distance":0.0,"speed":0.0}]