[{"calorie":0.0,"count":0,"distance":0.0,"speed":0.0},{"calorie":0.0,"count":0,"distance":0.0,"speed":0.0},{"calorie":0.0,"count":0,"distance":0.0,"speed":0.0},{"calorie":0.0,"count":0,"distance":0.0,"speed":0.0},{"calorie":0.0,"count":0,"distance":0.0,"speed":0.0},{"calorie":0.0,"count":0,"distance":0.0,"speed":0.0},{"calorie":0.0,"count":0,"distance":0.0,"speed":0.0},{"calorie":0.0,"count":0,"distance":0.0,"speed":0.0},{"calorie":0.0,"count":0,"distance":0.0,"speed":0.0},{"calorie":0.0,"count":0,"distance":0.0,"speed":0.0},{"calorie":0.0,"count":0,"distance":0.0,"speed":0.0},{"calorie":0.0,"count":0,"distance":0.0,"speed":0.0},{"calorie":0.0,"count":0,"distance":0.0,"speed":0.0},{"calorie":0.0,"count":0,"distance":0.0,"speed":0.0},{"calorie":0.0,"count":0,"distance":0.0,"speed":0.0},{"calorie":0.0,"count":0,"distance":0.0,"speed":0.0},{"calorie":0.0,"count":0,"distance":0.0,"speed":0.0},{"calorie":0.0,"count":0,"distance":0.0,"speed":0.0},{"calorie":0.0,"count":0,"distance":0.0,"speed":0.0},{"calorie":0.0,"count":0,"distance":0.0,"speed":0.0},{"calorie":0.0,"count":0,"distance":0.0,"speed":0.0},{"calorie":0.0,"count":0,"distance":0.0,"speed":0.0},{"calorie":0.0,"count":0,"distance":0.0,"speed":0.0},{"calorie":0.0,"count":0,"distance":0.0,"speed":0.0},{"calorie":0.0,"count":0,"distance":0.0,"speed":0.0},{"calorie":0.0,"count":0,"distance":0.0,"speed":0.0},{"calorie":0.0,"count":0,"distance":0.0,"speed":0.0},{"calorie":0.0,"count":0,"distance":0.0,"speed":0.0},{"calorie":0.0,"count":0,"distance":0.0,"speed":0.0},{"calorie":0.0,"count":0,"distance":0.0,"speed":0.0},{"calorie":0.0,"count":0,"distance":0.0,"speed":0.0},{"calorie":0.0,"count":0,"distance":0.0,"speed":0.0},{"calorie":0.0,"count":0,"distance":0.0,"speed":0.0},{"calorie":0.0,"count":0,"distance":0.0,"speed":0.0},{"calorie":0.0,"count":0,"distance":0.0,"speed":0.0},{"calorie":0.0,"count":0,"distance":0.0,"speed":0.0},{"calorie":0.0,"count":0,"distance":0.0,"speed":0.0},{"calorie":0.0,"count":0,"distance":0.0,"speed":0.0},{"calorie":0.0,"count":0,"distance":0.0,"speed":0.0},{"calorie":0.0,"count":0,"distance":0.0,"speed":0.0},{"calorie":0.0,"count":0,"distance":0.0,"speed":0.0},{"calorie":0.0,"count":0,"distance":0.0,"speed":0.0},{"calorie":0.0,"count":0,"distance":0.0,"speed":0.0},{"calorie":0.0,"count":0,"distance":0.0,"speed":0.0},{"calorie":0.0,"count":0,"distance":0.0,"speed":0.0},{"calorie":0.0,"count":0,"distance":0.0,"speed":0.0},{"calorie":0.0,"count":0,"distance":0.0,"speed":0.0},{"calorie":0.0,"count":0,"distance":0.0,"speed":0.0},{"calorie":0.6899999380111694,"count":18,"distance":13.050000190734863,"speed":3.9997990131378174},{"calorie":0.25,"count":7,"distance":5.320000171661377,"speed":4.939447402954102},{"calorie":0.0,"count":0,"distance":0.0,"speed":0.0},{"calorie":0.0,"count":0,"distance":0.0,"speed":0.0},{"calorie":0.0,"count":0,"distance":0.0,"speed":0.0},{"calorie":0.0,"count":0,"distance":0.0,"speed":0.0},{"calorie":2.549999952316284,"count":66,"distance":49.3700008392334,"speed":4.623560905456543},{"calorie":0.0,"count":0,"distance":0.0,"speed":0.0},{"calorie":2.4700000286102295,"count":66,"distance":49.43000030517578,"speed":4.641568660736084},{"calorie":0.0,"count":0,"distance":0.0,"speed":0.0},{"calorie":0.0,"count":0,"distance":0.0,"speed":0.0},{"calorie":3.0499999076128006,"count":82,"distance":60.88999843597412,"speed":4.274941921234131},{"calorie":1.6600000262260437,"count":44,"distance":32.21999931335449,"speed":4.053918361663818},{"calorie":13.000000238418579,"count":274,"distance":187.13000011444092,"speed":4.4396653175354},{"calorie":4.2799999713897705,"count":118,"distance":88.41000175476074,"speed":4.6503586769104},{"calorie":6.809999585151672,"count":177,"distance":130.66000270843506,"speed":4.2770795822143555},{"calorie":10.069999814033508,"count":261,"distance":190.68999576568604,"speed":4.107495307922363},{"calorie":6.299999952316284,"count":173,"distance":129.9300012588501,"speed":4.663772106170654},{"calorie":3.0100000500679016,"count":83,"distance":62.65999889373779,"speed":4.7368292808532715},{"calorie":7.680000007152557,"count":210,"distance":157.60999965667725,"speed":4.71325159072876},{"calorie":4.050000011920929,"count":104,"distance":77.28999996185303,"speed":4.425278186798096},{"calorie":1.7699999809265137,"count":47,"distance":34.320000648498535,"speed":3.865872383117676},{"calorie":0.7900000810623169,"count":22,"distance":16.279998779296875,"speed":4.353119373321533},{"calorie":5.539999961853027,"count":144,"distance":107.61000061035156,"speed":4.533775806427002},{"calorie":12.169999912381172,"count":328,"distance":246.12000179290771,"speed":4.667542934417725},{"calorie":1.9800000190734863,"count":55,"distance":41.56999969482422,"speed":4.832896709442139},{"calorie":0.0,"count":0,"distance":0.0,"speed":0.0},{"calorie":2.059999942779541,"count":58,"distance":44.45000123977661,"speed":5.152898788452148},{"calorie":3.689999997615814,"count":99,"distance":73.20999908447266,"speed":4.194811820983887},{"calorie":0.0,"count":0,"distance":0.0,"speed":0.0},{"calorie":0.7699999809265137,"count":21,"distance":15.1899995803833,"speed":4.5},{"calorie":0.44999998807907104,"count":12,"distance":8.960000038146973,"speed":4.400000095367432},{"calorie":0.0,"count":0,"distance":0.0,"speed":0.0},{"calorie":0.0,"count":0,"distance":0.0,"speed":0.0},{"calorie":0.0,"count":0,"distance":0.0,"speed":0.0},{"calorie":1.059999942779541,"count":30,"distance":22.75,"speed":4.899974346160889},{"calorie":0.0,"count":0,"distance":0.0,"speed":0.0},{"calorie":9.509999632835388,"count":285,"distance":218.60000228881836,"speed":5.172945022583008},{"calorie":0.3199999928474426,"count":9,"distance":6.809999465942383,"speed":4.954712867736816},{"calorie":7.75,"count":204,"distance":151.98999786376953,"speed":4.553936004638672},{"calorie":2.0,"count":53,"distance":39.9900016784668,"speed":4.900468826293945},{"calorie":0.0,"count":0,"distance":0.0,"speed":0.0},{"calorie":2.8600000143051147,"count":75,"distance":57.09999942779541,"speed":4.479030132293701},{"calorie":2.619999885559082,"count":69,"distance":51.349998474121094,"speed":4.400000095367432},{"calorie":4.060000002384186,"count":106,"distance":78.2599983215332,"speed":4.343703746795654},{"calorie":0.0,"count":0,"distance":0.0,"speed":0.0},{"calorie":0.0,"count":0,"distance":0.0,"speed":0.0},{"calorie":0.0,"count":0,"distance":0.0,"speed":0.0},{"calorie":0.29999998211860657,"count":8,"distance":5.810000419616699,"speed":3.893522262573242},{"calorie":1.4500000476837158,"count":39,"distance":29.270000457763672,"speed":4.600000381469727},{"calorie":0.23999999463558197,"count":7,"distance":5.449999809265137,"speed":5.313903331756592},{"calorie":0.0,"count":0,"distance":0.0,"speed":0.0},{"calorie":0.8699999749660492,"count":24,"distance":18.009999752044678,"speed":4.362948417663574},{"calorie":0.0,"count":0,"distance":0.0,"speed":0.0},{"calorie":0.25,"count":7,"distance":5.21999979019165,"speed":4.0857157707214355},{"calorie":0.0,"count":0,"distance":0.0,"speed":0.0},{"calorie":0.0,"count":0,"distance":0.0,"speed":0.0},{"calorie":0.0,"count":0,"distance":0.0,"speed":0.0},{"calorie":0.0,"count":0,"distance":0.0,"speed":0.0},{"calorie":7.1200001537799835,"count":191,"distance":140.49000024795532,"speed":4.065845489501953},{"calorie":10.679999947547913,"count":291,"distance":217.24999809265137,"speed":4.198801040649414},{"calorie":0.0,"count":0,"distance":0.0,"speed":0.0},{"calorie":0.32999998331069946,"count":9,"distance":6.760000228881836,"speed":4.37143087387085},{"calorie":0.0,"count":0,"distance":0.0,"speed":0.0},{"calorie":0.0,"count":0,"distance":0.0,"speed":0.0},{"calorie":0.48999999463558197,"count":14,"distance":10.900000095367432,"speed":5.438934326171875},{"calorie":0.0,"count":0,"distance":0.0,"speed":0.0},{"calorie":0.0,"count":0,"distance":0.0,"speed":0.0},{"calorie":0.6299999952316284,"count":18,"distance":13.480000495910645,"speed":4.912360191345215},{"calorie":0.0,"count":0,"distance":0.0,"speed":0.0},{"calorie":0.3399999737739563,"count":9,"distance":6.309999465942383,"speed":3.1999998092651367},{"calorie":0.0,"count":0,"distance":0.0,"speed":0.0},{"calorie":0.0,"count":0,"distance":0.0,"speed":0.0},{"calorie":0.0,"count":0,"distance":0.0,"speed":0.0},{"calorie":0.0,"count":0,"distance":0.0,"speed":0.0},{"calorie":0.0,"count":0,"distance":0.0,"speed":0.0},{"calorie":0.0,"count":0,"distance":0.0,"speed":0.0},{"calorie":0.9399999380111694,"count":26,"distance":19.289999961853027,"speed":4.439409255981445},{"calorie":0.0,"count":0,"distance":0.0,"speed":0.0},{"calorie":0.0,"count":0,"distance":0.0,"speed":0.0},{"calorie":0.6599999666213989,"count":18,"distance":13.240000247955322,"speed":4.307146072387695},{"calorie":0.0,"count":0,"distance":0.0,"speed":0.0},{"calorie":1.5499998927116394,"count":42,"distance":31.339996814727783,"speed":4.482138633728027},{"calorie":0.0,"count":0,"distance":0.0,"speed":0.0},{"calorie":0.0,"count":0,"distance":0.0,"speed":0.0},{"calorie":0.0,"count":0,"distance":0.0,"speed":0.0},{"calorie":0.0,"count":0,"distance":0.0,"speed":0.0},{"calorie":0.0,"count":0,"distance":0.0,"speed":0.0},{"calorie":0.0,"count":0,"distance":0.0,"speed":0.0},{"calorie":0.0,"count":0,"distance":0.0,"speed":0.0},{"calorie":0.0,"count":0,"distance":0.0,"speed":0.0},{"calorie":0.0,"count":0,"distance":0.0,"speed":0.0},{"calorie":0.0,"count":0,"distance":0.0,"speed":0.0},{"calorie":0.0,"count":0,"distance":0.0,"speed":0.0},{"calorie":0.0,"count":0,"distance":0.0,"speed":0.0},{"calorie":0.0,"count":0,"distance":0.0,"speed":0.0}]