[{"calorie":0.0,"count":0,"distance":0.0,"speed":0.0},{"calorie":0.0,"count":0,"distance":0.0,"speed":0.0},{"calorie":0.0,"count":0,"distance":0.0,"speed":0.0},{"calorie":0.0,"count":0,"distance":0.0,"speed":0.0},{"calorie":0.0,"count":0,"distance":0.0,"speed":0.0},{"calorie":0.0,"count":0,"distance":0.0,"speed":0.0},{"calorie":0.0,"count":0,"distance":0.0,"speed":0.0},{"calorie":0.0,"count":0,"distance":0.0,"speed":0.0},{"calorie":0.0,"count":0,"distance":0.0,"speed":0.0},{"calorie":0.0,"count":0,"distance":0.0,"speed":0.0},{"calorie":0.0,"count":0,"distance":0.0,"speed":0.0},{"calorie":0.0,"count":0,"distance":0.0,"speed":0.0},{"calorie":0.0,"count":0,"distance":0.0,"speed":0.0},{"calorie":0.0,"count":0,"distance":0.0,"speed":0.0},{"calorie":0.0,"count":0,"distance":0.0,"speed":0.0},{"calorie":0.0,"count":0,"distance":0.0,"speed":0.0},{"calorie":0.0,"count":0,"distance":0.0,"speed":0.0},{"calorie":0.0,"count":0,"distance":0.0,"speed":0.0},{"calorie":0.0,"count":0,"distance":0.0,"speed":0.0},{"calorie":0.0,"count":0,"distance":0.0,"speed":0.0},{"calorie":0.0,"count":0,"distance":0.0,"speed":0.0},{"calorie":0.0,"count":0,"distance":0.0,"speed":0.0},{"calorie":0.0,"count":0,"distance":0.0,"speed":0.0},{"calorie":0.0,"count":0,"distance":0.0,"speed":0.0},{"calorie":0.0,"count":0,"distance":0.0,"speed":0.0},{"calorie":0.0,"count":0,"distance":0.0,"speed":0.0},{"calorie":0.0,"count":0,"distance":0.0,"speed":0.0},{"calorie":0.0,"count":0,"distance":0.0,"speed":0.0},{"calorie":0.0,"count":0,"distance":0.0,"speed":0.0},{"calorie":0.0,"count":0,"distance":0.0,"speed":0.0},{"calorie":0.0,"count":0,"distance":0.0,"speed":0.0},{"calorie":0.0,"count":0,"distance":0.0,"speed":0.0},{"calorie":0.0,"count":0,"distance":0.0,"speed":0.0},{"calorie":0.0,"count":0,"distance":0.0,"speed":0.0},{"calorie":0.0,"count":0,"distance":0.0,"speed":0.0},{"calorie":0.0,"count":0,"distance":0.0,"speed":0.0},{"calorie":0.0,"count":0,"distance":0.0,"speed":0.0},{"calorie":0.0,"count":0,"distance":0.0,"speed":0.0},{"calorie":0.0,"count":0,"distance":0.0,"speed":0.0},{"calorie":0.0,"count":0,"distance":0.0,"speed":0.0},{"calorie":0.0,"count":0,"distance":0.0,"speed":0.0},{"calorie":0.0,"count":0,"distance":0.0,"speed":0.0},{"calorie":0.0,"count":0,"distance":0.0,"speed":0.0},{"calorie":0.0,"count":0,"distance":0.0,"speed":0.0},{"calorie":0.0,"count":0,"distance":0.0,"speed":0.0},{"calorie":0.0,"count":0,"distance":0.0,"speed":0.0},{"calorie":0.0,"count":0,"distance":0.0,"speed":0.0},{"calorie":0.28999999165534973,"count":8,"distance":6.929999828338623,"speed":6.233628273010254},{"calorie":0.2199999988079071,"count":6,"distance":4.369999885559082,"speed":3.6000001430511475},{"calorie":0.0,"count":0,"distance":0.0,"speed":0.0},{"calorie":0.7399999797344208,"count":21,"distance":15.069998741149902,"speed":3.7386622428894043},{"calorie":0.0,"count":0,"distance":0.0,"speed":0.0},{"calorie":6.1399999260902405,"count":162,"distance":119.6400032043457,"speed":4.328012943267822},{"calorie":14.850000143051147,"count":375,"distance":264.6599998474121,"speed":3.2752771377563477},{"calorie":0.0,"count":0,"distance":0.0,"speed":0.0},{"calorie":0.3400000035762787,"count":9,"distance":6.449999809265137,"speed":4.0},{"calorie":0.0,"count":0,"distance":0.0,"speed":0.0},{"calorie":0.28999999165534973,"count":8,"distance":5.889999866485596,"speed":4.400000095367432},{"calorie":0.0,"count":0,"distance":0.0,"speed":0.0},{"calorie":10.680000126361847,"count":274,"distance":196.6599998474121,"speed":3.5353519916534424},{"calorie":0.7900000214576721,"count":22,"distance":16.34999990463257,"speed":4.492898464202881},{"calorie":0.0,"count":0,"distance":0.0,"speed":0.0},{"calorie":23.050000071525574,"count":591,"distance":424.09999656677246,"speed":3.55721378326416},{"calorie":9.309999704360962,"count":237,"distance":175.57999801635742,"speed":3.9766993522644043},{"calorie":0.0,"count":0,"distance":0.0,"speed":0.0},{"calorie":4.2499998807907104,"count":111,"distance":82.76000356674194,"speed":4.419397354125977},{"calorie":0.9800000190734863,"count":26,"distance":19.369998931884766,"speed":4.579431056976318},{"calorie":1.5599999278783798,"count":42,"distance":30.759999752044678,"speed":4.053503513336182},{"calorie":0.0,"count":0,"distance":0.0,"speed":0.0},{"calorie":0.28999999165534973,"count":8,"distance":5.869999885559082,"speed":4.600000381469727},{"calorie":0.0,"count":0,"distance":0.0,"speed":0.0},{"calorie":0.0,"count":0,"distance":0.0,"speed":0.0},{"calorie":7.239999771118164,"count":193,"distance":143.03000164031982,"speed":4.081761360168457},{"calorie":0.0,"count":0,"distance":0.0,"speed":0.0},{"calorie":0.880000114440918,"count":24,"distance":18.459999084472656,"speed":4.5518293380737305},{"calorie":0.0,"count":0,"distance":0.0,"speed":0.0},{"calorie":0.0,"count":0,"distance":0.0,"speed":0.0},{"calorie":0.47999998927116394,"count":14,"distance":10.119998931884766,"speed":3.99261474609375},{"calorie":0.5699999928474426,"count":15,"distance":10.930002212524414,"speed":3.9579598903656006},{"calorie":1.160000056028366,"count":29,"distance":22.809999465942383,"speed":4.902068614959717},{"calorie":0.0,"count":0,"distance":0.0,"speed":0.0},{"calorie":0.0,"count":0,"distance":0.0,"speed":0.0},{"calorie":0.8499999940395355,"count":25,"distance":18.77000141143799,"speed":4.702617168426514},{"calorie":3.9900002032518387,"count":107,"distance":78.89000034332275,"speed":3.955562114715576},{"calorie":6.400000028312206,"count":171,"distance":125.21999955177307,"speed":3.9980978965759277},{"calorie":0.0,"count":0,"distance":0.0,"speed":0.0},{"calorie":0.9200000166893005,"count":27,"distance":20.31999969482422,"speed":5.899999618530273},{"calorie":0.0,"count":0,"distance":0.0,"speed":0.0},{"calorie":0.0,"count":0,"distance":0.0,"speed":0.0},{"calorie":0.0,"count":0,"distance":0.0,"speed":0.0},{"calorie":0.0,"count":0,"distance":0.0,"speed":0.0},{"calorie":0.0,"count":0,"distance":0.0,"speed":0.0},{"calorie":0.0,"count":0,"distance":0.0,"speed":0.0},{"calorie":0.800000011920929,"count":24,"distance":17.289999961853027,"speed":3.783052444458008},{"calorie":1.6200000047683716,"count":43,"distance":31.210000038146973,"speed":3.9079840183258057},{"calorie":3.3199999928474426,"count":98,"distance":74.8799991607666,"speed":5.086817264556885},{"calorie":5.449999913573265,"count":143,"distance":114.38999891281128,"speed":6.256659984588623},{"calorie":8.520000100135803,"count":227,"distance":170.4300022125244,"speed":5.246711730957031},{"calorie":3.8599998205900192,"count":111,"distance":84.94000673294067,"speed":5.078668117523193},{"calorie":3.7199998795986176,"count":108,"distance":83.59000182151794,"speed":5.320075511932373},{"calorie":0.0,"count":0,"distance":0.0,"speed":0.0},{"calorie":0.0,"count":0,"distance":0.0,"speed":0.0},{"calorie":0.0,"count":0,"distance":0.0,"speed":0.0},{"calorie":0.0,"count":0,"distance":0.0,"speed":0.0},{"calorie":0.0,"count":0,"distance":0.0,"speed":0.0},{"calorie":0.0,"count":0,"distance":0.0,"speed":0.0},{"calorie":1.6100000143051147,"count":45,"distance":35.0,"speed":5.043735504150391},{"calorie":0.6499999761581421,"count":18,"distance":13.390000343322754,"speed":3.799999952316284},{"calorie":1.7000000476837158,"count":47,"distance":34.30000019073486,"speed":4.14607572555542},{"calorie":7.730000078678131,"count":207,"distance":152.3300018310547,"speed":3.9345083236694336},{"calorie":4.830000042915344,"count":125,"distance":92.2100019454956,"speed":3.7640151977539062},{"calorie":0.0,"count":0,"distance":0.0,"speed":0.0},{"calorie":0.0,"count":0,"distance":0.0,"speed":0.0},{"calorie":18.949986457824707,"count":554,"distance":424.28977966308594,"speed":5.143803119659424},{"calorie":10.209991931915283,"count":327,"distance":252.3898377418518,"speed":5.37970495223999},{"calorie":2.829998731613159,"count":86,"distance":66.15999031066895,"speed":5.323577880859375},{"calorie":2.000000238418579,"count":55,"distance":39.529998779296875,"speed":3.638645648956299},{"calorie":2.990000009536743,"count":79,"distance":59.77000045776367,"speed":4.799999713897705},{"calorie":0.0,"count":0,"distance":0.0,"speed":0.0},{"calorie":0.0,"count":0,"distance":0.0,"speed":0.0},{"calorie":0.0,"count":0,"distance":0.0,"speed":0.0},{"calorie":0.0,"count":0,"distance":0.0,"speed":0.0},{"calorie":1.0999999940395355,"count":32,"distance":24.68000030517578,"speed":4.971330642700195},{"calorie":0.0,"count":0,"distance":0.0,"speed":0.0},{"calorie":5.049999952316284,"count":131,"distance":98.40999984741211,"speed":4.6676530838012695},{"calorie":0.0,"count":0,"distance":0.0,"speed":0.0},{"calorie":0.0,"count":0,"distance":0.0,"speed":0.0},{"calorie":0.0,"count":0,"distance":0.0,"speed":0.0},{"calorie":0.0,"count":0,"distance":0.0,"speed":0.0},{"calorie":0.0,"count":0,"distance":0.0,"speed":0.0},{"calorie":0.0,"count":0,"distance":0.0,"speed":0.0},{"calorie":0.0,"count":0,"distance":0.0,"speed":0.0},{"calorie":0.0,"count":0,"distance":0.0,"speed":0.0},{"calorie":0.0,"count":0,"distance":0.0,"speed":0.0},{"calorie":0.0,"count":0,"distance":0.0,"speed":0.0},{"calorie":0.0,"count":0,"distance":0.0,"speed":0.0},{"calorie":0.0,"count":0,"distance":0.0,"speed":0.0},{"calorie":0.0,"count":0,"distance":0.0,"speed":0.0},{"calorie":0.0,"count":0,"distance":0.0,"speed":0.0},{"calorie":0.0,"count":0,"distance":0.0,"speed":0.0},{"calorie":8.979999542236328,"count":243,"distance":182.33999633789062,"speed":4.628146171569824},{"calorie":22.209992557764053,"count":620,"distance":471.5299406051636,"speed":4.967968463897705},{"calorie":0.9300000071525574,"count":24,"distance":17.8799991607666,"speed":4.5},{"calorie":2.7000000178813934,"count":71,"distance":50.96000003814697,"speed":3.781538486480713}]