[{"calorie":0.0,"count":0,"distance":0.0,"speed":0.0},{"calorie":0.0,"count":0,"distance":0.0,"speed":0.0},{"calorie":0.0,"count":0,"distance":0.0,"speed":0.0},{"calorie":0.0,"count":0,"distance":0.0,"speed":0.0},{"calorie":0.0,"count":0,"distance":0.0,"speed":0.0},{"calorie":0.0,"count":0,"distance":0.0,"speed":0.0},{"calorie":0.0,"count":0,"distance":0.0,"speed":0.0},{"calorie":0.0,"count":0,"distance":0.0,"speed":0.0},{"calorie":0.0,"count":0,"distance":0.0,"speed":0.0},{"calorie":0.0,"count":0,"distance":0.0,"speed":0.0},{"calorie":0.0,"count":0,"distance":0.0,"speed":0.0},{"calorie":0.0,"count":0,"distance":0.0,"speed":0.0},{"calorie":0.0,"count":0,"distance":0.0,"speed":0.0},{"calorie":0.0,"count":0,"distance":0.0,"speed":0.0},{"calorie":0.0,"count":0,"distance":0.0,"speed":0.0},{"calorie":0.0,"count":0,"distance":0.0,"speed":0.0},{"calorie":0.0,"count":0,"distance":0.0,"speed":0.0},{"calorie":0.0,"count":0,"distance":0.0,"speed":0.0},{"calorie":0.0,"count":0,"distance":0.0,"speed":0.0},{"calorie":0.0,"count":0,"distance":0.0,"speed":0.0},{"calorie":0.0,"count":0,"distance":0.0,"speed":0.0},{"calorie":0.0,"count":0,"distance":0.0,"speed":0.0},{"calorie":0.0,"count":0,"distance":0.0,"speed":0.0},{"calorie":0.0,"count":0,"distance":0.0,"speed":0.0},{"calorie":0.0,"count":0,"distance":0.0,"speed":0.0},{"calorie":0.0,"count":0,"distance":0.0,"speed":0.0},{"calorie":0.0,"count":0,"distance":0.0,"speed":0.0},{"calorie":0.0,"count":0,"distance":0.0,"speed":0.0},{"calorie":0.0,"count":0,"distance":0.0,"speed":0.0},{"calorie":0.0,"count":0,"distance":0.0,"speed":0.0},{"calorie":0.0,"count":0,"distance":0.0,"speed":0.0},{"calorie":0.0,"count":0,"distance":0.0,"speed":0.0},{"calorie":0.0,"count":0,"distance":0.0,"speed":0.0},{"calorie":0.0,"count":0,"distance":0.0,"speed":0.0},{"calorie":0.0,"count":0,"distance":0.0,"speed":0.0},{"calorie":0.0,"count":0,"distance":0.0,"speed":0.0},{"calorie":0.0,"count":0,"distance":0.0,"speed":0.0},{"calorie":0.0,"count":0,"distance":0.0,"speed":0.0},{"calorie":0.6499999761581421,"count":13,"distance":9.59000015258789,"speed":4.999999523162842},{"calorie":0.0,"count":0,"distance":0.0,"speed":0.0},{"calorie":5.399999976158142,"count":107,"distance":74.55999946594238,"speed":3.7944276332855225},{"calorie":0.9300000071525574,"count":18,"distance":12.8100004196167,"speed":4.400000095367432},{"calorie":4.489999055862427,"count":86,"distance":60.11000061035156,"speed":4.377392292022705},{"calorie":9.39000016450882,"count":186,"distance":136.31000232696533,"speed":4.96842622756958},{"calorie":10.210000097751617,"count":201,"distance":145.81999969482422,"speed":4.75379753112793},{"calorie":10.50999990105629,"count":209,"distance":153.39000034332275,"speed":5.057802677154541},{"calorie":11.439999997615814,"count":222,"distance":158.39000511169434,"speed":4.422680377960205},{"calorie":0.0,"count":0,"distance":0.0,"speed":0.0},{"calorie":0.0,"count":0,"distance":0.0,"speed":0.0},{"calorie":7.319999873638153,"count":143,"distance":103.78000068664551,"speed":4.963248252868652},{"calorie":6.340000130236149,"count":125,"distance":88.64000070095062,"speed":4.315749168395996},{"calorie":2.070000112056732,"count":41,"distance":29.710000038146973,"speed":4.863000869750977},{"calorie":15.829999506473541,"count":296,"distance":218.33999729156494,"speed":4.807384490966797},{"calorie":5.389999747276306,"count":107,"distance":78.01000595092773,"speed":4.855226516723633},{"calorie":4.2599998116493225,"count":84,"distance":60.08999586105347,"speed":4.420591354370117},{"calorie":12.649999856948853,"count":219,"distance":166.9900016784668,"speed":5.417214393615723},{"calorie":0.0,"count":0,"distance":0.0,"speed":0.0},{"calorie":0.0,"count":0,"distance":0.0,"speed":0.0},{"calorie":0.0,"count":0,"distance":0.0,"speed":0.0},{"calorie":0.0,"count":0,"distance":0.0,"speed":0.0},{"calorie":0.0,"count":0,"distance":0.0,"speed":0.0},{"calorie":0.0,"count":0,"distance":0.0,"speed":0.0},{"calorie":0.0,"count":0,"distance":0.0,"speed":0.0},{"calorie":0.0,"count":0,"distance":0.0,"speed":0.0},{"calorie":0.0,"count":0,"distance":0.0,"speed":0.0},{"calorie":0.0,"count":0,"distance":0.0,"speed":0.0},{"calorie":0.0,"count":0,"distance":0.0,"speed":0.0},{"calorie":0.0,"count":0,"distance":0.0,"speed":0.0},{"calorie":0.0,"count":0,"distance":0.0,"speed":0.0},{"calorie":0.0,"count":0,"distance":0.0,"speed":0.0},{"calorie":5.98999996483326,"count":118,"distance":84.92000126838684,"speed":4.636905193328857},{"calorie":5.769999980926514,"count":114,"distance":80.77000045776367,"speed":4.299999713897705},{"calorie":11.18999993801117,"count":175,"distance":138.1599998474121,"speed":5.72875452041626},{"calorie":1.1099998950958252,"count":23,"distance":16.020000457763672,"speed":4.327901363372803},{"calorie":2.999999523162842,"count":59,"distance":42.60999035835266,"speed":4.553431987762451},{"calorie":16.729999780654907,"count":317,"distance":232.64999961853027,"speed":4.75816011428833},{"calorie":15.130000367760658,"count":300,"distance":219.68000078201294,"speed":5.037010192871094},{"calorie":7.010000050067902,"count":114,"distance":87.59999942779541,"speed":4.779266834259033},{"calorie":0.0,"count":0,"distance":0.0,"speed":0.0},{"calorie":0.0,"count":0,"distance":0.0,"speed":0.0},{"calorie":6.439999938011169,"count":127,"distance":91.51000118255615,"speed":4.8048810958862305},{"calorie":0.0,"count":0,"distance":0.0,"speed":0.0},{"calorie":4.990000069141388,"count":100,"distance":71.03999710083008,"speed":4.364487171173096},{"calorie":2.2099993228912354,"count":44,"distance":32.00999450683594,"speed":4.835388660430908},{"calorie":5.200000315904617,"count":101,"distance":71.08999729156494,"speed":4.072764873504639},{"calorie":8.229998707771301,"count":162,"distance":115.52001094818115,"speed":4.426185131072998},{"calorie":0.0,"count":0,"distance":0.0,"speed":0.0},{"calorie":9.88999992609024,"count":194,"distance":137.26999855041504,"speed":4.320311069488525},{"calorie":0.0,"count":0,"distance":0.0,"speed":0.0},{"calorie":0.0,"count":0,"distance":0.0,"speed":0.0},{"calorie":0.0,"count":0,"distance":0.0,"speed":0.0},{"calorie":5.289999961853027,"count":104,"distance":73.8899974822998,"speed":4.271281719207764},{"calorie":5.039999723434448,"count":99,"distance":70.07000064849854,"speed":4.242931842803955},{"calorie":0.0,"count":0,"distance":0.0,"speed":0.0},{"calorie":0.0,"count":0,"distance":0.0,"speed":0.0},{"calorie":4.819999933242798,"count":78,"distance":51.879998207092285,"speed":4.028863430023193},{"calorie":3.810000002384186,"count":75,"distance":53.90999984741211,"speed":4.626453876495361},{"calorie":4.6799991726875305,"count":92,"distance":65.45999240875244,"speed":4.3514580726623535},{"calorie":10.410001456737518,"count":205,"distance":147.46999406814575,"speed":4.730312347412109},{"calorie":12.11999797821045,"count":232,"distance":160.32998847961426,"speed":4.514304161071777},{"calorie":5.779999852180481,"count":114,"distance":82.06000137329102,"speed":4.65407133102417},{"calorie":0.0,"count":0,"distance":0.0,"speed":0.0},{"calorie":11.840000092983246,"count":227,"distance":163.15999841690063,"speed":4.660734176635742},{"calorie":0.0,"count":0,"distance":0.0,"speed":0.0},{"calorie":7.779999136924744,"count":155,"distance":112.69999122619629,"speed":4.870502948760986},{"calorie":0.0,"count":0,"distance":0.0,"speed":0.0},{"calorie":1.2799999713897705,"count":25,"distance":17.489999771118164,"speed":3.8524904251098633},{"calorie":6.950000166893005,"count":136,"distance":99.68999981880188,"speed":4.993797779083252},{"calorie":0.0,"count":0,"distance":0.0,"speed":0.0},{"calorie":3.840000033378601,"count":75,"distance":53.329999923706055,"speed":4.415553092956543},{"calorie":0.0,"count":0,"distance":0.0,"speed":0.0},{"calorie":0.0,"count":0,"distance":0.0,"speed":0.0},{"calorie":10.169999718666077,"count":202,"distance":145.22000122070312,"speed":4.603912830352783},{"calorie":13.139999836683273,"count":243,"distance":181.33999967575073,"speed":5.132846355438232},{"calorie":8.619999766349792,"count":171,"distance":125.05998802185059,"speed":5.000244617462158},{"calorie":10.719999015331268,"count":211,"distance":151.85999011993408,"speed":4.7228264808654785},{"calorie":8.56000006198883,"count":169,"distance":121.47000026702881,"speed":5.022639751434326},{"calorie":6.019999742507935,"count":118,"distance":85.15999794006348,"speed":4.907632350921631},{"calorie":0.0,"count":0,"distance":0.0,"speed":0.0},{"calorie":0.0,"count":0,"distance":0.0,"speed":0.0},{"calorie":0.0,"count":0,"distance":0.0,"speed":0.0},{"calorie":0.0,"count":0,"distance":0.0,"speed":0.0},{"calorie":0.0,"count":0,"distance":0.0,"speed":0.0},{"calorie":5.440000057220459,"count":88,"distance":62.64999961853027,"speed":5.079787731170654},{"calorie":8.500000059604645,"count":166,"distance":118.81000137329102,"speed":4.4404778480529785},{"calorie":0.0,"count":0,"distance":0.0,"speed":0.0},{"calorie":3.1500001549720764,"count":62,"distance":43.80999946594238,"speed":4.358573913574219},{"calorie":0.0,"count":0,"distance":0.0,"speed":0.0},{"calorie":0.0,"count":0,"distance":0.0,"speed":0.0},{"calorie":0.3800000250339508,"count":7,"distance":4.680000305175781,"speed":3.1000001430511475},{"calorie":0.0,"count":0,"distance":0.0,"speed":0.0},{"calorie":0.5200000405311584,"count":10,"distance":6.809999942779541,"speed":3.494758129119873},{"calorie":0.0,"count":0,"distance":0.0,"speed":0.0},{"calorie":0.0,"count":0,"distance":0.0,"speed":0.0},{"calorie":0.0,"count":0,"distance":0.0,"speed":0.0},{"calorie":0.0,"count":0,"distance":0.0,"speed":0.0},{"calorie":0.0,"count":0,"distance":0.0,"speed":0.0},{"calorie":0.36000001430511475,"count":7,"distance":4.960000038146973,"speed":4.5279693603515625},{"calorie":0.8199999928474426,"count":16,"distance":11.0,"speed":3.499999761581421},{"calorie":0.7400000095367432,"count":14,"distance":9.520000457763672,"speed":3.3000001907348633},{"calorie":0.46000000834465027,"count":9,"distance":6.569999694824219,"speed":4.642692565917969},{"calorie":0.0,"count":0,"distance":0.0,"speed":0.0},{"calorie":0.0,"count":0,"distance":0.0,"speed":0.0},{"calorie":0.0,"count":0,"distance":0.0,"speed":0.0}]