[{"calorie":0.0,"count":0,"distance":0.0,"speed":0.0},{"calorie":0.0,"count":0,"distance":0.0,"speed":0.0},{"calorie":0.0,"count":0,"distance":0.0,"speed":0.0},{"calorie":0.0,"count":0,"distance":0.0,"speed":0.0},{"calorie":0.0,"count":0,"distance":0.0,"speed":0.0},{"calorie":0.0,"count":0,"distance":0.0,"speed":0.0},{"calorie":0.0,"count":0,"distance":0.0,"speed":0.0},{"calorie":0.0,"count":0,"distance":0.0,"speed":0.0},{"calorie":0.0,"count":0,"distance":0.0,"speed":0.0},{"calorie":0.0,"count":0,"distance":0.0,"speed":0.0},{"calorie":0.0,"count":0,"distance":0.0,"speed":0.0},{"calorie":0.0,"count":0,"distance":0.0,"speed":0.0},{"calorie":0.0,"count":0,"distance":0.0,"speed":0.0},{"calorie":0.0,"count":0,"distance":0.0,"speed":0.0},{"calorie":0.0,"count":0,"distance":0.0,"speed":0.0},{"calorie":0.0,"count":0,"distance":0.0,"speed":0.0},{"calorie":0.0,"count":0,"distance":0.0,"speed":0.0},{"calorie":0.0,"count":0,"distance":0.0,"speed":0.0},{"calorie":0.0,"count":0,"distance":0.0,"speed":0.0},{"calorie":0.0,"count":0,"distance":0.0,"speed":0.0},{"calorie":0.0,"count":0,"distance":0.0,"speed":0.0},{"calorie":0.0,"count":0,"distance":0.0,"speed":0.0},{"calorie":0.0,"count":0,"distance":0.0,"speed":0.0},{"calorie":0.0,"count":0,"distance":0.0,"speed":0.0},{"calorie":0.0,"count":0,"distance":0.0,"speed":0.0},{"calorie":0.0,"count":0,"distance":0.0,"speed":0.0},{"calorie":0.0,"count":0,"distance":0.0,"speed":0.0},{"calorie":0.0,"count":0,"distance":0.0,"speed":0.0},{"calorie":0.0,"count":0,"distance":0.0,"speed":0.0},{"calorie":0.0,"count":0,"distance":0.0,"speed":0.0},{"calorie":0.0,"count":0,"distance":0.0,"speed":0.0},{"calorie":0.0,"count":0,"distance":0.0,"speed":0.0},{"calorie":0.0,"count":0,"distance":0.0,"speed":0.0},{"calorie":0.0,"count":0,"distance":0.0,"speed":0.0},{"calorie":0.0,"count":0,"distance":0.0,"speed":0.0},{"calorie":0.0,"count":0,"distance":0.0,"speed":0.0},{"calorie":0.0,"count":0,"distance":0.0,"speed":0.0},{"calorie":0.0,"count":0,"distance":0.0,"speed":0.0},{"calorie":0.0,"count":0,"distance":0.0,"speed":0.0},{"calorie":0.0,"count":0,"distance":0.0,"speed":0.0},{"calorie":0.0,"count":0,"distance":0.0,"speed":0.0},{"calorie":0.0,"count":0,"distance":0.0,"speed":0.0},{"calorie":0.0,"count":0,"distance":0.0,"speed":0.0},{"calorie":0.8500000834465027,"count":17,"distance":12.00999927520752,"speed":4.0169196128845215},{"calorie":2.7599996626377106,"count":54,"distance":38.88999652862549,"speed":4.5234808921813965},{"calorie":17.510003089904785,"count":349,"distance":250.15007209777832,"speed":4.507434844970703},{"calorie":1.5400000214576721,"count":30,"distance":21.58000087738037,"speed":4.586732864379883},{"calorie":0.0,"count":0,"distance":0.0,"speed":0.0},{"calorie":0.0,"count":0,"distance":0.0,"speed":0.0},{"calorie":13.839999437332153,"count":276,"distance":199.35000228881836,"speed":4.723913669586182},{"calorie":16.14000003039837,"count":320,"distance":228.56999850273132,"speed":4.421387672424316},{"calorie":0.0,"count":0,"distance":0.0,"speed":0.0},{"calorie":6.299999356269836,"count":123,"distance":84.26999473571777,"speed":3.547795057296753},{"calorie":0.0,"count":0,"distance":0.0,"speed":0.0},{"calorie":0.0,"count":0,"distance":0.0,"speed":0.0},{"calorie":13.509999424219131,"count":266,"distance":190.05000066757202,"speed":4.440791130065918},{"calorie":7.220000147819519,"count":140,"distance":103.4300012588501,"speed":5.011356830596924},{"calorie":3.929999977350235,"count":78,"distance":57.74999952316284,"speed":5.2439866065979},{"calorie":17.779998779296875,"count":351,"distance":250.8699951171875,"speed":4.4475555419921875},{"calorie":4.730000078678131,"count":93,"distance":68.22000026702881,"speed":4.8700852394104},{"calorie":2.590000033378601,"count":48,"distance":36.209999084472656,"speed":5.260910987854004},{"calorie":8.31000018119812,"count":165,"distance":121.43999719619751,"speed":5.173054218292236},{"calorie":11.78000009059906,"count":234,"distance":171.53000164031982,"speed":4.971414089202881},{"calorie":0.9699999839067459,"count":19,"distance":13.829999923706055,"speed":4.9785475730896},{"calorie":30.159999549388885,"count":600,"distance":440.7799987792969,"speed":5.077581405639648},{"calorie":5.240000009536743,"count":103,"distance":73.32000041007996,"speed":4.35665225982666},{"calorie":0.0,"count":0,"distance":0.0,"speed":0.0},{"calorie":12.360000014305115,"count":245,"distance":177.91000175476074,"speed":4.821025848388672},{"calorie":9.529999881982803,"count":188,"distance":136.12000226974487,"speed":4.816984176635742},{"calorie":21.370002150535583,"count":402,"distance":299.2799882888794,"speed":5.073581695556641},{"calorie":0.0,"count":0,"distance":0.0,"speed":0.0},{"calorie":0.9200001358985901,"count":18,"distance":12.499999046325684,"speed":3.7553184032440186},{"calorie":0.0,"count":0,"distance":0.0,"speed":0.0},{"calorie":2.230000138282776,"count":44,"distance":31.39999771118164,"speed":4.380690097808838},{"calorie":0.0,"count":0,"distance":0.0,"speed":0.0},{"calorie":1.9999995827674866,"count":39,"distance":26.69999933242798,"speed":3.5398075580596924},{"calorie":0.0,"count":0,"distance":0.0,"speed":0.0},{"calorie":1.1800000965595245,"count":24,"distance":16.820000648498535,"speed":3.9442718029022217},{"calorie":19.229999840259552,"count":382,"distance":280.9200005531311,"speed":5.115713119506836},{"calorie":0.15000000596046448,"count":3,"distance":2.190000057220459,"speed":4.900000095367432},{"calorie":2.3799999952316284,"count":47,"distance":34.69000053405762,"speed":4.925749778747559},{"calorie":0.5200000405311584,"count":10,"distance":6.920000076293945,"speed":4.165877342224121},{"calorie":0.0,"count":0,"distance":0.0,"speed":0.0},{"calorie":0.0,"count":0,"distance":0.0,"speed":0.0},{"calorie":0.0,"count":0,"distance":0.0,"speed":0.0},{"calorie":0.0,"count":0,"distance":0.0,"speed":0.0},{"calorie":4.749999821186066,"count":94,"distance":68.35999584197998,"speed":4.6722493171691895},{"calorie":3.9799999594688416,"count":78,"distance":56.78999996185303,"speed":4.8448100090026855},{"calorie":3.1800000071525574,"count":63,"distance":44.96000051498413,"speed":4.277539253234863},{"calorie":0.5099999904632568,"count":10,"distance":7.079999923706055,"speed":4.400000095367432},{"calorie":4.52000018954277,"count":89,"distance":63.54999828338623,"speed":4.32919454574585},{"calorie":5.2799999602139,"count":104,"distance":75.3699996471405,"speed":4.6086931228637695},{"calorie":7.209999918937683,"count":143,"distance":104.97000026702881,"speed":5.06588888168335},{"calorie":0.8100000023841858,"count":16,"distance":11.699999809265137,"speed":4.800000190734863},{"calorie":0.0,"count":0,"distance":0.0,"speed":0.0},{"calorie":0.0,"count":0,"distance":0.0,"speed":0.0},{"calorie":0.0,"count":0,"distance":0.0,"speed":0.0},{"calorie":0.0,"count":0,"distance":0.0,"speed":0.0},{"calorie":2.129999876022339,"count":42,"distance":30.06999969482422,"speed":4.302309036254883},{"calorie":0.0,"count":0,"distance":0.0,"speed":0.0},{"calorie":0.9200001358985901,"count":18,"distance":12.869997024536133,"speed":4.5720086097717285},{"calorie":2.2199999690055847,"count":43,"distance":30.02999973297119,"speed":3.791576862335205},{"calorie":3.9199999570846558,"count":77,"distance":54.36000061035156,"speed":4.2711710929870605},{"calorie":2.8199999928474426,"count":55,"distance":38.890000343322754,"speed":4.3724589347839355},{"calorie":3.2699995040893555,"count":65,"distance":46.27999305725098,"speed":4.370765686035156},{"calorie":3.010000079870224,"count":59,"distance":41.96000051498413,"speed":4.394968509674072},{"calorie":4.8600000739097595,"count":96,"distance":69.3000020980835,"speed":4.617280006408691},{"calorie":30.129997730255127,"count":599,"distance":434.0199966430664,"speed":4.763560771942139},{"calorie":15.340000212192535,"count":304,"distance":220.31000328063965,"speed":4.793025016784668},{"calorie":4.9499998688697815,"count":96,"distance":66.66999435424805,"speed":3.7720437049865723},{"calorie":1.1899998188018799,"count":23,"distance":16.239999771118164,"speed":4.2630109786987305},{"calorie":0.0,"count":0,"distance":0.0,"speed":0.0},{"calorie":0.42000001668930054,"count":8,"distance":5.480000019073486,"speed":3.499999761581421},{"calorie":3.2300000190734863,"count":64,"distance":45.16999864578247,"speed":4.112228870391846},{"calorie":2.9800000190734863,"count":59,"distance":42.400001525878906,"speed":4.600000381469727},{"calorie":0.0,"count":0,"distance":0.0,"speed":0.0},{"calorie":0.0,"count":0,"distance":0.0,"speed":0.0},{"calorie":0.0,"count":0,"distance":0.0,"speed":0.0},{"calorie":0.0,"count":0,"distance":0.0,"speed":0.0},{"calorie":0.0,"count":0,"distance":0.0,"speed":0.0},{"calorie":0.0,"count":0,"distance":0.0,"speed":0.0},{"calorie":0.0,"count":0,"distance":0.0,"speed":0.0},{"calorie":0.0,"count":0,"distance":0.0,"speed":0.0},{"calorie":3.7400001287460327,"count":74,"distance":52.10000038146973,"speed":4.132467269897461},{"calorie":0.3199999928474426,"count":6,"distance":4.079999923706055,"speed":3.799999952316284},{"calorie":0.350000012665987,"count":7,"distance":5.189999997615814,"speed":4.824992656707764},{"calorie":0.0,"count":0,"distance":0.0,"speed":0.0},{"calorie":0.7600001096725464,"count":15,"distance":10.579998970031738,"speed":4.002461910247803},{"calorie":0.0,"count":0,"distance":0.0,"speed":0.0},{"calorie":3.159999966621399,"count":62,"distance":43.97000074386597,"speed":4.1887078285217285},{"calorie":0.0,"count":0,"distance":0.0,"speed":0.0},{"calorie":0.0,"count":0,"distance":0.0,"speed":0.0},{"calorie":1.0799999237060547,"count":21,"distance":15.09000015258789,"speed":4.739887237548828},{"calorie":0.0,"count":0,"distance":0.0,"speed":0.0},{"calorie":0.0,"count":0,"distance":0.0,"speed":0.0},{"calorie":0.0,"count":0,"distance":0.0,"speed":0.0},{"calorie":0.0,"count":0,"distance":0.0,"speed":0.0},{"calorie":0.0,"count":0,"distance":0.0,"speed":0.0},{"calorie":0.0,"count":0,"distance":0.0,"speed":0.0},{"calorie":0.0,"count":0,"distance":0.0,"speed":0.0},{"calorie":0.0,"count":0,"distance":0.0,"speed":0.0},{"calorie":0.0,"count":0,"distance":0.0,"speed":0.0},{"calorie":0.0,"count":0,"distance":0.0,"speed":0.0},{"calorie":0.0,"count":0,"distance":0.0,"speed":0.0}]