﻿com.samsung.shealth.mood,6307003,2
create_sh_ver,start_time,factors,mood_type,modify_sh_ver,update_time,create_time,data_version,notes,place,time_offset,deviceuuid,company,pkg_name,emotions,datauuid
63070030,2026-01-21 15:59:59.000,,3,63070030,2026-01-21 14:35:10.184,2026-01-21 14:35:10.184,2,,,UTC-0400,WE6JXtsOno,,com.sec.android.app.shealth,,f1e07383-2cfc-410f-8b8f-14ad70070885,
63070030,2026-01-21 14:38:53.495,"19, 15, 1",3,63070030,2026-01-21 14:38:53.510,2026-01-21 14:38:53.510,2,,,UTC-0400,WE6JXtsOno,,com.sec.android.app.shealth,"33, 30, 5",ea16cecb-14cb-4c7a-9ea4-c66504b6e53c,
63070030,2026-01-24 01:17:17.925,"16, 19, 15, 13, 1",4,63070030,2026-01-24 01:17:17.930,2026-01-24 01:17:17.930,2,,,UTC-0400,WE6JXtsOno,,com.sec.android.app.shealth,"27, 23",8d8fde88-f1f2-4d1f-aaa9-137475a02be3,
63070030,2026-01-26 01:01:24.781,18,1,63070030,2026-01-26 01:01:24.825,2026-01-26 01:01:24.825,2,venceu grenal,,UTC-0400,WE6JXtsOno,,com.sec.android.app.shealth,"1, 31, 3, 34, 2, 14",0d3a7add-4f29-49fe-9763-7584e61e182e,
63070030,2026-01-28 13:15:56.553,"16, 17, 18, 19, 14, 15, 1",4,63070030,2026-01-28 13:15:56.561,2026-01-28 13:15:56.561,2,,,UTC-0400,WE6JXtsOno,,com.sec.android.app.shealth,"16, 27, 23, 28, 25",4cae49eb-5f86-4876-91d4-d77d704e15ae,
63070030,2026-01-31 15:15:34.550,2,4,63070030,2026-01-31 15:15:34.560,2026-01-31 15:15:34.560,2,,,UTC-0400,WE6JXtsOno,,com.sec.android.app.shealth,27,5b2a11be-e40d-4da7-b30e-e633e2102685,
