﻿com.samsung.health.food_info,6307003,7
potassium,vitamin_a,vitamin_c,vitamin_d,cholesterol,description,custom,provider_food_id,metric_serving_amount,sodium,dietary_fiber,total_fat,update_time,create_time,monosaturated_fat,protein,polysaturated_fat,iron,name,sugar,added_sugar,calcium,calorie,serving_description,info_provider,deviceuuid,metric_serving_unit,saturated_fat,trans_fat,pkg_name,carbohydrate,unit_count_per_calorie,datauuid,default_number_of_serving_unit
138.0,4.2,5.1666665,10.0,400.0,,,fatsecret-39866,94,211.0,0.0,15.21,2026-02-24 14:07:29.532,2026-01-21 14:42:56.864,5.536,13.01,1.851,13.5,Ovo Mexido,1.43,,5.4,199.0,ovos,,WE6JXtsOno,g,5.784,,com.sec.android.app.shealth,1.96,0.4723618,0edae2a1-daf3-42b2-89bb-02c75525e71f,2,
0.0,0.0,0.0,0.0,0.0,,,fatsecret-77729175,100,390.0,2.5,4.3,2026-01-24 13:45:55.203,2026-01-21 14:42:56.866,0.0,9.0,0.0,0.0,Pão Fermentação Natural(Bauducco),11.0,,0.0,275.0,porção,,WE6JXtsOno,g,1.2,0.0,com.sec.android.app.shealth,50.0,0.36363637,b1e70b83-1122-42e6-beb1-4b9566cc7a68,1,
147.0,0.58,0.0,0.0,10.0,,,fatsecret-794,103,41.0,0.0,3.35,2026-01-21 14:42:56.868,2026-01-21 14:42:56.868,0.837,3.32,0.201,0.16666667,Leite Integral,5.42,,11.7,62.0,ml,,WE6JXtsOno,g,1.923,,com.sec.android.app.shealth,4.66,1.6634356,945794ce-cd91-4d93-adbf-71d3667f8d73,100,
,0.0,0.0,0.0,0.0,,,fatsecret-16900045,100,0.0,0.0,0.0,2026-02-01 18:54:50.697,2026-01-21 14:42:56.869,,0.0,,0.0,Café sem Açúcar(Melitta),,,0.0,0.0,porção,,WE6JXtsOno,ml,0.0,0.0,com.sec.android.app.shealth,0.0,,19e09b31-aeba-48f6-85a2-96050270510e,1,
,0.0,0.0,0.0,14.0,,,fatsecret-2427726,30,81.0,0.0,3.3,2026-02-17 13:38:43.524,2026-01-21 14:43:17.761,0.8,2.7,0.1,0.0,Creme de Ricota Light(Tirolez),1.5,,0.0,44.0,porção,,WE6JXtsOno,g,2.1,0.0,com.sec.android.app.shealth,0.8,0.6818182,cada231b-1312-4ea0-a3a7-f456cd5003cc,1,
,0.0,0.0,0.0,0.0,,,fatsecret-13453438,30,28.0,1.0,0.0,2026-02-03 14:50:42.103,2026-01-21 14:43:17.762,,2.0,,0.0,Biscoito de Arroz Integral(Natural Life),0.0,,0.0,99.0,porção,,WE6JXtsOno,g,0.0,0.0,com.sec.android.app.shealth,23.0,0.3030303,0d1b68ec-8cc8-49b9-9fb0-ab8ace15aadc,1,
30.0,0.0,0.0,0.0,0.0,,,fatsecret-5921852,100,365.0,0.2,0.23,2026-02-24 19:01:34.345,2026-01-21 17:13:29.399,0.072,2.5,0.062,7.3333335,Arroz Branco (Cozido),0.03,,0.6,129.0,g,,WE6JXtsOno,g,0.064,,com.sec.android.app.shealth,28.18,0.7751938,1a646f50-43d3-416d-837d-3cc1fff4888f,100,
305.0,0.0,0.0,0.0,82.0,,,fatsecret-1358,100,373.0,0.0,15.01,2026-02-02 16:47:01.220,2026-01-21 17:13:29.400,6.28,27.29,0.559,10.555555,Bife de Carne de Vaca,0.0,,1.6,252.0,g,,WE6JXtsOno,g,5.877,,com.sec.android.app.shealth,0.0,0.3968254,b603bcd0-b5cb-4b4d-8f94-49e24da1781c,100,
,0.0,0.0,0.0,,,,fatsecret-10919037,14,26.0,0.8,3.5,2026-01-21 18:16:21.748,2026-01-21 18:16:21.748,,2.2,,0.0,Paçoca Rolha Tradicional(Da Colônia),0.3,,0.0,70.0,porção,,WE6JXtsOno,g,0.7,,com.sec.android.app.shealth,7.5,0.2,15d9837c-ec81-48d9-8533-180fe68331ab,1,
,0.0,0.0,0.0,0.0,,,fatsecret-41679380,90,177.0,2.9,20.0,2026-01-21 18:16:21.749,2026-01-21 18:16:21.749,,12.0,,0.0,Paçoca Caseira(Doces Léo),38.0,,0.0,410.0,porção,,WE6JXtsOno,g,4.5,0.0,com.sec.android.app.shealth,46.0,0.2195122,88e5e8bb-3880-4c5a-a2b4-c346e625286e,1,
245.0,0.02,22.5,0.0,0.0,,,fatsecret-5843,100,195.0,1.8,0.28,2026-01-30 16:34:57.202,2026-01-21 18:18:08.316,0.075,1.37,0.048,1.4444444,Mandioca Cozida (Cozinhado sem Adicionar Gordura),1.71,,1.5,161.0,g,,WE6JXtsOno,g,0.074,,com.sec.android.app.shealth,38.27,0.621118,d3e7d7c3-2e59-4026-8a64-f743463c5c7a,100,
106.0,1.04,0.8333333,0.0,39.0,,,fatsecret-9066038,100,538.0,0.8,14.12,2026-02-24 19:01:34.398,2026-01-21 18:18:08.319,5.268,6.08,0.937,7.7222223,Farofa Temperada,2.47,,2.0,406.0,g,,WE6JXtsOno,g,6.776,0.0,com.sec.android.app.shealth,63.26,0.24630542,a0efeca4-33a2-4cdf-b8a0-96e8ce96871f,100,
65.0,0.34,1.6666666,0.0,23.0,,,fatsecret-4519015,50,152.0,0.8,8.21,2026-01-21 18:18:08.321,2026-01-21 18:18:08.321,3.767,4.67,0.992,3.8333333,Pastel de Carne,0.2,,1.3,168.0,unidade,,WE6JXtsOno,g,2.508,0.235,com.sec.android.app.shealth,18.51,0.29761904,4bdedbf4-5ed7-48e1-91b6-9e5223e083f3,1,
0.0,0.0,0.0,0.0,32.0,,,fatsecret-53704980,60,126.0,0.3,3.6,2026-01-21 18:23:23.162,2026-01-21 18:23:23.162,0.8,13.0,1.3,0.0,Sardinha(Pescador),0.0,,0.0,87.0,porção,,WE6JXtsOno,g,1.0,0.0,com.sec.android.app.shealth,0.3,0.6896552,f654bc25-e39c-4ebf-a0d6-c016cb93fa5c,1,
0.0,0.0,0.0,0.0,2.0,,,fatsecret-3574021,12,72.0,0.0,3.7,2026-02-22 01:29:21.964,2026-01-21 18:23:23.164,0.9,0.1,2.4,0.0,Maionese(Hellmann's),0.3,,0.0,37.0,porção,,WE6JXtsOno,g,0.6,0.0,com.sec.android.app.shealth,0.8,0.3243243,0407a9e1-289c-4a84-8cf6-8524408ca5b3,1,
107.0,0.06,7.6666665,0.0,0.0,,,fatsecret-568597,100,1.0,2.4,0.17,2026-02-21 15:30:09.731,2026-01-21 18:25:47.228,0.007,0.26,0.051,0.6666667,Maçãs Gala,10.39,,0.6,52.0,g,,WE6JXtsOno,g,0.028,,com.sec.android.app.shealth,13.81,1.9230769,f68d45fe-15ef-49ab-87f0-0ae8f878d28d,100,
246.0,0.18,53.666668,0.0,0.0,"24 kcal, por 100g",,fatsecret-36308,100,18.0,2.3,0.12,2026-02-20 17:02:34.019,2023-11-13 18:29:48.943,0.009,1.44,0.06,3.2777777,Repolho,3.58,,4.7,24.0,g,,WE6JXtsOno,g,0.016,,com.sec.android.app.shealth,5.58,4.1666665,2865f900-0aa9-4d2c-8b41-3db7c61bf876,100,
269.0,18.88889,41.11111,0.0,0.0,"34 kcal, por 100g",,fatsecret-4654034,101,16.0,0.9,0.19,2023-11-15 21:26:32.598,2023-11-14 02:29:16.925,0.003,0.85,0.082,1.1666666,Suco de Melão,7.92,,0.6923077,34.0,ml,,oAqnaMFJ0j,g,0.051,,com.sec.android.app.shealth,8.22,2.9382715,6207623b-5c63-42cc-a5ff-4f87670c5947,100,
376.0,0.0,0.0,0.0,,"92 kcal, por 100g",,fatsecret-54781278,100,,1.9,0.1,2023-11-14 20:57:45.415,2023-11-14 12:13:23.862,,1.4,,0.0,Banana Nanica(Hortifruti),,,0.0,92.0,porção,,oAqnaMFJ0j,g,,,com.sec.android.app.shealth,23.8,1.0869565,c0d4b0d0-ee64-4627-acb5-d3b3c8bba35e,1,
62.0,0.02,0.0,0.0,0.0,"6 kcal, por 168g",,fatsecret-2479602,177,6.0,0.0,0.15,2026-01-31 15:14:10.397,2023-11-13 23:23:19.501,0.035,0.33,0.012,0.3888889,Café com Leite Integral,0.22,,1.1,6.0,xícara de café (180 ml),,WE6JXtsOno,g,0.082,,com.sec.android.app.shealth,0.84,29.5,399379b7-60dd-4483-aeaa-d15e4c310c54,1,
,0.0,0.0,0.0,0.0,"27 kcal, por 1/2 xícara de chá (50g)",,fatsecret-25861864,50,0.0,0.9,0.0,2023-11-16 19:10:37.155,2023-11-16 18:33:04.529,,0.6,,0.0,Uva com Sementes(Qualitá),,,0.0,27.0,porção,,oAqnaMFJ0j,g,0.0,0.0,com.sec.android.app.shealth,13.0,1.8518518,2da39bb3-670a-4205-87d7-365c1e22b275,1,
373.0,0.33333334,0.44444445,0.0,94.0,"211 kcal, por 100g",,fatsecret-36030,100,64.0,0.0,9.44,2023-11-16 00:05:22.759,2023-11-16 00:05:22.759,4.45,29.41,0.85,6.2222223,Pernil Assado,0.0,,0.53846157,211.0,g,,oAqnaMFJ0j,g,3.3,,com.sec.android.app.shealth,0.0,0.47368422,e84587a6-e33e-42e6-a623-43f06e3ce876,100,
,0.0,0.0,0.0,,"152 kcal, por 1 unidade  (250g)",,fatsecret-74464162,250,520.0,211.0,1.0,2023-11-15 21:27:36.342,2023-11-15 21:27:36.342,,15.0,,0.0,Whey Zero Lactose Morango(Piracanjuba),20.0,,0.0,152.0,porção,,oAqnaMFJ0j,g,0.3,0.0,com.sec.android.app.shealth,20.0,1.6447369,6d22d7da-3edc-4ec9-8144-c7af65361ec5,1,
,0.0,0.0,0.0,0.0,"32 kcal, por 2 fatias (40g)",,fatsecret-25771726,40,325.0,0.0,0.7,2023-11-16 18:32:19.763,2023-11-16 18:32:19.763,,6.3,,0.0,Presunto Cozido Fatiado(Sadia),,,0.0,32.0,porção,,oAqnaMFJ0j,g,0.0,0.0,com.sec.android.app.shealth,0.0,1.25,b3e92f91-3d5e-495d-9da5-99e292e2237b,1,
,0.0,0.0,0.0,,"34 kcal, por 1 fatia (40g)",,fatsecret-8928692,40,446.0,,0.6,2026-02-23 23:14:54.056,2023-11-16 19:16:00.902,,6.7,,0.0,Presunto Cozido(Seara),,,0.0,34.0,porção,,WE6JXtsOno,g,0.2,0.0,com.sec.android.app.shealth,0.4,1.1764706,a4e451a7-c8aa-49d8-a808-4a1f66bd791f,1,
102.0,14.444445,5.888889,0.0,0.0,"161 kcal, por 162g",,fatsecret-5134,100,310.0,2.1,1.37,2023-11-16 00:05:22.760,2023-11-16 00:05:22.760,0.578,2.54,0.423,5.1666665,Arroz com Legumes,1.45,,1.3076923,99.0,g,,oAqnaMFJ0j,g,0.267,,com.sec.android.app.shealth,19.14,1.0117648,b2a215ef-a167-4286-b0b6-5119ea5f2ee6,100,
689.0,9.555555,24.444445,0.0,2.0,"113 kcal, por 100g",,fatsecret-36509,210,699.0,3.2,8.8,2023-11-16 00:05:22.759,2023-11-16 00:05:22.759,3.654,4.2,2.552,3.0555556,Purê de Batatas (Leite Integral e com Margarina),3.02,,3.5384614,237.0,xícara,,oAqnaMFJ0j,g,2.102,,com.sec.android.app.shealth,35.51,0.886076,ef37aa3e-50d9-48ab-a712-942d44db4edc,1,
0.0,0.0,0.0,0.0,0.0,"60 kcal, por 1 copo (200ml)",,fatsecret-2199482,200,10.0,0.0,0.0,2023-11-14 15:19:06.903,2023-11-13 18:26:16.701,0.0,0.0,0.0,0.0,Coca-Cola(Coca-Cola),21.0,,0.0,60.0,porção,,oAqnaMFJ0j,ml,0.0,0.0,com.sec.android.app.shealth,21.0,,78180716-d19d-4268-8503-4c73dfa7fefb,1,
,0.0,0.0,0.0,0.0,"70 kcal, por 1 maçã (135g)",,fatsecret-7381001,135,1.0,3.0,0.09,2023-11-16 18:31:23.889,2023-11-13 18:25:22.941,,0.4,,0.0,Maçã(Turma da Mônica),,,0.0,70.0,porção,,oAqnaMFJ0j,g,0.0,0.0,com.sec.android.app.shealth,20.0,1.9285715,b55b8344-72b3-4397-aafe-70f6c348bf79,1,
,0.0,0.0,0.0,78.0,"194 kcal, por 100g",,fatsecret-7335346,100,71.0,0.0,14.0,2023-11-16 00:05:22.759,2023-11-16 00:05:22.759,,17.0,,0.0,Frango a Passarinho(Sadia),0.0,,0.0,194.0,porção,,oAqnaMFJ0j,g,4.0,0.0,com.sec.android.app.shealth,0.0,0.5154639,113785d2-b179-450e-8db8-5db885e89369,1,
,0.0,0.0,0.0,,"91 kcal, por 1 fatia (40g)",,fatsecret-4759751,40,542.0,0.0,6.7,2023-11-15 21:26:32.579,2023-11-13 23:23:19.502,,5.1,,0.0,Mortadela(Copacol),,,0.0,91.0,porção,,oAqnaMFJ0j,g,1.7,0.0,com.sec.android.app.shealth,2.5,0.43956044,1f483a8d-f5c2-4530-a1a6-c49fb8046e7e,1,
,0.0,0.0,0.0,0.0,"296 kcal, por 1 fatia (80g)",,fatsecret-40654683,80,122.0,2.4,14.0,2023-11-15 21:26:32.611,2023-11-15 01:10:15.127,,5.6,,0.0,Panetone de Chocolate(Visconti),,,0.0,296.0,porção,,oAqnaMFJ0j,g,7.2,0.0,com.sec.android.app.shealth,37.0,0.27027026,35bc9c70-fa39-46cf-a512-d0344043d07e,1,
,0.0,0.0,0.0,0.0,"150 kcal, por 1 unidade (50g)",,fatsecret-4512659,50,290.0,0.0,1.55,2026-02-25 12:45:42.608,2023-11-13 23:23:19.501,,4.0,,0.0,Pão Francês(Padaria),,,0.0,150.0,porção,,WE6JXtsOno,g,0.0,0.0,com.sec.android.app.shealth,29.3,0.33333334,537f0802-4858-4dfc-8042-1c27bfd6e6f7,1,
256.0,0.56,1.6666666,0.0,57.0,"114 kcal, por 100g",,fatsecret-39975,95,312.0,,5.73,2026-02-07 16:57:19.608,2023-11-13 18:29:48.943,1.606,1.45,2.869,3.8333333,Salada de Batata (Acompanhamento),,,1.3,108.0,xícara,,WE6JXtsOno,g,0.978,,com.sec.android.app.shealth,12.85,0.8796296,fdb86a39-ba1b-4da0-9310-41124cfdb5f0,1,
91.0,1.94,0.0,0.0,213.0,"107 kcal, por 68g",,fatsecret-3114,62,247.0,0.0,7.14,2026-02-24 00:53:40.811,2023-11-16 22:40:17.115,2.867,6.81,1.243,5.111111,Omelete ou Ovos Mexidos,1.17,,4.5,98.0,grande,,WE6JXtsOno,g,2.086,,com.sec.android.app.shealth,1.15,0.63265306,82e29997-0ea9-4755-8764-c0ff136d38f8,1,
,0.0,0.0,0.0,,"72 kcal, por 100g",,fatsecret-10773907,100,,,0.3,2023-11-16 22:33:53.696,2023-11-16 22:33:53.696,,0.4,,0.0,Manga Espada(DIA),,,0.0,72.0,porção,,oAqnaMFJ0j,g,,,com.sec.android.app.shealth,17.0,1.3888888,2e6b6217-6c9d-44cc-a0c3-c178dc65ebd7,1,
,0.0,0.0,0.0,0.0,"82 kcal, por 1 fatia (40g)",,fatsecret-5516827,40,236.0,0.0,1.0,2026-02-25 00:15:25.693,2023-11-13 18:25:22.941,,6.8,,0.0,Presunto Fatiado(Sadia),,,0.0,37.0,porção,,WE6JXtsOno,g,0.4,0.0,com.sec.android.app.shealth,0.3,1.081081,f1851a62-f7d3-4f65-b3f1-08621e06406e,1,
,0.0,0.0,0.0,,"131 kcal, por 1 unidade (50g)",,fatsecret-10776679,50,156.0,0.7,1.5,2026-01-25 18:20:23.010,2023-11-16 22:40:17.116,0.6,4.6,0.3,0.0,Pão de Hambúrguer(Pullman),0.5,,0.0,129.0,porção,,WE6JXtsOno,g,0.6,0.0,com.sec.android.app.shealth,24.0,0.3875969,6597f7c8-edf3-48ca-b9c5-839f414c2092,1,
541.0,0.11111111,14.111111,0.0,0.0,"95 kcal, por 102g",,fatsecret-57824503,100,7.0,2.1,0.15,2023-11-20 13:32:35.245,2023-11-16 00:05:22.759,0.002,2.09,0.037,3.5555556,Batata Inglesa Assada,1.52,,0.7692308,93.0,g,,oAqnaMFJ0j,g,0.023,,com.sec.android.app.shealth,20.97,1.0731708,618c0d3e-03ca-47c8-819d-f3cf05c22d9f,100,
298.0,0.0,0.0,0.0,61.0,"412 kcal, por 202g",,fatsecret-10746152,100,68.0,0.0,10.05,2023-11-20 14:00:43.829,2023-11-20 14:00:43.829,4.738,26.62,0.471,17.833334,Alcatra Grelhada,0.0,,0.46153846,204.0,g,,oAqnaMFJ0j,g,3.892,,com.sec.android.app.shealth,0.0,0.48997772,c7f331f6-cfdc-4847-9481-90bc39c26dce,100,
,0.0,0.0,0.0,,"131 kcal, por 1 unidade (50g)",,fatsecret-4449844,50,500.0,0.0,11.0,2023-11-20 14:00:43.829,2023-11-20 14:00:43.829,,9.0,,0.0,Linguiça Fininha(Sadia),0.0,,0.0,131.0,porção,,oAqnaMFJ0j,g,4.6,0.0,com.sec.android.app.shealth,0.0,0.3816794,8edff204-84b8-40af-a237-a70cc25d6317,1,
371.0,0.0,0.0,0.0,59.0,"159 kcal, por 100g",,fatsecret-37514,100,59.0,0.0,7.3,2023-11-20 14:00:43.829,2023-11-20 14:00:43.829,3.47,21.87,0.29,13.222223,Maminha,,,0.30769232,159.0,g,,oAqnaMFJ0j,g,2.61,,com.sec.android.app.shealth,0.0,0.63,90ecb559-5920-4919-88ca-89ee8fcce635,100,
,0.0,0.0,0.0,,"134 kcal, por 4 quadradinhos (25g)",,fatsecret-13312859,25,20.0,0.8,8.1,2023-11-20 14:01:26.414,2023-11-20 14:01:26.414,,2.2,,0.0,Chocolate Shot Amendoim(Lacta),12.0,,0.0,134.0,porção,,oAqnaMFJ0j,g,3.5,0.0,com.sec.android.app.shealth,13.0,0.18656716,40349167-5909-41de-8222-b163203a1dc0,1,
79.0,4.2222223,0.0,0.0,78.0,"779 kcal, por 348g",,fatsecret-4387,50,142.0,0.3,5.54,2023-11-20 13:56:26.147,2023-11-20 13:56:26.147,2.216,4.38,1.266,4.7777777,Crepe Simples,2.43,,3.5384614,112.0,crepe (18 cm de diâmetro),,oAqnaMFJ0j,g,1.543,,com.sec.android.app.shealth,10.83,0.44642857,69aae64e-ead5-4979-ade8-9a0a1fc0bd21,1,
362.0,2.7777777,45.0,0.0,41.0,"572 kcal, por 716g",,fatsecret-64640724,160,132.0,0.8,4.1,2023-11-20 13:56:26.147,2023-11-20 13:56:26.147,2.314,17.07,0.644,3.7777777,Ceviche de Tilápia,2.14,,1.8461539,128.0,porção (160 g),,oAqnaMFJ0j,g,0.847,0.0,com.sec.android.app.shealth,6.69,1.25,eb87ee89-5913-4927-9854-f5548f9c42b2,1,
,0.0,0.0,0.0,,"80 kcal, por 1 copo (200ml)",,fatsecret-8075290,200,17.0,,0.0,2023-11-18 02:46:49.117,2023-11-18 02:46:49.117,,0.0,,0.0,Tubaína(Funada),,,0.0,80.0,porção,,oAqnaMFJ0j,ml,,,com.sec.android.app.shealth,20.0,,c1ce20dc-03ff-4574-8b7d-60fd461816a9,1,
256.0,0.6666667,0.0,0.0,85.0,"165 kcal, por 100g",,fatsecret-8449434,100,74.0,0.0,3.57,2023-11-20 14:00:43.811,2023-11-20 13:32:35.253,1.24,31.02,0.77,5.7777777,Filé de Frango Grelhado,0.0,,1.1538461,165.0,g,,oAqnaMFJ0j,g,1.01,,com.sec.android.app.shealth,0.0,0.6060606,3c3d3d91-b2e3-4437-a13d-a6263a91f83c,100,
78.0,0.28,2.5,0.0,0.0,"14 kcal, por 100g",,fatsecret-6250,55,6.0,0.7,0.08,2026-02-22 20:56:02.035,2023-11-17 18:45:37.884,0.003,0.5,0.041,1.2777778,Alface,0.97,,1.0,8.0,"xícara, desfiada ou cortada",,WE6JXtsOno,g,0.01,,com.sec.android.app.shealth,1.63,6.875,2c2c6419-72d5-4135-99ec-e695fd024444,1,
138.0,23.333334,3.4444444,10.0,400.0,"212 kcal, por 100g",,fatsecret-39866,94,211.0,0.0,15.21,2023-11-20 13:58:20.298,2023-11-20 13:33:26.635,5.536,13.01,1.851,13.5,Ovo Mexido,1.43,,4.1538463,199.0,ovos,,oAqnaMFJ0j,g,5.784,,com.sec.android.app.shealth,1.96,0.4723618,9aecae0e-769a-4977-a35c-72f77c2a0422,2,
,0.0,0.0,0.0,,"153 kcal, por 1 porção (50g)",,fatsecret-67409202,50,,,8.7,2023-11-20 14:00:43.829,2023-11-20 14:00:43.829,,3.3,,0.0,Pão de Alho Picante(Mezzani),,,0.0,153.0,porção,,oAqnaMFJ0j,g,,,com.sec.android.app.shealth,15.0,0.3267974,1a31d888-ead5-4a08-94f9-93dd3753dff8,1,
305.0,0.0,0.0,0.0,82.0,"254 kcal, por 101g",,fatsecret-1358,100,373.0,0.0,15.01,2023-11-18 02:46:00.910,2023-11-18 02:46:00.910,6.28,27.29,0.559,10.555555,Bife de Carne de Vaca,0.0,,1.2307693,252.0,g,,oAqnaMFJ0j,g,5.877,,com.sec.android.app.shealth,0.0,0.39655173,046e9c7a-a0a9-4ebf-816a-9cc8fbdd9136,100,
529.0,3.0,11.111111,5.0,8.0,"520 kcal, por 615g",,fatsecret-8449347,202,34.0,3.0,3.05,2023-11-20 13:58:45.122,2023-11-20 13:58:45.122,0.704,3.9,0.244,1.8333334,Vitamina de Banana,23.3,,7.6153846,171.0,xícara,,oAqnaMFJ0j,g,1.66,,com.sec.android.app.shealth,34.9,1.1812866,3baea0e9-b932-4cdc-8d99-42aa0289d4aa,1,
239.0,2.5555556,20.0,0.0,4.0,"561 kcal, por 615g",,fatsecret-20238393,98,24.0,1.7,1.49,2023-11-20 13:58:45.122,2023-11-20 13:58:45.122,0.382,1.7,0.082,0.8333334,Vitamina de Mamão,13.3,,3.8461537,89.0,ml,,oAqnaMFJ0j,g,0.873,,com.sec.android.app.shealth,18.39,1.097561,dbda6e91-5185-4731-b6da-b475f2113ed3,100,
0.0,0.0,0.0,0.0,,"60 kcal, por 1 porção (250ml)",,fatsecret-75117302,250,62.0,0.0,0.0,2023-11-20 14:00:43.828,2023-11-20 14:00:43.828,0.0,0.0,0.0,0.0,Energético(Furioso),14.0,,0.0,60.0,porção,,oAqnaMFJ0j,ml,0.0,0.0,com.sec.android.app.shealth,16.0,,1cc88a24-ad54-42f0-a9a5-805b10195403,1,
,0.0,0.0,0.0,,"0 kcal, por 1 lata (350ml)",,fatsecret-2669462,350,48.0,0.0,0.0,2023-11-20 13:56:26.126,2023-11-16 00:05:22.758,,0.0,,0.0,Coca-Cola Zero (Lata)(Coca-Cola),,,0.0,0.0,porção,,oAqnaMFJ0j,ml,,,com.sec.android.app.shealth,0.0,,1d455c23-5fab-443d-aed1-96e8fa8ecf2c,1,
349.0,7.5555553,0.0,10.0,24.0,"60 kcal, por 100g",,fatsecret-33750,244,98.0,0.0,7.93,2023-11-20 13:58:20.311,2023-11-15 21:26:32.618,1.981,7.86,0.476,0.3888889,Leite (Leite Integral),12.83,,21.23077,146.0,xícara,,oAqnaMFJ0j,g,4.551,,com.sec.android.app.shealth,11.03,1.6712328,761cbac0-d53f-4478-92fa-079fffa2f0ae,1,
569.0,5.7777777,23.11111,0.0,89.0,"2016 kcal, por 1483g",,fatsecret-5812,193,942.0,2.9,13.61,2023-11-17 18:45:37.884,2023-11-17 18:45:37.884,3.723,5.35,6.494,4.9444447,Salada de Batata com Ovo,3.17,,2.0769231,262.0,xícara,,oAqnaMFJ0j,g,2.393,,com.sec.android.app.shealth,30.8,0.7366412,8f66011e-f45a-414d-9a41-404a02d29358,1,
238.0,0.4,0.0,0.0,95.0,"209 kcal, por 100g",,fatsecret-34483,100,88.0,0.0,10.88,2026-01-27 19:22:18.369,2023-11-21 02:31:53.317,4.15,25.94,2.48,7.2777777,"Carne da Sobrecoxa de Frango (Assado, Cozido)",0.0,,1.2,209.0,g,,WE6JXtsOno,g,3.03,,com.sec.android.app.shealth,0.0,0.4784689,d5702bf4-3471-44c6-a6dc-e9e31ad88713,100,
341.0,0.33333334,4.3333335,0.0,1140.0,"465 kcal, por 275g",,fatsecret-63745635,100,79.0,0.0,8.58,2023-11-21 15:54:24.795,2023-11-17 18:45:37.883,2.58,21.24,0.806,13.888889,Coxão Mole Grelhado,0.0,,1.4615384,169.0,g,,oAqnaMFJ0j,g,2.527,0.222,com.sec.android.app.shealth,0.38,0.59090906,f2304b78-1a6a-4ba8-a9b3-221722aad7ed,100,
504.0,18.666666,10.0,0.0,6.0,"219 kcal, por 180g",,fatsecret-5792,210,823.0,2.1,14.62,2023-11-21 13:28:37.960,2023-11-21 13:28:37.960,6.552,4.43,3.957,2.3333333,Purê de Batata (de Batata Fresca),4.7,,7.3076925,256.0,xícara,,oAqnaMFJ0j,g,3.349,,com.sec.android.app.shealth,27.76,0.8208955,35bc23a0-6315-40bf-a2c3-5a74a11c98dd,1,
369.0,0.0,0.0,0.0,57.0,"164 kcal, por 100g",,fatsecret-37700,100,67.0,0.0,8.24,2023-11-21 02:31:53.317,2023-11-21 02:31:53.317,4.22,21.08,0.36,12.444445,"Bife de Carne de Vaca da Ponta de Agulha (Magra, Cortada até 0,5 cm de Gordura)",0.0,,0.61538464,164.0,g,,oAqnaMFJ0j,g,3.14,,com.sec.android.app.shealth,0.0,0.60967743,deb2b496-1c71-4d72-8404-c08f6e07dffc,100,
375.0,0.0,0.0,0.0,0.0,"49 kcal, por 100g",,fatsecret-54019842,100,10.0,3.4,0.1,2023-11-21 02:31:53.318,2023-11-21 02:31:53.318,,1.9,,0.0,Beterraba Crua(Hortifruti),,,0.0,49.0,porção,,oAqnaMFJ0j,g,,,com.sec.android.app.shealth,11.1,2.0408163,daee595b-b139-4c94-acb0-88deddf0ad5c,1,
243.0,3.1111112,0.0,0.0,83.0,"197 kcal, por 101g",,fatsecret-1644,100,393.0,0.0,7.72,2023-11-21 13:28:37.960,2023-11-21 13:28:37.960,3.005,29.55,1.646,5.8888884,"Peito de Frango no Forno, Grelhado ou Assado",0.0,,1.0769231,195.0,g,,oAqnaMFJ0j,g,2.172,,com.sec.android.app.shealth,0.0,0.5121951,6a2ac0c9-c74c-484a-a144-6be66bbf63b1,100,
,0.0,0.0,0.0,,"92 kcal, por 1 unidades (50g)",,fatsecret-7838375,50,485.0,0.0,9.0,2026-02-05 00:46:56.905,2023-11-21 15:54:24.812,,7.0,,0.0,Linguiça Toscana(Seara),,,0.0,111.0,porção,,WE6JXtsOno,g,3.4,0.0,com.sec.android.app.shealth,0.5,0.45045045,18c23fff-f6cb-411f-b84b-e851d2f79c19,1,
210.0,1.1111112,58.22222,0.0,0.0,"45 kcal, por 100g",,fatsecret-5294,105,1.0,0.2,0.21,2023-11-21 13:28:37.940,2023-11-17 02:20:34.734,0.038,0.73,0.042,1.1666666,Suco de Laranja Natural,8.81,,0.9230769,47.0,ml,,oAqnaMFJ0j,g,0.025,,com.sec.android.app.shealth,10.9,2.2142856,0294897f-d317-4856-8954-482d780d5749,100,
206.0,0.74,0.8333333,0.0,27.0,"1948 kcal, por 1265g",,fatsecret-2201,100,451.0,0.5,9.91,2026-02-20 17:02:33.908,2023-11-22 03:56:38.784,3.014,10.16,1.793,6.5555553,Estrogonofe de Carne,0.97,,4.1,154.0,g,,WE6JXtsOno,g,3.921,,com.sec.android.app.shealth,5.97,0.64935064,6a4fe0ed-c1f9-4af7-8b48-2836d15a0980,100,
0.0,0.0,0.0,0.0,0.0,"113.0 kcal, 1",,quickinput-916becec-fcab-4ab1-8a9e-cea83fe79851,1,160.0,0.0,9.0,2023-11-28 13:56:16.756,2023-11-13 18:09:30.422,0.0,9.0,0.0,0.0,Queijo musarela,0.0,0.0,0.0,113.0,porção,,oAqnaMFJ0j,120001,5.0,0.0,com.sec.android.app.shealth,1.0,1.0,52dff788-5b79-4b73-bf44-d608c9cfeefb,1,
,0.0,0.0,0.0,,"40 kcal, por 3 fatias (40g)",,fatsecret-19773117,40,360.0,0.0,0.8,2023-11-23 16:38:55.728,2023-11-21 13:30:31.446,,7.6,,0.0,Peito de Peru(Seara),,,0.0,40.0,porção,,oAqnaMFJ0j,g,0.0,0.0,com.sec.android.app.shealth,0.0,1.0,3e506a04-6fa9-4137-91d1-d145818719ae,1,
526.0,6.5555553,55.555557,0.0,39.0,"1530 kcal, por 975g",,fatsecret-4653817,220,863.0,3.8,17.15,2023-11-23 16:37:09.786,2023-11-23 16:37:09.786,6.021,20.09,6.797,20.777779,Yakisoba,3.16,,3.0,345.0,xícara,,oAqnaMFJ0j,g,2.977,0.0,com.sec.android.app.shealth,28.97,0.6376812,fec32b3b-55c3-41f3-ac8f-9739d9fdf1a1,1,
301.0,12.111111,25.0,0.0,42.0,"890 kcal, por 802g",,fatsecret-2644,162,616.0,1.6,8.59,2023-11-28 18:26:46.029,2023-11-28 18:26:46.029,2.976,15.86,3.096,6.666667,"Frango ou Peru com Vegetais em Molho à Base de Soja (incluindo Cenouras, Brócolis e Outros, sem Batatas, Mistura)",2.12,,2.1538463,180.0,xícara,,oAqnaMFJ0j,g,1.711,,com.sec.android.app.shealth,9.28,0.9,79198a3f-be46-46d9-8e5b-2b3b409f1e8e,1,
407.0,34.333332,3.3333333,0.0,1.0,"408 kcal, por 100g",,fatsecret-4655,111,205.0,7.7,12.24,2023-11-22 03:53:57.771,2023-11-22 03:53:57.771,4.439,10.23,2.676,24.88889,Granola,28.65,,5.3076925,453.0,xícara,,oAqnaMFJ0j,g,3.572,,com.sec.android.app.shealth,80.35,0.24503312,fc1c7dfa-da8c-427a-8ec1-b0c8941df5bb,1,
0.0,0.0,0.0,0.0,0.0,"150.0 kcal, 1",,quickinput-8e653165-f423-47e6-9711-aa3703defb9e,1,354.0,15.0,1.0,2023-11-28 13:56:16.731,2023-11-13 18:06:36.817,0.0,4.0,0.0,0.0,Pão Francês,0.0,0.0,0.0,150.0,porção,,oAqnaMFJ0j,120001,1.0,0.0,com.sec.android.app.shealth,29.0,1.0,e87c9920-bc47-4c6b-94a9-fdcc0a9c1d22,1,
,0.0,0.0,0.0,,"42 kcal, por 100ml",,fatsecret-1474142,100,122.0,,1.2,2023-11-22 03:53:57.771,2023-11-22 03:53:57.771,,3.1,,0.0,Leite Semidesnatado(Piracanjuba),4.6,,0.0,42.0,porção,,oAqnaMFJ0j,ml,0.7,,com.sec.android.app.shealth,4.6,,22132e8f-9240-4e9f-8891-aedab7c94e16,1,
60.0,0.11111111,0.0,0.0,0.0,"30 kcal, por 175g",,fatsecret-2479604,177,6.0,0.0,0.14,2023-11-28 11:09:27.229,2023-11-16 22:40:45.073,0.033,0.31,0.011,0.3888889,Café com Leite e Açúcar,6.54,,0.7692308,30.0,xícara de café (180 ml),,oAqnaMFJ0j,g,0.079,,com.sec.android.app.shealth,7.14,5.9,1f83433e-a04e-4042-bc44-8dffbb2de2e3,1,
342.0,0.0,0.0,0.0,47.0,"135 kcal, por 100g",,fatsecret-40459,100,57.0,0.0,4.62,2026-02-07 16:57:19.648,2023-11-16 19:12:46.062,1.86,21.91,0.2,9.055555,Contra-filé,0.0,,2.8,135.0,g,,WE6JXtsOno,g,1.709,,com.sec.android.app.shealth,0.0,0.7407407,308f68fd-501d-4546-a619-25ecf42f42ab,100,
45.0,0.0,0.0,0.0,0.0,"158 kcal, por 101g",,fatsecret-4397,100,232.0,1.8,0.92,2026-02-24 19:01:34.363,2023-11-22 03:56:38.784,0.13,5.76,0.317,7.3333335,Macarrão,0.56,,0.7,157.0,g,,WE6JXtsOno,g,0.175,,com.sec.android.app.shealth,30.68,0.6369427,0263e241-4d7e-4995-9fd1-7eba16c7fd46,100,
78.0,1.5555556,1.6666666,0.0,0.0,"14 kcal, por 100g",,fatsecret-36414,55,6.0,0.7,0.08,2023-11-28 11:07:58.098,2023-11-13 18:29:48.943,0.003,0.5,0.041,1.2777778,Alface Americana,0.97,,0.7692308,8.0,"xícara, desfiada ou cortada",,oAqnaMFJ0j,g,0.01,,com.sec.android.app.shealth,1.63,6.875,6043e41f-060d-4c0e-bb5b-f42f748e0dfb,1,
560.0,0.1,32.000004,0.0,5.0,"604 kcal, por 686g",,fatsecret-5813,175,416.0,2.6,2.17,2026-01-22 14:13:27.000,2023-11-17 18:47:14.624,0.908,4.41,0.301,3.3888888,Salada de Batata tipo Alemão,3.13,,1.4,154.0,xícara,,WE6JXtsOno,g,0.705,,com.sec.android.app.shealth,29.15,1.1363636,868f361e-34f7-425d-9aab-4cacb07db836,1,
292.0,0.0,0.0,0.0,76.0,"268 kcal, por 100g",,fatsecret-1385,100,217.0,0.0,17.32,2026-02-24 19:01:34.326,2023-11-22 16:30:27.076,7.355,25.91,0.627,13.666667,Carne de Vaca Assada,0.0,,0.8,267.0,g,,WE6JXtsOno,g,6.813,,com.sec.android.app.shealth,0.0,0.37453184,dc6a3dcc-f15e-4eb9-aa9a-bc62bf96add0,100,
309.0,0.0,0.0,0.0,80.0,"338 kcal, por 100g",,fatsecret-37573,100,64.0,0.0,27.22,2023-11-28 18:26:45.995,2023-11-14 15:19:06.929,11.51,21.55,1.03,12.166667,Costela Bovina Assada,,,0.7692308,338.0,g,,oAqnaMFJ0j,g,11.06,,com.sec.android.app.shealth,0.0,0.29600886,2ee7fb42-9450-42dd-9603-8f39bb42c251,100,
256.0,0.12,0.0,0.0,85.0,"165 kcal, por 100g",,fatsecret-34449,100,74.0,0.0,3.57,2026-02-13 13:16:11.893,2023-11-28 11:07:58.155,1.24,31.02,0.77,5.7777777,"Carne do Peito de Frango (Assado, Cozido)",0.0,,1.5,165.0,g,,WE6JXtsOno,g,1.01,,com.sec.android.app.shealth,0.0,0.6060606,42c7bae3-e57f-4fc8-9895-18cc512a8c2a,100,
145.0,1.34,8.166667,0.0,0.0,"16 kcal, por 91g",,fatsecret-6279,73,14.0,1.0,0.12,2026-02-15 19:45:35.675,2023-11-22 16:30:27.076,0.018,0.63,0.072,1.3888888,Salada de Alface com Vegetais Variados (com Tomates e/ou Cenouras),1.66,,1.3,12.0,xícara,,WE6JXtsOno,g,0.022,,com.sec.android.app.shealth,2.77,6.0833335,eadaa367-ee72-4857-b057-c1b9d145d459,1,
,0.0,0.0,0.0,0.0,"130 kcal, por 3 quadrados (25g)",,fatsecret-32241540,25,10.0,1.1,8.1,2023-11-23 16:33:09.605,2023-11-23 16:33:09.605,,1.8,,0.0,Intense 40% Cacau Original(Lacta),12.0,,0.0,130.0,porção,,oAqnaMFJ0j,g,4.9,0.0,com.sec.android.app.shealth,13.0,0.1923077,27b42eda-34c5-4084-94cd-a7c148f88be7,1,
237.0,0.0,0.0,0.0,0.0,"18 kcal, por 100g",,fatsecret-20624175,100,5.0,1.2,0.2,2026-02-10 01:21:56.511,2023-11-13 18:29:48.943,,1.1,,0.0,Tomate(In Natura),2.6,,0.0,15.0,porção,,WE6JXtsOno,g,0.0,0.0,com.sec.android.app.shealth,3.1,6.6666665,a92aea6f-4d93-4f21-97fa-72191ec23c47,1,
,0.0,0.0,0.0,,"126 kcal, por 2 fatias (40g)",,fatsecret-13605446,40,160.0,0.0,9.3,2023-11-28 11:09:27.267,2023-11-16 18:32:19.763,,9.6,,0.0,Queijo Mussarela(President),,,0.0,126.0,porção,,oAqnaMFJ0j,g,5.3,0.0,com.sec.android.app.shealth,0.9,0.31746033,2a8dde78-bccd-46b7-872d-c15f518715f4,1,
265.0,0.0,0.0,0.0,93.0,"293 kcal, por 101g",,fatsecret-1373,100,377.0,0.0,18.05,2023-11-22 16:30:27.042,2023-11-13 18:29:48.943,7.709,30.1,0.672,16.61111,Bisteca Bovina,0.0,,0.84615386,291.0,g,,oAqnaMFJ0j,g,7.083,,com.sec.android.app.shealth,0.0,0.34358975,4cc56d64-6c88-40e0-9460-25270fae756c,100,
325.0,0.0,121.666664,0.0,0.0,"53 kcal, por 100g",,fatsecret-5602,250,5.0,0.5,0.3,2023-11-28 11:10:39.699,2023-11-28 11:10:39.699,0.035,0.9,0.105,4.3333335,Suco de Abacaxi,24.95,,2.4615386,132.0,xícara,,oAqnaMFJ0j,g,0.02,,com.sec.android.app.shealth,32.18,1.8939394,06aee20b-c476-4cf8-b7b4-a7b6e6fb97f8,1,
,0.0,0.0,0.0,0.0,"137 kcal, por 1 unidade (50g)",,fatsecret-7760614,50,218.0,0.9,2.0,2023-11-23 16:40:34.086,2023-11-21 13:30:31.445,0.0,4.9,,0.0,Pão Hot Dog(Pullman),2.8,,0.0,137.0,porção,,oAqnaMFJ0j,g,0.3,0.0,com.sec.android.app.shealth,25.0,0.3649635,b1d6b740-5b60-4df7-a495-d07005f46e1d,1,
8.0,0.0,0.0,0.0,0.0,"410 kcal, por 319g",,fatsecret-5921852,25,91.0,0.0,0.06,2023-11-28 18:26:46.018,2023-11-13 18:29:48.943,0.018,0.63,0.016,1.8333334,Arroz Branco (Cozido),0.01,,0.07692308,32.0,colher de sopa,,oAqnaMFJ0j,g,0.016,,com.sec.android.app.shealth,7.05,0.77832514,183e73da-7060-43f2-a472-27b1174b77d0,1,
181.0,0.5555556,4.777778,0.0,0.0,"12 kcal, por 100g",,fatsecret-36377,133,3.0,0.9,0.21,2023-11-28 11:07:58.146,2023-11-16 00:05:22.759,0.003,0.78,0.004,1.6111112,Pepino (Descascado),1.84,,1.4615384,16.0,"xícara, aparado, cortado",,oAqnaMFJ0j,g,0.017,,com.sec.android.app.shealth,2.87,8.3125,15a23135-a9f2-4545-8eb0-0497f27d6438,1,
237.0,0.33333334,78.333336,0.0,0.0,"61 kcal, por 100g",,fatsecret-5431,76,2.0,2.3,0.4,2023-11-29 15:06:38.174,2023-11-29 15:06:38.174,0.036,0.87,0.218,1.3333334,Kiwi,6.83,,2.0,46.0,fruta,,oAqnaMFJ0j,g,0.022,,com.sec.android.app.shealth,11.14,1.6521739,5b0c9566-2c8b-47f3-93d9-5fdeb80d3511,1,
25.0,0.24,0.0,0.0,9.0,"5488 kcal, por 1830g",,fatsecret-23484477,25,57.0,0.4,1.52,2026-02-25 00:15:25.652,2023-11-20 13:33:26.635,0.388,1.78,0.125,1.1666666,Pão Caseiro,2.99,,0.8,75.0,fatia,,WE6JXtsOno,g,0.843,,com.sec.android.app.shealth,13.41,0.33333334,cd1ca629-f484-4041-9868-aa4eb005101b,1,
345.0,0.0,0.0,0.0,61.0,"142 kcal, por 100g",,fatsecret-40302,100,62.0,0.0,5.53,2026-02-03 19:06:33.191,2023-11-16 00:05:22.759,2.503,21.59,0.309,14.055555,"Carne de Vaca do Coxão (Bife, apenas Parte Magra, Cortada até 0 cm de Gordura)",0.0,,0.5,142.0,g,,WE6JXtsOno,g,2.0,0.169,com.sec.android.app.shealth,0.0,0.70422536,565007eb-6262-4159-a98f-03d515f2f9da,100,
446.0,0.0,0.0,0.0,0.0,"34.0 kcal, 1",,quickinput-ae138274-b6ae-4fcf-a6d6-680786cdbd5e,1,0.0,0.0,0.0,2023-11-29 15:05:11.356,2023-11-13 18:08:03.507,0.0,6.0,0.0,0.0,Presunto fatia,0.0,0.0,0.0,34.0,porção,,oAqnaMFJ0j,120001,0.0,0.0,com.sec.android.app.shealth,0.0,1.0,90cffa58-6072-4cee-ad0d-0b63794af496,1,
,0.0,0.0,0.0,,"35 kcal, por 1 xícara (50ml)",,fatsecret-2664883,50,,,0.0,2026-02-12 14:13:24.013,2023-11-17 18:46:11.635,,0.0,,0.0,Café com Açúcar(Café Brasileiro),1.0,,0.0,35.0,porção,,WE6JXtsOno,ml,,,com.sec.android.app.shealth,5.0,,3c022218-a4bb-4569-a9c2-16ea03872f82,1,
113.0,3.1111112,9.111111,0.0,0.0,"30 kcal, por 100g",,fatsecret-5609,101,1.0,0.4,0.15,2023-11-30 03:54:31.545,2023-11-18 02:45:09.458,0.037,0.61,0.05,1.3333334,Suco de Melancia,6.25,,0.53846157,30.0,ml,,oAqnaMFJ0j,g,0.016,,com.sec.android.app.shealth,7.61,3.3521128,696391f7-7c67-4400-adcf-164134c47313,100,
,0.0,0.0,0.0,,"107 kcal, por 1 colher de sopa (20g)",,fatsecret-3811923,20,8.0,0.6,6.2,2026-02-23 01:20:07.083,2023-11-28 11:11:07.474,,1.3,,0.0,Nutella(Nutella),11.0,,0.0,108.0,porção,,WE6JXtsOno,g,2.1,0.0,com.sec.android.app.shealth,12.0,0.18518518,8ea74de1-4779-4645-8b2a-616f2a8cc346,1,
,0.0,0.0,0.0,,"69 kcal, por 1 colher de sopa (10g)",,fatsecret-17727398,10,59.0,0.0,7.7,2023-11-29 15:05:11.365,2023-11-23 16:40:34.090,,0.0,,0.0,Margarina Delícia Cremosa(Delícia),,,0.0,69.0,porção,,oAqnaMFJ0j,g,2.2,0.0,com.sec.android.app.shealth,0.0,0.14492753,2337b848-e2f0-4113-a4fd-23b7e50ad070,1,
,0.0,0.0,0.0,0.0,"133 kcal, por 1 colher de sopa (35g)",,fatsecret-14981197,35,184.0,1.8,3.0,2023-11-29 16:35:55.612,2023-11-29 16:35:55.612,,0.6,,0.0,Farofa Tradicional(Yoki),,,0.0,133.0,porção,,oAqnaMFJ0j,g,1.3,0.0,com.sec.android.app.shealth,26.0,0.2631579,ee285ca3-43bf-4313-a4c3-15f0b343e3a8,1,
374.0,0.14,14.166667,0.0,0.0,"94 kcal, por 102g",,fatsecret-4653452,100,1.0,2.6,0.33,2026-02-24 19:01:54.408,2023-11-21 13:30:31.446,0.032,1.14,0.073,1.6666667,Banana Nanica,13.04,,0.6,92.0,g,,WE6JXtsOno,g,0.11,,com.sec.android.app.shealth,23.62,1.0869565,1034066b-909a-4338-9d08-2b354541d945,100,
391.0,8.222222,8.0,0.0,49.0,"5369 kcal, por 3294g",,fatsecret-4989,206,744.0,2.7,12.38,2023-11-29 16:35:55.611,2023-11-29 16:35:55.611,4.038,20.52,0.688,15.888889,Lasanha com Carne,5.6,,19.0,336.0,"pedaço (1/6 de quadrado de 20 cm, aprox 6,5 cm x 10 cm)",,oAqnaMFJ0j,g,6.384,,com.sec.android.app.shealth,35.43,0.6130952,3ebbf6f6-497b-448b-af9e-f5c35a65933f,1,
0.0,0.0,0.0,0.0,0.0,"35.0 kcal, 1",,quickinput-e6a40e05-8d5b-4ee2-994c-26fe06a83c14,1,0.0,0.0,0.0,2023-11-30 12:06:24.013,2023-11-13 18:10:50.062,0.0,0.0,0.0,0.0,Café preto com açúcar 50ml,1.0,0.0,0.0,35.0,porção,,oAqnaMFJ0j,120001,0.0,0.0,com.sec.android.app.shealth,5.0,1.0,d94bdc7a-13b1-40f5-9f3d-f71eaab04d6f,1,
597.0,0.04,5.5,0.0,0.0,"246 kcal, por 100g",,fatsecret-4354163,100,27.0,4.8,0.57,2026-02-23 01:20:07.021,2023-11-29 15:06:38.174,0.172,2.66,0.056,14.777778,Açaí,59.53,,7.0,246.0,g,,WE6JXtsOno,g,0.258,,com.sec.android.app.shealth,64.38,0.40650406,3edd2579-65e3-4bb3-b992-12541fb93df7,100,
,0.0,0.0,0.0,0.0,"110 kcal, por 1 unidade (22g)",,fatsecret-3809296,22,23.0,1.0,5.4,2023-11-29 15:06:38.174,2023-11-29 15:06:38.174,,3.4,,0.0,Paçoquinha de Amendoim(Yoki),9.0,,0.0,110.0,porção,,oAqnaMFJ0j,g,1.1,0.0,com.sec.android.app.shealth,12.0,0.2,1cde4ea1-bbd1-40cb-b9bc-d7dd5609e8a8,1,
128.0,0.8888889,44.11111,0.0,0.0,"65 kcal, por 175g",,fatsecret-5856604,110,1.0,1.9,0.12,2023-11-30 01:42:59.764,2023-11-28 18:27:02.610,0.024,0.67,0.025,0.6111111,Laranja Pêra,7.15,,2.3076923,41.0,unidade,,oAqnaMFJ0j,g,0.013,,com.sec.android.app.shealth,10.7,2.682927,d3bdc4a7-de3d-4c20-a7d4-9ea9a493666f,1,
0.0,0.0,0.0,0.0,0.0,"200 kcal, por 1/2 xícara cru (60g)",,fatsecret-14754179,60,0.0,16.0,0.0,2023-11-29 16:35:55.611,2023-11-29 16:35:55.611,0.0,14.0,0.0,0.0,Feijão Carioca(Kicaldo),,,0.0,200.0,porção,,oAqnaMFJ0j,g,0.0,0.0,com.sec.android.app.shealth,32.0,0.3,c3d3a30a-c485-492a-b170-2ff3effadea2,1,
0.0,0.0,0.0,0.0,0.0,,,fatsecret-76056709,50,188.0,2.8,2.0,2024-08-31 00:39:55.164,2024-08-31 00:39:55.164,0.0,4.9,0.0,0.0,Pão 36% Integral(Bauducco),6.5,,0.0,130.0,porção,,VOO84QlFK5,g,0.8,0.0,com.sec.android.app.shealth,23.0,0.3846154,23ce882d-89cd-40e1-928f-473dae48b123,1,
67.0,1.76,0.0,0.0,210.0,,,fatsecret-3096,46,238.0,0.0,6.76,2026-02-23 15:48:29.658,2024-08-31 00:39:55.164,2.754,6.24,1.214,5.0555553,Ovo Frito,0.38,,2.6,89.0,grande,,WE6JXtsOno,g,1.88,,com.sec.android.app.shealth,0.43,0.5168539,8b058efb-0f6d-4913-90fb-b1eeda6ee982,1,
,0.0,0.0,0.0,,,,fatsecret-9609368,30,114.0,0.0,7.7,2024-08-31 00:39:55.164,2024-08-31 00:39:55.164,,7.4,,0.0,Queijo Mussarela Fatiado(Aurora),0.0,,0.0,100.0,porção,,VOO84QlFK5,g,5.1,0.0,com.sec.android.app.shealth,0.0,0.3,e90881e2-d4d2-43cb-8bee-51703cc94d76,1,
120.0,0.0,0.0,0.0,,,,fatsecret-83539403,100,55.0,0.0,3.0,2024-08-31 00:39:55.164,2024-08-31 00:39:55.164,0.0,3.1,0.0,0.0,Leite Integral 3%(Italac),4.8,,0.0,59.0,porção,,VOO84QlFK5,ml,2.0,0.0,com.sec.android.app.shealth,4.8,,821bd712-7afc-4d21-847d-80ec1db392ef,1,
369.0,0.0,0.0,0.0,63.0,,,fatsecret-40463,100,61.0,0.0,6.72,2026-01-22 14:13:27.055,2026-01-22 14:13:27.055,2.684,29.51,0.24,11.166667,Contra-filé Grelhado,0.0,,1.7,187.0,g,,WE6JXtsOno,g,2.56,,com.sec.android.app.shealth,0.0,0.53475934,cf8504c8-3acf-41e1-a637-639c743dd116,100,
272.0,0.0,17.0,0.0,0.0,,,fatsecret-5180720,100,230.0,2.6,0.85,2026-02-24 19:01:34.380,2026-01-22 14:13:27.056,0.119,5.04,0.394,9.388889,Feijão Carioca Cozido,0.12,,4.3,76.0,g,,WE6JXtsOno,g,0.141,,com.sec.android.app.shealth,13.61,1.3157895,94f3e659-d542-4567-bcb8-864f22698650,100,
187.0,2.32,74.833336,0.0,0.0,,,fatsecret-7504268,100,61.0,1.2,8.21,2026-02-09 16:08:10.355,2026-01-22 14:13:27.058,4.75,0.93,2.478,2.4444444,Salada Vinagrete,2.14,,1.7,89.0,g,,WE6JXtsOno,g,0.608,0.0,com.sec.android.app.shealth,3.97,1.1235955,3387a803-5dd9-4a28-97f3-c01e2ad97b9d,100,
,0.0,0.0,0.0,0.0,,,fatsecret-17125463,42,42.0,0.0,12.0,2026-01-26 10:20:32.260,2026-01-22 14:14:49.717,,3.2,,0.0,Kit Kat White(Nestlé),20.0,,0.0,227.0,porção,,WE6JXtsOno,g,7.1,0.0,com.sec.android.app.shealth,24.0,0.18502203,4faf8539-8c82-412c-8aac-06155d9a99ea,1,
,0.0,0.0,0.0,0.0,,,fatsecret-75408382,280,157.0,1.6,4.8,2026-02-04 11:28:52.612,2026-01-22 14:14:49.719,,8.2,,0.0,Neston Bebida Láctea (280 g)(Nestlé),22.0,,0.0,219.0,porção,,WE6JXtsOno,g,2.7,0.0,com.sec.android.app.shealth,35.0,1.2785388,c2d1ee72-5c66-4a9d-87e8-152c0d7eca85,1,
100.0,0.26,0.0,0.0,5.0,,,fatsecret-3459,100,678.0,2.3,4.78,2026-01-22 20:44:12.793,2026-01-22 14:14:49.721,1.117,8.5,1.334,19.944445,Pão de Queijo,4.12,,18.0,273.0,g,,WE6JXtsOno,g,1.736,,com.sec.android.app.shealth,48.14,0.36630037,a279870e-9c43-43a6-8d3c-fb8ca3330e46,100,
,0.0,0.0,0.0,0.0,,,fatsecret-4622008,50,293.0,0.0,9.2,2026-02-14 16:33:42.520,2026-01-22 14:14:49.722,,3.0,,0.0,Chipa de Queijo(Qualitá),,,0.0,167.0,porção,,WE6JXtsOno,g,3.3,2.0,com.sec.android.app.shealth,18.0,0.2994012,1bff62e5-b8c4-4b81-8d70-44349ecae8b4,1,
55.0,0.0,0.0,0.0,0.0,,,fatsecret-2479605,177,4.0,0.0,0.01,2026-02-18 19:27:20.958,2026-01-22 14:14:49.724,0.001,0.19,0.003,0.3888889,Café com Açúcar,6.47,,0.5,29.0,xícara de café (180 ml),,WE6JXtsOno,g,0.003,,com.sec.android.app.shealth,7.12,6.1034484,f5b08921-f4cb-402f-84ac-5d2775d86699,1,
,0.0,0.0,0.0,,,,fatsecret-29958027,100,,,16.0,2026-01-29 01:05:14.949,2026-01-22 20:45:15.289,,28.0,,0.0,Carne de Porco Frita(Caseira),,,0.0,270.0,porção,,WE6JXtsOno,g,0.0,0.0,com.sec.android.app.shealth,0.0,0.37037036,07e970c7-7d80-47aa-9e13-32765570d017,1,
6.0,0.38,0.33333334,0.0,6.0,,,fatsecret-6023307,30,44.0,0.3,2.28,2026-01-22 20:45:15.290,2026-01-22 20:45:15.290,0.591,0.09,0.087,2.3333333,Farofa,0.9,,0.6,115.0,colher de sopa,,WE6JXtsOno,g,1.441,,com.sec.android.app.shealth,23.5,0.26086956,72e77842-b91f-4db4-ac7d-1e4798a8e188,1,
240.0,0.38,22.0,0.0,0.0,,,fatsecret-5842,100,205.0,1.8,2.04,2026-02-09 16:08:10.442,2026-01-22 20:45:15.291,0.908,1.34,0.565,1.4444444,Mandioca Cozida,1.67,,1.5,173.0,g,,WE6JXtsOno,g,0.404,,com.sec.android.app.shealth,37.46,0.5780347,00c7dc59-1743-4153-9584-1494f97d7567,100,
0.0,0.0,0.0,0.0,0.0,,,fatsecret-44866144,30,53.0,0.0,1.6,2026-02-25 10:05:12.875,2026-01-22 21:02:58.896,0.0,23.0,0.0,0.0,Whey Protein 80% Concentrado(Growth Supplements),,,0.0,122.0,porção,,WE6JXtsOno,g,0.0,0.0,com.sec.android.app.shealth,4.0,0.24590164,cfa97845-77dd-494b-a697-d3d0a70a4d66,1,
,0.0,0.0,0.0,,,,fatsecret-14891712,100,56.0,,1.5,2026-01-23 10:04:22.124,2026-01-23 10:04:22.124,,23.0,,0.0,Filezinho Sassami(Sadia),,,0.0,106.0,porção,,WE6JXtsOno,g,0.5,,com.sec.android.app.shealth,0.0,0.9433962,10be2a71-0922-4c88-be01-10e6a8cf3ee1,1,
172.0,0.82,66.333336,0.0,0.0,,,fatsecret-5921394,100,4.0,1.4,0.14,2026-01-23 10:04:48.942,2026-01-23 10:04:48.942,0.039,0.44,0.032,1.0555556,Mamão Papaia,8.91,,1.9,46.0,g,,WE6JXtsOno,g,0.044,,com.sec.android.app.shealth,11.58,2.173913,5fa892c2-689d-4b32-a67b-088932716a6e,100,
161.0,0.78,61.83333,0.0,0.0,,,fatsecret-7105050,100,5.0,1.3,0.13,2026-02-02 16:47:30.763,2026-01-23 10:06:10.594,0.037,0.81,0.03,1.0,Mamão Formosa,8.32,,1.8,45.0,g,,WE6JXtsOno,g,0.042,,com.sec.android.app.shealth,11.6,2.2222223,31a642d1-e691-4698-b1c8-44eef15d9d35,100,
0.0,0.0,0.0,0.0,0.0,,,fatsecret-59205761,150,115.0,0.0,0.5,2026-01-29 19:48:49.452,2026-01-23 10:06:10.595,0.0,4.3,0.0,0.0,Iogurte Desnatado(Frutap),8.4,,0.0,64.0,porção,,WE6JXtsOno,g,0.0,0.0,com.sec.android.app.shealth,10.0,2.34375,39eae02f-e674-4ab0-977e-10bc63f19f54,1,
0.0,0.0,0.0,0.0,0.0,,,fatsecret-1269794,30,0.0,2.8,1.8,2026-02-16 00:21:56.087,2026-01-23 10:06:10.597,0.7,4.2,0.7,0.0,Aveia em Flocos(Quaker),0.5,,0.0,102.0,porção,,WE6JXtsOno,g,0.4,0.0,com.sec.android.app.shealth,17.0,0.29411766,018c001a-b75b-4261-823b-5ed7ff47c7ab,1,
56.0,0.0,0.0,0.0,0.0,,,fatsecret-3448,50,304.0,1.5,1.5,2026-02-22 01:30:05.679,2026-01-23 11:47:53.776,0.608,4.4,0.346,7.0,Pão Francês,0.12,,3.8,137.0,unidade,,WE6JXtsOno,g,0.32,,com.sec.android.app.shealth,25.95,0.3649635,c9acb1e9-7ae0-4db0-81d1-a70e59a52a1e,1,
4.0,2.34,0.0,0.0,0.0,,,fatsecret-6999,14,112.0,0.0,8.46,2026-01-23 11:47:53.777,2026-01-23 11:47:53.777,2.905,0.09,3.53,0.0,Margarina,0.0,,0.3,75.0,colher de sopa,,WE6JXtsOno,g,1.436,,com.sec.android.app.shealth,0.0,0.19066668,94fddeea-a20a-4d1b-9bb2-81a3a836ea06,1,
485.0,0.14,16.666666,0.0,0.0,,,fatsecret-5387,100,7.0,6.7,14.66,2026-02-10 22:54:11.839,2026-01-23 11:47:53.778,9.799,2.0,1.816,3.0555556,Abacate,0.66,,1.2,160.0,g,,WE6JXtsOno,g,2.126,,com.sec.android.app.shealth,8.53,0.625,b9c17cef-5860-487c-b39f-6bdf66f09fe7,100,
,0.0,0.0,0.0,,,,fatsecret-77410509,100,437.0,0.0,2.9,2026-01-23 19:25:45.683,2026-01-23 19:25:45.683,0.0,15.0,0.0,0.0,Iscas de Frango(Seara),1.0,,0.0,133.0,porção,,WE6JXtsOno,g,1.4,0.0,com.sec.android.app.shealth,11.0,0.7518797,24da23fe-f9cb-4fc1-a403-25b701458564,1,
339.0,0.0,0.0,0.0,35.0,,,fatsecret-40465,100,77.0,0.0,3.32,2026-02-18 19:23:07.454,2026-01-23 19:25:45.685,1.392,22.26,0.143,10.333333,"Carne de Vaca do Acém (Magra, Cortada até 0,3 cm de Gordura)",0.0,,1.8,125.0,g,,WE6JXtsOno,g,1.232,,com.sec.android.app.shealth,0.0,0.8,66c9b556-13b0-4470-9e71-e200fc1f896b,100,
355.0,0.0,0.0,0.0,0.0,,,fatsecret-38226,100,1.0,8.7,0.54,2026-02-19 01:37:44.899,2026-01-23 19:25:45.686,0.047,8.86,0.231,11.666666,Feijão Preto Cozido,,,2.7,132.0,g,,WE6JXtsOno,g,0.139,,com.sec.android.app.shealth,23.71,0.75757575,6c9ba802-b3a3-4ae3-9b72-f5f6cc26ddda,100,
,0.0,0.0,0.0,,,,fatsecret-45732578,35,183.0,2.8,6.0,2026-02-12 15:28:50.722,2026-01-23 19:25:45.688,,2.2,,0.0,Farofa(Yoki),0.4,,0.0,147.0,porção,,WE6JXtsOno,g,2.5,0.1,com.sec.android.app.shealth,21.0,0.23809524,d470e310-b6ad-4ab8-93e5-af3dca1f0d3b,1,
73.0,0.0,0.0,0.0,0.0,,,fatsecret-3682034,50,288.0,0.0,6.0,2026-02-06 13:15:11.750,2026-01-23 19:26:15.035,,3.1,,0.0,Pão de Queijo Coquetel(Forno de Minas),,,0.0,138.0,porção,,WE6JXtsOno,g,2.6,0.0,com.sec.android.app.shealth,18.0,0.36231884,5f842d4e-9782-41fa-afc2-3413a56489b9,1,
257.0,0.18,2.3333333,0.0,80.0,,,fatsecret-24422190,100,253.0,0.1,3.61,2026-01-28 13:14:10.790,2026-01-24 00:56:20.330,1.309,29.31,0.799,5.8888884,Frango Desfiado,0.18,,1.7,160.0,g,,WE6JXtsOno,g,0.97,,com.sec.android.app.shealth,0.56,0.625,740274dc-fd18-494b-bd43-7098c0291517,100,
,0.0,0.0,0.0,0.0,,,fatsecret-1376980,200,28.0,,0.0,2026-02-08 23:36:01.412,2026-01-24 00:56:43.175,0.0,0.0,0.0,0.0,Coca-Cola Zero(Coca-Cola),,,0.0,0.0,porção,,WE6JXtsOno,ml,0.0,0.0,com.sec.android.app.shealth,0.0,,144be371-c0a1-437d-9b6c-2d915713acee,1,
66.0,1.4,0.0,0.0,210.0,,,fatsecret-3097,44,223.0,0.0,4.93,2026-02-14 10:34:09.819,2026-01-24 13:45:55.252,1.89,6.24,0.677,5.0555553,Ovo Frito sem Gordura,0.38,,2.6,73.0,grande,,WE6JXtsOno,g,1.537,,com.sec.android.app.shealth,0.38,0.60273975,489729ce-0701-4c1c-ac4b-6ccca016b521,1,
,0.0,0.0,0.0,,,,fatsecret-100496352,100,68.0,0.0,1.0,2026-01-24 13:47:50.437,2026-01-24 13:47:50.437,0.0,7.0,,0.0,Leite(Tirol),0.0,,0.0,55.0,porção,,WE6JXtsOno,ml,0.7,0.0,com.sec.android.app.shealth,4.5,,d77269cb-b78c-4438-95ee-2d2fef53fa58,1,
,0.0,0.0,0.0,,,,fatsecret-8648942,100,90.0,,11.0,2026-01-24 16:21:29.658,2026-01-24 16:21:29.658,,18.0,,0.0,Coxinha da Asa(Seara),,,0.0,173.0,porção,,WE6JXtsOno,g,3.0,0.0,com.sec.android.app.shealth,0.0,0.5780347,0418a978-69c2-4fe8-a59d-5953e9cfc97a,1,
227.0,17.08,5.8333335,0.0,0.0,,,fatsecret-6037,100,306.0,2.9,2.48,2026-02-20 00:32:08.394,2026-01-24 19:06:29.603,1.094,0.74,0.778,1.8333334,Cenouras Cozidas,3.33,,2.9,54.0,g,,WE6JXtsOno,g,0.468,,com.sec.android.app.shealth,7.99,1.8518518,f3b0bdd1-0f5a-4294-9db3-8b3b03024838,100,
443.0,0.02,23.5,0.0,0.0,,,fatsecret-7079802,100,6.0,2.0,0.12,2026-01-26 19:16:50.164,2026-01-24 19:06:29.605,0.002,1.9,0.035,2.9444442,Batata Inglesa Cozida,1.25,,0.9,77.0,g,,WE6JXtsOno,g,0.021,,com.sec.android.app.shealth,17.13,1.2987013,0f77b3fc-1fc3-4a48-84cf-a69644916851,100,
67.0,1.4,0.0,0.0,212.0,,,fatsecret-33792,50,70.0,0.0,4.97,2026-01-24 19:06:29.607,2026-01-24 19:06:29.607,1.905,6.29,0.682,5.111111,Ovo (Inteiro),0.38,,2.6,74.0,grande,,WE6JXtsOno,g,1.55,,com.sec.android.app.shealth,0.38,0.6756757,1183cfb1-976c-45df-9338-e7d69da09fe1,1,
,0.0,0.0,0.0,0.0,,,fatsecret-13151872,1,390.0,0.0,0.0,2026-01-24 19:06:29.608,2026-01-24 19:06:29.608,,0.0,,0.0,Sal Tradicional(Cisne),,,0.0,0.0,porção,,WE6JXtsOno,g,0.0,0.0,com.sec.android.app.shealth,0.0,,563ea0e6-63d8-43d6-9a32-c5dcd62def57,1,
322.0,0.0,0.0,0.0,0.0,,,fatsecret-3184367,200,24.0,0.0,0.0,2026-01-24 21:17:03.143,2026-01-24 21:17:03.143,0.0,0.0,0.0,0.0,Água de Coco(Ducoco),0.0,,0.0,44.0,porção,,WE6JXtsOno,ml,0.0,0.0,com.sec.android.app.shealth,11.0,,3ddff0f8-9b04-4408-adba-5f79e915f6f8,1,
,0.0,0.0,0.0,,,,fatsecret-61149110,18,36.0,3.3,5.9,2026-01-26 01:42:07.013,2026-01-25 01:03:39.184,,3.6,,0.0,Paçoca Zero Açúcar(Santa Helena),0.7,,0.0,89.0,porção,,WE6JXtsOno,g,1.0,0.0,com.sec.android.app.shealth,7.2,0.20224719,5cde02be-e154-48e0-8ee9-02638e393a7d,1,
,0.0,0.0,0.0,59.0,,,fatsecret-4964747,100,90.0,0.0,11.0,2026-02-02 01:58:16.284,2026-01-25 01:04:27.431,,18.0,,0.0,Coxinha Das Asas(Sadia),,,0.0,171.0,porção,,WE6JXtsOno,g,3.0,0.0,com.sec.android.app.shealth,0.0,0.5847953,61728847-7cd0-4c68-a5c3-2765bd5e7f31,1,
,0.0,0.0,0.0,0.0,,,fatsecret-20150880,150,100.0,0.0,2.4,2026-01-25 02:43:18.803,2026-01-25 02:43:18.803,,3.9,,0.0,Iogurte Laranja Cenoura e Mel(Frutap),,,0.0,138.0,porção,,WE6JXtsOno,g,1.5,0.0,com.sec.android.app.shealth,24.0,1.0869565,856dcd3a-0341-47d9-a9d5-7ac1ef697900,1,
0.0,0.0,0.0,0.0,0.0,,,fatsecret-27370577,100,179.0,3.0,0.6,2026-01-25 17:48:14.768,2026-01-25 17:48:14.768,0.0,5.0,0.0,0.0,Pão de Forma Integral Zero(Panco),0.1,,0.0,89.0,porção,,WE6JXtsOno,g,0.0,0.0,com.sec.android.app.shealth,17.0,1.1235955,a2031e0a-feaf-4859-aaa1-46c2a4db0d93,1,
290.0,0.0,0.0,0.0,0.0,,,fatsecret-4612777,200,124.0,0.0,6.0,2026-01-31 16:37:09.666,2026-01-25 17:48:14.772,,6.3,,0.0,Leite Integral(Tirol),9.0,,0.0,115.0,porção,,WE6JXtsOno,ml,4.0,0.0,com.sec.android.app.shealth,9.0,,abe1fbe9-b243-42e3-8223-e5bfd03c03fb,1,
,0.0,0.0,0.0,62.0,,,fatsecret-72264908,100,,,7.0,2026-01-25 18:20:23.099,2026-01-25 18:20:23.099,0.0,21.0,0.0,0.0,Peito Bovino(Friboi),0.0,,0.0,155.0,porção,,WE6JXtsOno,g,2.6,0.0,com.sec.android.app.shealth,0.0,0.6451613,4fda47a3-3928-4396-a18d-7f3b504cbdee,1,
38.0,0.0,0.0,0.0,8.0,,,fatsecret-35182,10,226.0,0.0,3.37,2026-01-26 01:42:07.057,2026-01-25 21:36:58.180,1.6,2.26,0.374,0.7222222,Salame de Carne de Porco (Seco ou Duro),,,0.1,41.0,"fatia (8 cm de diâmetro x 0,16 cm de espessura)",,WE6JXtsOno,g,1.189,,com.sec.android.app.shealth,0.16,0.24390244,4feffad8-c553-4897-89d7-2b0fe5f8bcf6,1,
167.0,0.0,1.3333334,0.0,0.0,,,fatsecret-38253,12,1.0,1.9,0.15,2026-01-26 01:42:07.079,2026-01-26 01:42:07.079,0.027,2.57,0.049,3.3888888,Feijão Carioca,0.25,,1.4,42.0,colher de sopa,,WE6JXtsOno,g,0.028,,com.sec.android.app.shealth,7.51,0.2857143,e0695b15-7ad6-4b32-89fd-4eb654d7d978,1,
,0.0,0.0,0.0,,,,fatsecret-16472741,35,277.0,2.5,4.3,2026-02-02 01:58:16.326,2026-01-26 01:42:07.081,,0.0,,0.0,Farinha de Mandioca(Pinduca),,,0.0,139.0,porção,,WE6JXtsOno,g,0.6,0.0,com.sec.android.app.shealth,25.0,0.25179857,26c6f9f6-cad2-44ec-ba98-2f1e0d3a3296,1,
25.0,0.0,0.0,0.0,0.0,,,fatsecret-39633,11,97.0,1.1,3.09,2026-01-26 01:43:16.398,2026-01-26 01:43:16.398,0.899,0.99,1.476,1.7222222,Pipoca Branca (em Óleo),,,0.1,55.0,xícara,,WE6JXtsOno,g,0.538,,com.sec.android.app.shealth,6.29,0.2,2be12c7d-798a-40c4-b021-e744c24edcf7,1,
,0.0,0.0,0.0,,,,fatsecret-67818717,60,5.0,0.0,0.4,2026-01-26 10:20:32.330,2026-01-26 10:20:32.330,,0.1,,0.0,Açai(We Food),,,0.0,51.0,porção,,WE6JXtsOno,g,0.0,0.0,com.sec.android.app.shealth,12.0,1.1764706,9344319c-d1d3-4baf-af2e-e31885260e6a,1,
,0.0,0.0,0.0,0.0,,,fatsecret-7379916,30,105.0,1.0,3.5,2026-01-26 10:22:12.109,2026-01-26 10:22:12.109,,3.0,,0.0,Pão de Forma sem Glúten Zero Açúcar(Fred),,,0.0,82.0,porção,,WE6JXtsOno,g,1.0,0.0,com.sec.android.app.shealth,12.0,0.36585367,7c07a2cc-fcc3-45f7-927c-c14aaeaef11e,1,
,0.0,0.0,0.0,0.0,,,fatsecret-22024645,50,197.0,4.9,0.7,2026-02-06 01:02:39.707,2026-01-26 13:46:51.687,,5.7,0.3,0.0,Pão Integral Zero%(Pullman),0.0,,0.0,109.0,porção,,WE6JXtsOno,g,0.3,0.0,com.sec.android.app.shealth,20.0,0.4587156,628a8e13-d141-4437-bdbc-a9eab6df4e78,1,
319.0,0.5,6.9999995,0.0,40.0,,,fatsecret-6612598,100,255.0,0.6,6.86,2026-01-26 19:16:50.192,2026-01-26 19:16:50.192,3.26,27.69,1.064,10.166667,Carne de Panela,0.4,,3.9,175.0,g,,WE6JXtsOno,g,1.675,0.0,com.sec.android.app.shealth,1.53,0.5714286,0545fcb2-adf9-441b-a977-5a28a1931224,100,
182.0,0.74,22.833334,0.0,0.0,,,fatsecret-6632,100,231.0,2.6,2.32,2026-01-29 19:50:12.238,2026-01-26 19:16:50.196,1.023,1.92,0.674,2.6666667,Quiabo Cozido,2.57,,8.5,43.0,g,,WE6JXtsOno,g,0.452,,com.sec.android.app.shealth,5.08,2.3255813,604275e1-6364-4ad2-bfc4-ce2ccd817fe8,100,
,0.0,0.0,0.0,,,,fatsecret-77525080,100,,,0.3,2026-01-26 19:17:31.164,2026-01-26 19:17:31.164,,2.9,,0.0,Iogurte Natural Desnatado(Frutap),5.6,,0.0,43.0,porção,,WE6JXtsOno,g,0.3,,com.sec.android.app.shealth,6.7,2.3255813,aab52b5e-4972-497a-8972-2f51145833a4,1,
221.0,0.96,0.0,0.0,87.0,,,fatsecret-448901,100,405.0,0.0,13.49,2026-01-26 19:27:25.120,2026-01-26 19:27:25.120,5.296,27.07,2.945,6.9444447,Frango Grelhado,0.0,,1.5,237.0,g,,WE6JXtsOno,g,3.758,,com.sec.android.app.shealth,0.0,0.42194092,7536d5d2-f82a-4e1e-86e5-bb95605999bf,100,
155.0,0.92,57.5,0.0,0.0,,,fatsecret-18168715,100,21.0,2.4,0.12,2026-02-18 00:40:30.787,2026-01-26 19:27:25.124,0.01,2.31,0.059,2.6666667,Brócolis Cozido,1.11,,3.8,22.0,g,,WE6JXtsOno,g,0.022,,com.sec.android.app.shealth,4.4,4.5454545,dc329b56-17c5-4ef4-b347-ca6849024f2d,100,
140.0,0.02,66.333336,0.0,0.0,,,fatsecret-6471,100,284.0,2.7,0.37,2026-01-26 19:27:25.125,2026-01-26 19:27:25.125,0.026,1.75,0.179,2.0,Couve-Flor Cozida (Cozinhado sem Gordura Adicionada),1.28,,1.6,22.0,g,,WE6JXtsOno,g,0.058,,com.sec.android.app.shealth,3.96,4.5454545,7387a376-ca74-4417-86ba-f7565e363b93,100,
,0.0,0.0,0.0,,,,fatsecret-1840202,266,1038.0,2.0,46.0,2026-01-27 00:38:48.406,2026-01-27 00:38:48.406,,35.0,,0.0,Big King(Burger King),,,0.0,739.0,porção,,WE6JXtsOno,g,18.0,0.0,com.sec.android.app.shealth,44.0,0.35994586,f04d3cdc-f596-49de-9fec-7b106e75490c,1,
,0.0,0.0,0.0,,,,fatsecret-4279650,361,1369.0,5.0,35.0,2026-01-27 00:38:48.407,2026-01-27 00:38:48.407,,37.0,,0.0,Whopper(Burger King),13.0,,0.0,677.0,porção,,WE6JXtsOno,g,17.0,0.0,com.sec.android.app.shealth,54.0,0.53323483,ce478d0f-8e41-4587-83ea-d65a81c6996d,1,
487.0,2.78,1.0000001,0.0,45.0,,,fatsecret-924,283,192.0,2.5,13.84,2026-01-27 12:34:34.865,2026-01-27 12:34:34.865,3.803,9.03,0.628,5.5,Milk Shake,49.01,,30.0,382.0,milkshake (300 ml),,WE6JXtsOno,g,8.385,,com.sec.android.app.shealth,56.91,0.7408377,71d77847-6749-4299-a243-71df4ab5c984,1,
0.0,0.0,0.0,0.0,0.0,,,fatsecret-93585895,42,107.0,0.7,11.0,2026-02-21 18:13:18.138,2026-01-27 12:35:28.578,0.0,3.3,0.0,0.0,Snickers Branco(Snickers),22.0,,0.0,208.0,porção,,WE6JXtsOno,g,4.2,0.0,com.sec.android.app.shealth,24.0,0.20192307,6582653a-20e8-42f4-94f0-3fe77a4d7198,1,
144.0,0.62,2.0000002,0.0,27.0,,,fatsecret-5250519,80,270.0,1.6,10.95,2026-02-15 14:48:52.625,2026-01-27 12:35:28.579,5.234,9.45,2.247,5.7222223,Enrolado de Presunto e Queijo,0.77,,8.6,255.0,unidade,,WE6JXtsOno,g,2.714,,com.sec.android.app.shealth,29.26,0.3137255,a378a932-25c9-40db-b23e-2794d338cf9b,1,
157.0,0.0,0.0,0.0,34.0,,,fatsecret-2741,93,369.0,1.1,10.97,2026-01-27 12:35:28.581,2026-01-27 12:35:28.581,4.521,14.61,1.325,14.888889,Hambúrguer no Pão,3.39,,8.6,270.0,hambúrguer,,WE6JXtsOno,g,3.964,,com.sec.android.app.shealth,26.81,0.34444445,b3c523a3-96ac-4bc1-b137-1838fb9da81e,1,
183.0,0.08,5.6666665,0.0,18.0,,,fatsecret-76057876,100,207.0,1.2,6.29,2026-01-27 19:22:18.555,2026-01-27 19:22:18.555,1.819,8.85,1.827,8.222222,Macarrão com Carne Moída,0.98,,1.4,164.0,g,,WE6JXtsOno,g,2.003,0.178,com.sec.android.app.shealth,17.39,0.6088993,2beb9eb9-32ec-490e-a167-d6f99ff56994,100,
,0.0,0.0,0.0,0.0,,,fatsecret-9488680,160,84.0,0.7,0.0,2026-01-27 19:31:34.072,2026-01-27 19:31:34.072,,6.1,,0.0,Nescau Light(Nescau),14.0,,0.0,88.0,porção,,WE6JXtsOno,ml,0.0,0.0,com.sec.android.app.shealth,15.0,,14ee0403-cba9-4c12-be95-760947729b0a,1,
,0.0,0.0,0.0,17.0,,,fatsecret-10066551,30,153.0,0.0,7.2,2026-01-27 20:20:08.959,2026-01-27 20:20:08.959,,7.2,,0.0,Queijo Mussarela(Frimesa),0.0,,0.0,94.0,porção,,WE6JXtsOno,g,6.3,0.0,com.sec.android.app.shealth,0.0,0.31914893,33a84c02-e8dc-47d6-9dcf-bb7716b0e9d2,1,
,0.0,0.0,0.0,0.0,,,fatsecret-4608233,170,17.0,4.8,2.6,2026-01-28 10:33:01.764,2026-01-28 10:33:01.764,,4.1,,0.0,Milho Verde em Conserva(Predilecta),4.3,,0.0,96.0,porção,,WE6JXtsOno,g,0.5,0.0,com.sec.android.app.shealth,14.0,1.7708334,f55528ec-aa2b-4b82-aad9-50a051fae544,1,
,0.0,0.0,0.0,0.0,,,fatsecret-36781815,130,40.0,1.0,0.0,2026-01-28 10:33:01.766,2026-01-28 10:33:01.766,,1.7,,0.0,Tomate Picado(Casino),,,0.0,26.0,porção,,WE6JXtsOno,g,0.0,0.0,com.sec.android.app.shealth,4.3,5.0,2d9ebdab-ff0d-4131-9557-e001582fe2a2,1,
,0.0,0.0,0.0,,,,fatsecret-17003341,100,708.0,0.0,11.0,2026-01-28 10:33:01.767,2026-01-28 10:33:01.767,,6.0,,0.0,Salsicha Ao Molho(Bordon),,,0.0,159.0,porção,,WE6JXtsOno,g,5.5,0.4,com.sec.android.app.shealth,9.0,0.6289308,1a13768f-1f83-422a-b307-4bf0324065da,1,
,0.0,0.0,0.0,,,,fatsecret-4232212,200,172.0,0.6,4.3,2026-01-28 13:14:10.901,2026-01-28 13:14:10.901,,2.0,,0.0,Pirakids(Piracanjuba),23.0,,0.0,143.0,porção,,WE6JXtsOno,ml,2.2,0.0,com.sec.android.app.shealth,24.0,,7aac2786-c79b-464b-8b20-0454a715e309,1,
0.0,0.0,0.0,0.0,0.0,,,fatsecret-37576164,35,90.0,2.6,1.8,2026-01-29 01:05:15.129,2026-01-29 01:05:15.129,1.2,1.0,0.3,0.0,Farofa de Banana(Mãe Terra),2.0,,0.0,123.0,porção,,WE6JXtsOno,g,0.3,0.0,com.sec.android.app.shealth,26.0,0.28455284,1550491d-342d-4980-8677-0caf6dbdf488,1,
,0.0,0.0,0.0,,,,fatsecret-4366240,30,77.0,0.0,3.0,2026-01-29 01:05:45.863,2026-01-29 01:05:45.863,,0.0,,0.0,Sequilhos Sabor Leite(Nazinha),,,0.0,126.0,porção,,WE6JXtsOno,g,1.6,0.0,com.sec.android.app.shealth,24.0,0.23809524,c979cf04-1a15-4219-aed2-e3cdefdbfe0d,1,
165.0,1.04,2.8333333,0.0,65.0,,,fatsecret-5070,100,587.0,0.8,7.02,2026-01-29 01:06:40.257,2026-01-29 01:06:40.257,2.66,8.16,0.71,7.888889,Macarrão com Queijo e Molho de Carne,1.48,,5.8,149.0,g,,WE6JXtsOno,g,2.983,,com.sec.android.app.shealth,12.98,0.67114097,e7884733-e4f0-401c-a457-10cc34a4d5cd,100,
,0.0,0.0,0.0,,,,fatsecret-85290752,100,46.0,0.0,0.0,2026-02-01 22:43:45.934,2026-01-29 12:13:54.801,0.0,3.3,0.0,0.0,Iogurte Zero Ameixa(Carolina),5.0,,0.0,35.0,porção,,WE6JXtsOno,g,0.0,0.0,com.sec.android.app.shealth,5.5,2.857143,8070acef-39d6-4e69-9040-b5c367d217c1,1,
22.0,0.1,0.16666667,0.0,15.0,,,fatsecret-30099046,25,22.0,0.5,2.01,2026-01-29 12:13:54.804,2026-01-29 12:13:54.804,1.038,1.63,0.542,4.2222223,Bolinho de Chuva,1.61,,1.9,66.0,bolinho,,WE6JXtsOno,g,0.254,,com.sec.android.app.shealth,10.32,0.37878788,b61a3b88-d2c4-4ebc-a173-fc02890c8483,1,
0.0,0.0,0.0,0.0,23.0,,,fatsecret-39760708,60,227.0,0.0,16.0,2026-01-30 00:26:08.653,2026-01-30 00:26:08.653,3.5,9.1,7.4,0.0,Sardinha Ralada em Óleo(88),0.0,,0.0,178.0,porção,,WE6JXtsOno,g,3.6,0.0,com.sec.android.app.shealth,0.0,0.33707866,5009489c-fc56-4d58-bea6-53d09aa856f6,1,
0.0,0.0,0.0,0.0,0.0,,,fatsecret-3921617,12,120.0,0.3,0.0,2026-02-14 01:18:11.035,2026-01-30 00:26:08.656,0.0,0.2,0.0,0.0,Ketchup(Heinz),2.2,,0.0,11.0,porção,,WE6JXtsOno,g,0.0,0.0,com.sec.android.app.shealth,2.4,1.0909091,4abdea41-32ed-4946-a36f-38042f404164,1,
0.0,0.0,0.0,0.0,0.0,,,fatsecret-71814531,30,174.0,2.0,2.3,2026-02-09 00:45:48.507,2026-01-30 00:34:38.089,0.0,4.2,0.0,0.0,Torrada 45% Integral(Bauducco),1.9,,0.0,114.0,porção,,WE6JXtsOno,g,1.0,0.0,com.sec.android.app.shealth,19.0,0.2631579,1a85a661-c882-4dbc-871f-5f428a06c9ba,1,
,0.0,0.0,0.0,,,,fatsecret-71542666,50,214.0,1.4,2.5,2026-02-01 18:54:50.640,2026-01-30 01:54:17.536,,6.5,,0.0,Pão para Hambúrguer(Bauducco),6.0,,0.0,137.0,porção,,WE6JXtsOno,g,1.1,,com.sec.android.app.shealth,22.0,0.3649635,164758dc-55d5-4169-90bb-7a8177c55885,1,
256.0,0.8,21.166666,0.0,0.0,,,fatsecret-18184827,100,335.0,1.5,2.47,2026-01-30 01:54:17.541,2026-01-30 01:54:17.541,1.684,1.14,0.382,4.2777777,Molho de Tomate Caseiro,2.64,,3.5,45.0,g,,WE6JXtsOno,g,0.353,,com.sec.android.app.shealth,5.62,2.2222223,b590a9cf-410d-464c-9c5e-b93fdcdd6e13,100,
112.0,0.56,13.500001,0.0,0.0,,,fatsecret-5491,100,1.0,0.4,0.15,2026-02-24 01:05:16.514,2026-01-30 01:54:52.637,0.037,0.61,0.05,1.3333334,Melancia,6.2,,0.7,30.0,g,,WE6JXtsOno,g,0.016,,com.sec.android.app.shealth,7.55,3.3333333,bea9978e-d0e3-4e1c-88e1-412b143b0842,100,
,0.0,0.0,0.0,,,,fatsecret-89347289,100,664.0,0.7,8.0,2026-01-30 16:34:57.217,2026-01-30 16:34:57.217,,17.0,,0.0,Iscas de Frango(Swift),1.1,,0.0,188.0,porção,,WE6JXtsOno,g,2.0,0.1,com.sec.android.app.shealth,12.0,0.5319149,dbb67578-35c7-41e7-a6db-53142920b920,1,
0.0,0.0,0.0,0.0,0.0,,,fatsecret-52567326,100,655.0,0.0,19.0,2026-01-30 16:34:57.219,2026-01-30 16:34:57.219,0.0,14.0,0.0,0.0,Isca Temperada de Filé Mignon Bovino com Bacon(Swift),0.0,,0.0,228.0,porção,,WE6JXtsOno,g,5.7,0.0,com.sec.android.app.shealth,0.7,0.4385965,a78287d6-dc26-45bc-851e-3f0d56e42e72,1,
237.0,0.84,21.166666,0.0,0.0,,,fatsecret-6138,100,5.0,1.2,0.2,2026-01-30 16:35:59.656,2026-01-30 16:35:59.656,0.051,0.88,0.135,1.5000001,Tomates,2.63,,1.0,18.0,g,,WE6JXtsOno,g,0.046,,com.sec.android.app.shealth,3.92,5.5555553,a7895d96-0f2a-4131-ab13-2057666321f2,100,
303.0,0.04,6.0,0.0,0.0,,,fatsecret-6374,100,294.0,2.0,0.18,2026-01-30 16:35:59.658,2026-01-30 16:35:59.658,0.035,1.67,0.064,4.388889,Beterraba Cozida,7.92,,1.6,44.0,g,,WE6JXtsOno,g,0.028,,com.sec.android.app.shealth,9.9,2.2727273,260a13c2-e229-42ab-b63e-7b15d65f7d7c,100,
,0.0,0.0,0.0,,,,fatsecret-67162056,100,68.0,,2.0,2026-01-30 22:32:50.581,2026-01-30 22:32:50.581,0.0,22.0,0.0,0.0,Lombo Suíno(Seara),0.0,,0.0,107.0,porção,,WE6JXtsOno,g,1.0,0.0,com.sec.android.app.shealth,0.0,0.93457943,d9135465-2aec-44ef-8981-2e4e081d2eb0,1,
95.0,4.34,16.666666,0.0,391.0,,,fatsecret-1819,100,386.0,0.0,13.1,2026-01-31 02:05:58.591,2026-01-31 02:05:58.591,5.28,13.45,2.46,51.055553,Patê de Frango,0.0,,1.0,201.0,g,,WE6JXtsOno,g,4.0,,com.sec.android.app.shealth,6.55,0.49751243,608385a9-0c2d-4222-9831-b60d17d7b908,100,
159.0,0.64,0.6666667,0.0,10.0,,,fatsecret-7089498,100,656.0,5.5,7.01,2026-01-31 15:14:10.416,2026-01-31 15:14:10.416,2.25,8.13,0.906,15.0,Pão com Manteiga,3.67,,7.0,281.0,g,,WE6JXtsOno,g,3.042,,com.sec.android.app.shealth,46.0,0.3558719,a49a5365-e830-46ee-86e5-8e206bb24723,100,
0.0,0.0,0.0,0.0,0.0,,,fatsecret-7849598,20,11.0,0.7,0.3,2026-01-31 16:37:09.713,2026-01-31 16:37:09.713,0.0,0.5,0.0,0.0,Achocolatado(3 Corações),15.0,,0.0,77.0,porção,,WE6JXtsOno,g,0.2,0.0,com.sec.android.app.shealth,18.0,0.25974026,dd525ec2-547f-446b-900a-ee2d57ce47bf,1,
86.0,0.22,0.0,0.0,34.0,,,fatsecret-1677,38,157.0,0.0,4.2,2026-02-13 13:16:23.932,2026-01-31 18:01:54.703,1.602,10.18,0.942,2.7777777,Coxa de Frango,0.0,,0.5,81.0,"pequena (produto após cozinhado, ossos removidos)",,WE6JXtsOno,g,1.149,,com.sec.android.app.shealth,0.0,0.4691358,9f0cc98e-e976-486c-9dc0-993ac98ff39c,1,
209.0,0.6,18.0,0.0,0.0,,,fatsecret-80082072,100,67.0,1.3,0.36,2026-01-31 18:01:54.704,2026-01-31 18:01:54.704,0.184,0.89,0.134,1.3333334,Salada de Tomate e Cebola,3.1,,1.4,27.0,g,,WE6JXtsOno,g,0.067,,com.sec.android.app.shealth,5.7,3.7209303,ae1fe85f-8166-4fff-8f6c-11e300bc7c2d,100,
,0.0,0.0,0.0,0.0,,,fatsecret-2474783,20,28.0,0.0,0.2,2026-02-25 10:05:12.917,2026-01-31 22:01:59.507,0.0,0.3,0.0,0.0,Achocolatado(Toddy),17.0,,0.0,75.0,porção,,WE6JXtsOno,g,0.1,0.0,com.sec.android.app.shealth,18.0,0.26666668,9d2381d9-ff1b-4ef4-8503-6a529a7454b1,1,
,0.0,0.0,0.0,,,,fatsecret-4232126,30,0.0,3.4,2.3,2026-02-01 22:43:45.876,2026-01-31 22:01:59.509,,4.6,,0.0,Aveia em Flocos Finos(Nestlé),0.0,,0.0,110.0,porção,,WE6JXtsOno,g,0.4,0.0,com.sec.android.app.shealth,16.0,0.27272728,7b4b831f-8041-4efb-941d-fd70968a8bbe,1,
54.0,0.0,0.0,0.0,0.0,,,fatsecret-33793,33,55.0,0.0,0.06,2026-01-31 22:05:02.469,2026-01-31 22:05:02.469,0.0,3.6,0.0,0.16666667,Clara de Ovo,0.23,,0.2,17.0,grandes,,WE6JXtsOno,g,0.0,,com.sec.android.app.shealth,0.24,1.9411764,037972b9-7367-4b0c-9f9c-3fe9de9016fd,1,
67.0,1.4,0.0,0.0,212.0,,,fatsecret-3092,50,70.0,0.0,4.97,2026-02-25 12:45:42.652,2026-01-31 22:05:02.472,1.905,6.29,0.682,5.111111,Ovo,0.38,,2.6,74.0,grande,,WE6JXtsOno,g,1.55,,com.sec.android.app.shealth,0.38,0.6756757,5d00be7a-e51a-4f3c-bee7-f03651876904,1,
,0.0,0.0,0.0,2.0,,,fatsecret-39553573,42,61.0,1.2,11.0,2026-02-04 11:28:26.893,2026-02-01 00:46:38.331,2.1,4.2,0.4,0.0,Pé de Moleque(Snickers),22.0,,0.0,209.0,porção,,WE6JXtsOno,g,5.1,0.0,com.sec.android.app.shealth,24.0,0.20095694,14efe052-2780-440b-918a-2589c6479a82,1,
49.0,0.28,1.1666666,0.0,2.0,,,fatsecret-4772674,28,184.0,0.2,0.36,2026-02-01 15:41:29.248,2026-02-01 15:41:29.248,0.126,1.85,0.118,2.3888888,Sushi de Salmão,1.92,,0.6,48.0,unidade,,WE6JXtsOno,g,0.081,0.0,com.sec.android.app.shealth,9.0,0.5833333,12f5b5f8-45ec-478b-a344-c40d2ba10606,1,
,0.0,0.0,0.0,,,,fatsecret-2253186,18,30.0,0.3,5.1,2026-02-01 18:52:35.610,2026-02-01 18:52:35.610,,0.8,,0.0,Serenata de Amor(Garoto),8.7,,0.0,94.0,porção,,WE6JXtsOno,g,2.5,0.1,com.sec.android.app.shealth,11.0,0.18723404,d9ef7cc0-4a9a-4c76-a0fa-06a3ce56ef5f,1,
46.0,0.0,0.0,0.0,15.0,,,fatsecret-1887,23,245.0,0.0,4.63,2026-02-07 16:59:22.713,2026-02-01 18:54:50.720,2.114,3.2,0.465,3.3888888,Salame,0.0,,0.3,58.0,"fatia (10 cm de diâmetro x 0,3 cm de espessura)",,WE6JXtsOno,g,1.861,,com.sec.android.app.shealth,0.52,0.39655173,4361f628-5bdf-40e8-8280-10f3a6a67626,1,
,0.0,0.0,0.0,0.0,,,fatsecret-17077079,50,149.0,3.4,1.0,2026-02-01 18:54:50.722,2026-02-01 18:54:50.722,0.1,8.0,0.5,0.0,Pão 100% Integral Zero(Panco),0.5,,0.0,107.0,porção,,WE6JXtsOno,g,0.3,0.0,com.sec.android.app.shealth,17.0,0.46728972,70a06b6a-5a02-4446-8b9b-06684b48be43,1,
0.0,0.0,0.0,0.0,0.0,,,fatsecret-7086748,200,110.0,0.0,6.0,2026-02-01 18:54:50.724,2026-02-01 18:54:50.724,0.0,6.2,0.0,0.0,Leite Integral(Italac),0.0,,0.0,117.0,porção,,WE6JXtsOno,ml,4.0,0.0,com.sec.android.app.shealth,9.6,,5f60a214-e52c-4edb-b1e3-c82d987cb22a,1,
0.0,0.0,0.0,0.0,0.0,,,fatsecret-4398732,100,55.0,0.0,3.0,2026-02-04 01:26:49.545,2026-02-01 22:43:45.965,0.0,3.1,0.0,0.0,Leite Integral(Italac),4.8,,0.0,59.0,porção,,WE6JXtsOno,ml,2.0,0.0,com.sec.android.app.shealth,4.8,,2896e44e-08b7-485e-a49a-b9baf8d3a462,1,
,0.0,0.0,0.0,0.0,,,fatsecret-16902337,20,26.0,0.6,4.2,2026-02-02 03:01:12.856,2026-02-02 03:01:12.856,,1.4,,0.0,Cookie Chocolate(Nestlé),7.1,,0.0,97.0,porção,,WE6JXtsOno,g,2.2,0.0,com.sec.android.app.shealth,13.0,0.20618556,c6ef67c7-5119-4610-a7bf-0e4742a1de59,1,
,0.0,0.0,0.0,,,,fatsecret-3712656,50,560.0,0.0,6.6,2026-02-02 12:58:38.993,2026-02-02 12:58:38.993,,6.8,,0.0,Salsicha Hot Dog(Perdigão),,,0.0,94.0,porção,,WE6JXtsOno,g,2.1,0.0,com.sec.android.app.shealth,1.8,0.5319149,8b976936-3257-4f3b-b7c0-fc82e3d8e488,1,
,0.0,0.0,0.0,,,,fatsecret-87819803,100,700.0,1.0,8.8,2026-02-02 12:58:38.994,2026-02-02 12:58:38.994,,15.0,,0.0,Hambúrguer(Perdigão),,,0.0,145.0,porção,,WE6JXtsOno,g,2.9,,com.sec.android.app.shealth,1.4,0.6896552,ae91834a-8fa1-4707-b1ac-947351bc34cd,1,
960.0,0.0,0.0,0.0,,,,fatsecret-6575372,300,819.0,3.0,17.0,2026-02-02 16:47:01.380,2026-02-02 16:47:01.380,,24.0,,0.0,Lasanha à Bolonhesa(Sadia),,,0.0,389.0,porção,,WE6JXtsOno,g,8.7,0.0,com.sec.android.app.shealth,36.0,0.7712082,a4f33824-f771-4f18-b9c7-0be80c9a2fa3,1,
516.0,4.0,95.0,0.0,2.0,,,fatsecret-71170129,220,139.0,4.8,9.9,2026-02-02 16:48:54.205,2026-02-02 16:48:54.205,4.86,2.89,3.164,7.0555553,Salada de Repolho,9.69,,9.3,152.0,xícara,,WE6JXtsOno,g,1.435,0.016,com.sec.android.app.shealth,15.51,1.4473684,b045d127-181d-4ef4-ba38-042841429249,1,
463.0,3.92,4.1666665,0.0,161.0,,,fatsecret-8112931,300,1186.0,2.2,41.83,2026-02-03 10:25:48.705,2026-02-03 10:25:48.705,13.4,53.35,9.242,27.0,X-Frango,6.74,,46.8,780.0,unidade,,WE6JXtsOno,g,16.125,0.013,com.sec.android.app.shealth,44.98,0.3846154,69ea4632-6360-43a3-860f-ab1b10900ed8,1,
,0.0,0.0,0.0,0.0,,,fatsecret-4534589,22,21.0,0.0,6.3,2026-02-03 10:25:48.707,2026-02-03 10:25:48.707,,1.2,,0.0,Bombom Sonho de Valsa(Lacta),12.0,,0.0,105.0,porção,,WE6JXtsOno,g,3.1,0.0,com.sec.android.app.shealth,13.0,0.20476191,36a8fe32-2b5e-49e9-b1d8-9bb244c955bf,1,
,0.0,0.0,0.0,0.0,,,fatsecret-13871133,50,188.0,2.8,0.8,2026-02-03 10:29:41.518,2026-02-03 10:29:41.518,0.1,5.4,0.4,0.0,Pão Integral e Zero(Wickbold),1.0,,0.0,109.0,porção,,WE6JXtsOno,g,0.0,0.0,com.sec.android.app.shealth,20.0,0.4587156,3bffd8da-819f-4006-b767-997116da2072,1,
188.0,0.52,0.6666667,0.0,4.0,,,fatsecret-38775,100,955.0,1.8,12.1,2026-02-03 14:20:23.004,2026-02-03 14:20:23.004,4.206,7.3,4.305,11.388889,Biscoitos Simples ou de Leite de Manteiga (Mistura Seca),,,18.5,335.0,g,,WE6JXtsOno,g,2.789,,com.sec.android.app.shealth,48.4,0.29850745,90010bfa-4c29-4c2c-aaad-98dea18897e3,100,
0.0,0.0,0.0,0.0,0.0,,,fatsecret-3550938,50,355.0,0.0,5.2,2026-02-24 19:01:34.298,2026-02-03 19:06:33.307,0.0,8.7,0.0,0.0,Linguiça Toscana(Aurora),0.0,,0.0,82.0,porção,,WE6JXtsOno,g,2.2,0.0,com.sec.android.app.shealth,0.2,0.6097561,5aff2e7b-6450-49d0-b508-deded95a7ece,1,
59.0,0.0,1.5,0.0,0.0,,,fatsecret-5510704,100,290.0,1.8,7.83,2026-02-23 15:48:29.607,2026-02-03 19:06:33.308,1.357,5.82,3.914,6.888889,Macarrão Alho e Óleo,0.61,,1.3,220.0,g,,WE6JXtsOno,g,1.966,,com.sec.android.app.shealth,31.27,0.45454547,363c3e2b-774f-4fca-b502-d51fbbffdf18,100,
,0.0,0.0,0.0,,,,fatsecret-4620289,30,120.0,,7.2,2026-02-22 01:30:05.700,2026-02-03 20:55:24.027,,7.2,,0.0,Mussarela(Sadia),,,0.0,96.0,porção,,WE6JXtsOno,g,4.0,,com.sec.android.app.shealth,0.6,0.3125,a2ded0c5-2071-46db-a9b6-4c80ef92e060,1,
26.0,0.0,0.0,0.0,0.0,,,fatsecret-3422,26,177.0,0.6,0.86,2026-02-04 01:26:00.497,2026-02-04 01:26:00.497,0.177,1.99,0.352,5.388889,Pão,1.12,,3.9,69.0,fatia normal,,WE6JXtsOno,g,0.186,,com.sec.android.app.shealth,13.16,0.3768116,008c4378-47e1-4e1c-8c40-90f8bc6ebf9f,1,
0.0,0.0,0.0,0.0,0.0,,,fatsecret-14302071,20,26.0,0.6,0.3,2026-02-04 01:26:49.570,2026-02-04 01:26:49.570,0.0,0.4,0.0,0.0,Achocolatado em Pó(Toddy),18.0,,0.0,76.0,porção,,WE6JXtsOno,g,0.0,0.0,com.sec.android.app.shealth,18.0,0.2631579,60c1c73d-9566-479c-ac4d-f58ad59d0705,1,
,0.0,0.0,0.0,,,,fatsecret-21993909,5,,,0.0,2026-02-04 11:28:26.909,2026-02-04 11:28:26.909,,0.0,,0.0,Açúcar(Imperial),5.0,,0.0,19.0,porção,,WE6JXtsOno,g,,,com.sec.android.app.shealth,5.0,0.2631579,71a89f69-7de1-4081-bf2d-9e1516eedd2f,1,
,0.0,0.0,0.0,,,,fatsecret-2257473,33,16.0,1.2,6.7,2026-02-04 11:28:26.910,2026-02-04 11:28:26.910,,0.7,,0.0,Prestígio(Nestlé),18.0,,0.0,154.0,porção,,WE6JXtsOno,g,5.0,0.0,com.sec.android.app.shealth,22.0,0.21428572,f7ae5ee5-2145-4edf-9682-61878bb70855,1,
31.0,0.0,0.0,0.0,0.0,,,fatsecret-7346,100,2.0,0.0,0.0,2026-02-04 13:33:49.098,2026-02-04 13:33:49.098,0.0,0.11,0.002,0.22222222,Café Pré-Adocicado com Açúcar,3.66,,0.3,16.0,ml,,WE6JXtsOno,g,0.002,,com.sec.android.app.shealth,4.02,6.255625,25672188-ec60-4617-b2ab-7d80694e9492,100,
370.0,0.04,1.0000001,0.0,94.0,,,fatsecret-1459,100,397.0,0.0,14.25,2026-02-04 19:26:49.444,2026-02-04 19:26:49.444,6.244,28.0,1.346,7.111111,Bife ou Costeleta de Porco,0.0,,2.5,248.0,g,,WE6JXtsOno,g,5.118,,com.sec.android.app.shealth,0.0,0.4032258,8443109d-5991-457f-82e2-5fe15496574e,100,
219.0,0.0,0.0,0.0,69.0,,,fatsecret-32370610,100,35.0,0.0,10.85,2026-02-04 19:26:49.445,2026-02-04 19:26:49.445,4.625,26.77,0.418,12.000001,Carne Moída Refogada,0.0,,0.7,212.0,g,,WE6JXtsOno,g,4.116,,com.sec.android.app.shealth,0.0,0.4716981,5c16a349-4cc8-401d-b3c1-25bf37421283,100,
,0.0,0.0,0.0,,,,fatsecret-19448790,100,4.0,1.9,0.1,2026-02-24 19:01:34.415,2026-02-04 19:26:49.446,,0.9,,0.0,Repolho Branco Cru(Hortifruti),,,0.0,17.0,porção,,WE6JXtsOno,g,,,com.sec.android.app.shealth,3.9,5.882353,69a9f58c-d6ce-4cec-a947-b2a3721c9d2a,1,
,0.0,0.0,0.0,,,,fatsecret-14208893,30,74.0,1.7,6.9,2026-02-12 01:01:41.571,2026-02-04 19:29:09.461,,2.1,,0.0,Wafer Chocolate(Bauducco),11.0,,0.0,150.0,porção,,WE6JXtsOno,g,2.3,0.0,com.sec.android.app.shealth,20.0,0.2,7da2205c-8972-4f61-92fe-469124bd6b87,1,
,0.0,0.0,0.0,,,,fatsecret-13278130,20,128.0,0.0,4.8,2026-02-25 12:45:42.691,2026-02-04 20:44:16.437,,4.8,,0.0,Queijo Mussarela(Sadia),,,0.0,64.0,porção,,WE6JXtsOno,g,2.6,0.0,com.sec.android.app.shealth,0.4,0.3125,e6076df7-3c8f-4b92-92f3-d550b831d8c8,1,
243.0,0.56,0.0,0.0,83.0,,,fatsecret-1641,100,393.0,0.0,7.72,2026-02-23 15:48:29.689,2026-02-04 20:44:16.438,3.005,29.55,1.646,5.8888884,Peito de Frango,0.0,,1.4,195.0,g,,WE6JXtsOno,g,2.172,,com.sec.android.app.shealth,0.0,0.51282054,e7b4f9b0-f8cd-4862-ae95-1a45e7e26ac4,100,
0.0,0.0,0.0,0.0,11.0,,,fatsecret-2184260,30,162.0,0.0,2.8,2026-02-04 20:44:16.438,2026-02-04 20:44:16.438,1.3,3.3,0.1,0.0,Requeijão Cremoso Light(Vigor),1.1,,0.0,42.0,porção,,WE6JXtsOno,g,1.8,0.1,com.sec.android.app.shealth,1.1,0.71428573,d7ac569c-fa48-4b08-8f56-299fde4e7ff8,1,
,0.0,0.0,0.0,0.0,,,fatsecret-3945168,30,77.0,1.0,5.8,2026-02-12 01:03:19.107,2026-02-05 00:12:28.536,,1.8,,0.0,Bolacha Recheada(Trakinas),8.7,,0.0,143.0,porção,,WE6JXtsOno,g,1.8,0.0,com.sec.android.app.shealth,21.0,0.20979021,4b49bd22-6eae-4ae9-9cb7-fb795261a7a8,1,
256.0,0.0,0.0,0.0,69.0,,,fatsecret-6051995,100,61.0,0.0,24.24,2026-02-05 16:07:38.063,2026-02-05 16:07:38.063,10.96,16.74,0.898,9.888889,Cupim Assado,0.0,,1.2,290.0,g,,WE6JXtsOno,g,10.179,,com.sec.android.app.shealth,0.0,0.3448276,95b96ec9-2de4-4978-bded-a803f63dd57f,100,
,0.0,0.0,0.0,,,,fatsecret-3647824,50,255.0,0.0,7.0,2026-02-08 18:07:46.914,2026-02-05 21:11:21.079,,3.3,,0.0,Pão de Queijo Tradicional(Forno de Minas),,,0.0,144.0,porção,,WE6JXtsOno,g,2.4,0.0,com.sec.android.app.shealth,17.0,0.3472222,78db3eb3-18fc-4c93-8dac-391060f62099,1,
,0.0,0.0,0.0,0.0,,,fatsecret-4945220,12,71.0,0.1,0.0,2026-02-06 01:04:10.583,2026-02-06 01:04:10.583,,0.1,,0.0,Ketchup(Hellmann's),2.8,,0.0,13.0,porção,,WE6JXtsOno,g,0.0,0.0,com.sec.android.app.shealth,2.9,0.9230769,d2a2a8f5-49bf-4dd6-97fd-487ceb40a439,1,
,0.0,0.0,0.0,0.0,,,fatsecret-44326354,25,290.0,0.0,1.98,2026-02-06 13:15:11.858,2026-02-06 13:15:11.858,,4.73,,0.0,Pão Francês(Padaria),,,0.0,75.0,porção,,WE6JXtsOno,g,0.0,0.0,com.sec.android.app.shealth,25.33,0.33333334,48ecfd16-396f-4828-b36a-0d179d85a447,1,
35.0,0.0,0.0,0.0,0.0,,,fatsecret-39719,100,1.0,0.4,0.28,2026-02-10 17:15:45.306,2026-02-06 18:49:26.321,0.088,2.69,0.076,6.666667,"Arroz Branco (Longo, Cozido)",0.05,,1.0,130.0,g,,WE6JXtsOno,g,0.077,,com.sec.android.app.shealth,28.17,0.7692308,b223ffb9-99d8-46e5-a638-961f5dbdddac,100,
757.0,1.6,129.83333,0.0,26.0,,,fatsecret-91484685,300,769.0,4.9,12.37,2026-02-20 17:02:33.945,2026-02-06 18:50:21.511,4.613,14.24,1.762,23.5,Bobó de Galinha,7.17,,9.6,268.0,porção (300 g),,WE6JXtsOno,g,5.195,0.011,com.sec.android.app.shealth,27.83,1.119403,5239a11d-0e7f-4df3-bba0-e3655b69541a,1,
,0.0,0.0,0.0,61.0,,,fatsecret-7246431,100,567.0,1.9,5.12,2026-02-06 18:50:54.040,2026-02-06 18:50:54.040,,26.33,,0.0,Bobo de Frango(Sabor Light),,,0.0,277.0,porção,,WE6JXtsOno,g,,,com.sec.android.app.shealth,31.3,0.36101082,c182098e-b3f7-4ce9-b2e5-da2fe09e56b0,1,
,0.0,0.0,0.0,0.0,,,fatsecret-3777064,30,73.0,0.8,5.0,2026-02-13 23:33:53.441,2026-02-06 19:03:19.706,,2.3,,0.0,Passatempo Recheado Chocolate(Nestlé),9.9,,0.0,140.0,porção,,WE6JXtsOno,g,1.7,0.0,com.sec.android.app.shealth,21.0,0.21428572,2d4218f2-ce9e-47c9-af0e-7cb5370c488f,1,
,0.0,0.0,0.0,,,,fatsecret-24578952,50,287.0,0.0,3.1,2026-02-07 00:56:54.791,2026-02-07 00:56:54.791,,3.3,,0.0,Esfiha de Queijo(Dozza),,,0.0,63.0,porção,,WE6JXtsOno,g,1.5,,com.sec.android.app.shealth,5.3,0.7936508,a0f98625-e17b-4796-8cb8-3de1d994ffdd,1,
22.0,0.0,0.0,0.0,0.0,,,fatsecret-3939871,80,267.0,2.2,7.1,2026-02-07 00:56:54.794,2026-02-07 00:56:54.794,,4.0,,0.0,Esfiha de Espinafre(Habib's),,,0.0,158.0,porção,,WE6JXtsOno,g,1.6,0.0,com.sec.android.app.shealth,19.0,0.5063291,cadcb0c0-ea40-42fb-81ce-ae30a6c57c4b,1,
,0.0,0.0,0.0,,,,fatsecret-25101325,70,386.0,0.6,14.0,2026-02-07 00:56:54.795,2026-02-07 00:56:54.795,,7.3,,0.0,Esfiha de Cheddar com Bacon(Habib's),,,0.0,186.0,porção,,WE6JXtsOno,g,6.2,,com.sec.android.app.shealth,7.7,0.37634408,9aedf827-4b3d-4799-84aa-b7e17f41620d,1,
,0.0,0.0,0.0,0.0,,,fatsecret-4060844,100,317.0,3.7,7.2,2026-02-07 16:59:22.774,2026-02-07 16:59:22.774,,4.5,,0.0,Pão de Queijo(Casa do Pão de Queijo),,,0.0,149.0,porção,,WE6JXtsOno,g,3.7,0.4,com.sec.android.app.shealth,11.0,0.67114097,6662bcb8-edbb-4f6c-aa08-b5529bf3d9f1,1,
0.0,0.0,0.0,0.0,0.0,,,fatsecret-29931976,200,120.0,0.0,0.0,2026-02-25 10:05:12.948,2026-02-07 16:59:22.775,0.0,6.0,0.0,0.0,Leite Desnatado(Itambé),9.2,,0.0,61.0,porção,,WE6JXtsOno,ml,0.0,0.0,com.sec.android.app.shealth,9.3,,f0275cf0-c436-4f7a-9828-f52b823cbdbd,1,
,0.0,0.0,0.0,1.0,,,fatsecret-1280102,10,55.0,0.0,1.2,2026-02-09 00:45:48.573,2026-02-07 16:59:22.776,0.4,1.1,0.7,0.0,Patê de Atum(Coqueiro),0.0,,0.0,18.0,porção,,WE6JXtsOno,g,0.2,0.0,com.sec.android.app.shealth,0.6,0.5555556,40adeeaf-4b71-4c20-904d-c8ea87102f47,1,
,0.0,0.0,0.0,0.0,,,fatsecret-11862150,50,198.0,2.5,0.8,2026-02-23 13:49:12.639,2026-02-07 16:59:22.778,0.2,6.1,0.4,0.0,Pão de Forma Zero(Wickbold),1.3,,0.0,105.0,porção,,WE6JXtsOno,g,0.0,0.0,com.sec.android.app.shealth,21.0,0.47619048,9fddf4ec-ee9d-40e9-99e7-368a3b202dd3,1,
0.0,0.0,0.0,0.0,0.0,,,fatsecret-25427216,60,2.0,0.7,1.1,2026-02-08 00:41:50.377,2026-02-08 00:41:50.377,0.0,0.3,0.0,0.0,Açaí(Frooty),0.0,,0.0,61.0,porção,,WE6JXtsOno,g,0.2,0.0,com.sec.android.app.shealth,13.0,0.9836066,572c47a6-488e-4fba-ba32-0afd75e458ca,1,
358.0,0.06,14.5,0.0,0.0,,,fatsecret-5388,100,1.0,2.6,0.33,2026-02-24 00:55:32.281,2026-02-08 00:41:50.379,0.032,1.09,0.073,1.4444444,Banana,12.23,,0.5,89.0,g,,WE6JXtsOno,g,0.112,,com.sec.android.app.shealth,22.84,1.1235955,d586f2ff-9ea9-454c-b577-53abb99594a1,100,
,0.0,0.0,0.0,,,,fatsecret-3971246,15,28.0,0.6,4.2,2026-02-23 01:20:07.156,2026-02-08 00:41:50.380,,2.3,,0.0,Paçoca(Santa Helena),7.6,,0.0,76.0,porção,,WE6JXtsOno,g,0.6,,com.sec.android.app.shealth,8.6,0.19736843,520620bd-39ca-4562-9e39-dcc10608cdda,1,
,0.0,0.0,0.0,0.0,,,fatsecret-11743425,25,98.0,0.0,6.7,2026-02-08 00:41:50.381,2026-02-08 00:41:50.381,,6.3,,0.0,Leite em Pó Ninho(Nestlé),9.0,,0.0,124.0,porção,,WE6JXtsOno,g,4.4,0.0,com.sec.android.app.shealth,9.4,0.2016129,a92b2072-55da-4d5d-a663-aea3f5476691,1,
705.0,0.0,0.0,0.0,0.0,,,fatsecret-38297,100,18.0,8.5,49.24,2026-02-08 00:41:50.382,2026-02-08 00:41:50.382,24.429,25.8,15.559,25.444445,Amendoim,3.97,,9.2,567.0,g,,WE6JXtsOno,g,6.834,,com.sec.android.app.shealth,16.13,0.17636684,9cb59a9a-50dc-49d7-b365-20e6e8c1b546,100,
,0.0,0.0,0.0,45.0,,,fatsecret-11576554,100,60.0,,2.5,2026-02-08 00:42:45.832,2026-02-08 00:42:45.832,,30.0,,0.0,Carne Moída Patinho(Friboi),,,0.0,150.0,porção,,WE6JXtsOno,g,1.0,0.1,com.sec.android.app.shealth,0.0,0.6666667,0ac33ebc-fd63-4d13-918e-2ff2aa259ab2,1,
,0.0,0.0,0.0,0.0,,,fatsecret-5661021,170,77.0,0.0,0.0,2026-02-10 01:21:56.390,2026-02-08 18:07:23.358,0.0,4.8,0.0,0.0,Iogurte Pense Zero (170g)(Batavo),6.1,,0.0,46.0,porção,,WE6JXtsOno,g,0.0,0.0,com.sec.android.app.shealth,6.6,3.6956522,261244ac-e488-4b7b-94c9-9eb008f72388,1,
,0.0,0.0,0.0,,,,fatsecret-14210777,25,476.0,2.5,5.0,2026-02-08 21:02:02.296,2026-02-08 21:02:02.296,,1.7,,0.0,Pipoca de Microondas Temperada(Yoki),,,0.0,108.0,porção,,WE6JXtsOno,g,2.4,0.0,com.sec.android.app.shealth,14.0,0.23148148,22b5cd6a-ee1b-4906-af6f-cd59a0522d62,1,
138.0,0.3,19.0,0.0,17.0,,,fatsecret-96458773,100,443.0,0.9,8.18,2026-02-09 09:50:59.048,2026-02-09 09:50:59.048,4.666,6.16,0.866,8.5,Arroz com Linguiça,0.77,,1.3,189.0,g,,WE6JXtsOno,g,2.23,,com.sec.android.app.shealth,22.13,0.5298013,73418520-e8d2-4f09-8dbe-a69992d8e426,100,
,0.0,0.0,0.0,33.0,,,fatsecret-4979710,60,337.0,0.0,4.0,2026-02-09 09:50:59.049,2026-02-09 09:50:59.049,0.9,9.7,0.9,0.0,Sardinha com Molho de Tomate Temperado(Gomes da Costa),0.5,,0.0,78.0,porção,,WE6JXtsOno,g,1.8,0.0,com.sec.android.app.shealth,0.9,0.7692308,7dee3ce5-78b3-4bb4-8045-f4434cd7a91a,1,
295.0,0.0,0.0,0.0,70.0,,,fatsecret-39210799,100,49.0,0.0,19.0,2026-02-09 16:08:10.465,2026-02-09 16:08:10.465,8.0,19.0,1.05,0.0,Costela Bovina Cozida(Friboi),0.0,,0.0,254.0,porção,,WE6JXtsOno,g,7.0,1.35,com.sec.android.app.shealth,0.0,0.39370078,6a3ea1dd-192d-4d87-8e66-40eb0b072f50,1,
,0.0,0.0,0.0,,,,fatsecret-87152121,15,67.0,0.0,0.0,2026-02-09 21:58:48.001,2026-02-09 21:58:48.001,,14.0,,0.0,Collagen Essential Protein Sabor Neutro(Essential Nutrition),0.0,,0.0,56.0,porção,,WE6JXtsOno,g,0.0,0.0,com.sec.android.app.shealth,0.0,0.27232143,5692f882-56be-45d2-bef6-0bcc8c308d6e,1,
,0.0,0.0,0.0,,,,fatsecret-13838856,33,6.0,1.7,6.8,2026-02-20 01:27:16.163,2026-02-10 14:58:47.738,,1.1,,0.0,Prestígio Dark(Nestlé),17.0,,0.0,153.0,porção,,WE6JXtsOno,g,5.0,0.0,com.sec.android.app.shealth,21.0,0.21568628,ef5484f0-246e-4f1d-beef-1fbce170a8db,1,
,0.0,0.0,0.0,,,,fatsecret-6570628,200,188.0,1.4,4.2,2026-02-10 14:58:47.739,2026-02-10 14:58:47.739,,2.8,,0.0,Toddynho Chocolate(Toddy),22.0,,0.0,138.0,porção,,WE6JXtsOno,ml,1.9,0.0,com.sec.android.app.shealth,22.0,,fda1d017-b222-42fe-9ddb-1b11897a55b2,1,
0.0,0.0,0.0,0.0,0.0,,,fatsecret-12752629,170,77.0,0.0,0.0,2026-02-10 15:00:05.332,2026-02-10 15:00:05.332,0.0,4.8,0.0,0.0,Pense Zero Amora(Batavo),6.1,,0.0,46.0,porção,,WE6JXtsOno,g,0.0,0.0,com.sec.android.app.shealth,6.6,3.6956522,df4ca82c-7169-4e2a-8387-98b0ca2264ed,1,
351.0,0.04,0.50000006,0.0,90.0,,,fatsecret-1421,100,384.0,0.0,17.04,2026-02-10 17:15:45.396,2026-02-10 17:15:45.396,7.576,27.34,1.438,6.0555553,Carne de Porco,0.0,,2.5,271.0,g,,WE6JXtsOno,g,6.168,,com.sec.android.app.shealth,0.0,0.36900368,d50d65f3-279a-45e8-a6c1-35e347aa1c5a,100,
,0.0,0.0,0.0,0.0,,,fatsecret-4652260,50,488.0,0.0,8.0,2026-02-11 12:10:14.350,2026-02-11 12:10:14.350,,6.5,,0.0,Salsicha(Sadia),,,0.0,104.0,porção,,WE6JXtsOno,g,3.0,0.0,com.sec.android.app.shealth,1.4,0.48076922,37a96ffd-1b65-492a-aa49-bb073759e2f7,1,
260.0,0.8,11.833333,0.0,1.0,,,fatsecret-5777,100,231.0,1.3,3.54,2026-02-18 19:23:07.433,2026-02-11 17:41:04.375,1.577,1.8,0.978,1.3333334,Purê de Batata,1.38,,2.3,100.0,g,,WE6JXtsOno,g,0.791,,com.sec.android.app.shealth,15.72,1.0,28c57dd4-6fc5-4bc9-b1d8-c612dffcb2b8,100,
239.0,0.0,2.3333333,0.0,55.0,,,fatsecret-9033949,100,1016.0,0.0,28.28,2026-02-18 19:23:07.365,2026-02-11 17:41:04.376,12.926,15.64,3.272,4.5,Calabresa,0.0,,2.6,328.0,g,,WE6JXtsOno,g,10.032,,com.sec.android.app.shealth,1.42,0.30487806,5023c907-5559-42d8-9b22-1fe515593dc6,100,
,0.0,0.0,0.0,,,,fatsecret-108753145,100,427.0,,24.0,2026-02-16 14:08:09.534,2026-02-12 01:01:15.599,,24.0,,0.0,Mussarela(Président),2.0,,0.0,320.0,porção,,WE6JXtsOno,g,13.0,,com.sec.android.app.shealth,2.0,0.3125,13578cba-c698-4dea-bcdc-8f7d3c0c5aa6,1,
31.0,1.5,4.1666665,0.0,47.0,,,fatsecret-8094079,100,101.0,0.1,7.52,2026-02-12 01:01:15.601,2026-02-12 01:01:15.601,3.407,1.7,2.094,1.7777778,Bolo de Laranja,46.54,,1.5,267.0,g,,WE6JXtsOno,g,1.524,1.427,com.sec.android.app.shealth,49.51,0.37453184,914e1726-e2e4-472e-af12-5da0f5b245a6,100,
69.0,0.26,0.0,0.0,26.0,,,fatsecret-4560259,60,70.0,1.0,9.47,2026-02-12 14:13:24.026,2026-02-12 14:13:24.026,2.644,2.45,4.615,2.3888888,Bolo de Fubá,14.25,,4.8,191.0,fatia,,WE6JXtsOno,g,1.606,0.023,com.sec.android.app.shealth,24.96,0.31413612,50c67be0-c806-4148-a705-ee79d685591c,1,
204.0,0.32,0.0,0.0,72.0,,,fatsecret-5106573,100,317.0,0.3,11.35,2026-02-12 15:28:50.741,2026-02-12 15:28:50.741,4.699,23.9,2.922,6.8333335,Frango a Milanesa,0.28,,1.9,232.0,g,,WE6JXtsOno,g,2.776,,com.sec.android.app.shealth,7.23,0.43103448,93337eea-9ac0-4960-a76e-ac89327abb7a,100,
,0.0,0.0,0.0,0.0,,,fatsecret-3981559,80,0.0,1.6,1.5,2026-02-12 15:29:26.066,2026-02-12 15:29:26.066,,8.8,,0.0,Macarrão Parafuso(Renata),2.5,,0.0,288.0,porção,,WE6JXtsOno,g,0.0,0.0,com.sec.android.app.shealth,59.0,0.2777778,9eda4eff-8cbf-4169-8151-1f9224ce7c9f,1,
0.0,0.0,0.0,0.0,20.0,,,fatsecret-2725841,10,68.0,0.0,8.0,2026-02-12 21:44:23.960,2026-02-12 21:44:23.960,0.0,0.1,0.0,0.0,Manteiga Extra com Sal(Itambé),0.1,,0.0,73.0,porção,,WE6JXtsOno,g,4.8,0.2,com.sec.android.app.shealth,0.1,0.1369863,dcb4e21f-2520-4348-9950-7d971095a8e6,1,
,0.0,0.0,0.0,0.0,,,fatsecret-3938769,10,45.0,0.0,8.4,2026-02-13 13:17:46.492,2026-02-13 13:17:46.492,0.0,0.0,0.0,0.0,Manteiga com Sal(Piracanjuba),0.0,,0.0,76.0,porção,,WE6JXtsOno,g,5.5,0.0,com.sec.android.app.shealth,0.0,0.13157895,00ec11e3-32b9-4d0e-9fea-7475c846c3a5,1,
70.0,2.66,10.833333,0.0,0.0,,,fatsecret-36415,36,10.0,0.5,0.05,2026-02-13 15:27:01.077,2026-02-13 15:27:01.077,0.002,0.49,0.03,1.7222222,Alface de Folha Verde,0.28,,1.3,5.0,"xícara, desfiada",,WE6JXtsOno,g,0.007,,com.sec.android.app.shealth,1.0,7.2,29c92be1-fc11-42dd-b7cf-34d8ec50bf18,1,
0.0,0.0,0.0,0.0,2.0,,,fatsecret-45244176,45,96.0,1.1,10.0,2026-02-13 23:31:20.283,2026-02-13 23:31:20.283,2.2,4.0,0.3,0.0,Snickers (45g)(Snickers),26.0,,0.0,217.0,porção,,WE6JXtsOno,g,4.9,0.0,com.sec.android.app.shealth,27.0,0.20737328,551db9ce-0265-4e6d-aca6-e87f0a2c9cc9,1,
347.0,0.0,0.0,0.0,67.0,,,fatsecret-40435,100,56.0,0.0,6.52,2026-02-14 16:34:57.421,2026-02-14 01:17:50.270,2.624,22.12,0.282,8.888889,Músculo Bovino,0.0,,2.4,152.0,g,,WE6JXtsOno,g,2.412,,com.sec.android.app.shealth,0.0,0.65789473,536d1683-5b67-4265-8c83-040376207c1a,100,
0.0,0.0,0.0,0.0,0.0,,,fatsecret-6267282,50,220.0,1.6,1.4,2026-02-14 01:17:50.275,2026-02-14 01:17:50.275,0.3,4.4,0.7,0.0,Pão de Hambúrguer com Gergelim(Pullman),4.2,,0.0,134.0,porção,,WE6JXtsOno,g,0.5,0.0,com.sec.android.app.shealth,26.0,0.37313432,0e938185-61a9-4a3a-ab8b-a9979820cac9,1,
,0.0,0.0,0.0,0.0,,,fatsecret-4556868,12,156.0,0.6,0.3,2026-02-14 01:18:53.532,2026-02-14 01:18:53.532,,0.3,,0.0,Mostarda Amarela(Heinz),0.5,,0.0,8.0,porção,,WE6JXtsOno,g,0.0,0.0,com.sec.android.app.shealth,0.8,1.5,e85f8918-c1d7-43ec-8b1c-8f625c758545,1,
,0.0,0.0,0.0,,,,fatsecret-23562383,30,90.0,1.4,7.5,2026-02-15 14:48:52.550,2026-02-14 16:33:42.553,,1.9,,0.0,Bis Black(Lacta),14.0,,0.0,151.0,porção,,WE6JXtsOno,g,4.1,0.0,com.sec.android.app.shealth,18.0,0.1986755,1d44b53f-3864-4473-a738-2f125f624832,1,
251.0,0.22,4.3333335,0.0,35.0,,,fatsecret-7168297,100,284.0,1.3,8.09,2026-02-15 02:28:32.840,2026-02-15 02:28:32.840,3.511,13.18,0.364,10.333333,Macarronada,1.55,,4.7,185.0,g,,WE6JXtsOno,g,3.171,0.451,com.sec.android.app.shealth,14.38,0.5405405,126dcf09-19ef-4463-9376-3c268039736c,100,
30.0,0.1,0.0,0.0,5.0,,,fatsecret-2842,20,192.0,0.1,4.93,2026-02-15 14:48:52.669,2026-02-15 14:48:52.669,2.325,1.74,0.932,1.8333334,Enroladinho de Salsicha,0.29,,3.1,65.0,unidade,,WE6JXtsOno,g,1.528,,com.sec.android.app.shealth,3.33,0.30769232,7876cf6c-e993-464a-84fd-722b552bdb80,1,
,0.0,0.0,0.0,,,,fatsecret-85817334,100,43.0,,7.1,2026-02-15 19:45:35.807,2026-02-15 19:45:35.807,,22.0,,0.0,Capa do Coxão Mole(Friboi),0.0,,0.0,153.0,porção,,WE6JXtsOno,g,3.1,0.4,com.sec.android.app.shealth,1.0,0.6535948,bc766488-b9f3-4514-a886-e07f740d2bda,1,
,0.0,0.0,0.0,,,,fatsecret-11149017,30,28.0,0.0,7.9,2026-02-15 19:46:27.168,2026-02-15 19:46:27.168,,1.4,,0.0,Wafer Chocolate(Renata),,,0.0,157.0,porção,,WE6JXtsOno,g,3.6,0.0,com.sec.android.app.shealth,20.0,0.1910828,40ab3840-6d38-4a13-9d30-b480dd64b977,1,
0.0,0.0,0.0,0.0,0.0,,,fatsecret-4512618,200,130.0,0.0,2.0,2026-02-21 15:48:57.132,2026-02-16 00:21:56.108,,6.0,,0.0,Leite Semidesnatado(Itambé),,,0.0,78.0,porção,,WE6JXtsOno,g,1.2,0.0,com.sec.android.app.shealth,9.0,2.5641026,c4b4cb2b-6c71-442d-8fd7-d761916bb931,1,
39.0,0.2,0.33333334,0.0,4.0,,,fatsecret-4353459,20,503.0,0.4,1.29,2026-02-16 15:44:10.101,2026-02-16 15:44:10.101,0.362,1.12,0.178,0.9444444,Creme de Milho,0.61,,1.6,35.0,colher de sopa,,WE6JXtsOno,g,0.648,,com.sec.android.app.shealth,4.86,0.5714286,3d6836e2-8e9c-4593-8e1f-3b6dd0041583,1,
,0.0,0.0,0.0,0.0,,,fatsecret-18356405,110,268.0,0.7,8.3,2026-02-16 15:44:10.102,2026-02-16 15:44:10.102,,25.0,,0.0,Iscas de Filé Mignon Acebolado(Liv Up),0.0,,0.0,190.0,porção,,WE6JXtsOno,g,3.6,0.0,com.sec.android.app.shealth,3.8,0.57894737,886cc672-9898-4300-8c9b-987cb8e50c14,1,
632.0,0.0,0.50000006,0.0,0.0,,,fatsecret-3351,100,308.0,3.3,47.77,2026-02-16 20:43:05.524,2026-02-16 20:43:05.524,25.923,16.84,8.546,33.61111,Castanhas de Caju,5.01,,4.3,581.0,g,,WE6JXtsOno,g,8.478,,com.sec.android.app.shealth,30.16,0.17211704,e3943b00-649e-4a0a-a720-3256182254a1,100,
,0.0,0.0,0.0,,,,fatsecret-18478655,15,0.0,6.1,8.2,2026-02-16 20:43:05.527,2026-02-16 20:43:05.527,,5.5,,0.0,Mix de Sementes(Natural Life),,,0.0,79.0,porção,,WE6JXtsOno,g,1.1,0.0,com.sec.android.app.shealth,3.0,0.18987341,ac13733c-bf90-4b2d-bb21-784f97dae0bf,1,
143.0,0.0,0.16666667,0.0,44.0,,,fatsecret-39955,98,670.0,,14.54,2026-02-17 01:15:35.170,2026-02-17 01:15:35.170,6.853,10.39,1.706,12.833333,Cachorro Quente,,,2.4,242.0,sanduíche,,WE6JXtsOno,g,5.109,,com.sec.android.app.shealth,18.03,0.40495867,e256ceaa-6d22-49a1-8f03-11f60cb00b76,1,
,0.0,0.0,0.0,0.0,,,fatsecret-13511417,30,52.0,0.0,8.1,2026-02-17 13:23:22.628,2026-02-17 13:23:22.628,0.0,0.9,0.0,0.0,Requeijão Cremoso(Carolina),0.2,,0.0,89.0,porção,,WE6JXtsOno,g,5.2,0.0,com.sec.android.app.shealth,3.0,0.33707866,09544a3d-1f3d-47f9-8ed9-cac5c6b8edda,1,
,0.0,0.0,0.0,1.0,,,fatsecret-2732611,30,174.0,2.0,2.3,2026-02-24 14:07:55.672,2026-02-17 13:38:43.565,,4.2,,0.0,Torrada Integral(Visconti),1.9,,0.0,114.0,porção,,WE6JXtsOno,g,1.0,0.0,com.sec.android.app.shealth,19.0,0.2631579,a0dad8ad-d3dc-4ff9-b132-a7fa9be44f27,1,
359.0,0.04,1.5,0.0,66.0,,,fatsecret-36207,100,49.0,0.0,5.41,2026-02-17 16:02:03.179,2026-02-17 16:02:03.179,2.42,20.54,0.58,6.666667,Carne de Porco do Lombo (Filé),,,0.5,136.0,g,,WE6JXtsOno,g,1.87,,com.sec.android.app.shealth,0.0,0.7352941,279e1668-e67a-4e3d-9958-1ebb7c0155b1,100,
179.0,0.62,4.1666665,0.0,39.0,,,fatsecret-4160,68,28.0,1.4,13.79,2026-02-17 16:02:03.180,2026-02-17 16:02:03.180,5.983,3.26,4.012,4.5,Banana Frita,9.28,,2.6,221.0,unidade,,WE6JXtsOno,g,2.989,,com.sec.android.app.shealth,22.24,0.30769232,703ee135-be8f-4613-a53b-af4f3cc97046,1,
236.0,6.1,17.0,0.0,0.0,,,fatsecret-7035009,100,2.0,1.4,0.09,2026-02-17 20:53:31.940,2026-02-17 20:53:31.940,0.007,1.37,0.039,4.111111,Abóbora Cabotia,2.38,,3.2,48.0,g,,WE6JXtsOno,g,0.019,,com.sec.android.app.shealth,12.22,2.0833333,d4869465-4012-42ef-ab8b-b4defbf01f51,100,
,0.0,0.0,0.0,0.0,,,fatsecret-14462091,100,60.0,0.0,5.0,2026-02-17 20:53:31.941,2026-02-17 20:53:31.941,,21.0,,0.0,Carne Moída de Patinho(Swift),,,0.0,129.0,porção,,WE6JXtsOno,g,2.5,0.0,com.sec.android.app.shealth,0.0,0.7751938,32347b3f-fc2b-480e-bdfc-ce1e461e482e,1,
,0.0,0.0,0.0,,,,fatsecret-8493957,100,2.0,6.4,2.4,2026-02-17 23:30:22.729,2026-02-17 23:30:22.729,,0.6,,0.0,Açaí Zero(Frooty),0.0,,0.0,62.0,porção,,WE6JXtsOno,g,0.5,0.0,com.sec.android.app.shealth,9.5,1.6129032,45b6ff85-2cf6-43dc-b280-9a7f48f86151,1,
,0.0,0.0,0.0,,,,fatsecret-42949672,60,25.0,0.1,2.5,2026-02-18 00:39:43.987,2026-02-18 00:39:43.987,,1.7,,0.0,Açaí Mesclado com Leite Condensado(Sloop),,,0.0,88.0,porção,,WE6JXtsOno,g,,,com.sec.android.app.shealth,22.0,0.6818182,bb3b7a53-fc93-4e73-9e97-0b70b323ec82,1,
,0.0,0.0,0.0,,,,fatsecret-10956220,100,60.0,0.0,1.0,2026-02-18 11:15:21.039,2026-02-18 11:15:21.039,,3.3,,0.0,Leite Semidesnatado(Itambé),4.6,,0.0,41.0,porção,,WE6JXtsOno,ml,0.5,0.0,com.sec.android.app.shealth,4.6,,b6a6ab89-8c06-44bd-bf8e-a7d7357ac447,1,
0.0,0.0,0.0,0.0,8.0,,,fatsecret-23385448,30,93.0,0.0,2.0,2026-02-24 14:07:55.608,2026-02-18 13:39:24.932,0.8,2.0,0.0,0.0,Creme de Ricota Light(Président),0.8,,0.0,32.0,porção,,WE6JXtsOno,g,1.2,0.0,com.sec.android.app.shealth,1.5,0.9375,56b205fb-acb1-4883-91e8-7f585066bc18,1,
236.0,6.24,38.0,0.0,0.0,,,fatsecret-111629472,100,23.0,1.4,0.22,2026-02-18 19:24:02.232,2026-02-18 19:24:02.232,0.029,1.49,0.096,7.7777777,Alface Crespa,0.83,,4.4,16.0,g,,WE6JXtsOno,g,0.031,,com.sec.android.app.shealth,2.9,6.0,1382df9e-7899-424e-a334-5f949115c5b2,100,
,0.0,0.0,0.0,3.0,,,fatsecret-6673640,10,47.0,0.0,1.6,2026-02-19 15:51:40.164,2026-02-18 19:24:02.234,,1.1,,0.0,Patê de Sardinha(Gomes da Costa),,,0.0,20.0,porção,,WE6JXtsOno,g,0.3,0.0,com.sec.android.app.shealth,0.0,0.5,e2c3252b-e3ad-4c6d-a754-cbc98c86b15b,1,
107.0,0.06,7.6666665,0.0,0.0,,,fatsecret-5367,100,1.0,2.4,0.17,2026-02-18 19:26:40.419,2026-02-18 19:25:23.048,0.007,0.26,0.051,0.6666667,Maçã,10.39,,0.6,52.0,g,,WE6JXtsOno,g,0.028,,com.sec.android.app.shealth,13.81,1.9230769,2f7b6e8b-5ebf-4e5d-95f4-6e802262921e,100,
104.0,0.0,0.0,0.0,0.0,,,fatsecret-37749,147,7.0,0.0,0.0,2026-02-19 01:38:47.011,2026-02-19 01:38:47.011,0.0,0.1,0.0,2.2222223,Vinho Branco de Mesa,1.41,,1.3,122.0,dose de 150 ml,,WE6JXtsOno,g,0.0,,com.sec.android.app.shealth,3.82,1.204918,072ef087-0954-446a-8396-be9a4b4bbbb2,1,
227.0,0.6,0.0,0.0,90.0,,,fatsecret-1680,100,412.0,0.0,11.06,2026-02-19 15:46:12.903,2026-02-19 15:46:12.903,4.215,26.8,2.479,7.3333335,"Coxa de Frango no Forno, Grelhada ou Assada",0.0,,1.2,214.0,g,,WE6JXtsOno,g,3.025,,com.sec.android.app.shealth,0.0,0.46728972,89af2ef9-cd21-4a1e-a4d3-0bfc233b1cb9,100,
250.0,0.0,0.0,0.0,0.0,,,fatsecret-8392714,73,66.0,0.0,8.0,2026-02-20 00:31:47.014,2026-02-20 00:31:47.014,,13.0,,0.0,Coxinha da Asa de Frango(Sadia),,,0.0,125.0,porção,,WE6JXtsOno,g,2.2,0.0,com.sec.android.app.shealth,0.0,0.584,48f1a47b-aaa5-4fdc-9a90-333b7194e000,1,
,0.0,0.0,0.0,,,,fatsecret-63114355,30,74.0,0.6,2.9,2026-02-20 16:45:12.410,2026-02-20 16:45:12.410,,2.6,,0.0,Biscoito de Maisena Passatempo(Nestlé),6.7,,0.0,126.0,porção,,WE6JXtsOno,g,1.3,,com.sec.android.app.shealth,22.0,0.23809524,c2056eb3-2075-49cd-90e4-3cc0c9db19b5,1,
173.0,0.68,11.0,0.0,25.0,,,fatsecret-6023906,100,171.0,0.6,5.24,2026-02-21 01:37:56.581,2026-02-21 01:37:56.581,2.981,10.1,0.672,8.055555,Risoto de Frango,0.68,,5.1,169.0,g,,WE6JXtsOno,g,1.239,0.0,com.sec.android.app.shealth,19.68,0.591716,9b4db28d-40dc-4c83-9991-ebd94d28f113,100,
,0.0,0.0,0.0,,,,fatsecret-50056278,100,0.0,0.9,0.7,2026-02-21 18:13:18.157,2026-02-21 18:13:18.157,,0.6,,0.0,Uva Verde(Doce Uva),,,0.0,65.0,porção,,WE6JXtsOno,g,,0.0,com.sec.android.app.shealth,17.0,1.5384616,80b81860-bf44-4b02-a0af-f527f6702b53,1,
222.0,0.0,0.0,0.0,71.0,,,fatsecret-20317058,100,52.0,0.0,10.9,2026-02-22 01:29:21.998,2026-02-22 01:29:21.998,4.802,27.09,0.369,14.888889,Acém Cozido,0.0,,1.3,214.0,g,,WE6JXtsOno,g,4.347,,com.sec.android.app.shealth,0.0,0.46728972,20aa2562-1f87-4642-a68c-a9b20b239343,100,
,0.0,0.0,0.0,0.0,,,fatsecret-5850901,50,237.0,1.1,2.1,2026-02-22 01:29:21.999,2026-02-22 01:29:21.999,,3.8,,0.0,Pão de Hamburguer(Panco),,,0.0,148.0,porção,,WE6JXtsOno,g,0.7,0.0,com.sec.android.app.shealth,27.0,0.33783785,f86ce7d1-00f8-4aeb-980b-af0762ffc42d,1,
40.0,0.14,3.6666667,0.0,0.0,,,fatsecret-519595,17,1.0,0.2,0.03,2026-02-22 01:30:46.167,2026-02-22 01:30:46.167,0.009,0.15,0.023,0.2777778,Tomates Cereja,0.45,,0.2,3.0,cereja,,WE6JXtsOno,g,0.008,,com.sec.android.app.shealth,0.67,5.6666665,3e990962-76d8-4982-b197-888bb43b96e2,1,
320.0,0.0,0.0,0.0,73.0,,,fatsecret-66761687,100,52.0,0.0,7.52,2026-02-22 20:56:02.082,2026-02-22 15:08:11.328,3.062,29.57,0.313,14.555555,Miolo de Paleta,0.0,,0.9,194.0,g,,WE6JXtsOno,g,2.729,,com.sec.android.app.shealth,0.0,0.5154639,431bc851-2906-4d35-8ced-d22a7d4b0566,100,
153.0,0.02,98.0,0.0,0.0,,,fatsecret-35976,100,1.0,2.0,0.3,2026-02-23 01:20:07.212,2026-02-23 01:20:07.212,0.043,0.67,0.155,2.3333333,Morangos,4.66,,1.6,32.0,g,,WE6JXtsOno,g,0.015,,com.sec.android.app.shealth,7.68,3.125,ee72edf7-3cbe-4283-bcb2-e1e747c53c1a,100,
,0.0,0.0,0.0,,,,fatsecret-12705478,20,30.0,0.9,5.1,2026-02-23 01:20:07.214,2026-02-23 01:20:07.214,,2.7,,0.0,Paçoca Creme(Mindy),,,0.0,100.0,porção,,WE6JXtsOno,g,1.0,0.0,com.sec.android.app.shealth,11.0,0.2,d5814f3f-0f43-4bab-9917-b3ef5ffe3bdd,1,
230.0,0.72,6.5,0.0,11.0,,,fatsecret-8113579,100,264.0,1.5,4.08,2026-02-23 15:48:29.730,2026-02-23 15:48:29.730,1.002,3.66,0.273,5.9444447,Nhoque,1.83,,3.7,154.0,g,,WE6JXtsOno,g,2.417,,com.sec.android.app.shealth,25.73,0.64935064,c8442dae-5fde-417d-8ad4-d8585a97d58a,100,
,0.0,0.0,0.0,,,,fatsecret-83077364,80,60.0,,3.3,2026-02-24 00:53:40.862,2026-02-24 00:53:40.862,,3.3,,0.0,Iogurte Natural Integral Zero Lactose(Nestlé),3.2,,0.0,55.0,porção,,WE6JXtsOno,g,2.1,,com.sec.android.app.shealth,3.2,1.4545455,bab4db68-b5f4-4dd6-bf12-ee42e2fc6511,1,
,0.0,0.0,0.0,0.0,,,fatsecret-9539744,200,120.0,1.0,0.0,2026-02-24 00:54:41.954,2026-02-24 00:54:41.954,,5.2,,0.0,Iogurte Morango Zero Gorduras (200ml)(Molico),,,0.0,52.0,porção,,WE6JXtsOno,ml,0.0,0.0,com.sec.android.app.shealth,7.8,,455b742f-f857-42e3-b317-f0e4f7cb4262,1,
215.0,0.2,6.8333335,0.0,0.0,,,fatsecret-7079524,90,206.0,2.4,0.63,2026-02-24 00:56:12.159,2026-02-24 00:56:12.159,0.185,2.67,0.298,2.8888888,Milho Verde Cozido,3.08,,0.3,80.0,espiga,,WE6JXtsOno,g,0.098,,com.sec.android.app.shealth,19.14,1.125,294ba683-7461-4ae0-9296-faaa90409738,1,
163.0,0.0,0.0,0.0,56.0,,,fatsecret-1875,100,1246.0,0.0,25.39,2026-02-24 14:07:29.615,2026-02-24 14:07:29.615,11.38,16.37,3.12,7.7777777,Mortadela,0.0,,1.8,311.0,g,,WE6JXtsOno,g,9.51,,com.sec.android.app.shealth,3.05,0.3215434,3c03aa84-9408-4046-b301-42ea47146e9b,100,
