﻿com.samsung.shealth.tracker.heart_rate,6307003,3
source,tag_id,com.samsung.health.heart_rate.create_sh_ver,com.samsung.health.heart_rate.heart_beat_count,com.samsung.health.heart_rate.start_time,com.samsung.health.heart_rate.custom,com.samsung.health.heart_rate.binning_data,com.samsung.health.heart_rate.modify_sh_ver,com.samsung.health.heart_rate.update_time,com.samsung.health.heart_rate.create_time,com.samsung.health.heart_rate.client_data_id,com.samsung.health.heart_rate.max,com.samsung.health.heart_rate.min,com.samsung.health.heart_rate.client_data_ver,com.samsung.health.heart_rate.time_offset,com.samsung.health.heart_rate.deviceuuid,com.samsung.health.heart_rate.comment,com.samsung.health.heart_rate.pkg_name,com.samsung.health.heart_rate.end_time,com.samsung.health.heart_rate.datauuid,com.samsung.health.heart_rate.heart_rate
,20000,,0,2023-01-22 19:00:36.179,,,,2023-01-22 19:00:43.611,2023-01-22 19:00:43.611,,103.0,103.0,,UTC-0400,oAqnaMFJ0j,,com.sec.android.app.shealth,2023-01-22 19:00:38.404,53a03b23-139c-4ebb-9d9b-7bce4221044a,103.0,
,21301,,0,2021-12-17 23:39:44.626,,,,2021-12-17 23:39:52.344,2021-12-17 23:39:52.344,,77.0,77.0,,UTC-0300,oAqnaMFJ0j,,com.sec.android.app.shealth,2021-12-17 23:39:47.867,808006fc-f20a-45de-927f-c181a0beab1e,77.0,
,21000,,0,2023-06-06 13:34:31.371,,,,2023-06-06 13:34:54.744,2023-06-06 13:34:54.744,,70.0,70.0,,UTC-0400,oAqnaMFJ0j,,com.sec.android.app.shealth,2023-06-06 13:34:35.486,f6ac137c-c87f-4a77-a5ef-e338602b7aa9,70.0,
60009,20000,,0,2021-12-17 23:40:18.838,,,,2021-12-17 23:40:52.660,2021-12-17 23:40:52.660,,77.0,77.0,,UTC-0300,oAqnaMFJ0j,,com.sec.android.app.shealth,2021-12-17 23:40:18.838,3c31ac88-0237-45d5-8102-5744c910c8da,77.0,
,21301,,0,2021-09-07 01:04:40.070,,,,2021-09-07 01:04:48.844,2021-09-07 01:04:48.844,,79.0,79.0,,UTC-0400,oAqnaMFJ0j,,com.sec.android.app.shealth,2021-09-07 01:04:42.910,4213e6be-0101-43a9-90b2-e76673d9681f,79.0,
,21000,,0,2023-06-06 13:36:44.538,,,,2023-06-06 13:36:53.095,2023-06-06 13:36:53.095,,56.0,56.0,,UTC-0400,oAqnaMFJ0j,,com.sec.android.app.shealth,2023-06-06 13:36:48.722,3d9927ea-a5a0-474e-ba1c-48220e833b9d,56.0,
60009,20000,,0,2023-06-06 13:35:56.403,,,,2023-06-06 13:36:19.355,2023-06-06 13:36:19.355,,53.0,53.0,,UTC-0400,oAqnaMFJ0j,,com.sec.android.app.shealth,2023-06-06 13:35:56.403,8e872e69-6200-4da5-8e96-99bbe74d30bc,53.0,
,21310,,0,2023-11-14 01:36:41.959,,,,2023-11-14 01:36:50.985,2023-11-14 01:36:50.985,,128.0,128.0,,UTC-0400,oAqnaMFJ0j,,com.sec.android.app.shealth,2023-11-14 01:36:44.250,d065f96f-8c36-47a6-ae42-857d07cf1ee4,128.0,
,21310,,0,2023-11-14 01:30:06.772,,,,2023-11-14 01:31:49.206,2023-11-14 01:31:49.206,,129.0,129.0,,UTC-0400,oAqnaMFJ0j,,com.sec.android.app.shealth,2023-11-14 01:31:45.270,a955c90e-200f-40e8-bfa5-4df6da05d55f,129.0,
60009,20000,,0,2023-11-13 17:05:55.334,,,,2023-11-13 17:06:23.985,2023-11-13 17:06:23.985,,72.0,72.0,,UTC-0400,oAqnaMFJ0j,,com.sec.android.app.shealth,2023-11-13 17:05:55.334,e08cb7ae-fcdd-4c0f-98bb-b5b09ae55a83,72.0,
60009,20000,,0,2023-11-14 01:32:14.255,,,,2023-11-14 01:32:38.449,2023-11-14 01:32:38.449,,131.0,131.0,,UTC-0400,oAqnaMFJ0j,,com.sec.android.app.shealth,2023-11-14 01:32:14.255,364e083c-008c-4ef4-94fd-d7bc723bc39c,131.0,
,21301,,0,2023-11-13 17:04:38.063,,,,2023-11-13 17:04:56.480,2023-11-13 17:04:56.480,,70.0,70.0,,UTC-0400,oAqnaMFJ0j,,com.sec.android.app.shealth,2023-11-13 17:04:41.506,20df594c-cabd-4bb9-9acc-6657b3000673,70.0,
,21310,,0,2023-11-17 01:27:12.154,,,,2023-11-17 01:27:34.065,2023-11-17 01:27:34.065,,89.0,89.0,,UTC-0400,oAqnaMFJ0j,,com.sec.android.app.shealth,2023-11-17 01:27:14.797,e6c425a5-a3d4-440c-9fb0-761d0e55b9ed,89.0,
60009,20000,,0,2023-11-17 02:27:58.173,,,,2023-11-17 02:28:22.381,2023-11-17 02:28:22.381,,80.0,80.0,,UTC-0400,oAqnaMFJ0j,,com.sec.android.app.shealth,2023-11-17 02:27:58.173,4d22b4c5-8efa-4f4e-a75e-d25c860b7172,80.0,
,21000,,0,2023-11-14 12:12:29.798,,,,2023-11-14 12:12:39.999,2023-11-14 12:12:39.999,,61.0,61.0,,UTC-0400,oAqnaMFJ0j,,com.sec.android.app.shealth,2023-11-14 12:12:33.748,ff16236d-62ac-4893-93f5-73af06abb686,61.0,
,21310,,0,2023-11-15 01:08:41.347,,,,2023-11-15 01:08:47.114,2023-11-15 01:08:47.114,,101.0,101.0,,UTC-0400,oAqnaMFJ0j,,com.sec.android.app.shealth,2023-11-15 01:08:43.655,1ca83487-4993-4c26-89a9-21cfa7bbb5a2,101.0,
,21301,,0,2023-11-28 11:12:51.427,,,,2023-11-28 11:13:04.486,2023-11-28 11:13:04.486,,80.0,80.0,,UTC-0400,oAqnaMFJ0j,,com.sec.android.app.shealth,2023-11-28 11:12:54.224,0db557a8-789f-4a6b-aded-ec34e6cdbe74,80.0,
60009,20000,,0,2023-11-30 03:57:27.536,,,,2023-11-30 03:57:50.479,2023-11-30 03:57:50.479,,68.0,68.0,,UTC-0400,oAqnaMFJ0j,,com.sec.android.app.shealth,2023-11-30 03:57:27.536,7d94eae0-c183-4b0f-b675-c92b4db11f1c,68.0,
,21301,,0,2023-11-30 03:56:58.449,,,,2023-11-30 03:57:06.742,2023-11-30 03:57:06.742,,89.0,89.0,,UTC-0400,oAqnaMFJ0j,,com.sec.android.app.shealth,2023-11-30 03:57:01.076,e7585539-bde8-41e3-9875-bd8e55f86d9e,89.0,
