﻿com.samsung.shealth.hsp.references,6307003,1
hsp_id,shealth_id,update_time,create_time,shealth_data_type,deviceuuid,pkg_name,datauuid
c1752708-cf8d-4b7f-a4d3-1d890791f55d,b4f716dd-24a8-4ee4-a41d-791d2e3c7e88,2026-02-18 11:19:57.933,2026-02-18 11:19:57.933,10000,WE6JXtsOno,com.sec.android.app.shealth,bd1a2d90-7831-4e3a-a4d2-ef023a8fc325,
2f6860a0-18e5-4d09-b441-50ad306171e2,90aaf9ef-bc80-44a3-b39b-0fdf8b8eec86,2026-02-18 12:06:22.463,2026-02-18 12:06:22.463,10002,WE6JXtsOno,com.sec.android.app.shealth,5c3995be-f84c-4ccb-a4db-c9e0aa800daa,
3032e64f-046f-43be-8251-c06e16921bae,3689bf48-4db2-49a2-becf-6cbd48d4109e,2026-02-18 12:26:19.526,2026-02-18 12:26:19.526,10011,WE6JXtsOno,com.sec.android.app.shealth,e81b33b1-6626-4d27-9271-c654f36ed4ad,
5d2a46c8-83ea-48ba-b5c7-35260d990a65,3597f229-4c10-4202-8395-d09e29b4554f,2026-02-18 13:39:30.168,2026-02-18 13:39:30.168,10011,WE6JXtsOno,com.sec.android.app.shealth,fc83f88d-7578-4a1b-a311-973e9eeedffa,
273d6dc8-a9f1-4957-b4ff-875d653b624c,2e441074-a0b7-42c7-b7bd-44be2cd4252f,2026-02-18 19:23:12.878,2026-02-18 19:23:12.878,10011,WE6JXtsOno,com.sec.android.app.shealth,01de6db8-e0a7-4b9b-8061-9919eea14e0c,
a7a03bb5-a33e-476d-a68c-e1bb6341e2fc,7bf55d2a-a876-4e63-828a-b77e2cb5b3e1,2026-02-18 19:23:12.898,2026-02-18 19:23:12.898,10011,WE6JXtsOno,com.sec.android.app.shealth,969b38f6-e056-4f76-880b-8c028fe7c659,
a8e09087-d436-40e8-94d6-9dd5f5ee906a,6bec7d15-bdd6-4c8c-90bd-0fad960f02b9,2026-02-18 19:24:07.481,2026-02-18 19:24:07.481,10011,WE6JXtsOno,com.sec.android.app.shealth,4dd4f3b5-bd3c-4a6f-a529-ea4a0605817f,
0388d2a3-4cd0-4c55-acfc-2cf655132785,e7909eb4-2f00-41af-8a48-a23858114091,2026-02-19 00:33:03.978,2026-02-19 00:33:03.978,10011,WE6JXtsOno,com.sec.android.app.shealth,288edf9c-e561-4a9c-a499-0462b8012fe8,
a4bb8d17-3552-4220-831a-9c36e6dccd63,2960a984-e5b9-443e-aab3-948fbe31c53b,2026-02-19 00:53:21.241,2026-02-19 00:53:21.241,10001,WE6JXtsOno,com.sec.android.app.shealth,9c61396e-9a84-4fc5-8b81-2e9a6e1039c4,
d25a811c-ac38-4a96-857c-1a07223d73c4,cbd4ea04-4edb-424d-9457-29f73e5ea0d9,2026-02-19 00:53:34.276,2026-02-19 00:53:34.276,10001,WE6JXtsOno,com.sec.android.app.shealth,4a0833c4-ba78-4df7-ac69-43764af86660,
ca424bcf-0e98-46b7-9999-5371375685e9,4fa7d969-b943-46ad-b85e-9cb177cbfc7b,2026-02-19 10:24:10.959,2026-02-19 10:24:10.959,10000,WE6JXtsOno,com.sec.android.app.shealth,25537e6c-9388-42f7-9905-7a8c1c0027ae,
1b048220-c912-4928-9230-1998cfb53ca5,b5429181-0cb5-451c-a43c-62a6b350ae43,2026-02-19 15:42:38.304,2026-02-19 15:42:38.304,10002,WE6JXtsOno,com.sec.android.app.shealth,21357b3e-b422-4062-bfc3-7451853f7161,
909fddb0-3cd1-42f9-9e64-31a8b1534ed4,ea38f668-4539-4e8d-a030-dd1ba05d21ab,2026-02-19 15:43:44.696,2026-02-19 15:43:44.696,10011,WE6JXtsOno,com.sec.android.app.shealth,31b16191-ab4a-47ca-84b8-f2eca5e2a983,
c4920d92-dd7e-4708-a0b3-76a126d0e29c,b3676c75-dead-4c04-9cd1-c28e8f71ef0c,2026-02-19 15:46:18.235,2026-02-19 15:46:18.235,10011,WE6JXtsOno,com.sec.android.app.shealth,f45ce2ac-2511-4165-a43d-a88a9bd18c08,
b28479a6-0db2-4ba7-b6f6-fc0f3756fc37,3a90c30a-51d1-4081-b791-27b86409468f,2026-02-19 15:46:56.092,2026-02-19 15:46:56.092,10011,WE6JXtsOno,com.sec.android.app.shealth,291a0302-c0a4-45a5-97b2-9245786c460a,
aa881e81-d19c-4fb4-8644-4b350ddefc7c,549d8b9a-cba4-40cb-98b9-623fb82afcfd,2026-02-19 15:51:45.621,2026-02-19 15:51:45.621,10011,WE6JXtsOno,com.sec.android.app.shealth,d485288e-f017-49c0-b399-a4bd8b38f0d4,
33241886-5cfe-49c9-92a0-303340461da0,17611be7-d7dd-4564-9811-7da52ecb7700,2026-02-20 00:31:52.159,2026-02-20 00:31:52.159,10011,WE6JXtsOno,com.sec.android.app.shealth,816e1548-4df9-49b5-915b-8b14ccdb834f,
299f9bed-36e9-4f57-9e52-32abc53c2c5b,4c3438a2-c2a0-4deb-a986-a1aa1cd6a18a,2026-02-20 10:33:14.552,2026-02-20 10:33:14.552,10000,WE6JXtsOno,com.sec.android.app.shealth,4451022b-9967-4d1e-9bf8-d703198841f9,
f849af84-7c03-425b-bf69-646f54654244,b1ef1b2a-46e8-46c3-9588-ba5aa67ff3b3,2026-02-20 11:21:19.814,2026-02-20 11:21:19.814,10002,WE6JXtsOno,com.sec.android.app.shealth,6af934a1-4a17-431a-8d01-22b33fa3a81b,
3be86bd4-571b-4187-93ab-9ec54cde00a0,c7c4ac51-67ec-4de8-b079-fe512297fbb5,2026-02-20 11:33:42.621,2026-02-20 11:33:42.621,10011,WE6JXtsOno,com.sec.android.app.shealth,525487a2-34ac-4c83-9fab-1a38e6c60170,
dfc584a7-c9f4-4118-a208-6183eb8b466a,84dc11f3-afe6-4ff8-ba01-0ff93012eb8c,2026-02-20 16:45:52.321,2026-02-20 16:45:52.321,10011,WE6JXtsOno,com.sec.android.app.shealth,dbc0083b-29b0-4915-8dde-bfbcb133bd82,
4151f397-6673-4385-af89-01b7d14117c8,e7753246-3060-46a7-8807-312190d85c75,2026-02-20 17:02:39.254,2026-02-20 17:02:39.254,10011,WE6JXtsOno,com.sec.android.app.shealth,c778ebe0-d57b-41be-8665-751cbf482b4a,
8df77123-a53d-4d33-add7-9185f9e77cd3,147e48f7-106d-43cf-b6e9-046cc92142eb,2026-02-21 01:05:24.981,2026-02-21 01:05:24.981,10011,WE6JXtsOno,com.sec.android.app.shealth,cbe259b4-8de1-4a86-8346-30aef2463f11,
65b27540-3ae1-422d-9a55-4dce359bea36,5c1e0a0a-073f-4127-8e4f-933c231afaf6,2026-02-21 01:37:29.219,2026-02-21 01:37:29.219,10011,WE6JXtsOno,com.sec.android.app.shealth,066e5b49-8fcb-4000-9245-c71b4178806c,
7cdbe10e-fc42-4744-82ea-de34493566cc,9d7f88a8-e45d-4be2-a597-a77a959f0ac5,2026-02-21 01:38:01.832,2026-02-21 01:38:01.832,10011,WE6JXtsOno,com.sec.android.app.shealth,b913afb2-a835-4b3d-b167-2f0fef517f7a,
38a6ad6b-71b0-4297-bb56-c202500729b9,4dfd5798-85b2-48a7-998e-0c76501cf925,2026-02-21 02:01:53.684,2026-02-21 02:01:53.684,10001,WE6JXtsOno,com.sec.android.app.shealth,a53a93d0-4dec-451d-95e6-c6c9281d9a5f,
5dca0e1f-be4b-4515-9036-9e14a75b7f18,3cc6a410-359c-49dc-9681-b25e61c85400,2026-02-21 02:02:07.650,2026-02-21 02:02:07.650,10001,WE6JXtsOno,com.sec.android.app.shealth,cf4fc561-e5e4-4a63-b8f3-d27de9782d19,
2a14b308-a73b-443c-9ddf-dcdbe700ab78,5821113e-6644-4806-b1d5-1611adf7e639,2026-02-21 02:03:38.931,2026-02-21 02:03:38.931,10008,WE6JXtsOno,com.sec.android.app.shealth,217a527d-4e50-4f0a-b856-39131ade8649,
3ed5d9ff-383c-4185-89c4-1321b7410cc7,9ebd9b84-a7ea-470e-85c8-786a34200932,2026-02-21 13:32:40.842,2026-02-21 13:32:40.842,10000,WE6JXtsOno,com.sec.android.app.shealth,6f993717-1c8f-409f-a3e8-6a29a692e6d7,
047a5d85-8430-441f-91ef-997b9db3c6d1,e630cd09-0bb7-412f-b342-dfdffcaceae9,2026-02-21 15:28:16.813,2026-02-21 15:28:16.813,10002,WE6JXtsOno,com.sec.android.app.shealth,72eaaa8c-5f2c-469c-af55-c423b9869780,
070ea2e3-3f48-4551-8a21-9672cdc9e670,179c4b01-a291-4769-8f62-dbd199e9b11b,2026-02-21 15:29:49.274,2026-02-21 15:29:49.274,10011,WE6JXtsOno,com.sec.android.app.shealth,86a6d796-dd28-4e90-b230-fc832f2ef220,
39951ac3-d1e7-4b4b-8d60-115db25e020d,1eb14481-f0cd-45f5-be59-276353b68fcc,2026-02-21 15:30:14.939,2026-02-21 15:30:14.939,10011,WE6JXtsOno,com.sec.android.app.shealth,40f250f1-8f73-40c1-be4e-16527fa48e4a,
973699a5-1c6d-4fa9-af61-f8aaaf41ae04,c45e61b3-1a1b-4987-a279-126b62e1ec1c,2026-02-21 15:49:02.526,2026-02-21 15:49:02.526,10011,WE6JXtsOno,com.sec.android.app.shealth,44919dab-9e6c-453f-b5bd-3ed1f1be0ffa,
7cf0e65f-b9b7-41ec-a303-9cb2f97fa1e7,52ffa2e2-9b0a-41be-b5ae-5ae1b1f08e92,2026-02-21 18:13:23.402,2026-02-21 18:13:23.402,10011,WE6JXtsOno,com.sec.android.app.shealth,785cc75e-ef63-4dd2-a924-4d5bf5e5688b,
b905208b-b7d7-460d-9ce8-c8aa24fe572b,54e5df2b-c445-4ee1-a768-1195e71fddd2,2026-02-22 01:29:27.301,2026-02-22 01:29:27.301,10011,WE6JXtsOno,com.sec.android.app.shealth,f32175ca-8189-4820-b2e8-9eeb661d37cf,
c925d2b4-b4f2-4a89-aa2a-2abe25686c7d,492765cf-3680-43f8-b5cf-4a7e50942aea,2026-02-22 01:30:10.853,2026-02-22 01:30:10.853,10011,WE6JXtsOno,com.sec.android.app.shealth,749308d6-900d-4624-a115-3ecc851e2612,
b8aae076-a065-402e-8a8e-6ef3f783bf1b,ee8e6d0c-8eb3-4747-a05c-6d0dae4ecd17,2026-02-22 01:32:11.799,2026-02-22 01:32:11.799,10001,WE6JXtsOno,com.sec.android.app.shealth,279eebd3-0e0f-485b-bd0f-620218d368a7,
0cfeecb7-6ede-4000-8223-11297f38dcf9,e302afa2-e00b-4058-a7f5-3830152206ef,2026-02-22 15:06:10.806,2026-02-22 15:06:10.806,10002,WE6JXtsOno,com.sec.android.app.shealth,d6b288fe-0baa-4690-aa51-96bc38b76f2e,
f8d296f6-9806-48c7-9b26-3c4795b4730e,1a54d0d3-1cee-40a4-8bfb-ae895de04ef5,2026-02-22 15:08:16.526,2026-02-22 15:08:16.526,10011,WE6JXtsOno,com.sec.android.app.shealth,329ce36e-4b09-4f1d-88aa-777c31159953,
68be21a8-64a2-466f-8ea6-9841c0a1c44c,2c84fadb-a914-4b98-a98e-e34d8da91752,2026-02-22 16:04:22.386,2026-02-22 16:04:22.386,10000,WE6JXtsOno,com.sec.android.app.shealth,1e3c00d4-2d4b-4b0c-a206-18a8575b313f,
86a45ebc-6168-47cd-96ea-1cdafdbb57e9,ada237b7-fc45-4415-9a09-888d606a9ee2,2026-02-22 17:18:20.188,2026-02-22 17:18:20.188,10001,WE6JXtsOno,com.sec.android.app.shealth,f47d600d-a727-4851-82fe-770f938f1c33,
97d4ea77-36d0-447e-8714-0655eac2a553,9c9a37f0-26f4-48e3-9d54-54ea61017ba5,2026-02-22 17:20:22.038,2026-02-22 17:20:22.038,10008,WE6JXtsOno,com.sec.android.app.shealth,39494836-a52a-4392-bfa7-e7601c1ec6bb,
1c3ec029-87cf-431b-88e5-ef4d354f990a,34afc794-dd44-4134-980b-13ccecb7378d,2026-02-22 20:56:07.490,2026-02-22 20:56:07.490,10011,WE6JXtsOno,com.sec.android.app.shealth,8239d027-fc4e-4e7f-bba3-6a815a37948a,
d294a113-51a9-4200-875c-0f31e9a0388b,b85c9efa-066c-46d6-8856-98a8540e252b,2026-02-22 21:53:17.834,2026-02-22 21:53:17.834,10011,WE6JXtsOno,com.sec.android.app.shealth,b83451ec-803a-4e99-9043-7a4dcc80ea58,
05ef7016-e4d0-4a03-aefd-fa9969b9f326,e8893859-9e9d-4571-8dd3-c4e8dcb01cb5,2026-02-23 00:05:11.671,2026-02-23 00:05:11.671,10011,WE6JXtsOno,com.sec.android.app.shealth,658e7f0a-f363-4ec1-8704-d1f93a451f5c,
6deadd1e-d672-4c2c-81ac-53d48bb62e4b,7e4f9713-893c-431c-982e-214d34bd4a31,2026-02-23 01:20:12.538,2026-02-23 01:20:12.538,10011,WE6JXtsOno,com.sec.android.app.shealth,bbb85c8e-da90-4d71-ae49-3f235805f3f3,
9cff4d7e-ad6a-414f-94d9-6ebe6b709615,26a792ae-1a2e-4eec-8d75-ba744c958bcd,2026-02-23 10:35:07.182,2026-02-23 10:35:07.182,10000,WE6JXtsOno,com.sec.android.app.shealth,a6b62e83-fe6c-46c9-bc76-65ab62c70187,
ef1efbfc-8452-4a4f-b518-5907ee736998,b58925ca-eb91-442f-8198-c73df97583e6,2026-02-23 13:48:33.816,2026-02-23 13:48:33.816,10002,WE6JXtsOno,com.sec.android.app.shealth,2f6b7243-2d58-48cd-a52e-fd2397f9c66a,
09ed1bd2-ef28-4854-8f40-49bd3a26b477,791ba5d6-2795-4a65-b3bf-7a7c8b5d6556,2026-02-23 13:49:17.849,2026-02-23 13:49:17.849,10011,WE6JXtsOno,com.sec.android.app.shealth,73e761ef-d652-43fe-b220-e55f6ed27abf,
7a18ae2c-c9c5-4af9-ba37-72ef73ad55a8,3d1d7c89-7c2b-4d18-9c6a-b6437ef315f3,2026-02-23 13:49:45.785,2026-02-23 13:49:45.785,10011,WE6JXtsOno,com.sec.android.app.shealth,a70ea942-3c19-45db-99d3-878db3164e17,
8d8d5c49-af07-4d55-a487-468e32006747,b42f33b1-5310-4540-b23f-d51a4842d6ca,2026-02-23 15:48:35.111,2026-02-23 15:48:35.111,10011,WE6JXtsOno,com.sec.android.app.shealth,ac8e1779-c0c7-4660-9046-22d69243acf8,
efe9f609-c16a-406e-bf7d-f20003dd9b79,60745bb9-686d-4499-a22c-29aa32578618,2026-02-23 23:14:59.421,2026-02-23 23:14:59.421,10011,WE6JXtsOno,com.sec.android.app.shealth,0e541326-5b43-43b8-bb21-f2c52fe3f9de,
a31b2609-6dfa-40e2-8f67-858dfb25c578,9f815298-a3a8-4d7a-981a-8352c9babc5d,2026-02-24 00:53:46.196,2026-02-24 00:53:46.196,10011,WE6JXtsOno,com.sec.android.app.shealth,2ef2e64e-538e-4cb6-91c0-4b9b5caf3233,
335b25d5-81e8-4561-8d76-fa917b9be642,b5dd18d2-fe70-4ccd-ace2-92ad00c19498,2026-02-24 00:55:18.815,2026-02-24 00:55:18.815,10011,WE6JXtsOno,com.sec.android.app.shealth,f28c220f-df20-45bd-b0ac-ec04f28885ae,
df9ceb50-e058-4f21-8b6f-b143458c3eae,d073f08e-edc8-4361-b671-ee873c112e7d,2026-02-24 10:23:55.043,2026-02-24 10:23:55.043,10000,WE6JXtsOno,com.sec.android.app.shealth,4572d543-2a5f-47cf-80bf-a1a07575980d,
d717b409-1f40-4250-915d-b085f5238d1e,e5d57e17-3d3c-4277-befe-148c5f0cad9f,2026-02-24 14:06:30.965,2026-02-24 14:06:30.965,10002,WE6JXtsOno,com.sec.android.app.shealth,9fdfd46e-ad54-4df6-a761-546bd286c056,
bb11622c-68ae-4b15-90ee-1103424cc3c1,c26de757-39e8-479c-a140-5c1e048b3c6a,2026-02-24 14:07:34.901,2026-02-24 14:07:34.901,10011,WE6JXtsOno,com.sec.android.app.shealth,bfe3cbc9-1dcf-445e-a194-89e01366877f,
213a835d-aed1-49d9-9ec9-2c64b1bdbcae,7d56885e-9056-4c99-97b0-79fa05e30f08,2026-02-24 14:08:00.920,2026-02-24 14:08:00.920,10011,WE6JXtsOno,com.sec.android.app.shealth,f9ae022b-b5d9-470a-8e38-6619ad5b11f2,
9a090579-8d44-4335-b2c8-7ec013442815,a97bd8eb-b898-4b4c-bb8c-75c920f4582f,2026-02-24 14:08:51.751,2026-02-24 14:08:51.751,10001,WE6JXtsOno,com.sec.android.app.shealth,0e5b7e4e-32c0-448f-a34b-e3e8932b2045,
11d7cec8-7af5-4c38-bf0e-33ea46560a43,afafbcdb-d402-466c-860a-d97d0e05e4af,2026-02-24 14:09:03.239,2026-02-24 14:09:03.239,10001,WE6JXtsOno,com.sec.android.app.shealth,18bcd690-b6ca-417f-8617-95742358c40e,
87b2ff2a-a9fb-403c-8708-9387b8681936,89ac0535-e004-4e63-a55a-3bb41b9db4c1,2026-02-24 19:01:39.777,2026-02-24 19:01:39.777,10011,WE6JXtsOno,com.sec.android.app.shealth,fceb70ed-ab53-45a1-be91-1430533b01ae,
b92019b7-89ba-4754-b76d-56f8c96ba013,a070c387-53f1-4e16-8880-fd3074069328,2026-02-24 19:01:59.554,2026-02-24 19:01:59.554,10011,WE6JXtsOno,com.sec.android.app.shealth,edc73a5a-ac97-4dd5-a0df-ccc10ba34ed1,
83074a02-f0e0-4718-bf50-428a7638c678,157cd06b-1717-401e-ac58-9b8bedf3f508,2026-02-25 10:05:18.253,2026-02-25 10:05:18.253,10011,WE6JXtsOno,com.sec.android.app.shealth,243071db-c186-4155-a6d1-5223c6401ebe,
0a00bdb0-49d2-46db-a446-c865ace1853e,d800dcd2-e3c2-4244-ba9a-44df0ba49956,2026-02-25 10:06:17.470,2026-02-25 10:06:17.470,10000,WE6JXtsOno,com.sec.android.app.shealth,4b2fe845-0cb2-44fa-8866-20b5f40d207b,
7705ac17-421b-4cec-962d-71a24976dca5,1063e3c3-6d83-4155-888a-d307776b57a4,2026-02-25 12:45:48.016,2026-02-25 12:45:48.016,10011,WE6JXtsOno,com.sec.android.app.shealth,9f995ccc-9a36-4f64-ae74-68bdd98dcd7b,
528471a0-10d4-4f8c-98b9-91c5ed200884,cac0d624-af4b-442b-ace1-0673036eecbc,2026-02-25 12:46:05.699,2026-02-25 12:46:05.699,10002,WE6JXtsOno,com.sec.android.app.shealth,8cf07983-a686-436c-beb1-004015cc6172,
