﻿com.samsung.shealth.rewards,6307003,5
number_of_streak,start_time,exercise_type,device_type,exercise_session_id,update_time,create_time,source_pkg_name,program_id,title,time_offset,extra_data,deviceuuid,pkg_name,controller_id,end_time,datauuid,is_visible
,2021-11-08 03:00:00.000,,10009,,2021-11-14 11:24:18.257,2021-11-08 19:33:54.055,,,tracker_pedometer_reward_target_achieved,UTC-0300,"{""mTarget"":6000,""mValue"":8106}",oAqnaMFJ0j,com.sec.android.app.shealth,tracker.pedometer,2021-11-08 03:00:00.000,3bfb4704-f9f5-40bc-ada9-949649d30972,1,
,2022-04-19 03:00:00.000,,10009,,2022-04-25 03:00:03.062,2022-04-19 21:48:16.178,,,tracker_pedometer_reward_target_achieved,UTC-0300,"{""mTarget"":6000,""mValue"":6899}",oAqnaMFJ0j,com.sec.android.app.shealth,tracker.pedometer,2022-04-19 03:00:00.000,7067de1c-2d36-493c-9f9e-1c9a8efc31ef,1,
,2022-02-18 03:00:00.000,,10009,,2022-02-24 03:00:02.158,2022-02-18 23:17:53.361,,,tracker_pedometer_reward_target_achieved,UTC-0300,"{""mTarget"":6000,""mValue"":6039}",oAqnaMFJ0j,com.sec.android.app.shealth,tracker.pedometer,2022-02-18 03:00:00.000,258bfb14-3a5e-4cb8-9272-df31229539c1,1,
,2022-01-02 03:00:00.000,,10009,,2022-01-08 03:00:08.952,2022-01-02 10:44:39.900,,,tracker_pedometer_reward_target_achieved,UTC-0300,"{""mTarget"":6000,""mValue"":8285}",oAqnaMFJ0j,com.sec.android.app.shealth,tracker.pedometer,2022-01-02 03:00:00.000,582ca276-fe3f-49e2-a212-b1476444617d,1,
,2022-01-28 03:00:00.000,,10009,,2022-02-03 03:00:06.284,2022-01-28 22:02:23.593,,,tracker_pedometer_reward_target_achieved,UTC-0300,"{""mTarget"":6000,""mValue"":6295}",oAqnaMFJ0j,com.sec.android.app.shealth,tracker.pedometer,2022-01-28 03:00:00.000,343d40d4-6911-4d0d-8a68-afad5bd9e377,1,
,2022-06-28 03:00:00.000,,10009,,2022-07-04 03:00:03.085,2022-06-28 19:08:59.429,,,tracker_pedometer_reward_target_achieved,UTC-0300,"{""mTarget"":6000,""mValue"":8735}",oAqnaMFJ0j,com.sec.android.app.shealth,tracker.pedometer,2022-06-28 03:00:00.000,20b590aa-411b-4457-b15b-221db7ab2dc4,1,
,2022-03-10 03:00:00.000,,10009,,2022-03-16 03:00:01.378,2022-03-10 20:28:07.188,,,tracker_pedometer_reward_target_achieved,UTC-0300,"{""mTarget"":6000,""mValue"":8821}",oAqnaMFJ0j,com.sec.android.app.shealth,tracker.pedometer,2022-03-10 03:00:00.000,5f976973-edd4-4c82-b620-60fb7935db92,1,
,2022-02-28 03:00:00.000,,10009,,2022-03-06 10:10:58.659,2022-02-28 21:11:04.700,,,tracker_pedometer_reward_target_achieved,UTC-0300,"{""mTarget"":6000,""mValue"":7106}",oAqnaMFJ0j,com.sec.android.app.shealth,tracker.pedometer,2022-02-28 03:00:00.000,0926103f-30c8-45cc-ba6a-1819f293d7ca,1,
,2022-04-07 03:00:00.000,,10009,,2022-04-13 03:00:03.657,2022-04-07 20:50:31.642,,,tracker_pedometer_reward_target_achieved,UTC-0300,"{""mTarget"":6000,""mValue"":8662}",oAqnaMFJ0j,com.sec.android.app.shealth,tracker.pedometer,2022-04-07 03:00:00.000,1de01596-29e8-4d6d-a834-cfec92167091,1,
,2022-01-01 03:00:00.000,,10009,,2022-01-02 03:00:01.428,2022-01-02 01:15:04.169,,,tracker_pedometer_reward_most_walking_day,UTC-0300,"{""mTarget"":-1,""mValue"":14181}",oAqnaMFJ0j,com.sec.android.app.shealth,tracker.pedometer,2022-01-01 03:00:00.000,3058c28b-bb0f-48b0-903e-06e4fce0ca34,1,
,2022-02-14 03:00:00.000,,10009,,2022-02-20 03:00:02.113,2022-02-14 21:24:46.591,,,tracker_pedometer_reward_target_achieved,UTC-0300,"{""mTarget"":6000,""mValue"":6591}",oAqnaMFJ0j,com.sec.android.app.shealth,tracker.pedometer,2022-02-14 03:00:00.000,491952ba-ebc0-4670-9476-4c3f279b5676,1,
,2022-04-06 03:00:00.000,,10009,,2022-04-12 03:00:02.270,2022-04-06 22:26:06.091,,,tracker_pedometer_reward_target_achieved,UTC-0300,"{""mTarget"":6000,""mValue"":7128}",oAqnaMFJ0j,com.sec.android.app.shealth,tracker.pedometer,2022-04-06 03:00:00.000,0f48984e-85be-4203-afb5-2c1916e877d3,1,
,2022-03-24 03:00:00.000,,10009,,2022-03-30 03:00:02.434,2022-03-24 20:53:15.071,,,tracker_pedometer_reward_target_achieved,UTC-0300,"{""mTarget"":6000,""mValue"":8472}",oAqnaMFJ0j,com.sec.android.app.shealth,tracker.pedometer,2022-03-24 03:00:00.000,d85ce4f9-9792-4305-8998-928ebe92cf37,1,
,2022-05-23 03:00:00.000,,10009,,2022-05-29 03:00:04.291,2022-05-23 18:29:50.256,,,tracker_pedometer_reward_target_achieved,UTC-0300,"{""mTarget"":6000,""mValue"":9040}",oAqnaMFJ0j,com.sec.android.app.shealth,tracker.pedometer,2022-05-23 03:00:00.000,be3c6d8f-c6b7-4b3b-a363-a773c4c67113,1,
,2022-05-09 03:00:00.000,,10009,,2022-05-15 03:00:02.884,2022-05-09 20:12:57.704,,,tracker_pedometer_reward_target_achieved,UTC-0300,"{""mTarget"":6000,""mValue"":7190}",oAqnaMFJ0j,com.sec.android.app.shealth,tracker.pedometer,2022-05-09 03:00:00.000,af7dd99b-574a-4e43-b8a8-80e52a3cd8b6,1,
,2021-09-10 03:00:00.000,,10009,,2021-09-16 03:00:03.900,2021-09-11 01:06:51.916,,,tracker_pedometer_reward_target_achieved,UTC-0300,"{""mTarget"":6000,""mValue"":6339}",oAqnaMFJ0j,com.sec.android.app.shealth,tracker.pedometer,2021-09-10 03:00:00.000,46768ea4-1f8b-48f4-bb73-414958df9ac7,1,
,2022-06-14 03:00:00.000,,10009,,2022-06-20 03:00:02.202,2022-06-14 21:22:56.941,,,tracker_pedometer_reward_target_achieved,UTC-0300,"{""mTarget"":6000,""mValue"":8446}",oAqnaMFJ0j,com.sec.android.app.shealth,tracker.pedometer,2022-06-14 03:00:00.000,e7da9784-1055-4fd1-8a13-e89552b37c36,1,
,2022-02-01 03:00:00.000,,10009,,2022-02-07 03:00:02.203,2022-02-02 00:08:28.916,,,tracker_pedometer_reward_target_achieved,UTC-0300,"{""mTarget"":6000,""mValue"":6132}",oAqnaMFJ0j,com.sec.android.app.shealth,tracker.pedometer,2022-02-01 03:00:00.000,c04bb737-125d-4f2d-ba26-9444c4cfa6cc,1,
,2022-01-04 03:00:00.000,,10009,,2022-01-10 03:00:03.575,2022-01-04 18:43:14.524,,,tracker_pedometer_reward_target_achieved,UTC-0300,"{""mTarget"":6000,""mValue"":16678}",oAqnaMFJ0j,com.sec.android.app.shealth,tracker.pedometer,2022-01-04 03:00:00.000,3cd88b7f-03b3-4348-ad3c-b7bd7193e761,1,
,2022-02-02 03:00:00.000,,10009,,2022-02-08 03:00:02.332,2022-02-02 19:58:44.860,,,tracker_pedometer_reward_target_achieved,UTC-0300,"{""mTarget"":6000,""mValue"":7930}",oAqnaMFJ0j,com.sec.android.app.shealth,tracker.pedometer,2022-02-02 03:00:00.000,98fd6bee-45b1-41ff-bd6e-8e1e26c0f89e,1,
,2022-01-13 03:00:00.000,,10009,,2022-01-19 03:00:04.033,2022-01-13 22:29:27.412,,,tracker_pedometer_reward_target_achieved,UTC-0300,"{""mTarget"":6000,""mValue"":6659}",oAqnaMFJ0j,com.sec.android.app.shealth,tracker.pedometer,2022-01-13 03:00:00.000,a8df06c3-aba3-4b68-bcf0-a7fb0d46417c,1,
,2022-01-07 03:00:00.000,,10009,,2022-01-13 03:00:08.250,2022-01-07 20:17:55.381,,,tracker_pedometer_reward_target_achieved,UTC-0300,"{""mTarget"":6000,""mValue"":6630}",oAqnaMFJ0j,com.sec.android.app.shealth,tracker.pedometer,2022-01-07 03:00:00.000,6af09aaf-d693-43dc-b90e-e0a3706ff7a0,1,
,2021-11-29 03:00:00.000,,10009,,2021-12-05 03:00:03.247,2021-11-29 21:55:07.612,,,tracker_pedometer_reward_target_achieved,UTC-0300,"{""mTarget"":6000,""mValue"":6991}",oAqnaMFJ0j,com.sec.android.app.shealth,tracker.pedometer,2021-11-29 03:00:00.000,3135c9ab-c681-4d2b-a16e-ef980d45640c,1,
,2022-06-22 03:00:00.000,,10009,,2022-06-28 03:00:03.132,2022-06-22 22:10:11.135,,,tracker_pedometer_reward_target_achieved,UTC-0300,"{""mTarget"":6000,""mValue"":8109}",oAqnaMFJ0j,com.sec.android.app.shealth,tracker.pedometer,2022-06-22 03:00:00.000,b4eba346-f174-4cc3-9fdc-e930e68a6ccc,1,
,,,,,2021-09-07 01:04:37.552,2021-09-07 01:04:37.552,,,LAST_SLEEP_CHECKING_TIME,,,oAqnaMFJ0j,com.sec.android.app.shealth,Sleep.Goal.Temp,1970-01-01 00:00:00.000,04c2142b-d8ac-473d-a8ea-99a0ad418495,-10000,
,2022-05-24 03:00:00.000,,10009,,2022-05-30 03:00:03.524,2022-05-24 22:34:01.810,,,tracker_pedometer_reward_target_achieved,UTC-0300,"{""mTarget"":6000,""mValue"":6469}",oAqnaMFJ0j,com.sec.android.app.shealth,tracker.pedometer,2022-05-24 03:00:00.000,28296bf5-72e6-488d-9601-77e43ce536dd,1,
,2022-04-20 03:00:00.000,,10009,,2022-04-26 03:00:03.265,2022-04-20 22:06:59.356,,,tracker_pedometer_reward_target_achieved,UTC-0300,"{""mTarget"":6000,""mValue"":7194}",oAqnaMFJ0j,com.sec.android.app.shealth,tracker.pedometer,2022-04-20 03:00:00.000,d0062e92-795b-4824-8744-a5f4331aefcc,1,
,2022-03-22 03:00:00.000,,10009,,2022-03-28 03:01:55.793,2022-03-22 22:46:49.170,,,tracker_pedometer_reward_target_achieved,UTC-0300,"{""mTarget"":6000,""mValue"":7616}",oAqnaMFJ0j,com.sec.android.app.shealth,tracker.pedometer,2022-03-22 03:00:00.000,33dd24b5-b8d5-4488-854b-6f82e269bf7a,1,
,2022-01-03 03:00:00.000,,10009,,2022-01-09 03:00:02.923,2022-01-03 18:05:23.308,,,tracker_pedometer_reward_target_achieved,UTC-0300,"{""mTarget"":6000,""mValue"":10408}",oAqnaMFJ0j,com.sec.android.app.shealth,tracker.pedometer,2022-01-03 03:00:00.000,9640caff-28f9-4573-b06c-fdea35c313e4,1,
,2022-02-03 03:00:00.000,,10009,,2022-02-09 03:00:03.038,2022-02-04 00:27:55.948,,,tracker_pedometer_reward_target_achieved,UTC-0300,"{""mTarget"":6000,""mValue"":6062}",oAqnaMFJ0j,com.sec.android.app.shealth,tracker.pedometer,2022-02-03 03:00:00.000,0b1d2126-25b1-467a-a665-159a32a28882,1,
,2021-12-20 03:00:00.000,,10009,,2021-12-26 03:00:03.170,2021-12-21 00:55:04.777,,,tracker_pedometer_reward_target_achieved,UTC-0300,"{""mTarget"":6000,""mValue"":12944}",oAqnaMFJ0j,com.sec.android.app.shealth,tracker.pedometer,2021-12-20 03:00:00.000,44a38e0d-564d-4de8-b91d-a4b4c76c19fb,1,
,2022-05-30 03:00:00.000,,10009,,2022-06-05 03:00:03.536,2022-05-30 22:56:45.287,,,tracker_pedometer_reward_target_achieved,UTC-0300,"{""mTarget"":6000,""mValue"":6476}",oAqnaMFJ0j,com.sec.android.app.shealth,tracker.pedometer,2022-05-30 03:00:00.000,d201a06d-b475-44c8-85aa-3076d250a07a,1,
,2022-06-21 03:00:00.000,,10009,,2022-06-27 03:00:02.330,2022-06-21 23:24:59.365,,,tracker_pedometer_reward_target_achieved,UTC-0300,"{""mTarget"":6000,""mValue"":6316}",oAqnaMFJ0j,com.sec.android.app.shealth,tracker.pedometer,2022-06-21 03:00:00.000,d24c43ae-aba4-400b-b9cf-37ace6d784e3,1,
,2021-12-11 03:00:00.000,,10009,,2021-12-17 03:00:03.617,2021-12-12 00:37:42.213,,,tracker_pedometer_reward_target_achieved,UTC-0300,"{""mTarget"":6000,""mValue"":6562}",oAqnaMFJ0j,com.sec.android.app.shealth,tracker.pedometer,2021-12-11 03:00:00.000,034d9477-6d40-49b8-864c-a0f3574c0476,1,
,2022-01-11 03:00:00.000,,10009,,2022-01-17 03:00:06.184,2022-01-11 22:25:28.694,,,tracker_pedometer_reward_target_achieved,UTC-0300,"{""mTarget"":6000,""mValue"":7120}",oAqnaMFJ0j,com.sec.android.app.shealth,tracker.pedometer,2022-01-11 03:00:00.000,6c3c12c0-e10a-45d3-96bc-798f15fc5f92,1,
,2021-10-26 03:00:00.000,,10009,,2021-11-01 03:00:07.774,2021-10-26 23:43:42.237,,,tracker_pedometer_reward_target_achieved,UTC-0300,"{""mTarget"":6000,""mValue"":6247}",oAqnaMFJ0j,com.sec.android.app.shealth,tracker.pedometer,2021-10-26 03:00:00.000,52af25ea-3904-4f94-9c20-e941c7c7b39d,1,
,2022-01-06 03:00:00.000,,10009,,2022-01-12 03:00:04.234,2022-01-06 20:05:32.728,,,tracker_pedometer_reward_target_achieved,UTC-0300,"{""mTarget"":6000,""mValue"":7754}",oAqnaMFJ0j,com.sec.android.app.shealth,tracker.pedometer,2022-01-06 03:00:00.000,f05d207c-dc2f-4f89-a1fb-da6427e71e59,1,
,2022-03-30 03:00:00.000,,10009,,2022-04-05 03:00:02.560,2022-03-30 21:25:33.582,,,tracker_pedometer_reward_target_achieved,UTC-0300,"{""mTarget"":6000,""mValue"":8220}",oAqnaMFJ0j,com.sec.android.app.shealth,tracker.pedometer,2022-03-30 03:00:00.000,9186cd4f-73fb-4ca5-a87c-93b22527260b,1,
,2021-09-11 03:00:00.000,,10009,,2021-09-17 03:00:03.166,2021-09-11 14:30:31.640,,,tracker_pedometer_reward_target_achieved,UTC-0300,"{""mTarget"":6000,""mValue"":8994}",oAqnaMFJ0j,com.sec.android.app.shealth,tracker.pedometer,2021-09-11 03:00:00.000,f0bdf2c9-f3fd-422e-bd26-af72efbe1830,1,
,2022-01-05 03:00:00.000,,10009,,2022-01-11 03:00:03.516,2022-01-05 19:00:02.737,,,tracker_pedometer_reward_target_achieved,UTC-0300,"{""mTarget"":6000,""mValue"":8157}",oAqnaMFJ0j,com.sec.android.app.shealth,tracker.pedometer,2022-01-05 03:00:00.000,243df212-e0e8-47e7-ae96-adfb76bb0a67,1,
,2022-06-17 03:00:00.000,,10009,,2022-06-23 03:00:03.205,2022-06-17 14:45:11.407,,,tracker_pedometer_reward_target_achieved,UTC-0300,"{""mTarget"":6000,""mValue"":9878}",oAqnaMFJ0j,com.sec.android.app.shealth,tracker.pedometer,2022-06-17 03:00:00.000,bcf3c9ec-9178-4134-957c-fd67fd09eb6b,1,
,2022-04-18 03:00:00.000,,10009,,2022-04-24 03:00:02.828,2022-04-18 21:48:41.666,,,tracker_pedometer_reward_target_achieved,UTC-0300,"{""mTarget"":6000,""mValue"":6229}",oAqnaMFJ0j,com.sec.android.app.shealth,tracker.pedometer,2022-04-18 03:00:00.000,15b438ef-5f92-400c-b7c4-9b1025f17eb3,1,
,2022-06-13 03:00:00.000,,10009,,2022-06-19 03:00:02.924,2022-06-13 19:35:04.779,,,tracker_pedometer_reward_target_achieved,UTC-0300,"{""mTarget"":6000,""mValue"":7878}",oAqnaMFJ0j,com.sec.android.app.shealth,tracker.pedometer,2022-06-13 03:00:00.000,0395f21a-2d93-4f42-bdc3-0482dae274ea,1,
,2022-04-05 03:00:00.000,,10009,,2022-04-11 03:00:03.606,2022-04-05 21:15:01.505,,,tracker_pedometer_reward_target_achieved,UTC-0300,"{""mTarget"":6000,""mValue"":7962}",oAqnaMFJ0j,com.sec.android.app.shealth,tracker.pedometer,2022-04-05 03:00:00.000,42ef1975-612a-441f-b5f0-1257ce8fb73c,1,
,2022-03-15 03:00:00.000,,10009,,2022-03-21 03:00:02.542,2022-03-15 21:11:30.466,,,tracker_pedometer_reward_target_achieved,UTC-0300,"{""mTarget"":6000,""mValue"":8226}",oAqnaMFJ0j,com.sec.android.app.shealth,tracker.pedometer,2022-03-15 03:00:00.000,a9b0c64b-f08d-46d2-bd34-59fad6bcc6b7,1,
,2022-03-16 04:00:00.000,,10009,,2022-03-22 21:53:00.887,2022-03-17 00:15:00.454,,,tracker_pedometer_reward_target_achieved,UTC-0400,"{""mTarget"":6000,""mValue"":6716}",oAqnaMFJ0j,com.sec.android.app.shealth,tracker.pedometer,2022-03-16 04:00:00.000,2145f1ae-1190-4da4-b150-369df9fce05c,1,
,2021-12-27 03:00:00.000,,10009,,2022-01-02 03:00:03.144,2021-12-27 21:05:54.715,,,tracker_pedometer_reward_target_achieved,UTC-0300,"{""mTarget"":6000,""mValue"":6438}",oAqnaMFJ0j,com.sec.android.app.shealth,tracker.pedometer,2021-12-27 03:00:00.000,646986da-08ae-45de-8298-c20bb5d4c8c8,1,
,2022-05-10 03:00:00.000,,10009,,2022-05-16 03:00:02.693,2022-05-10 21:22:02.576,,,tracker_pedometer_reward_target_achieved,UTC-0300,"{""mTarget"":6000,""mValue"":8482}",oAqnaMFJ0j,com.sec.android.app.shealth,tracker.pedometer,2022-05-10 03:00:00.000,a33b94f9-bcde-4d2f-b83c-21f225869b4b,1,
,2022-01-01 03:00:00.000,,10009,,2022-01-05 03:00:09.235,2022-01-05 03:00:09.235,,,tracker_pedometer_reward_most_walking_day,UTC-0300,"{""mTarget"":-1,""mValue"":14181}",oAqnaMFJ0j,com.sec.android.app.shealth,tracker.pedometer,2022-01-01 03:00:00.000,b3e6f6f5-db23-4b1a-b463-f9eec5268228,1,
,2022-01-08 03:00:00.000,,10009,,2022-01-14 03:00:06.529,2022-01-09 02:03:02.797,,,tracker_pedometer_reward_target_achieved,UTC-0300,"{""mTarget"":6000,""mValue"":6090}",oAqnaMFJ0j,com.sec.android.app.shealth,tracker.pedometer,2022-01-08 03:00:00.000,5be700d2-28c3-4122-979a-92ab95462e7a,1,
,2022-03-08 03:00:00.000,,10009,,2022-03-14 10:56:33.957,2022-03-08 22:27:12.358,,,tracker_pedometer_reward_target_achieved,UTC-0300,"{""mTarget"":6000,""mValue"":8092}",oAqnaMFJ0j,com.sec.android.app.shealth,tracker.pedometer,2022-03-08 03:00:00.000,d3e4abe2-64e2-4aaa-9280-f9cbd464da87,1,
,2022-03-17 03:00:00.000,,10009,,2022-03-23 03:00:02.689,2022-03-17 22:27:27.511,,,tracker_pedometer_reward_target_achieved,UTC-0300,"{""mTarget"":6000,""mValue"":6874}",oAqnaMFJ0j,com.sec.android.app.shealth,tracker.pedometer,2022-03-17 03:00:00.000,6ea84a09-40be-437e-a573-c8f7d550be60,1,
,2022-05-11 03:00:00.000,,10009,,2022-05-17 03:00:02.463,2022-05-11 20:24:06.594,,,tracker_pedometer_reward_target_achieved,UTC-0300,"{""mTarget"":6000,""mValue"":8836}",oAqnaMFJ0j,com.sec.android.app.shealth,tracker.pedometer,2022-05-11 03:00:00.000,7693fca0-3ed0-4053-9f82-ffdf18c2a4c2,1,
,2022-01-01 03:00:00.000,,10009,,2022-01-07 03:00:09.128,2022-01-02 00:10:22.019,,,tracker_pedometer_reward_target_achieved,UTC-0300,"{""mTarget"":6000,""mValue"":14181}",oAqnaMFJ0j,com.sec.android.app.shealth,tracker.pedometer,2022-01-01 03:00:00.000,fde72f09-7930-44a4-b0ef-b2f37c81cab4,1,
,2021-12-16 03:00:00.000,,10009,,2021-12-22 03:00:03.251,2021-12-16 18:20:48.936,,,tracker_pedometer_reward_target_achieved,UTC-0300,"{""mTarget"":6000,""mValue"":8740}",oAqnaMFJ0j,com.sec.android.app.shealth,tracker.pedometer,2021-12-16 03:00:00.000,2b0d9779-44ea-4287-b79f-b8efd551118c,1,
,2022-06-16 03:00:00.000,,10009,,2022-06-22 03:00:03.791,2022-06-17 02:35:00.663,,,tracker_pedometer_reward_target_achieved,UTC-0300,"{""mTarget"":6000,""mValue"":6383}",oAqnaMFJ0j,com.sec.android.app.shealth,tracker.pedometer,2022-06-16 03:00:00.000,19f95d96-8b49-49a8-8156-282577d63d19,1,
,2022-06-01 03:00:00.000,,10009,,2022-06-07 03:00:03.997,2022-06-01 22:08:43.574,,,tracker_pedometer_reward_target_achieved,UTC-0300,"{""mTarget"":6000,""mValue"":7308}",oAqnaMFJ0j,com.sec.android.app.shealth,tracker.pedometer,2022-06-01 03:00:00.000,2447459b-6508-4ae2-ab1e-8515d5f0476e,1,
,2022-05-06 03:00:00.000,,10009,,2022-05-12 03:00:05.375,2022-05-06 19:22:07.729,,,tracker_pedometer_reward_target_achieved,UTC-0300,"{""mTarget"":6000,""mValue"":8761}",oAqnaMFJ0j,com.sec.android.app.shealth,tracker.pedometer,2022-05-06 03:00:00.000,83f078f7-b1f2-4d91-ad47-feb7d2585c48,1,
,2022-05-17 03:00:00.000,,10009,,2022-05-23 03:00:03.820,2022-05-17 22:09:56.458,,,tracker_pedometer_reward_target_achieved,UTC-0300,"{""mTarget"":6000,""mValue"":8052}",oAqnaMFJ0j,com.sec.android.app.shealth,tracker.pedometer,2022-05-17 03:00:00.000,5af7684f-8d8f-429a-a9cc-93c13573b051,1,
,2022-06-15 03:00:00.000,,10009,,2022-06-21 03:00:03.184,2022-06-16 00:35:57.280,,,tracker_pedometer_reward_target_achieved,UTC-0300,"{""mTarget"":6000,""mValue"":9162}",oAqnaMFJ0j,com.sec.android.app.shealth,tracker.pedometer,2022-06-15 03:00:00.000,28644d7b-23ef-4623-b4f8-81871133b4a7,1,
,2022-06-23 03:00:00.000,,10009,,2022-06-29 03:00:40.825,2022-06-24 00:20:15.515,,,tracker_pedometer_reward_target_achieved,UTC-0300,"{""mTarget"":6000,""mValue"":7345}",oAqnaMFJ0j,com.sec.android.app.shealth,tracker.pedometer,2022-06-23 03:00:00.000,a93c4ec4-fbcd-4314-a8ee-61e6d7a076e4,1,
,2022-05-04 03:00:00.000,,10009,,2022-05-10 10:42:59.205,2022-05-04 21:41:02.622,,,tracker_pedometer_reward_target_achieved,UTC-0300,"{""mTarget"":6000,""mValue"":7581}",oAqnaMFJ0j,com.sec.android.app.shealth,tracker.pedometer,2022-05-04 03:00:00.000,55f21d8b-4259-4aee-bfe7-f350512e6921,1,
,2021-12-20 03:00:00.000,,10009,,2021-12-21 03:00:01.514,2021-12-21 02:14:54.210,,,tracker_pedometer_reward_most_walking_day,UTC-0300,"{""mTarget"":-1,""mValue"":12944}",oAqnaMFJ0j,com.sec.android.app.shealth,tracker.pedometer,2021-12-20 03:00:00.000,eb6b4f13-18e3-492f-a490-408248d753ba,1,
,2021-11-28 03:00:00.000,,10009,,2021-12-04 03:00:03.809,2021-11-29 00:55:02.776,,,tracker_pedometer_reward_target_achieved,UTC-0300,"{""mTarget"":6000,""mValue"":10122}",oAqnaMFJ0j,com.sec.android.app.shealth,tracker.pedometer,2021-11-28 03:00:00.000,28d92916-7079-4019-8064-69508846ad3a,1,
,2022-04-26 03:00:00.000,,10009,,2022-05-02 03:00:02.825,2022-04-27 02:49:26.696,,,tracker_pedometer_reward_target_achieved,UTC-0300,"{""mTarget"":6000,""mValue"":6334}",oAqnaMFJ0j,com.sec.android.app.shealth,tracker.pedometer,2022-04-26 03:00:00.000,6368c8c6-4caf-4b54-9f05-53be7ea101d2,1,
,2022-01-24 03:00:00.000,,10009,,2022-01-30 03:00:04.310,2022-01-24 19:35:02.002,,,tracker_pedometer_reward_target_achieved,UTC-0300,"{""mTarget"":6000,""mValue"":7971}",oAqnaMFJ0j,com.sec.android.app.shealth,tracker.pedometer,2022-01-24 03:00:00.000,8008121c-9b71-430f-b73b-d91bd1021db1,1,
,2022-05-18 03:00:00.000,,10009,,2022-05-24 03:00:02.738,2022-05-19 02:42:08.247,,,tracker_pedometer_reward_target_achieved,UTC-0300,"{""mTarget"":6000,""mValue"":6530}",oAqnaMFJ0j,com.sec.android.app.shealth,tracker.pedometer,2022-05-18 03:00:00.000,eb7e3b55-2a90-41d9-b982-87e310094579,1,
,2021-11-14 03:00:00.000,,10009,,2021-11-20 03:00:04.765,2021-11-14 21:43:37.411,,,tracker_pedometer_reward_target_achieved,UTC-0300,"{""mTarget"":6000,""mValue"":6411}",oAqnaMFJ0j,com.sec.android.app.shealth,tracker.pedometer,2021-11-14 03:00:00.000,d8ca5b8e-f56e-48b8-93ae-d3601ed710c0,1,
,2021-11-28 03:00:00.000,,10009,,2021-11-29 03:00:02.067,2021-11-29 02:29:40.382,,,tracker_pedometer_reward_most_walking_day,UTC-0300,"{""mTarget"":-1,""mValue"":10122}",oAqnaMFJ0j,com.sec.android.app.shealth,tracker.pedometer,2021-11-28 03:00:00.000,6a59e1d1-e99a-4d32-a065-2e982c8673d3,1,
,2022-01-04 03:00:00.000,,10009,,2022-01-05 03:00:09.307,2022-01-05 00:46:05.698,,,tracker_pedometer_reward_most_walking_day,UTC-0300,"{""mTarget"":-1,""mValue"":16678}",oAqnaMFJ0j,com.sec.android.app.shealth,tracker.pedometer,2022-01-04 03:00:00.000,4203889a-5dfa-4335-be41-6760df50bcd6,1,
,2022-03-28 03:00:00.000,,10009,,2022-04-03 03:00:02.165,2022-03-28 21:26:40.777,,,tracker_pedometer_reward_target_achieved,UTC-0300,"{""mTarget"":6000,""mValue"":6627}",oAqnaMFJ0j,com.sec.android.app.shealth,tracker.pedometer,2022-03-28 03:00:00.000,b70c419e-0342-465d-92bb-8ead3c39a67c,1,
,2021-12-17 03:00:00.000,,10009,,2021-12-23 03:00:10.002,2021-12-17 23:15:00.652,,,tracker_pedometer_reward_target_achieved,UTC-0300,"{""mTarget"":6000,""mValue"":6213}",oAqnaMFJ0j,com.sec.android.app.shealth,tracker.pedometer,2021-12-17 03:00:00.000,4512f667-defe-4ae7-b83f-59b65ee63521,1,
,2022-05-07 03:00:00.000,,10009,,2022-05-13 03:00:05.669,2022-05-08 01:34:05.346,,,tracker_pedometer_reward_target_achieved,UTC-0300,"{""mTarget"":6000,""mValue"":6018}",oAqnaMFJ0j,com.sec.android.app.shealth,tracker.pedometer,2022-05-07 03:00:00.000,1a61e349-6be3-44dd-a4d5-bc992e4f8aaf,1,
,2022-06-24 03:00:00.000,,10009,,2022-06-30 03:00:03.482,2022-06-24 19:18:05.105,,,tracker_pedometer_reward_target_achieved,UTC-0300,"{""mTarget"":6000,""mValue"":7911}",oAqnaMFJ0j,com.sec.android.app.shealth,tracker.pedometer,2022-06-24 03:00:00.000,93fc0b89-ed8b-4b41-9371-d255de934198,1,
,2022-04-08 03:00:00.000,,10009,,2022-04-14 03:00:03.236,2022-04-08 20:14:06.220,,,tracker_pedometer_reward_target_achieved,UTC-0300,"{""mTarget"":6000,""mValue"":7271}",oAqnaMFJ0j,com.sec.android.app.shealth,tracker.pedometer,2022-04-08 03:00:00.000,6fb19c90-ec73-4798-a4e4-b4c837e1297e,1,
,2021-12-15 03:00:00.000,,10009,,2021-12-21 03:00:03.361,2021-12-15 19:21:03.668,,,tracker_pedometer_reward_target_achieved,UTC-0300,"{""mTarget"":6000,""mValue"":9590}",oAqnaMFJ0j,com.sec.android.app.shealth,tracker.pedometer,2021-12-15 03:00:00.000,353e87ab-673d-40cd-b2df-29095d9df079,1,
,2021-12-31 03:00:00.000,,10009,,2022-01-06 03:00:02.942,2022-01-01 00:59:49.919,,,tracker_pedometer_reward_target_achieved,UTC-0300,"{""mTarget"":6000,""mValue"":10345}",oAqnaMFJ0j,com.sec.android.app.shealth,tracker.pedometer,2021-12-31 03:00:00.000,34b8b60e-85c3-4905-85a8-11fd8f1c8767,1,
,2022-02-11 03:00:00.000,,10009,,2022-02-17 03:00:03.400,2022-02-11 22:39:08.362,,,tracker_pedometer_reward_target_achieved,UTC-0300,"{""mTarget"":6000,""mValue"":7843}",oAqnaMFJ0j,com.sec.android.app.shealth,tracker.pedometer,2022-02-11 03:00:00.000,b3e66d5f-f9ad-4022-a68f-41b28e81b8c3,1,
,2022-05-13 03:00:00.000,,10009,,2022-05-19 03:00:02.429,2022-05-13 23:44:38.441,,,tracker_pedometer_reward_target_achieved,UTC-0300,"{""mTarget"":6000,""mValue"":7402}",oAqnaMFJ0j,com.sec.android.app.shealth,tracker.pedometer,2022-05-13 03:00:00.000,6f7201ee-a493-4725-9ed8-29355056a6f0,1,
,2021-11-27 03:00:00.000,,10009,,2021-12-03 03:00:03.383,2021-11-27 20:12:45.900,,,tracker_pedometer_reward_target_achieved,UTC-0300,"{""mTarget"":6000,""mValue"":9587}",oAqnaMFJ0j,com.sec.android.app.shealth,tracker.pedometer,2021-11-27 03:00:00.000,952617ab-f708-477d-b923-16a81417d887,1,
,2022-02-17 03:00:00.000,,10009,,2022-02-23 03:00:00.948,2022-02-17 22:41:20.160,,,tracker_pedometer_reward_target_achieved,UTC-0300,"{""mTarget"":6000,""mValue"":6279}",oAqnaMFJ0j,com.sec.android.app.shealth,tracker.pedometer,2022-02-17 03:00:00.000,fcb301b4-9717-43b4-b519-514b3683d92f,1,
,2022-06-10 03:00:00.000,,10009,,2022-06-16 03:14:01.867,2022-06-10 23:02:40.334,,,tracker_pedometer_reward_target_achieved,UTC-0300,"{""mTarget"":6000,""mValue"":6826}",oAqnaMFJ0j,com.sec.android.app.shealth,tracker.pedometer,2022-06-10 03:00:00.000,6611c00f-4797-4c7b-8f89-9ec47bf2d130,1,
,2022-01-17 03:00:00.000,,10009,,2022-01-23 03:00:03.755,2022-01-17 23:25:36.320,,,tracker_pedometer_reward_target_achieved,UTC-0300,"{""mTarget"":6000,""mValue"":6261}",oAqnaMFJ0j,com.sec.android.app.shealth,tracker.pedometer,2022-01-17 03:00:00.000,6e7bb00b-38af-442a-b384-e4df809bf3c3,1,
,2022-04-12 03:00:00.000,,10009,,2022-04-18 03:00:02.336,2022-04-12 22:01:14.940,,,tracker_pedometer_reward_target_achieved,UTC-0300,"{""mTarget"":6000,""mValue"":6197}",oAqnaMFJ0j,com.sec.android.app.shealth,tracker.pedometer,2022-04-12 03:00:00.000,9ed931a2-ec50-4056-a9a4-a3133f32e7a6,1,
,2022-03-18 03:00:00.000,,10009,,2022-03-24 03:00:02.927,2022-03-19 00:15:02.397,,,tracker_pedometer_reward_target_achieved,UTC-0300,"{""mTarget"":6000,""mValue"":6541}",oAqnaMFJ0j,com.sec.android.app.shealth,tracker.pedometer,2022-03-18 03:00:00.000,0f1c5dcf-bc7a-4248-8218-915ec1970483,1,
,2022-02-23 03:00:00.000,,10009,,2022-03-01 03:00:02.661,2022-02-23 20:28:51.486,,,tracker_pedometer_reward_target_achieved,UTC-0300,"{""mTarget"":6000,""mValue"":6094}",oAqnaMFJ0j,com.sec.android.app.shealth,tracker.pedometer,2022-02-23 03:00:00.000,555d64e6-879d-41fc-b744-68672bb6851c,1,
,2022-06-11 03:00:00.000,,10009,,2022-06-17 03:01:48.380,2022-06-11 21:47:15.555,,,tracker_pedometer_reward_target_achieved,UTC-0300,"{""mTarget"":6000,""mValue"":7279}",oAqnaMFJ0j,com.sec.android.app.shealth,tracker.pedometer,2022-06-11 03:00:00.000,503825a5-676c-412e-bb79-7168a24f3cb6,1,
,2022-04-14 03:00:00.000,,10009,,2022-04-20 03:00:02.343,2022-04-14 23:35:43.398,,,tracker_pedometer_reward_target_achieved,UTC-0300,"{""mTarget"":6000,""mValue"":7044}",oAqnaMFJ0j,com.sec.android.app.shealth,tracker.pedometer,2022-04-14 03:00:00.000,ccc2c6cd-ff36-4bf6-8278-cd72ce5746a6,1,
,2022-01-12 03:00:00.000,,10009,,2022-01-18 03:00:04.177,2022-01-12 21:38:33.852,,,tracker_pedometer_reward_target_achieved,UTC-0300,"{""mTarget"":6000,""mValue"":6651}",oAqnaMFJ0j,com.sec.android.app.shealth,tracker.pedometer,2022-01-12 03:00:00.000,ee9260a2-7c62-4b94-aa6f-7524edca9d97,1,
,2022-05-03 03:00:00.000,,10009,,2022-05-09 03:00:02.378,2022-05-03 22:25:04.042,,,tracker_pedometer_reward_target_achieved,UTC-0300,"{""mTarget"":6000,""mValue"":6941}",oAqnaMFJ0j,com.sec.android.app.shealth,tracker.pedometer,2022-05-03 03:00:00.000,d8954624-6548-41b4-b6b7-f58fb3774b35,1,
,2022-03-07 03:00:00.000,,10009,,2022-03-13 03:00:02.313,2022-03-07 20:29:15.190,,,tracker_pedometer_reward_target_achieved,UTC-0300,"{""mTarget"":6000,""mValue"":6498}",oAqnaMFJ0j,com.sec.android.app.shealth,tracker.pedometer,2022-03-07 03:00:00.000,bb51f895-6856-48cb-84df-c2fea24922f2,1,
,2022-05-31 03:00:00.000,,10009,,2022-06-06 03:00:04.543,2022-05-31 20:50:49.314,,,tracker_pedometer_reward_target_achieved,UTC-0300,"{""mTarget"":6000,""mValue"":8026}",oAqnaMFJ0j,com.sec.android.app.shealth,tracker.pedometer,2022-05-31 03:00:00.000,c19aeff0-4390-4f5e-b411-45e6d527a163,1,
,2022-07-09 03:00:00.000,,10009,,2022-07-15 03:00:03.931,2022-07-10 01:55:02.352,,,tracker_pedometer_reward_target_achieved,UTC-0300,"{""mTarget"":6000,""mValue"":8480}",oAqnaMFJ0j,com.sec.android.app.shealth,tracker.pedometer,2022-07-09 03:00:00.000,23403d0f-8dcc-46a7-afc9-506f4d46414b,1,
,2022-08-29 03:00:00.000,,10009,,2022-09-04 03:00:01.909,2022-08-29 22:13:05.570,,,tracker_pedometer_reward_target_achieved,UTC-0300,"{""mTarget"":6000,""mValue"":7104}",oAqnaMFJ0j,com.sec.android.app.shealth,tracker.pedometer,2022-08-29 03:00:00.000,2878e22f-c2d5-4057-b1bb-8bf3682ecb94,1,
,2022-08-13 03:00:00.000,,10009,,2022-08-19 03:00:02.841,2022-08-13 21:15:00.985,,,tracker_pedometer_reward_target_achieved,UTC-0300,"{""mTarget"":6000,""mValue"":7482}",oAqnaMFJ0j,com.sec.android.app.shealth,tracker.pedometer,2022-08-13 03:00:00.000,a611060a-1a9c-4df2-b341-3f6c02c9f897,1,
,2023-02-03 04:00:00.000,,10009,,2023-02-09 04:00:04.923,2023-02-03 19:55:01.570,,,tracker_pedometer_reward_target_achieved,UTC-0400,"{""mTarget"":6000,""mValue"":6370}",oAqnaMFJ0j,com.sec.android.app.shealth,tracker.pedometer,2023-02-03 04:00:00.000,80338d9f-202e-4dda-aef1-4b5d286fbb6c,1,
,2022-08-24 03:00:00.000,,10009,,2022-08-30 03:00:02.613,2022-08-24 17:11:58.169,,,tracker_pedometer_reward_target_achieved,UTC-0300,"{""mTarget"":6000,""mValue"":9815}",oAqnaMFJ0j,com.sec.android.app.shealth,tracker.pedometer,2022-08-24 03:00:00.000,df99d91b-01a2-4651-a85b-a73027196131,1,
,2023-03-19 04:00:00.000,,10009,,2023-03-25 04:00:03.580,2023-03-20 01:15:53.962,,,tracker_pedometer_reward_target_achieved,UTC-0400,"{""mTarget"":6000,""mValue"":6219}",oAqnaMFJ0j,com.sec.android.app.shealth,tracker.pedometer,2023-03-19 04:00:00.000,291e0499-2b90-4832-b066-0fd4e9be7ad2,1,
,2023-04-02 04:00:00.000,,10009,,2023-04-08 04:00:02.358,2023-04-02 23:02:31.688,,,tracker_pedometer_reward_target_achieved,UTC-0400,"{""mTarget"":6000,""mValue"":7461}",oAqnaMFJ0j,com.sec.android.app.shealth,tracker.pedometer,2023-04-02 04:00:00.000,09d5ad63-710c-4435-8a11-07e83f54124e,1,
,2022-07-29 03:00:00.000,,10009,,2022-08-04 03:00:31.118,2022-07-29 19:42:17.438,,,tracker_pedometer_reward_target_achieved,UTC-0300,"{""mTarget"":6000,""mValue"":8354}",oAqnaMFJ0j,com.sec.android.app.shealth,tracker.pedometer,2022-07-29 03:00:00.000,d84693e4-a959-4013-9ee3-472101fbdec7,1,
,2022-08-11 03:00:00.000,,10009,,2022-08-17 03:00:02.680,2022-08-12 01:47:30.576,,,tracker_pedometer_reward_target_achieved,UTC-0300,"{""mTarget"":6000,""mValue"":6163}",oAqnaMFJ0j,com.sec.android.app.shealth,tracker.pedometer,2022-08-11 03:00:00.000,0082c13e-eb3f-4435-8f4a-a0a2c4df735e,1,
,2023-03-10 04:00:00.000,,10009,,2023-03-16 04:00:03.191,2023-03-11 00:04:55.656,,,tracker_pedometer_reward_target_achieved,UTC-0400,"{""mTarget"":6000,""mValue"":6394}",oAqnaMFJ0j,com.sec.android.app.shealth,tracker.pedometer,2023-03-10 04:00:00.000,b3a20e48-aa25-4a72-a6d6-c78e1e4f4603,1,
,2022-08-22 03:00:00.000,,10009,,2022-08-28 03:00:02.574,2022-08-22 21:15:02.433,,,tracker_pedometer_reward_target_achieved,UTC-0300,"{""mTarget"":6000,""mValue"":8320}",oAqnaMFJ0j,com.sec.android.app.shealth,tracker.pedometer,2022-08-22 03:00:00.000,29bff801-c034-45e3-b3bd-331b53fcf319,1,
,2022-11-25 04:00:00.000,,10009,,2022-12-01 04:00:03.278,2022-11-25 20:58:34.242,,,tracker_pedometer_reward_target_achieved,UTC-0400,"{""mTarget"":6000,""mValue"":7058}",oAqnaMFJ0j,com.sec.android.app.shealth,tracker.pedometer,2022-11-25 04:00:00.000,04f38106-46d5-4997-a4ad-92c7243ca845,1,
,2023-03-24 04:00:00.000,,10009,,2023-03-30 04:00:03.194,2023-03-24 23:28:17.959,,,tracker_pedometer_reward_target_achieved,UTC-0400,"{""mTarget"":6000,""mValue"":7606}",oAqnaMFJ0j,com.sec.android.app.shealth,tracker.pedometer,2023-03-24 04:00:00.000,ed7736e3-1357-4096-aae8-3bf26910395b,1,
,2022-09-12 03:00:00.000,,10009,,2022-09-18 03:00:02.523,2022-09-12 23:15:01.496,,,tracker_pedometer_reward_target_achieved,UTC-0300,"{""mTarget"":6000,""mValue"":7550}",oAqnaMFJ0j,com.sec.android.app.shealth,tracker.pedometer,2022-09-12 03:00:00.000,f5b9d4c6-009c-4975-9c20-d05f6421d387,1,
,2023-05-27 04:00:00.000,,10009,,2023-06-02 04:00:04.126,2023-05-28 03:35:02.089,,,tracker_pedometer_reward_target_achieved,UTC-0400,"{""mTarget"":6000,""mValue"":6343}",oAqnaMFJ0j,com.sec.android.app.shealth,tracker.pedometer,2023-05-27 04:00:00.000,15e68322-6e9d-42f3-8a47-3054cdaeff99,1,
,2023-05-23 04:00:00.000,,10009,,2023-05-29 05:55:02.876,2023-05-24 01:17:20.288,,,tracker_pedometer_reward_target_achieved,UTC-0400,"{""mTarget"":6000,""mValue"":6546}",oAqnaMFJ0j,com.sec.android.app.shealth,tracker.pedometer,2023-05-23 04:00:00.000,da188411-0350-4e6d-93fe-920f8f972e92,1,
,2022-07-22 03:00:00.000,,10009,,2022-07-28 03:00:03.649,2022-07-23 01:12:44.889,,,tracker_pedometer_reward_target_achieved,UTC-0300,"{""mTarget"":6000,""mValue"":6873}",oAqnaMFJ0j,com.sec.android.app.shealth,tracker.pedometer,2022-07-22 03:00:00.000,6d8fdc7d-5ebe-49a4-8207-3b8f736121e7,1,
,2022-08-31 03:00:00.000,,10009,,2022-09-06 03:00:02.601,2022-08-31 20:51:12.028,,,tracker_pedometer_reward_target_achieved,UTC-0300,"{""mTarget"":6000,""mValue"":9951}",oAqnaMFJ0j,com.sec.android.app.shealth,tracker.pedometer,2022-08-31 03:00:00.000,1f06825b-da33-41ce-89d9-6fbf2a6cf060,1,
,2022-08-30 03:00:00.000,,10009,,2022-09-05 03:00:04.949,2022-08-30 23:03:35.486,,,tracker_pedometer_reward_target_achieved,UTC-0300,"{""mTarget"":6000,""mValue"":11831}",oAqnaMFJ0j,com.sec.android.app.shealth,tracker.pedometer,2022-08-30 03:00:00.000,adb0d9d8-94d4-4f19-b0bd-286513b8c154,1,
,2022-09-02 03:00:00.000,,10009,,2022-09-08 03:00:04.435,2022-09-02 18:54:54.655,,,tracker_pedometer_reward_target_achieved,UTC-0300,"{""mTarget"":6000,""mValue"":10978}",oAqnaMFJ0j,com.sec.android.app.shealth,tracker.pedometer,2022-09-02 03:00:00.000,be0d0418-7fca-475d-9d87-4ffdfcfe6597,1,
,2023-03-21 04:00:00.000,,10009,,2023-03-27 04:00:02.395,2023-03-21 22:57:55.267,,,tracker_pedometer_reward_target_achieved,UTC-0400,"{""mTarget"":6000,""mValue"":7115}",oAqnaMFJ0j,com.sec.android.app.shealth,tracker.pedometer,2023-03-21 04:00:00.000,9a82e5a4-d7d3-45fa-b78f-f14f6bb59c52,1,
,2022-09-05 03:00:00.000,,10009,,2022-09-11 03:00:02.341,2022-09-05 21:27:35.469,,,tracker_pedometer_reward_target_achieved,UTC-0300,"{""mTarget"":6000,""mValue"":7225}",oAqnaMFJ0j,com.sec.android.app.shealth,tracker.pedometer,2022-09-05 03:00:00.000,0812ce34-7876-405e-931b-ed99a4affda2,1,
,2022-08-09 03:00:00.000,,10009,,2022-08-15 03:00:02.981,2022-08-09 20:29:54.394,,,tracker_pedometer_reward_target_achieved,UTC-0300,"{""mTarget"":6000,""mValue"":7448}",oAqnaMFJ0j,com.sec.android.app.shealth,tracker.pedometer,2022-08-09 03:00:00.000,a2f5f343-4f23-4546-a908-760838e71aaa,1,
,2022-07-20 03:00:00.000,,10009,,2022-07-26 03:00:05.156,2022-07-20 20:50:42.367,,,tracker_pedometer_reward_target_achieved,UTC-0300,"{""mTarget"":6000,""mValue"":7792}",oAqnaMFJ0j,com.sec.android.app.shealth,tracker.pedometer,2022-07-20 03:00:00.000,ac8648c3-c163-4bd2-b8f1-657ca58ccb96,1,
,2022-09-08 03:00:00.000,,10009,,2022-09-14 11:11:31.761,2022-09-08 19:22:52.542,,,tracker_pedometer_reward_target_achieved,UTC-0300,"{""mTarget"":6000,""mValue"":7466}",oAqnaMFJ0j,com.sec.android.app.shealth,tracker.pedometer,2022-09-08 03:00:00.000,8b1c93f6-18eb-49ed-914f-90dcc334c964,1,
,2022-07-19 03:00:00.000,,10009,,2022-07-25 03:00:03.752,2022-07-19 18:03:25.108,,,tracker_pedometer_reward_target_achieved,UTC-0300,"{""mTarget"":6000,""mValue"":9415}",oAqnaMFJ0j,com.sec.android.app.shealth,tracker.pedometer,2022-07-19 03:00:00.000,3cfc5bc3-b68d-4d53-bced-84b2a0f0a68b,1,
,2023-02-16 04:00:00.000,,10009,,2023-02-22 04:00:02.832,2023-02-17 01:35:05.252,,,tracker_pedometer_reward_target_achieved,UTC-0400,"{""mTarget"":6000,""mValue"":6804}",oAqnaMFJ0j,com.sec.android.app.shealth,tracker.pedometer,2023-02-16 04:00:00.000,f766daf0-88bd-470a-a7a0-f169bf26c8d4,1,
,2023-03-03 04:00:00.000,,10009,,2023-03-09 04:00:02.782,2023-03-03 19:51:15.780,,,tracker_pedometer_reward_target_achieved,UTC-0400,"{""mTarget"":6000,""mValue"":7359}",oAqnaMFJ0j,com.sec.android.app.shealth,tracker.pedometer,2023-03-03 04:00:00.000,acec8124-c27f-4b67-83f7-4d39eebc2937,1,
,2022-09-09 03:00:00.000,,10009,,2022-09-15 03:00:02.777,2022-09-09 23:20:38.731,,,tracker_pedometer_reward_target_achieved,UTC-0300,"{""mTarget"":6000,""mValue"":6344}",oAqnaMFJ0j,com.sec.android.app.shealth,tracker.pedometer,2022-09-09 03:00:00.000,257293ed-27fd-4ee6-8d6f-bbeeed57c0cf,1,
,2022-09-13 03:00:00.000,,10009,,2022-09-19 03:00:02.125,2022-09-14 00:55:01.558,,,tracker_pedometer_reward_target_achieved,UTC-0300,"{""mTarget"":6000,""mValue"":6237}",oAqnaMFJ0j,com.sec.android.app.shealth,tracker.pedometer,2022-09-13 03:00:00.000,96f647d9-ffcd-4b08-a323-f80e536538ae,1,
,2023-01-22 04:00:00.000,,10009,,2023-01-28 04:00:02.576,2023-01-22 22:11:59.447,,,tracker_pedometer_reward_target_achieved,UTC-0400,"{""mTarget"":6000,""mValue"":6181}",oAqnaMFJ0j,com.sec.android.app.shealth,tracker.pedometer,2023-01-22 04:00:00.000,10039208-e146-4b43-a8df-5f03b569f9aa,1,
,2022-07-27 03:00:00.000,,10009,,2022-08-02 03:00:04.028,2022-07-27 18:45:41.043,,,tracker_pedometer_reward_target_achieved,UTC-0300,"{""mTarget"":6000,""mValue"":8514}",oAqnaMFJ0j,com.sec.android.app.shealth,tracker.pedometer,2022-07-27 03:00:00.000,579cf91b-0e10-4486-a650-56e33b5faaaf,1,
,2022-08-02 03:00:00.000,,10009,,2022-08-08 03:00:01.842,2022-08-02 20:16:30.950,,,tracker_pedometer_reward_target_achieved,UTC-0300,"{""mTarget"":6000,""mValue"":12705}",oAqnaMFJ0j,com.sec.android.app.shealth,tracker.pedometer,2022-08-02 03:00:00.000,3a44b680-18e4-4ba4-929f-c911d510229c,1,
,2023-05-13 04:00:00.000,,10009,,2023-05-19 04:00:04.153,2023-05-13 23:55:02.382,,,tracker_pedometer_reward_target_achieved,UTC-0400,"{""mTarget"":6000,""mValue"":7412}",oAqnaMFJ0j,com.sec.android.app.shealth,tracker.pedometer,2023-05-13 04:00:00.000,6f243dff-3fd2-4e19-ba16-eb7030cac9c9,1,
,2022-06-30 03:00:00.000,,10009,,2022-07-06 03:00:02.508,2022-06-30 17:12:34.672,,,tracker_pedometer_reward_target_achieved,UTC-0300,"{""mTarget"":6000,""mValue"":10463}",oAqnaMFJ0j,com.sec.android.app.shealth,tracker.pedometer,2022-06-30 03:00:00.000,69784925-7f14-474f-94d5-580bd24411e7,1,
,2022-08-12 03:00:00.000,,10009,,2022-08-18 03:00:03.548,2022-08-12 20:55:01.938,,,tracker_pedometer_reward_target_achieved,UTC-0300,"{""mTarget"":6000,""mValue"":8328}",oAqnaMFJ0j,com.sec.android.app.shealth,tracker.pedometer,2022-08-12 03:00:00.000,9624a5ce-2530-482d-924c-c5d8d795b304,1,
,2023-04-25 04:00:00.000,,10009,,2023-05-01 04:00:04.016,2023-04-26 01:22:46.405,,,tracker_pedometer_reward_target_achieved,UTC-0400,"{""mTarget"":6000,""mValue"":6217}",oAqnaMFJ0j,com.sec.android.app.shealth,tracker.pedometer,2023-04-25 04:00:00.000,6bae28f3-114d-4db7-b2ca-15b00295c8dd,1,
,2023-02-04 04:00:00.000,,10009,,2023-02-10 04:00:02.590,2023-02-05 00:35:02.856,,,tracker_pedometer_reward_target_achieved,UTC-0400,"{""mTarget"":6000,""mValue"":7894}",oAqnaMFJ0j,com.sec.android.app.shealth,tracker.pedometer,2023-02-04 04:00:00.000,e9416281-c337-437c-a8c6-ac1192bea34a,1,
,2023-03-06 04:00:00.000,,10009,,2023-03-12 04:00:02.445,2023-03-07 01:53:57.968,,,tracker_pedometer_reward_target_achieved,UTC-0400,"{""mTarget"":6000,""mValue"":7060}",oAqnaMFJ0j,com.sec.android.app.shealth,tracker.pedometer,2023-03-06 04:00:00.000,7c85a313-d976-4df0-bcd1-2442baeec8b2,1,
,2022-08-15 03:00:00.000,,10009,,2022-08-21 03:00:18.598,2022-08-15 21:04:23.114,,,tracker_pedometer_reward_target_achieved,UTC-0300,"{""mTarget"":6000,""mValue"":7495}",oAqnaMFJ0j,com.sec.android.app.shealth,tracker.pedometer,2022-08-15 03:00:00.000,f71719b3-a846-445c-ac12-612f0fbce480,1,
,2023-02-02 04:00:00.000,,10009,,2023-02-08 04:00:04.700,2023-02-02 23:20:25.595,,,tracker_pedometer_reward_target_achieved,UTC-0400,"{""mTarget"":6000,""mValue"":6657}",oAqnaMFJ0j,com.sec.android.app.shealth,tracker.pedometer,2023-02-02 04:00:00.000,b14bea17-5dd6-40bd-83a3-856746a25984,1,
,2023-02-08 04:00:00.000,,10009,,2023-02-14 04:00:02.951,2023-02-09 00:55:03.954,,,tracker_pedometer_reward_target_achieved,UTC-0400,"{""mTarget"":6000,""mValue"":12669}",oAqnaMFJ0j,com.sec.android.app.shealth,tracker.pedometer,2023-02-08 04:00:00.000,8b8e576d-0b45-433c-8ab0-a702aa1deaf0,1,
,2022-07-28 03:00:00.000,,10009,,2022-08-03 03:00:06.387,2022-07-28 18:55:04.249,,,tracker_pedometer_reward_target_achieved,UTC-0300,"{""mTarget"":6000,""mValue"":7295}",oAqnaMFJ0j,com.sec.android.app.shealth,tracker.pedometer,2022-07-28 03:00:00.000,fe9f4f73-8e9b-4238-a69e-afc03657e786,1,
,2022-08-19 03:00:00.000,,10009,,2022-08-25 03:46:50.126,2022-08-19 23:09:51.193,,,tracker_pedometer_reward_target_achieved,UTC-0300,"{""mTarget"":6000,""mValue"":7535}",oAqnaMFJ0j,com.sec.android.app.shealth,tracker.pedometer,2022-08-19 03:00:00.000,03e3dd0a-3d5d-4478-a085-cb022bda156b,1,
,2022-09-01 03:00:00.000,,10009,,2022-09-07 03:00:02.499,2022-09-01 18:41:29.725,,,tracker_pedometer_reward_target_achieved,UTC-0300,"{""mTarget"":6000,""mValue"":9770}",oAqnaMFJ0j,com.sec.android.app.shealth,tracker.pedometer,2022-09-01 03:00:00.000,d1003e60-9cb7-4f5f-8431-864755596768,1,
,2022-07-21 03:00:00.000,,10009,,2022-07-27 03:00:03.286,2022-07-21 20:15:00.939,,,tracker_pedometer_reward_target_achieved,UTC-0300,"{""mTarget"":6000,""mValue"":7786}",oAqnaMFJ0j,com.sec.android.app.shealth,tracker.pedometer,2022-07-21 03:00:00.000,907142e5-a5b2-4caf-8d7b-7643a8df6dd5,1,
,2022-09-06 03:00:00.000,,10009,,2022-09-12 03:00:03.369,2022-09-06 19:33:26.975,,,tracker_pedometer_reward_target_achieved,UTC-0300,"{""mTarget"":6000,""mValue"":8072}",oAqnaMFJ0j,com.sec.android.app.shealth,tracker.pedometer,2022-09-06 03:00:00.000,5df3d4a9-21ff-4cbc-b785-c556f48c439c,1,
,2022-07-05 03:00:00.000,,10009,,2022-07-11 03:00:02.719,2022-07-05 20:23:21.333,,,tracker_pedometer_reward_target_achieved,UTC-0300,"{""mTarget"":6000,""mValue"":6757}",oAqnaMFJ0j,com.sec.android.app.shealth,tracker.pedometer,2022-07-05 03:00:00.000,918af6d5-5f7a-4bad-be5f-8a7f569ec37c,1,
,2023-05-02 04:00:00.000,,10009,,2023-05-08 04:00:03.717,2023-05-02 19:35:15.035,,,tracker_pedometer_reward_target_achieved,UTC-0400,"{""mTarget"":6000,""mValue"":8236}",oAqnaMFJ0j,com.sec.android.app.shealth,tracker.pedometer,2023-05-02 04:00:00.000,d3e341fa-eaff-4eac-9c06-d957547fad9f,1,
,2022-07-26 03:00:00.000,,10009,,2022-08-01 03:00:03.354,2022-07-26 18:40:30.973,,,tracker_pedometer_reward_target_achieved,UTC-0300,"{""mTarget"":6000,""mValue"":13980}",oAqnaMFJ0j,com.sec.android.app.shealth,tracker.pedometer,2022-07-26 03:00:00.000,2105ec2a-31c5-4428-9393-7b13a50b999c,1,
,2023-04-01 04:00:00.000,,10009,,2023-04-07 04:00:03.349,2023-04-02 03:15:01.554,,,tracker_pedometer_reward_target_achieved,UTC-0400,"{""mTarget"":6000,""mValue"":6150}",oAqnaMFJ0j,com.sec.android.app.shealth,tracker.pedometer,2023-04-01 04:00:00.000,7c869fa9-26a6-413e-bfa5-a77e2ac7472d,1,
,2022-07-25 03:00:00.000,,10009,,2022-07-31 03:09:12.870,2022-07-26 01:19:57.325,,,tracker_pedometer_reward_target_achieved,UTC-0300,"{""mTarget"":6000,""mValue"":6203}",oAqnaMFJ0j,com.sec.android.app.shealth,tracker.pedometer,2022-07-25 03:00:00.000,75e20363-9d21-4958-9c58-93d4547221f3,1,
,2022-08-08 03:00:00.000,,10009,,2022-08-14 11:06:18.057,2022-08-08 21:18:13.688,,,tracker_pedometer_reward_target_achieved,UTC-0300,"{""mTarget"":6000,""mValue"":7258}",oAqnaMFJ0j,com.sec.android.app.shealth,tracker.pedometer,2022-08-08 03:00:00.000,b4292e48-e770-434e-97e8-9f3126c97424,1,
,2022-08-01 03:00:00.000,,10009,,2022-08-07 03:01:34.043,2022-08-01 22:01:09.615,,,tracker_pedometer_reward_target_achieved,UTC-0300,"{""mTarget"":6000,""mValue"":7117}",oAqnaMFJ0j,com.sec.android.app.shealth,tracker.pedometer,2022-08-01 03:00:00.000,facb9e38-c358-46ce-b7ea-3e5df5ef0c90,1,
,2022-08-18 03:00:00.000,,10009,,2022-08-24 03:00:02.337,2022-08-18 22:18:50.325,,,tracker_pedometer_reward_target_achieved,UTC-0300,"{""mTarget"":6000,""mValue"":6931}",oAqnaMFJ0j,com.sec.android.app.shealth,tracker.pedometer,2022-08-18 03:00:00.000,2a539098-14fa-49dd-a57d-abf8263f92f4,1,
,2022-08-23 03:00:00.000,,10009,,2022-08-29 03:00:02.273,2022-08-23 21:19:14.808,,,tracker_pedometer_reward_target_achieved,UTC-0300,"{""mTarget"":6000,""mValue"":7638}",oAqnaMFJ0j,com.sec.android.app.shealth,tracker.pedometer,2022-08-23 03:00:00.000,f1a21f68-dde0-453d-9a6c-20d256000687,1,
,2023-03-20 04:00:00.000,,10009,,2023-03-26 04:00:02.301,2023-03-20 22:04:00.835,,,tracker_pedometer_reward_target_achieved,UTC-0400,"{""mTarget"":6000,""mValue"":7885}",oAqnaMFJ0j,com.sec.android.app.shealth,tracker.pedometer,2023-03-20 04:00:00.000,fd908a28-fdaf-4a71-9e28-042356fe9703,1,
,2023-04-05 04:00:00.000,,10009,,2023-04-11 04:00:53.074,2023-04-05 23:01:56.363,,,tracker_pedometer_reward_target_achieved,UTC-0400,"{""mTarget"":6000,""mValue"":8386}",oAqnaMFJ0j,com.sec.android.app.shealth,tracker.pedometer,2023-04-05 04:00:00.000,0a72c78a-a53b-4a30-a928-d6aff1c8e57a,1,
,2023-02-24 04:00:00.000,,10009,,2023-03-02 04:00:03.892,2023-02-25 01:25:45.131,,,tracker_pedometer_reward_target_achieved,UTC-0400,"{""mTarget"":6000,""mValue"":6789}",oAqnaMFJ0j,com.sec.android.app.shealth,tracker.pedometer,2023-02-24 04:00:00.000,02261df5-7dbe-43d1-86cf-916a0fb3bfb4,1,
,2023-05-07 04:00:00.000,,10009,,2023-05-13 04:00:03.497,2023-05-07 18:42:26.563,,,tracker_pedometer_reward_target_achieved,UTC-0400,"{""mTarget"":6000,""mValue"":7995}",oAqnaMFJ0j,com.sec.android.app.shealth,tracker.pedometer,2023-05-07 04:00:00.000,833b2512-6364-4f1a-a59e-8a6dd3ae3e9c,1,
,2023-01-28 04:00:00.000,,10009,,2023-02-03 04:00:02.822,2023-01-28 22:02:33.636,,,tracker_pedometer_reward_target_achieved,UTC-0400,"{""mTarget"":6000,""mValue"":6449}",oAqnaMFJ0j,com.sec.android.app.shealth,tracker.pedometer,2023-01-28 04:00:00.000,83ce8605-bc33-4571-80e4-522a8cae11cf,1,
,2022-07-06 03:00:00.000,,10009,,2022-07-12 03:00:02.830,2022-07-06 23:55:12.850,,,tracker_pedometer_reward_target_achieved,UTC-0300,"{""mTarget"":6000,""mValue"":7455}",oAqnaMFJ0j,com.sec.android.app.shealth,tracker.pedometer,2022-07-06 03:00:00.000,77d9ea10-cb53-46d4-9e7a-7de7684f01f4,1,
,2022-08-05 03:00:00.000,,10009,,2022-08-11 03:00:03.787,2022-08-06 00:44:33.055,,,tracker_pedometer_reward_target_achieved,UTC-0300,"{""mTarget"":6000,""mValue"":6537}",oAqnaMFJ0j,com.sec.android.app.shealth,tracker.pedometer,2022-08-05 03:00:00.000,eb0e2583-8eaa-4f5a-b654-f852a383ba91,1,
,2023-05-25 04:00:00.000,,10009,,2023-05-31 04:00:02.765,2023-05-25 23:47:57.815,,,tracker_pedometer_reward_target_achieved,UTC-0400,"{""mTarget"":6000,""mValue"":6436}",oAqnaMFJ0j,com.sec.android.app.shealth,tracker.pedometer,2023-05-25 04:00:00.000,eed3043b-79b7-4608-88e2-eafb24579daf,1,
,2022-08-10 03:00:00.000,,10009,,2022-08-16 03:00:02.216,2022-08-11 02:25:30.677,,,tracker_pedometer_reward_target_achieved,UTC-0300,"{""mTarget"":6000,""mValue"":6196}",oAqnaMFJ0j,com.sec.android.app.shealth,tracker.pedometer,2022-08-10 03:00:00.000,04709dc4-81a6-42e3-94d5-350387e62b80,1,
,2022-11-26 04:00:00.000,,10009,,2022-12-02 04:00:10.315,2022-11-26 15:52:21.314,,,tracker_pedometer_reward_target_achieved,UTC-0400,"{""mTarget"":6000,""mValue"":11629}",oAqnaMFJ0j,com.sec.android.app.shealth,tracker.pedometer,2022-11-26 04:00:00.000,0cc9433c-e77c-430a-bf93-99dc27de03a3,1,
,2023-03-23 04:00:00.000,,10009,,2023-03-29 04:00:03.059,2023-03-23 21:47:32.415,,,tracker_pedometer_reward_target_achieved,UTC-0400,"{""mTarget"":6000,""mValue"":7948}",oAqnaMFJ0j,com.sec.android.app.shealth,tracker.pedometer,2023-03-23 04:00:00.000,0d1d809b-e2a4-4bc6-b4cf-af1bbb908e96,1,
,2022-08-04 03:00:00.000,,10009,,2022-08-10 03:00:05.377,2022-08-04 17:25:37.226,,,tracker_pedometer_reward_target_achieved,UTC-0300,"{""mTarget"":6000,""mValue"":8242}",oAqnaMFJ0j,com.sec.android.app.shealth,tracker.pedometer,2022-08-04 03:00:00.000,3be44219-2765-4ec7-a7b7-f3fb58600a98,1,
,2022-09-15 03:00:00.000,,10009,,2022-09-21 03:00:02.586,2022-09-15 20:29:43.409,,,tracker_pedometer_reward_target_achieved,UTC-0300,"{""mTarget"":6000,""mValue"":7534}",oAqnaMFJ0j,com.sec.android.app.shealth,tracker.pedometer,2022-09-15 03:00:00.000,645ec6c2-117b-4951-baf6-99141ea0561d,1,
,2023-01-22 04:00:00.000,,100003,,2023-09-03 16:10:26.089,2023-09-03 16:10:26.089,,,tracker_pedometer_reward_target_achieved,UTC-0400,"{""mTarget"":6000,""mValue"":6181}",oAqnaMFJ0j,com.sec.android.app.shealth,tracker.pedometer,2023-01-22 04:00:00.000,60d47f0f-ec07-409c-bad6-336a5cc77a31,1,
,2022-05-11 04:00:00.000,,100003,,2023-09-03 16:10:26.051,2023-09-03 16:10:26.051,,,tracker_pedometer_reward_target_achieved,UTC-0400,"{""mTarget"":6000,""mValue"":8836}",oAqnaMFJ0j,com.sec.android.app.shealth,tracker.pedometer,2022-05-11 04:00:00.000,5e9bfe49-69fb-4f96-b4c4-e2fe72f53606,1,
,2021-12-11 04:00:00.000,,100003,,2023-09-03 16:10:26.028,2023-09-03 16:10:26.028,,,tracker_pedometer_reward_target_achieved,UTC-0400,"{""mTarget"":6000,""mValue"":6562}",oAqnaMFJ0j,com.sec.android.app.shealth,tracker.pedometer,2021-12-11 04:00:00.000,b26f885d-06b7-422d-b550-6b35c8201b3e,1,
,2022-04-14 04:00:00.000,,100003,,2023-09-03 16:10:26.041,2023-09-03 16:10:26.041,,,tracker_pedometer_reward_target_achieved,UTC-0400,"{""mTarget"":6000,""mValue"":7044}",oAqnaMFJ0j,com.sec.android.app.shealth,tracker.pedometer,2022-04-14 04:00:00.000,fc139364-68e0-42d3-abec-efb5bbce69ed,1,
,2022-06-16 04:00:00.000,,100003,,2023-09-03 16:10:26.063,2023-09-03 16:10:26.063,,,tracker_pedometer_reward_target_achieved,UTC-0400,"{""mTarget"":6000,""mValue"":6383}",oAqnaMFJ0j,com.sec.android.app.shealth,tracker.pedometer,2022-06-16 04:00:00.000,8bafe8cc-2f88-49d9-be3f-4d20479f8e9e,1,
,2022-07-06 04:00:00.000,,100003,,2023-09-03 16:10:26.075,2023-09-03 16:10:26.075,,,tracker_pedometer_reward_target_achieved,UTC-0400,"{""mTarget"":6000,""mValue"":7455}",oAqnaMFJ0j,com.sec.android.app.shealth,tracker.pedometer,2022-07-06 04:00:00.000,0fb929cc-576e-49ae-be07-6f8ebbb7e65f,1,
,2023-06-07 04:00:00.000,,100003,,2023-09-03 16:10:26.095,2023-09-03 16:10:26.095,,,tracker_pedometer_reward_target_achieved,UTC-0400,"{""mTarget"":6000,""mValue"":6398}",oAqnaMFJ0j,com.sec.android.app.shealth,tracker.pedometer,2023-06-07 04:00:00.000,1eb6c4a7-f0f6-4ec2-a8f2-57987413d5e2,1,
,2021-12-27 04:00:00.000,,100003,,2023-09-03 16:10:26.029,2023-09-03 16:10:26.029,,,tracker_pedometer_reward_target_achieved,UTC-0400,"{""mTarget"":6000,""mValue"":6438}",oAqnaMFJ0j,com.sec.android.app.shealth,tracker.pedometer,2021-12-27 04:00:00.000,14b6377d-02dd-491e-a288-92d089eec166,1,
,2022-05-06 04:00:00.000,,100003,,2023-09-03 16:10:26.050,2023-09-03 16:10:26.050,,,tracker_pedometer_reward_target_achieved,UTC-0400,"{""mTarget"":6000,""mValue"":8761}",oAqnaMFJ0j,com.sec.android.app.shealth,tracker.pedometer,2022-05-06 04:00:00.000,7940c2e5-1509-468d-a44a-e909281c5fcf,1,
,2022-03-24 04:00:00.000,,100003,,2023-09-03 16:10:26.039,2023-09-03 16:10:26.039,,,tracker_pedometer_reward_target_achieved,UTC-0400,"{""mTarget"":6000,""mValue"":8472}",oAqnaMFJ0j,com.sec.android.app.shealth,tracker.pedometer,2022-03-24 04:00:00.000,aac794aa-c169-428a-aafc-cbb8a1b502ad,1,
,2023-03-10 04:00:00.000,,100003,,2023-09-03 16:10:26.093,2023-09-03 16:10:26.093,,,tracker_pedometer_reward_target_achieved,UTC-0400,"{""mTarget"":6000,""mValue"":6394}",oAqnaMFJ0j,com.sec.android.app.shealth,tracker.pedometer,2023-03-10 04:00:00.000,5ac6c302-0359-4389-a71e-15606a472238,1,
,2022-04-08 04:00:00.000,,100003,,2023-09-03 16:10:26.040,2023-09-03 16:10:26.040,,,tracker_pedometer_reward_target_achieved,UTC-0400,"{""mTarget"":6000,""mValue"":7271}",oAqnaMFJ0j,com.sec.android.app.shealth,tracker.pedometer,2022-04-08 04:00:00.000,b2dd0744-2ba1-44fe-8ccf-7ae169791038,1,
,2022-02-17 04:00:00.000,,100003,,2023-09-03 16:10:26.037,2023-09-03 16:10:26.037,,,tracker_pedometer_reward_target_achieved,UTC-0400,"{""mTarget"":6000,""mValue"":6279}",oAqnaMFJ0j,com.sec.android.app.shealth,tracker.pedometer,2022-02-17 04:00:00.000,f105c1e7-46ff-4901-bd6f-c947113070a4,1,
,2022-02-23 04:00:00.000,,100003,,2023-09-03 16:10:26.038,2023-09-03 16:10:26.038,,,tracker_pedometer_reward_target_achieved,UTC-0400,"{""mTarget"":6000,""mValue"":6094}",oAqnaMFJ0j,com.sec.android.app.shealth,tracker.pedometer,2022-02-23 04:00:00.000,f0a78a9e-6dd4-42c7-9c86-31e94dd87ab0,1,
,2023-02-08 04:00:00.000,,100003,,2023-09-03 16:10:26.092,2023-09-03 16:10:26.092,,,tracker_pedometer_reward_target_achieved,UTC-0400,"{""mTarget"":6000,""mValue"":12669}",oAqnaMFJ0j,com.sec.android.app.shealth,tracker.pedometer,2023-02-08 04:00:00.000,02ddf281-7118-4035-ae98-1fd936d2c737,1,
,2022-03-28 04:00:00.000,,100003,,2023-09-03 16:10:26.040,2023-09-03 16:10:26.040,,,tracker_pedometer_reward_target_achieved,UTC-0400,"{""mTarget"":6000,""mValue"":6627}",oAqnaMFJ0j,com.sec.android.app.shealth,tracker.pedometer,2022-03-28 04:00:00.000,898b3d2a-81c7-47dc-8e62-6352f65b6d26,1,
,2022-01-11 04:00:00.000,,100003,,2023-09-03 16:10:26.035,2023-09-03 16:10:26.035,,,tracker_pedometer_reward_target_achieved,UTC-0400,"{""mTarget"":6000,""mValue"":7120}",oAqnaMFJ0j,com.sec.android.app.shealth,tracker.pedometer,2022-01-11 04:00:00.000,1555e45a-e111-4b4e-889b-2d086c1852a7,1,
,2022-05-03 04:00:00.000,,100003,,2023-09-03 16:10:26.050,2023-09-03 16:10:26.050,,,tracker_pedometer_reward_target_achieved,UTC-0400,"{""mTarget"":6000,""mValue"":6941}",oAqnaMFJ0j,com.sec.android.app.shealth,tracker.pedometer,2022-05-03 04:00:00.000,dd5f72aa-847b-4510-945e-380dc0ca7b1e,1,
,2022-09-05 04:00:00.000,,100003,,2023-09-03 16:10:26.087,2023-09-03 16:10:26.087,,,tracker_pedometer_reward_target_achieved,UTC-0400,"{""mTarget"":6000,""mValue"":7225}",oAqnaMFJ0j,com.sec.android.app.shealth,tracker.pedometer,2022-09-05 04:00:00.000,43318ead-5ff9-4901-99a1-7dad5de844cd,1,
,2022-08-13 04:00:00.000,,100003,,2023-09-03 16:10:26.085,2023-09-03 16:10:26.085,,,tracker_pedometer_reward_target_achieved,UTC-0400,"{""mTarget"":6000,""mValue"":7482}",oAqnaMFJ0j,com.sec.android.app.shealth,tracker.pedometer,2022-08-13 04:00:00.000,013fd9be-a5f9-4c59-a53f-06eeefecb42d,1,
,2021-11-27 04:00:00.000,,100003,,2023-09-03 16:10:26.027,2023-09-03 16:10:26.027,,,tracker_pedometer_reward_target_achieved,UTC-0400,"{""mTarget"":6000,""mValue"":9587}",oAqnaMFJ0j,com.sec.android.app.shealth,tracker.pedometer,2021-11-27 04:00:00.000,adef122b-6610-4b9b-b4d6-90bc7919963b,1,
,2023-05-02 04:00:00.000,,100003,,2023-09-03 16:10:26.094,2023-09-03 16:10:26.094,,,tracker_pedometer_reward_target_achieved,UTC-0400,"{""mTarget"":6000,""mValue"":8236}",oAqnaMFJ0j,com.sec.android.app.shealth,tracker.pedometer,2023-05-02 04:00:00.000,2fca1e14-43a2-4604-89d2-c3c35219745c,1,
,2023-06-08 04:00:00.000,,100003,,2023-09-03 16:10:26.095,2023-09-03 16:10:26.095,,,tracker_pedometer_reward_target_achieved,UTC-0400,"{""mTarget"":6000,""mValue"":6351}",oAqnaMFJ0j,com.sec.android.app.shealth,tracker.pedometer,2023-06-08 04:00:00.000,e0e111b0-a0d1-4795-9128-cc9d13d8aa28,1,
,2023-04-02 04:00:00.000,,100003,,2023-09-03 16:10:26.094,2023-09-03 16:10:26.094,,,tracker_pedometer_reward_target_achieved,UTC-0400,"{""mTarget"":6000,""mValue"":7461}",oAqnaMFJ0j,com.sec.android.app.shealth,tracker.pedometer,2023-04-02 04:00:00.000,f2b4912b-eeb3-4808-91b8-d5ff10436c84,1,
,2022-02-18 04:00:00.000,,100003,,2023-09-03 16:10:26.038,2023-09-03 16:10:26.038,,,tracker_pedometer_reward_target_achieved,UTC-0400,"{""mTarget"":6000,""mValue"":6039}",oAqnaMFJ0j,com.sec.android.app.shealth,tracker.pedometer,2022-02-18 04:00:00.000,d5077c28-54ff-4925-b510-9c2e20c8b513,1,
,2021-12-31 04:00:00.000,,100003,,2023-09-03 16:10:26.029,2023-09-03 16:10:26.029,,,tracker_pedometer_reward_target_achieved,UTC-0400,"{""mTarget"":6000,""mValue"":10345}",oAqnaMFJ0j,com.sec.android.app.shealth,tracker.pedometer,2021-12-31 04:00:00.000,d9b6f9a3-d0c8-4b94-bf96-a75fbc9710e5,1,
,2022-04-06 04:00:00.000,,100003,,2023-09-03 16:10:26.040,2023-09-03 16:10:26.040,,,tracker_pedometer_reward_target_achieved,UTC-0400,"{""mTarget"":6000,""mValue"":7128}",oAqnaMFJ0j,com.sec.android.app.shealth,tracker.pedometer,2022-04-06 04:00:00.000,deeaeafb-9e3a-4ce8-b9f7-5f17f771bdac,1,
,2022-08-22 04:00:00.000,,100003,,2023-09-03 16:10:26.086,2023-09-03 16:10:26.086,,,tracker_pedometer_reward_target_achieved,UTC-0400,"{""mTarget"":6000,""mValue"":8320}",oAqnaMFJ0j,com.sec.android.app.shealth,tracker.pedometer,2022-08-22 04:00:00.000,35cacaa2-f624-418d-b9d1-eeaf8a423a81,1,
,2023-03-19 04:00:00.000,,100003,,2023-09-03 16:10:26.093,2023-09-03 16:10:26.093,,,tracker_pedometer_reward_target_achieved,UTC-0400,"{""mTarget"":6000,""mValue"":6219}",oAqnaMFJ0j,com.sec.android.app.shealth,tracker.pedometer,2023-03-19 04:00:00.000,ba6e5589-225c-4720-a03e-d373c37c6057,1,
,2022-04-19 04:00:00.000,,100003,,2023-09-03 16:10:26.041,2023-09-03 16:10:26.041,,,tracker_pedometer_reward_target_achieved,UTC-0400,"{""mTarget"":6000,""mValue"":6899}",oAqnaMFJ0j,com.sec.android.app.shealth,tracker.pedometer,2022-04-19 04:00:00.000,bbc25db6-42f3-444b-afe4-775b70b12c90,1,
,2022-07-27 04:00:00.000,,100003,,2023-09-03 16:10:26.083,2023-09-03 16:10:26.083,,,tracker_pedometer_reward_target_achieved,UTC-0400,"{""mTarget"":6000,""mValue"":8514}",oAqnaMFJ0j,com.sec.android.app.shealth,tracker.pedometer,2022-07-27 04:00:00.000,7ac7e0a5-db3c-4620-ac99-086c4342b08f,1,
,2022-01-28 04:00:00.000,,100003,,2023-09-03 16:10:26.036,2023-09-03 16:10:26.036,,,tracker_pedometer_reward_target_achieved,UTC-0400,"{""mTarget"":6000,""mValue"":6295}",oAqnaMFJ0j,com.sec.android.app.shealth,tracker.pedometer,2022-01-28 04:00:00.000,40080be1-afaf-4fe6-a173-f22f866b8049,1,
,2022-06-21 04:00:00.000,,100003,,2023-09-03 16:10:26.074,2023-09-03 16:10:26.074,,,tracker_pedometer_reward_target_achieved,UTC-0400,"{""mTarget"":6000,""mValue"":6316}",oAqnaMFJ0j,com.sec.android.app.shealth,tracker.pedometer,2022-06-21 04:00:00.000,2bd2023e-0880-436a-8633-f8ee7fbe91db,1,
,2023-05-23 04:00:00.000,,100003,,2023-09-03 16:10:26.095,2023-09-03 16:10:26.095,,,tracker_pedometer_reward_target_achieved,UTC-0400,"{""mTarget"":6000,""mValue"":6546}",oAqnaMFJ0j,com.sec.android.app.shealth,tracker.pedometer,2023-05-23 04:00:00.000,75d784b8-6aa9-4b16-a762-e23506ceac96,1,
,2022-03-30 04:00:00.000,,100003,,2023-09-03 16:10:26.040,2023-09-03 16:10:26.040,,,tracker_pedometer_reward_target_achieved,UTC-0400,"{""mTarget"":6000,""mValue"":8220}",oAqnaMFJ0j,com.sec.android.app.shealth,tracker.pedometer,2022-03-30 04:00:00.000,8a460dbd-fcf3-40b4-be9a-83698b9a5e7c,1,
,2022-08-15 04:00:00.000,,100003,,2023-09-03 16:10:26.086,2023-09-03 16:10:26.086,,,tracker_pedometer_reward_target_achieved,UTC-0400,"{""mTarget"":6000,""mValue"":7495}",oAqnaMFJ0j,com.sec.android.app.shealth,tracker.pedometer,2022-08-15 04:00:00.000,46fe50fc-4509-402e-bd4b-f1f128786afc,1,
,2022-07-28 04:00:00.000,,100003,,2023-09-03 16:10:26.083,2023-09-03 16:10:26.083,,,tracker_pedometer_reward_target_achieved,UTC-0400,"{""mTarget"":6000,""mValue"":7295}",oAqnaMFJ0j,com.sec.android.app.shealth,tracker.pedometer,2022-07-28 04:00:00.000,5a0ee0cc-2691-4d1f-bd67-a4e2be9ca8a2,1,
,2022-01-03 04:00:00.000,,100003,,2023-09-03 16:10:26.034,2023-09-03 16:10:26.034,,,tracker_pedometer_reward_target_achieved,UTC-0400,"{""mTarget"":6000,""mValue"":10408}",oAqnaMFJ0j,com.sec.android.app.shealth,tracker.pedometer,2022-01-03 04:00:00.000,fb788655-ba91-4fd3-b2e6-0a5d8f22368d,1,
,2022-09-02 04:00:00.000,,100003,,2023-09-03 16:10:26.087,2023-09-03 16:10:26.087,,,tracker_pedometer_reward_target_achieved,UTC-0400,"{""mTarget"":6000,""mValue"":10978}",oAqnaMFJ0j,com.sec.android.app.shealth,tracker.pedometer,2022-09-02 04:00:00.000,c603b67b-81cc-47ab-9846-d600093a16e8,1,
,2021-12-16 04:00:00.000,,100003,,2023-09-03 16:10:26.028,2023-09-03 16:10:26.028,,,tracker_pedometer_reward_target_achieved,UTC-0400,"{""mTarget"":6000,""mValue"":8740}",oAqnaMFJ0j,com.sec.android.app.shealth,tracker.pedometer,2021-12-16 04:00:00.000,185fafe7-198a-4645-9375-57b11f086415,1,
,2022-02-28 04:00:00.000,,100003,,2023-09-03 16:10:26.038,2023-09-03 16:10:26.038,,,tracker_pedometer_reward_target_achieved,UTC-0400,"{""mTarget"":6000,""mValue"":7106}",oAqnaMFJ0j,com.sec.android.app.shealth,tracker.pedometer,2022-02-28 04:00:00.000,0dee0c05-82af-4fde-8cc1-ab18a88529b9,1,
,2022-06-11 04:00:00.000,,100003,,2023-09-03 16:10:26.053,2023-09-03 16:10:26.053,,,tracker_pedometer_reward_target_achieved,UTC-0400,"{""mTarget"":6000,""mValue"":7279}",oAqnaMFJ0j,com.sec.android.app.shealth,tracker.pedometer,2022-06-11 04:00:00.000,c4388776-4fc7-4505-917c-64a38e7f2224,1,
,2021-11-28 04:00:00.000,,100003,,2023-09-03 16:10:26.027,2023-09-03 16:10:26.027,,,tracker_pedometer_reward_target_achieved,UTC-0400,"{""mTarget"":6000,""mValue"":10122}",oAqnaMFJ0j,com.sec.android.app.shealth,tracker.pedometer,2021-11-28 04:00:00.000,62fc5918-9c83-4578-a25a-c2086373e917,1,
,2022-09-12 04:00:00.000,,100003,,2023-09-03 16:10:26.088,2023-09-03 16:10:26.088,,,tracker_pedometer_reward_target_achieved,UTC-0400,"{""mTarget"":6000,""mValue"":7550}",oAqnaMFJ0j,com.sec.android.app.shealth,tracker.pedometer,2022-09-12 04:00:00.000,e8f77dd0-8a0d-4811-83ee-161a3ef83cae,1,
,2022-08-04 04:00:00.000,,100003,,2023-09-03 16:10:26.084,2023-09-03 16:10:26.084,,,tracker_pedometer_reward_target_achieved,UTC-0400,"{""mTarget"":6000,""mValue"":8242}",oAqnaMFJ0j,com.sec.android.app.shealth,tracker.pedometer,2022-08-04 04:00:00.000,ab471905-5497-4ec5-9fd5-b3d16a821246,1,
,2022-08-01 04:00:00.000,,100003,,2023-09-03 16:10:26.084,2023-09-03 16:10:26.084,,,tracker_pedometer_reward_target_achieved,UTC-0400,"{""mTarget"":6000,""mValue"":7117}",oAqnaMFJ0j,com.sec.android.app.shealth,tracker.pedometer,2022-08-01 04:00:00.000,772d79dd-40aa-4a74-87d1-25159e360770,1,
,2022-01-04 04:00:00.000,,100003,,2023-09-03 16:10:26.034,2023-09-03 16:10:26.034,,,tracker_pedometer_reward_most_walking_day,UTC-0400,"{""mTarget"":-1,""mValue"":16678}",oAqnaMFJ0j,com.sec.android.app.shealth,tracker.pedometer,2022-01-04 04:00:00.000,8f6a8ef2-f32e-416b-8658-ceb768379ad7,1,
,2023-02-16 04:00:00.000,,100003,,2023-09-03 16:10:26.093,2023-09-03 16:10:26.093,,,tracker_pedometer_reward_target_achieved,UTC-0400,"{""mTarget"":6000,""mValue"":6804}",oAqnaMFJ0j,com.sec.android.app.shealth,tracker.pedometer,2023-02-16 04:00:00.000,4908c4f3-7652-43f3-89fe-2a0cb04f0d01,1,
,2022-09-08 04:00:00.000,,100003,,2023-09-03 16:10:26.088,2023-09-03 16:10:26.088,,,tracker_pedometer_reward_target_achieved,UTC-0400,"{""mTarget"":6000,""mValue"":7466}",oAqnaMFJ0j,com.sec.android.app.shealth,tracker.pedometer,2022-09-08 04:00:00.000,9c0d26bf-6d29-4198-a3e1-f13a0d35bd72,1,
,2022-11-25 04:00:00.000,,100003,,2023-09-03 16:10:26.088,2023-09-03 16:10:26.088,,,tracker_pedometer_reward_target_achieved,UTC-0400,"{""mTarget"":6000,""mValue"":7058}",oAqnaMFJ0j,com.sec.android.app.shealth,tracker.pedometer,2022-11-25 04:00:00.000,c31dd596-450d-4500-a419-bbc9b6ee61ed,1,
,2022-06-23 04:00:00.000,,100003,,2023-09-03 16:10:26.074,2023-09-03 16:10:26.074,,,tracker_pedometer_reward_target_achieved,UTC-0400,"{""mTarget"":6000,""mValue"":7345}",oAqnaMFJ0j,com.sec.android.app.shealth,tracker.pedometer,2022-06-23 04:00:00.000,0d218398-aabe-40dc-96c0-06802c52262e,1,
,2022-01-05 04:00:00.000,,100003,,2023-09-03 16:10:26.035,2023-09-03 16:10:26.035,,,tracker_pedometer_reward_target_achieved,UTC-0400,"{""mTarget"":6000,""mValue"":8157}",oAqnaMFJ0j,com.sec.android.app.shealth,tracker.pedometer,2022-01-05 04:00:00.000,887e72eb-c527-4f22-b0c4-2a409393b5a7,1,
,2023-03-20 04:00:00.000,,100003,,2023-09-03 16:10:26.093,2023-09-03 16:10:26.093,,,tracker_pedometer_reward_target_achieved,UTC-0400,"{""mTarget"":6000,""mValue"":7885}",oAqnaMFJ0j,com.sec.android.app.shealth,tracker.pedometer,2023-03-20 04:00:00.000,108fcdad-43fd-4b26-87de-99c1e024d847,1,
,2022-01-24 04:00:00.000,,100003,,2023-09-03 16:10:26.036,2023-09-03 16:10:26.036,,,tracker_pedometer_reward_target_achieved,UTC-0400,"{""mTarget"":6000,""mValue"":7971}",oAqnaMFJ0j,com.sec.android.app.shealth,tracker.pedometer,2022-01-24 04:00:00.000,ff071b1d-8eec-42a5-be47-57ef05a2341a,1,
,2022-06-15 04:00:00.000,,100003,,2023-09-03 16:10:26.059,2023-09-03 16:10:26.059,,,tracker_pedometer_reward_target_achieved,UTC-0400,"{""mTarget"":6000,""mValue"":9162}",oAqnaMFJ0j,com.sec.android.app.shealth,tracker.pedometer,2022-06-15 04:00:00.000,ddd3c0f5-a745-469f-9bfb-29b94be4b50d,1,
,2023-01-28 04:00:00.000,,100003,,2023-09-03 16:10:26.089,2023-09-03 16:10:26.089,,,tracker_pedometer_reward_target_achieved,UTC-0400,"{""mTarget"":6000,""mValue"":6449}",oAqnaMFJ0j,com.sec.android.app.shealth,tracker.pedometer,2023-01-28 04:00:00.000,8de1f9c1-c460-4341-9561-d7c904266407,1,
,2022-01-08 04:00:00.000,,100003,,2023-09-03 16:10:26.035,2023-09-03 16:10:26.035,,,tracker_pedometer_reward_target_achieved,UTC-0400,"{""mTarget"":6000,""mValue"":6090}",oAqnaMFJ0j,com.sec.android.app.shealth,tracker.pedometer,2022-01-08 04:00:00.000,42224bbc-61a5-437f-a071-e40f2b78509e,1,
,2022-06-17 04:00:00.000,,100003,,2023-09-03 16:10:26.073,2023-09-03 16:10:26.073,,,tracker_pedometer_reward_target_achieved,UTC-0400,"{""mTarget"":6000,""mValue"":9878}",oAqnaMFJ0j,com.sec.android.app.shealth,tracker.pedometer,2022-06-17 04:00:00.000,4a57feb4-7dad-4a71-ba55-0da44f99fe88,1,
,2022-05-24 04:00:00.000,,100003,,2023-09-03 16:10:26.052,2023-09-03 16:10:26.052,,,tracker_pedometer_reward_target_achieved,UTC-0400,"{""mTarget"":6000,""mValue"":6469}",oAqnaMFJ0j,com.sec.android.app.shealth,tracker.pedometer,2022-05-24 04:00:00.000,7080a38b-4bf2-4f0a-8edc-1f6922d94eb6,1,
,2022-09-01 04:00:00.000,,100003,,2023-09-03 16:10:26.087,2023-09-03 16:10:26.087,,,tracker_pedometer_reward_target_achieved,UTC-0400,"{""mTarget"":6000,""mValue"":9770}",oAqnaMFJ0j,com.sec.android.app.shealth,tracker.pedometer,2022-09-01 04:00:00.000,bc070f38-6d0e-4ab3-aff1-3bb903ba66e3,1,
,2022-09-09 04:00:00.000,,100003,,2023-09-03 16:10:26.088,2023-09-03 16:10:26.088,,,tracker_pedometer_reward_target_achieved,UTC-0400,"{""mTarget"":6000,""mValue"":6344}",oAqnaMFJ0j,com.sec.android.app.shealth,tracker.pedometer,2022-09-09 04:00:00.000,170fee46-6059-474a-b669-41d229c02429,1,
,2022-03-16 04:00:00.000,,100003,,2023-09-03 16:10:26.039,2023-09-03 16:10:26.039,,,tracker_pedometer_reward_target_achieved,UTC-0400,"{""mTarget"":6000,""mValue"":6716}",oAqnaMFJ0j,com.sec.android.app.shealth,tracker.pedometer,2022-03-16 04:00:00.000,d25f1001-865c-4b12-8a2e-fd19cc4000fd,1,
,2022-06-30 04:00:00.000,,100003,,2023-09-03 16:10:26.075,2023-09-03 16:10:26.075,,,tracker_pedometer_reward_target_achieved,UTC-0400,"{""mTarget"":6000,""mValue"":10463}",oAqnaMFJ0j,com.sec.android.app.shealth,tracker.pedometer,2022-06-30 04:00:00.000,e98bdac4-6ac8-402f-8bbd-459549cd40d5,1,
,2022-02-01 04:00:00.000,,100003,,2023-09-03 16:10:26.036,2023-09-03 16:10:26.036,,,tracker_pedometer_reward_target_achieved,UTC-0400,"{""mTarget"":6000,""mValue"":6132}",oAqnaMFJ0j,com.sec.android.app.shealth,tracker.pedometer,2022-02-01 04:00:00.000,9ce60619-1734-4249-ba73-c886fe45f9c4,1,
,2022-01-01 04:00:00.000,,100003,,2023-09-03 16:10:26.034,2023-09-03 16:10:26.034,,,tracker_pedometer_reward_target_achieved,UTC-0400,"{""mTarget"":6000,""mValue"":14181}",oAqnaMFJ0j,com.sec.android.app.shealth,tracker.pedometer,2022-01-01 04:00:00.000,8676217a-7f59-4ac8-8e8e-f31cf7ca85b2,1,
,2022-08-08 04:00:00.000,,100003,,2023-09-03 16:10:26.084,2023-09-03 16:10:26.084,,,tracker_pedometer_reward_target_achieved,UTC-0400,"{""mTarget"":6000,""mValue"":7258}",oAqnaMFJ0j,com.sec.android.app.shealth,tracker.pedometer,2022-08-08 04:00:00.000,cb3730d0-59c0-4d84-86ef-5d27847070b9,1,
,2022-01-12 04:00:00.000,,100003,,2023-09-03 16:10:26.036,2023-09-03 16:10:26.036,,,tracker_pedometer_reward_target_achieved,UTC-0400,"{""mTarget"":6000,""mValue"":6651}",oAqnaMFJ0j,com.sec.android.app.shealth,tracker.pedometer,2022-01-12 04:00:00.000,e766af82-c4d5-4370-86ff-164e89c07eaf,1,
,2022-04-26 04:00:00.000,,100003,,2023-09-03 16:10:26.050,2023-09-03 16:10:26.050,,,tracker_pedometer_reward_target_achieved,UTC-0400,"{""mTarget"":6000,""mValue"":6334}",oAqnaMFJ0j,com.sec.android.app.shealth,tracker.pedometer,2022-04-26 04:00:00.000,e9e22ba3-e27b-446b-9c8f-cc9f49040c5b,1,
,2022-01-13 04:00:00.000,,100003,,2023-09-03 16:10:26.036,2023-09-03 16:10:26.036,,,tracker_pedometer_reward_target_achieved,UTC-0400,"{""mTarget"":6000,""mValue"":6659}",oAqnaMFJ0j,com.sec.android.app.shealth,tracker.pedometer,2022-01-13 04:00:00.000,562881ed-113a-4c9d-8173-98bb7a08ae68,1,
,2022-04-05 04:00:00.000,,100003,,2023-09-03 16:10:26.040,2023-09-03 16:10:26.040,,,tracker_pedometer_reward_target_achieved,UTC-0400,"{""mTarget"":6000,""mValue"":7962}",oAqnaMFJ0j,com.sec.android.app.shealth,tracker.pedometer,2022-04-05 04:00:00.000,b8d83d33-c281-4b0f-a1dc-9fe64732b306,1,
,2022-01-02 04:00:00.000,,100003,,2023-09-03 16:10:26.034,2023-09-03 16:10:26.034,,,tracker_pedometer_reward_target_achieved,UTC-0400,"{""mTarget"":6000,""mValue"":8285}",oAqnaMFJ0j,com.sec.android.app.shealth,tracker.pedometer,2022-01-02 04:00:00.000,9e794d2f-30ac-4f78-801f-cb43d150d8ba,1,
,2022-05-31 04:00:00.000,,100003,,2023-09-03 16:10:26.052,2023-09-03 16:10:26.052,,,tracker_pedometer_reward_target_achieved,UTC-0400,"{""mTarget"":6000,""mValue"":8026}",oAqnaMFJ0j,com.sec.android.app.shealth,tracker.pedometer,2022-05-31 04:00:00.000,6baff145-1712-45e5-a060-10e6835ee726,1,
,2023-03-24 04:00:00.000,,100003,,2023-09-03 16:10:26.094,2023-09-03 16:10:26.094,,,tracker_pedometer_reward_target_achieved,UTC-0400,"{""mTarget"":6000,""mValue"":7606}",oAqnaMFJ0j,com.sec.android.app.shealth,tracker.pedometer,2023-03-24 04:00:00.000,45419b67-b014-4cec-a238-d9527460ece6,1,
,2023-03-23 04:00:00.000,,100003,,2023-09-03 16:10:26.094,2023-09-03 16:10:26.094,,,tracker_pedometer_reward_target_achieved,UTC-0400,"{""mTarget"":6000,""mValue"":7948}",oAqnaMFJ0j,com.sec.android.app.shealth,tracker.pedometer,2023-03-23 04:00:00.000,9c54fd9c-75da-4675-bef3-efdeb39b8689,1,
,2022-08-19 04:00:00.000,,100003,,2023-09-03 16:10:26.086,2023-09-03 16:10:26.086,,,tracker_pedometer_reward_target_achieved,UTC-0400,"{""mTarget"":6000,""mValue"":7535}",oAqnaMFJ0j,com.sec.android.app.shealth,tracker.pedometer,2022-08-19 04:00:00.000,99defac4-9cf1-46e7-a0bf-6a4e844a161d,1,
,2022-08-18 04:00:00.000,,100003,,2023-09-03 16:10:26.086,2023-09-03 16:10:26.086,,,tracker_pedometer_reward_target_achieved,UTC-0400,"{""mTarget"":6000,""mValue"":6931}",oAqnaMFJ0j,com.sec.android.app.shealth,tracker.pedometer,2022-08-18 04:00:00.000,616366f7-ced1-40be-994b-acea82805ca7,1,
,2022-06-28 04:00:00.000,,100003,,2023-09-03 16:10:26.074,2023-09-03 16:10:26.074,,,tracker_pedometer_reward_target_achieved,UTC-0400,"{""mTarget"":6000,""mValue"":8735}",oAqnaMFJ0j,com.sec.android.app.shealth,tracker.pedometer,2022-06-28 04:00:00.000,fbd8bd0d-6472-400e-adf1-e1bb3f9a9e87,1,
,2022-03-10 04:00:00.000,,100003,,2023-09-03 16:10:26.038,2023-09-03 16:10:26.038,,,tracker_pedometer_reward_target_achieved,UTC-0400,"{""mTarget"":6000,""mValue"":8821}",oAqnaMFJ0j,com.sec.android.app.shealth,tracker.pedometer,2022-03-10 04:00:00.000,1a0155f4-c514-4362-94bb-132e7e349f27,1,
,2022-08-02 04:00:00.000,,100003,,2023-09-03 16:10:26.084,2023-09-03 16:10:26.084,,,tracker_pedometer_reward_target_achieved,UTC-0400,"{""mTarget"":6000,""mValue"":12705}",oAqnaMFJ0j,com.sec.android.app.shealth,tracker.pedometer,2022-08-02 04:00:00.000,bd6e2fe3-ada6-4bb6-92a3-8759abb0142f,1,
,2023-03-03 04:00:00.000,,100003,,2023-09-03 16:10:26.093,2023-09-03 16:10:26.093,,,tracker_pedometer_reward_target_achieved,UTC-0400,"{""mTarget"":6000,""mValue"":7359}",oAqnaMFJ0j,com.sec.android.app.shealth,tracker.pedometer,2023-03-03 04:00:00.000,2d931de2-0815-493c-b52c-40397390fe9e,1,
,2022-08-11 04:00:00.000,,100003,,2023-09-03 16:10:26.085,2023-09-03 16:10:26.085,,,tracker_pedometer_reward_target_achieved,UTC-0400,"{""mTarget"":6000,""mValue"":6163}",oAqnaMFJ0j,com.sec.android.app.shealth,tracker.pedometer,2022-08-11 04:00:00.000,95d727c5-ce16-452b-b9a0-d84db1d93055,1,
,2021-12-20 04:00:00.000,,100003,,2023-09-03 16:10:26.029,2023-09-03 16:10:26.029,,,tracker_pedometer_reward_target_achieved,UTC-0400,"{""mTarget"":6000,""mValue"":12944}",oAqnaMFJ0j,com.sec.android.app.shealth,tracker.pedometer,2021-12-20 04:00:00.000,fc984701-60fe-4a2a-81d1-69a23b51a24e,1,
,2022-07-09 04:00:00.000,,100003,,2023-09-03 16:10:26.075,2023-09-03 16:10:26.075,,,tracker_pedometer_reward_target_achieved,UTC-0400,"{""mTarget"":6000,""mValue"":8480}",oAqnaMFJ0j,com.sec.android.app.shealth,tracker.pedometer,2022-07-09 04:00:00.000,6335124a-0012-40fe-a137-55ffbe2562d8,1,
,2022-07-22 04:00:00.000,,100003,,2023-09-03 16:10:26.083,2023-09-03 16:10:26.083,,,tracker_pedometer_reward_target_achieved,UTC-0400,"{""mTarget"":6000,""mValue"":6873}",oAqnaMFJ0j,com.sec.android.app.shealth,tracker.pedometer,2022-07-22 04:00:00.000,7a31b453-08e0-41f8-96b8-94148484e124,1,
,2022-01-07 04:00:00.000,,100003,,2023-09-03 16:10:26.035,2023-09-03 16:10:26.035,,,tracker_pedometer_reward_target_achieved,UTC-0400,"{""mTarget"":6000,""mValue"":6630}",oAqnaMFJ0j,com.sec.android.app.shealth,tracker.pedometer,2022-01-07 04:00:00.000,199c3e98-bdb6-47e3-b6bb-d204926348c7,1,
,2022-06-01 04:00:00.000,,100003,,2023-09-03 16:10:26.052,2023-09-03 16:10:26.052,,,tracker_pedometer_reward_target_achieved,UTC-0400,"{""mTarget"":6000,""mValue"":7308}",oAqnaMFJ0j,com.sec.android.app.shealth,tracker.pedometer,2022-06-01 04:00:00.000,d0234839-9699-45f9-a9e8-cf71c324d8b6,1,
,2022-08-29 04:00:00.000,,100003,,2023-09-03 16:10:26.087,2023-09-03 16:10:26.087,,,tracker_pedometer_reward_target_achieved,UTC-0400,"{""mTarget"":6000,""mValue"":7104}",oAqnaMFJ0j,com.sec.android.app.shealth,tracker.pedometer,2022-08-29 04:00:00.000,afc79157-4cc7-47fe-9576-b6a54707d5be,1,
,2022-07-26 04:00:00.000,,100003,,2023-09-03 16:10:26.083,2023-09-03 16:10:26.083,,,tracker_pedometer_reward_target_achieved,UTC-0400,"{""mTarget"":6000,""mValue"":13980}",oAqnaMFJ0j,com.sec.android.app.shealth,tracker.pedometer,2022-07-26 04:00:00.000,fd0315e8-672b-4f0b-a239-7acd0c8fdb8b,1,
,2021-11-14 04:00:00.000,,100003,,2023-09-03 16:10:26.027,2023-09-03 16:10:26.027,,,tracker_pedometer_reward_target_achieved,UTC-0400,"{""mTarget"":6000,""mValue"":6411}",oAqnaMFJ0j,com.sec.android.app.shealth,tracker.pedometer,2021-11-14 04:00:00.000,975f2580-935d-485a-9ff8-fab03ed1959c,1,
,2023-04-05 04:00:00.000,,100003,,2023-09-03 16:10:26.094,2023-09-03 16:10:26.094,,,tracker_pedometer_reward_target_achieved,UTC-0400,"{""mTarget"":6000,""mValue"":8386}",oAqnaMFJ0j,com.sec.android.app.shealth,tracker.pedometer,2023-04-05 04:00:00.000,486879ce-633e-42f8-94e0-cd0c18737625,1,
,2022-04-18 04:00:00.000,,100003,,2023-09-03 16:10:26.041,2023-09-03 16:10:26.041,,,tracker_pedometer_reward_target_achieved,UTC-0400,"{""mTarget"":6000,""mValue"":6229}",oAqnaMFJ0j,com.sec.android.app.shealth,tracker.pedometer,2022-04-18 04:00:00.000,da9c95fd-933e-4eae-93bd-6bf4c697a008,1,
,2022-03-17 04:00:00.000,,100003,,2023-09-03 16:10:26.039,2023-09-03 16:10:26.039,,,tracker_pedometer_reward_target_achieved,UTC-0400,"{""mTarget"":6000,""mValue"":6874}",oAqnaMFJ0j,com.sec.android.app.shealth,tracker.pedometer,2022-03-17 04:00:00.000,0bff49d1-5633-458b-a915-b7898c994fa8,1,
,2022-08-24 04:00:00.000,,100003,,2023-09-03 16:10:26.086,2023-09-03 16:10:26.086,,,tracker_pedometer_reward_target_achieved,UTC-0400,"{""mTarget"":6000,""mValue"":9815}",oAqnaMFJ0j,com.sec.android.app.shealth,tracker.pedometer,2022-08-24 04:00:00.000,f65bc89a-86a5-46d1-80a5-54eb8fec7fb8,1,
,2023-06-07 04:00:00.000,,10009,,2023-06-13 04:00:05.920,2023-06-08 00:42:17.327,,,tracker_pedometer_reward_target_achieved,UTC-0400,"{""mTarget"":6000,""mValue"":6398}",oAqnaMFJ0j,com.sec.android.app.shealth,tracker.pedometer,2023-06-07 04:00:00.000,ed00bed3-2b51-41ce-8901-077045de6c59,1,
,2022-06-13 04:00:00.000,,100003,,2023-09-03 16:10:26.053,2023-09-03 16:10:26.053,,,tracker_pedometer_reward_target_achieved,UTC-0400,"{""mTarget"":6000,""mValue"":7878}",oAqnaMFJ0j,com.sec.android.app.shealth,tracker.pedometer,2022-06-13 04:00:00.000,0276696e-5f4d-466c-825d-3f8e99c34878,1,
,2022-01-17 04:00:00.000,,100003,,2023-09-03 16:10:26.036,2023-09-03 16:10:26.036,,,tracker_pedometer_reward_target_achieved,UTC-0400,"{""mTarget"":6000,""mValue"":6261}",oAqnaMFJ0j,com.sec.android.app.shealth,tracker.pedometer,2022-01-17 04:00:00.000,10ad1bd0-2f9f-4f82-b1f7-a700f9a77752,1,
,2021-12-17 04:00:00.000,,100003,,2023-09-03 16:10:26.028,2023-09-03 16:10:26.028,,,tracker_pedometer_reward_target_achieved,UTC-0400,"{""mTarget"":6000,""mValue"":6213}",oAqnaMFJ0j,com.sec.android.app.shealth,tracker.pedometer,2021-12-17 04:00:00.000,88f24ac3-ed20-4811-9b56-f8dc7b9bf064,1,
,2023-04-01 04:00:00.000,,100003,,2023-09-03 16:10:26.094,2023-09-03 16:10:26.094,,,tracker_pedometer_reward_target_achieved,UTC-0400,"{""mTarget"":6000,""mValue"":6150}",oAqnaMFJ0j,com.sec.android.app.shealth,tracker.pedometer,2023-04-01 04:00:00.000,c9f57885-e097-490f-8090-0c10f6283d81,1,
,2023-03-21 04:00:00.000,,100003,,2023-09-03 16:10:26.094,2023-09-03 16:10:26.094,,,tracker_pedometer_reward_target_achieved,UTC-0400,"{""mTarget"":6000,""mValue"":7115}",oAqnaMFJ0j,com.sec.android.app.shealth,tracker.pedometer,2023-03-21 04:00:00.000,8696b3de-a7af-4c5f-950f-a08379f63247,1,
,2021-12-20 04:00:00.000,,100003,,2023-09-03 16:10:26.029,2023-09-03 16:10:26.029,,,tracker_pedometer_reward_most_walking_day,UTC-0400,"{""mTarget"":-1,""mValue"":12944}",oAqnaMFJ0j,com.sec.android.app.shealth,tracker.pedometer,2021-12-20 04:00:00.000,6be0dd64-fcbb-437e-a85f-3079378544b3,1,
,2022-03-07 04:00:00.000,,100003,,2023-09-03 16:10:26.038,2023-09-03 16:10:26.038,,,tracker_pedometer_reward_target_achieved,UTC-0400,"{""mTarget"":6000,""mValue"":6498}",oAqnaMFJ0j,com.sec.android.app.shealth,tracker.pedometer,2022-03-07 04:00:00.000,6836a063-cd4b-4283-9908-c599e8bf3d62,1,
,2023-02-24 04:00:00.000,,100003,,2023-09-03 16:10:26.093,2023-09-03 16:10:26.093,,,tracker_pedometer_reward_target_achieved,UTC-0400,"{""mTarget"":6000,""mValue"":6789}",oAqnaMFJ0j,com.sec.android.app.shealth,tracker.pedometer,2023-02-24 04:00:00.000,85d85003-06fa-4a1a-94ad-83152adc4638,1,
,2022-09-13 04:00:00.000,,100003,,2023-09-03 16:10:26.088,2023-09-03 16:10:26.088,,,tracker_pedometer_reward_target_achieved,UTC-0400,"{""mTarget"":6000,""mValue"":6237}",oAqnaMFJ0j,com.sec.android.app.shealth,tracker.pedometer,2022-09-13 04:00:00.000,17987e4c-0827-456e-8dd7-0280067aaf70,1,
,2022-07-21 04:00:00.000,,100003,,2023-09-03 16:10:26.083,2023-09-03 16:10:26.083,,,tracker_pedometer_reward_target_achieved,UTC-0400,"{""mTarget"":6000,""mValue"":7786}",oAqnaMFJ0j,com.sec.android.app.shealth,tracker.pedometer,2022-07-21 04:00:00.000,37b49206-d65d-46a8-b93a-13ef7c110afb,1,
,2022-05-30 04:00:00.000,,100003,,2023-09-03 16:10:26.052,2023-09-03 16:10:26.052,,,tracker_pedometer_reward_target_achieved,UTC-0400,"{""mTarget"":6000,""mValue"":6476}",oAqnaMFJ0j,com.sec.android.app.shealth,tracker.pedometer,2022-05-30 04:00:00.000,99b484c6-0c47-41b4-bd2b-f758c519266d,1,
,2022-11-26 04:00:00.000,,100003,,2023-09-03 16:10:26.089,2023-09-03 16:10:26.089,,,tracker_pedometer_reward_target_achieved,UTC-0400,"{""mTarget"":6000,""mValue"":11629}",oAqnaMFJ0j,com.sec.android.app.shealth,tracker.pedometer,2022-11-26 04:00:00.000,18f7a510-7d6f-42f8-b916-762cd3c33633,1,
,2023-02-03 04:00:00.000,,100003,,2023-09-03 16:10:26.092,2023-09-03 16:10:26.092,,,tracker_pedometer_reward_target_achieved,UTC-0400,"{""mTarget"":6000,""mValue"":6370}",oAqnaMFJ0j,com.sec.android.app.shealth,tracker.pedometer,2023-02-03 04:00:00.000,4bba77ae-1d4c-4076-859e-313600872849,1,
,2022-08-30 04:00:00.000,,100003,,2023-09-03 16:10:26.087,2023-09-03 16:10:26.087,,,tracker_pedometer_reward_target_achieved,UTC-0400,"{""mTarget"":6000,""mValue"":11831}",oAqnaMFJ0j,com.sec.android.app.shealth,tracker.pedometer,2022-08-30 04:00:00.000,7617fdc2-16fb-4d8d-8051-6bdbcdff984c,1,
,2022-05-17 04:00:00.000,,100003,,2023-09-03 16:10:26.051,2023-09-03 16:10:26.051,,,tracker_pedometer_reward_target_achieved,UTC-0400,"{""mTarget"":6000,""mValue"":8052}",oAqnaMFJ0j,com.sec.android.app.shealth,tracker.pedometer,2022-05-17 04:00:00.000,4c1255f2-2b61-4bb5-8c2a-0253cb769682,1,
,2023-06-08 04:00:00.000,,10009,,2023-06-14 04:00:04.656,2023-06-09 00:15:01.192,,,tracker_pedometer_reward_target_achieved,UTC-0400,"{""mTarget"":6000,""mValue"":6351}",oAqnaMFJ0j,com.sec.android.app.shealth,tracker.pedometer,2023-06-08 04:00:00.000,5e84507d-c0dc-44c2-9a3a-bc42179d8019,1,
,2022-07-19 04:00:00.000,,100003,,2023-09-03 16:10:26.082,2023-09-03 16:10:26.082,,,tracker_pedometer_reward_target_achieved,UTC-0400,"{""mTarget"":6000,""mValue"":9415}",oAqnaMFJ0j,com.sec.android.app.shealth,tracker.pedometer,2022-07-19 04:00:00.000,de69f0ee-ceff-4979-a766-10cb1125c386,1,
,2022-03-08 04:00:00.000,,100003,,2023-09-03 16:10:26.038,2023-09-03 16:10:26.038,,,tracker_pedometer_reward_target_achieved,UTC-0400,"{""mTarget"":6000,""mValue"":8092}",oAqnaMFJ0j,com.sec.android.app.shealth,tracker.pedometer,2022-03-08 04:00:00.000,5f84c8f9-6033-4a9d-b9b5-5375dd1e13ed,1,
,2022-06-24 04:00:00.000,,100003,,2023-09-03 16:10:26.074,2023-09-03 16:10:26.074,,,tracker_pedometer_reward_target_achieved,UTC-0400,"{""mTarget"":6000,""mValue"":7911}",oAqnaMFJ0j,com.sec.android.app.shealth,tracker.pedometer,2022-06-24 04:00:00.000,49a7567e-7344-452e-a19e-5d7ad41e0c5f,1,
,2022-06-14 04:00:00.000,,100003,,2023-09-03 16:10:26.053,2023-09-03 16:10:26.053,,,tracker_pedometer_reward_target_achieved,UTC-0400,"{""mTarget"":6000,""mValue"":8446}",oAqnaMFJ0j,com.sec.android.app.shealth,tracker.pedometer,2022-06-14 04:00:00.000,8410a1d9-ffc6-44fd-b4f2-a04b4079b94f,1,
,2023-04-25 04:00:00.000,,100003,,2023-09-03 16:10:26.094,2023-09-03 16:10:26.094,,,tracker_pedometer_reward_target_achieved,UTC-0400,"{""mTarget"":6000,""mValue"":6217}",oAqnaMFJ0j,com.sec.android.app.shealth,tracker.pedometer,2023-04-25 04:00:00.000,9f1e054e-45a1-4797-ba1b-91ad61bd710c,1,
,2022-02-11 04:00:00.000,,100003,,2023-09-03 16:10:26.037,2023-09-03 16:10:26.037,,,tracker_pedometer_reward_target_achieved,UTC-0400,"{""mTarget"":6000,""mValue"":7843}",oAqnaMFJ0j,com.sec.android.app.shealth,tracker.pedometer,2022-02-11 04:00:00.000,0dc66734-12b7-4293-9c70-e5c90610a43e,1,
,2022-09-06 04:00:00.000,,100003,,2023-09-03 16:10:26.087,2023-09-03 16:10:26.087,,,tracker_pedometer_reward_target_achieved,UTC-0400,"{""mTarget"":6000,""mValue"":8072}",oAqnaMFJ0j,com.sec.android.app.shealth,tracker.pedometer,2022-09-06 04:00:00.000,ec6c9429-61a9-4aea-8e70-0020eca56a49,1,
,2021-11-08 04:00:00.000,,100003,,2023-09-03 16:10:26.027,2023-09-03 16:10:26.027,,,tracker_pedometer_reward_target_achieved,UTC-0400,"{""mTarget"":6000,""mValue"":8106}",oAqnaMFJ0j,com.sec.android.app.shealth,tracker.pedometer,2021-11-08 04:00:00.000,1b82916f-d516-4fe7-81a6-cd681a5148ea,1,
,2021-10-26 04:00:00.000,,100003,,2023-09-03 16:10:26.027,2023-09-03 16:10:26.027,,,tracker_pedometer_reward_target_achieved,UTC-0400,"{""mTarget"":6000,""mValue"":6247}",oAqnaMFJ0j,com.sec.android.app.shealth,tracker.pedometer,2021-10-26 04:00:00.000,b0996147-b5d2-4a0a-a4fa-fb3fed3b7eff,1,
,2022-03-15 04:00:00.000,,100003,,2023-09-03 16:10:26.039,2023-09-03 16:10:26.039,,,tracker_pedometer_reward_target_achieved,UTC-0400,"{""mTarget"":6000,""mValue"":8226}",oAqnaMFJ0j,com.sec.android.app.shealth,tracker.pedometer,2022-03-15 04:00:00.000,ba5f700f-b64d-4305-a31a-957b977f7a5f,1,
,2023-05-13 04:00:00.000,,100003,,2023-09-03 16:10:26.095,2023-09-03 16:10:26.095,,,tracker_pedometer_reward_target_achieved,UTC-0400,"{""mTarget"":6000,""mValue"":7412}",oAqnaMFJ0j,com.sec.android.app.shealth,tracker.pedometer,2023-05-13 04:00:00.000,4da093ff-2735-4bee-964a-b49986a03097,1,
,2022-08-23 04:00:00.000,,100003,,2023-09-03 16:10:26.086,2023-09-03 16:10:26.086,,,tracker_pedometer_reward_target_achieved,UTC-0400,"{""mTarget"":6000,""mValue"":7638}",oAqnaMFJ0j,com.sec.android.app.shealth,tracker.pedometer,2022-08-23 04:00:00.000,b5eb81e7-e514-4d42-be8b-de15299fb789,1,
,2022-06-22 04:00:00.000,,100003,,2023-09-03 16:10:26.074,2023-09-03 16:10:26.074,,,tracker_pedometer_reward_target_achieved,UTC-0400,"{""mTarget"":6000,""mValue"":8109}",oAqnaMFJ0j,com.sec.android.app.shealth,tracker.pedometer,2022-06-22 04:00:00.000,43bec6a2-4f82-4e84-9b04-e079a7b91fd9,1,
,2022-08-10 04:00:00.000,,100003,,2023-09-03 16:10:26.085,2023-09-03 16:10:26.085,,,tracker_pedometer_reward_target_achieved,UTC-0400,"{""mTarget"":6000,""mValue"":6196}",oAqnaMFJ0j,com.sec.android.app.shealth,tracker.pedometer,2022-08-10 04:00:00.000,a742629a-f988-4d7a-a638-2a7e0aac972e,1,
,2023-05-25 04:00:00.000,,100003,,2023-09-03 16:10:26.095,2023-09-03 16:10:26.095,,,tracker_pedometer_reward_target_achieved,UTC-0400,"{""mTarget"":6000,""mValue"":6436}",oAqnaMFJ0j,com.sec.android.app.shealth,tracker.pedometer,2023-05-25 04:00:00.000,4b37a603-d52c-4ad2-9e58-63bad6e06689,1,
,2021-11-29 04:00:00.000,,100003,,2023-09-03 16:10:26.028,2023-09-03 16:10:26.028,,,tracker_pedometer_reward_target_achieved,UTC-0400,"{""mTarget"":6000,""mValue"":6991}",oAqnaMFJ0j,com.sec.android.app.shealth,tracker.pedometer,2021-11-29 04:00:00.000,ef024c50-64aa-482b-a2ba-eee96a6e2410,1,
,2022-07-25 04:00:00.000,,100003,,2023-09-03 16:10:26.083,2023-09-03 16:10:26.083,,,tracker_pedometer_reward_target_achieved,UTC-0400,"{""mTarget"":6000,""mValue"":6203}",oAqnaMFJ0j,com.sec.android.app.shealth,tracker.pedometer,2022-07-25 04:00:00.000,7a1562ed-8efb-4202-9c31-3c3f45be5761,1,
,2021-11-28 04:00:00.000,,100003,,2023-09-03 16:10:26.027,2023-09-03 16:10:26.027,,,tracker_pedometer_reward_most_walking_day,UTC-0400,"{""mTarget"":-1,""mValue"":10122}",oAqnaMFJ0j,com.sec.android.app.shealth,tracker.pedometer,2021-11-28 04:00:00.000,2da13ecd-f344-4fda-9cac-3abc3ce32204,1,
,2022-04-20 04:00:00.000,,100003,,2023-09-03 16:10:26.050,2023-09-03 16:10:26.050,,,tracker_pedometer_reward_target_achieved,UTC-0400,"{""mTarget"":6000,""mValue"":7194}",oAqnaMFJ0j,com.sec.android.app.shealth,tracker.pedometer,2022-04-20 04:00:00.000,7e4f7644-9f15-4051-93eb-a64732f913d8,1,
,2022-05-04 04:00:00.000,,100003,,2023-09-03 16:10:26.050,2023-09-03 16:10:26.050,,,tracker_pedometer_reward_target_achieved,UTC-0400,"{""mTarget"":6000,""mValue"":7581}",oAqnaMFJ0j,com.sec.android.app.shealth,tracker.pedometer,2022-05-04 04:00:00.000,420a9f02-875f-437a-b189-686eea36d566,1,
,2022-07-29 04:00:00.000,,100003,,2023-09-03 16:10:26.084,2023-09-03 16:10:26.084,,,tracker_pedometer_reward_target_achieved,UTC-0400,"{""mTarget"":6000,""mValue"":8354}",oAqnaMFJ0j,com.sec.android.app.shealth,tracker.pedometer,2022-07-29 04:00:00.000,677f64ba-93ba-4392-9373-1ddb4e031abd,1,
,2021-12-15 04:00:00.000,,100003,,2023-09-03 16:10:26.028,2023-09-03 16:10:26.028,,,tracker_pedometer_reward_target_achieved,UTC-0400,"{""mTarget"":6000,""mValue"":9590}",oAqnaMFJ0j,com.sec.android.app.shealth,tracker.pedometer,2021-12-15 04:00:00.000,0d49bf6d-c904-43e3-9dcc-21dd685ae569,1,
,2022-08-31 04:00:00.000,,100003,,2023-09-03 16:10:26.087,2023-09-03 16:10:26.087,,,tracker_pedometer_reward_target_achieved,UTC-0400,"{""mTarget"":6000,""mValue"":9951}",oAqnaMFJ0j,com.sec.android.app.shealth,tracker.pedometer,2022-08-31 04:00:00.000,b9fdbb23-0097-40a3-a3b3-ff9b4c6fbb82,1,
,2022-04-12 04:00:00.000,,100003,,2023-09-03 16:10:26.041,2023-09-03 16:10:26.041,,,tracker_pedometer_reward_target_achieved,UTC-0400,"{""mTarget"":6000,""mValue"":6197}",oAqnaMFJ0j,com.sec.android.app.shealth,tracker.pedometer,2022-04-12 04:00:00.000,98e4c377-9268-469b-9f5a-450470a1b842,1,
,2022-03-22 04:00:00.000,,100003,,2023-09-03 16:10:26.039,2023-09-03 16:10:26.039,,,tracker_pedometer_reward_target_achieved,UTC-0400,"{""mTarget"":6000,""mValue"":7616}",oAqnaMFJ0j,com.sec.android.app.shealth,tracker.pedometer,2022-03-22 04:00:00.000,9feab0a4-c68b-43c3-b331-13dba4c7f565,1,
,2022-01-04 04:00:00.000,,100003,,2023-09-03 16:10:26.035,2023-09-03 16:10:26.035,,,tracker_pedometer_reward_target_achieved,UTC-0400,"{""mTarget"":6000,""mValue"":16678}",oAqnaMFJ0j,com.sec.android.app.shealth,tracker.pedometer,2022-01-04 04:00:00.000,99fbc043-b578-4b7c-83d0-202fdfc53e64,1,
,2021-09-10 04:00:00.000,,100003,,2023-09-03 16:10:26.026,2023-09-03 16:10:26.026,,,tracker_pedometer_reward_target_achieved,UTC-0400,"{""mTarget"":6000,""mValue"":6339}",oAqnaMFJ0j,com.sec.android.app.shealth,tracker.pedometer,2021-09-10 04:00:00.000,f93650be-fc8e-4b18-a9da-37accffbff0e,1,
,2022-05-07 04:00:00.000,,100003,,2023-09-03 16:10:26.051,2023-09-03 16:10:26.051,,,tracker_pedometer_reward_target_achieved,UTC-0400,"{""mTarget"":6000,""mValue"":6018}",oAqnaMFJ0j,com.sec.android.app.shealth,tracker.pedometer,2022-05-07 04:00:00.000,0d16d5fb-cd52-4d88-bf74-f538dc166146,1,
,2022-05-23 04:00:00.000,,100003,,2023-09-03 16:10:26.052,2023-09-03 16:10:26.052,,,tracker_pedometer_reward_target_achieved,UTC-0400,"{""mTarget"":6000,""mValue"":9040}",oAqnaMFJ0j,com.sec.android.app.shealth,tracker.pedometer,2022-05-23 04:00:00.000,f7cc0c08-7f5f-424d-87c3-2c67ae252860,1,
,2022-05-13 04:00:00.000,,100003,,2023-09-03 16:10:26.051,2023-09-03 16:10:26.051,,,tracker_pedometer_reward_target_achieved,UTC-0400,"{""mTarget"":6000,""mValue"":7402}",oAqnaMFJ0j,com.sec.android.app.shealth,tracker.pedometer,2022-05-13 04:00:00.000,ae81f2aa-06a2-41e6-88b2-fcca7319a20f,1,
,2022-07-20 04:00:00.000,,100003,,2023-09-03 16:10:26.082,2023-09-03 16:10:26.082,,,tracker_pedometer_reward_target_achieved,UTC-0400,"{""mTarget"":6000,""mValue"":7792}",oAqnaMFJ0j,com.sec.android.app.shealth,tracker.pedometer,2022-07-20 04:00:00.000,3e31bb25-78ae-4c5b-9986-0ff59299855f,1,
,2022-08-09 04:00:00.000,,100003,,2023-09-03 16:10:26.085,2023-09-03 16:10:26.085,,,tracker_pedometer_reward_target_achieved,UTC-0400,"{""mTarget"":6000,""mValue"":7448}",oAqnaMFJ0j,com.sec.android.app.shealth,tracker.pedometer,2022-08-09 04:00:00.000,c3997b2d-4cb8-4de7-83c4-89c0ca855617,1,
,2023-03-06 04:00:00.000,,100003,,2023-09-03 16:10:26.093,2023-09-03 16:10:26.093,,,tracker_pedometer_reward_target_achieved,UTC-0400,"{""mTarget"":6000,""mValue"":7060}",oAqnaMFJ0j,com.sec.android.app.shealth,tracker.pedometer,2023-03-06 04:00:00.000,c7bb85d2-676b-4b35-843e-58d2a1977f2a,1,
,2022-08-12 04:00:00.000,,100003,,2023-09-03 16:10:26.085,2023-09-03 16:10:26.085,,,tracker_pedometer_reward_target_achieved,UTC-0400,"{""mTarget"":6000,""mValue"":8328}",oAqnaMFJ0j,com.sec.android.app.shealth,tracker.pedometer,2022-08-12 04:00:00.000,99814737-44c5-4043-882c-09afcc3361df,1,
,2023-05-07 04:00:00.000,,100003,,2023-09-03 16:10:26.094,2023-09-03 16:10:26.094,,,tracker_pedometer_reward_target_achieved,UTC-0400,"{""mTarget"":6000,""mValue"":7995}",oAqnaMFJ0j,com.sec.android.app.shealth,tracker.pedometer,2023-05-07 04:00:00.000,d29a6ed1-4fc9-4e40-b7df-e01bc400c305,1,
,2022-03-18 04:00:00.000,,100003,,2023-09-03 16:10:26.039,2023-09-03 16:10:26.039,,,tracker_pedometer_reward_target_achieved,UTC-0400,"{""mTarget"":6000,""mValue"":6541}",oAqnaMFJ0j,com.sec.android.app.shealth,tracker.pedometer,2022-03-18 04:00:00.000,77d0ca2e-cd22-4dd3-b80c-81b649bc4e8a,1,
,2022-07-05 04:00:00.000,,100003,,2023-09-03 16:10:26.075,2023-09-03 16:10:26.075,,,tracker_pedometer_reward_target_achieved,UTC-0400,"{""mTarget"":6000,""mValue"":6757}",oAqnaMFJ0j,com.sec.android.app.shealth,tracker.pedometer,2022-07-05 04:00:00.000,35f63467-6c9d-472b-8839-ecb85e7d3b09,1,
,2022-02-14 04:00:00.000,,100003,,2023-09-03 16:10:26.037,2023-09-03 16:10:26.037,,,tracker_pedometer_reward_target_achieved,UTC-0400,"{""mTarget"":6000,""mValue"":6591}",oAqnaMFJ0j,com.sec.android.app.shealth,tracker.pedometer,2022-02-14 04:00:00.000,97457afa-7c6f-4e1b-81be-c1a906720186,1,
,2022-08-05 04:00:00.000,,100003,,2023-09-03 16:10:26.084,2023-09-03 16:10:26.084,,,tracker_pedometer_reward_target_achieved,UTC-0400,"{""mTarget"":6000,""mValue"":6537}",oAqnaMFJ0j,com.sec.android.app.shealth,tracker.pedometer,2022-08-05 04:00:00.000,31d80d63-0491-4539-8283-a15edbad0bd1,1,
,2022-04-07 04:00:00.000,,100003,,2023-09-03 16:10:26.040,2023-09-03 16:10:26.040,,,tracker_pedometer_reward_target_achieved,UTC-0400,"{""mTarget"":6000,""mValue"":8662}",oAqnaMFJ0j,com.sec.android.app.shealth,tracker.pedometer,2022-04-07 04:00:00.000,55c02b59-e726-412d-99f7-e51b7ec4d2ff,1,
,2021-09-11 04:00:00.000,,100003,,2023-09-03 16:10:26.026,2023-09-03 16:10:26.026,,,tracker_pedometer_reward_target_achieved,UTC-0400,"{""mTarget"":6000,""mValue"":8994}",oAqnaMFJ0j,com.sec.android.app.shealth,tracker.pedometer,2021-09-11 04:00:00.000,27ce9267-aa09-4099-9689-1762e923104d,1,
,2022-05-09 04:00:00.000,,100003,,2023-09-03 16:10:26.051,2023-09-03 16:10:26.051,,,tracker_pedometer_reward_target_achieved,UTC-0400,"{""mTarget"":6000,""mValue"":7190}",oAqnaMFJ0j,com.sec.android.app.shealth,tracker.pedometer,2022-05-09 04:00:00.000,35e0bdad-3cd3-44ec-9578-4f9e6f2af726,1,
,2022-09-15 04:00:00.000,,100003,,2023-09-03 16:10:26.088,2023-09-03 16:10:26.088,,,tracker_pedometer_reward_target_achieved,UTC-0400,"{""mTarget"":6000,""mValue"":7534}",oAqnaMFJ0j,com.sec.android.app.shealth,tracker.pedometer,2022-09-15 04:00:00.000,0de5a288-5cd6-4110-822b-5c36c1a79bdd,1,
,2023-02-02 04:00:00.000,,100003,,2023-09-03 16:10:26.089,2023-09-03 16:10:26.089,,,tracker_pedometer_reward_target_achieved,UTC-0400,"{""mTarget"":6000,""mValue"":6657}",oAqnaMFJ0j,com.sec.android.app.shealth,tracker.pedometer,2023-02-02 04:00:00.000,eb35c844-df36-4ed9-8162-8adedb55de45,1,
,2022-01-01 04:00:00.000,,100003,,2023-09-03 16:10:26.029,2023-09-03 16:10:26.029,,,tracker_pedometer_reward_most_walking_day,UTC-0400,"{""mTarget"":-1,""mValue"":14181}",oAqnaMFJ0j,com.sec.android.app.shealth,tracker.pedometer,2022-01-01 04:00:00.000,688f3ab6-8575-4562-b382-32258d284089,1,
,2022-02-03 04:00:00.000,,100003,,2023-09-03 16:10:26.037,2023-09-03 16:10:26.037,,,tracker_pedometer_reward_target_achieved,UTC-0400,"{""mTarget"":6000,""mValue"":6062}",oAqnaMFJ0j,com.sec.android.app.shealth,tracker.pedometer,2022-02-03 04:00:00.000,16e904f3-e112-4668-8aa1-28e640e71f62,1,
,2022-02-02 04:00:00.000,,100003,,2023-09-03 16:10:26.037,2023-09-03 16:10:26.037,,,tracker_pedometer_reward_target_achieved,UTC-0400,"{""mTarget"":6000,""mValue"":7930}",oAqnaMFJ0j,com.sec.android.app.shealth,tracker.pedometer,2022-02-02 04:00:00.000,c56d5e29-9044-46ae-8661-208f5c88d4a4,1,
,2022-01-06 04:00:00.000,,100003,,2023-09-03 16:10:26.035,2023-09-03 16:10:26.035,,,tracker_pedometer_reward_target_achieved,UTC-0400,"{""mTarget"":6000,""mValue"":7754}",oAqnaMFJ0j,com.sec.android.app.shealth,tracker.pedometer,2022-01-06 04:00:00.000,d3451e9e-a567-4c55-a83e-2471e284807d,1,
,2022-05-18 04:00:00.000,,100003,,2023-09-03 16:10:26.052,2023-09-03 16:10:26.052,,,tracker_pedometer_reward_target_achieved,UTC-0400,"{""mTarget"":6000,""mValue"":6530}",oAqnaMFJ0j,com.sec.android.app.shealth,tracker.pedometer,2022-05-18 04:00:00.000,bddad4ca-718f-4d33-b6fd-24729c9d246d,1,
,2022-05-10 04:00:00.000,,100003,,2023-09-03 16:10:26.051,2023-09-03 16:10:26.051,,,tracker_pedometer_reward_target_achieved,UTC-0400,"{""mTarget"":6000,""mValue"":8482}",oAqnaMFJ0j,com.sec.android.app.shealth,tracker.pedometer,2022-05-10 04:00:00.000,ffe7d7dd-3356-40ab-82bc-b1808a4756f8,1,
,2022-01-04 04:00:00.000,,100003,,2023-09-03 16:10:26.095,2023-09-03 16:10:26.095,,,tracker_pedometer_reward_most_walking_day,UTC-0400,"{""mTarget"":-1,""mValue"":16678}",oAqnaMFJ0j,com.sec.android.app.shealth,tracker.pedometer,2022-01-04 04:00:00.000,f76c8597-a183-4f93-bd5b-aa305e42c3da,1,
,2023-02-04 04:00:00.000,,100003,,2023-09-03 16:10:26.092,2023-09-03 16:10:26.092,,,tracker_pedometer_reward_target_achieved,UTC-0400,"{""mTarget"":6000,""mValue"":7894}",oAqnaMFJ0j,com.sec.android.app.shealth,tracker.pedometer,2023-02-04 04:00:00.000,fe07d456-0248-4729-b4ff-d29b83de3eb7,1,
,2022-06-10 04:00:00.000,,100003,,2023-09-03 16:10:26.053,2023-09-03 16:10:26.053,,,tracker_pedometer_reward_target_achieved,UTC-0400,"{""mTarget"":6000,""mValue"":6826}",oAqnaMFJ0j,com.sec.android.app.shealth,tracker.pedometer,2022-06-10 04:00:00.000,427d1e3b-00ff-46d3-94c2-c431206785e2,1,
,2023-05-27 04:00:00.000,,100003,,2023-09-03 16:10:26.095,2023-09-03 16:10:26.095,,,tracker_pedometer_reward_target_achieved,UTC-0400,"{""mTarget"":6000,""mValue"":6343}",oAqnaMFJ0j,com.sec.android.app.shealth,tracker.pedometer,2023-05-27 04:00:00.000,05da87c0-a910-4e0e-9da1-7ff7a06ee94d,1,
