﻿com.samsung.health.device_profile,6307003,9
manufacturer,providing_step_goal,create_sh_ver,step_source_group,device_type,backsync_step_goal,capability,modify_sh_ver,device_group,update_time,create_time,name,model,legacy_deviceuuid,connectivity_type,deviceuuid,pkg_name,accessory_type,fixed_name,datauuid
Samsung,,,,,,,,360001,2026-01-21 14:32:32.660,2026-01-21 14:32:32.660,My Device,SM-S921B,,,WE6JXtsOno,com.sec.android.app.shealth,,S24 de Vitor,4fa13a3d-7d98-a233-00f8-0681a5d15fde,
Combined,,,,,,,,0,2026-01-21 14:32:42.951,2026-01-21 14:32:42.951,Combined,Combined,,,VfS0qUERdZ,com.sec.android.app.shealth,,S24 de Vitor,7af9722c-cd99-07b7-853a-43ce58e819c5,
all_target,,,,,,,,0,2026-01-21 14:32:43.007,2026-01-21 14:32:43.007,all_target,all_target,,,Mk66SbFqK1,com.sec.android.app.shealth,,S24 de Vitor,471ca32b-a665-1e9e-7c27-7ac69485dc05,
Samsung,,,,,,,,360001,2022-01-09 02:20:17.704,2021-09-07 01:04:27.163,My Device,SM-G975F,,,oAqnaMFJ0j,com.sec.android.app.shealth,,Vitor,ef33e52e-f869-d8b9-d251-631066b52fd2,
Xiaomi,,,,,,,,360001,2024-08-31 23:08:13.123,2024-03-21 19:15:46.079,My Device,2303CRA44A,,,VOO84QlFK5,com.sec.android.app.shealth,,Redmi Note 12S,f97e95c3-2450-7389-ff9c-ef737cd318a9,
