﻿com.samsung.shealth.exercise.program_schedule,6307003,3
duration,planned_date,state_update_time,week_info_id,custom,pace_info_id,day_info_id,update_time,create_time,state_updated_by,program_id,state,distance,deviceuuid,pkg_name,tracker_id,workout_day,program_info_id,datauuid
0,2023-11-16 08:00:00.000,2023-11-14 01:40:48.125,,b7201264-49cf-4d92-a3b4-2a997390b60a.custom.json,0,,2023-11-14 01:40:48.185,2023-11-14 01:40:48.185,200,43f5c93a-9bc5-4682-85fa-871707185cb8,500,0.0,oAqnaMFJ0j,com.sec.android.app.shealth,,0,program.prod18,b7201264-49cf-4d92-a3b4-2a997390b60a,
0,2023-11-14 08:00:00.000,2023-11-14 01:40:48.125,,a30d1d61-1fb0-433d-af45-01924d174350.custom.json,0,,2023-11-14 01:40:48.183,2023-11-14 01:40:48.183,200,43f5c93a-9bc5-4682-85fa-871707185cb8,500,0.0,oAqnaMFJ0j,com.sec.android.app.shealth,,0,program.prod18,a30d1d61-1fb0-433d-af45-01924d174350,
0,2023-11-15 08:00:00.000,2023-11-14 01:40:48.125,,83433044-dd06-467f-8d95-11072090cc71.custom.json,0,,2023-11-14 01:40:48.184,2023-11-14 01:40:48.184,200,43f5c93a-9bc5-4682-85fa-871707185cb8,0,0.0,oAqnaMFJ0j,com.sec.android.app.shealth,,1,program.prod18,83433044-dd06-467f-8d95-11072090cc71,
0,2023-11-13 08:00:00.000,2023-11-14 01:41:10.341,,6799ed08-b939-4d76-8754-d5b4a47e89cf.custom.json,0,,2023-11-14 01:41:14.212,2023-11-14 01:40:48.173,200,43f5c93a-9bc5-4682-85fa-871707185cb8,200,0.0,oAqnaMFJ0j,com.sec.android.app.shealth,604df017-ca31-4df3-878f-468dbc60c47c,1,program.prod18,6799ed08-b939-4d76-8754-d5b4a47e89cf,
0,2023-11-17 08:00:00.000,2023-11-14 01:40:48.126,,d2ceb5b1-5c0a-47c2-86ad-5ba9607e6eb4.custom.json,0,,2023-11-14 01:40:48.185,2023-11-14 01:40:48.185,200,43f5c93a-9bc5-4682-85fa-871707185cb8,0,0.0,oAqnaMFJ0j,com.sec.android.app.shealth,,1,program.prod18,d2ceb5b1-5c0a-47c2-86ad-5ba9607e6eb4,
