﻿com.samsung.shealth.food_frequent,6307003,1
eveningsnack_count,update_time,create_time,morningsnack_count,dinner_count,breakfast_count,deviceuuid,pkg_name,afternoonsnack_count,datauuid,food_info_id,lunch_count
0.0,2026-02-24 14:07:29.702,2026-01-21 14:42:56.937,1.0,1.0,20.0,WE6JXtsOno,com.sec.android.app.shealth,2.0,1596db3c-f5ce-4ee7-8578-7d209685a302,0edae2a1-daf3-42b2-89bb-02c75525e71f,0.0,
0.0,2026-01-24 13:45:55.294,2026-01-21 14:42:56.959,0.0,0.0,2.0,WE6JXtsOno,com.sec.android.app.shealth,1.0,0b1d6cc4-3017-4d9f-ab7b-2fbac992ef33,b1e70b83-1122-42e6-beb1-4b9566cc7a68,0.0,
0.0,2026-01-21 14:42:56.983,2026-01-21 14:42:56.983,0.0,0.0,1.0,WE6JXtsOno,com.sec.android.app.shealth,0.0,23651ebc-b7cb-44d8-923d-0b4a33cfe86c,945794ce-cd91-4d93-adbf-71d3667f8d73,0.0,
0.0,2026-02-01 18:54:50.956,2026-01-21 14:42:57.007,0.0,0.0,5.0,WE6JXtsOno,com.sec.android.app.shealth,0.0,3a25648f-489e-4019-af3b-680888c7a92e,19e09b31-aeba-48f6-85a2-96050270510e,0.0,
0.0,2026-02-17 13:38:43.624,2026-01-21 14:43:17.821,6.0,0.0,0.0,WE6JXtsOno,com.sec.android.app.shealth,0.0,af378755-b043-4ffa-872a-f66f6df5a5a5,cada231b-1312-4ea0-a3a7-f456cd5003cc,0.0,
0.0,2026-02-03 14:50:42.247,2026-01-21 14:43:17.843,5.0,0.0,0.0,WE6JXtsOno,com.sec.android.app.shealth,0.0,08d55f00-df09-46de-9153-4eb26dc798b6,0d1b68ec-8cc8-49b9-9fb0-ab8ace15aadc,0.0,
2.0,2026-02-24 19:01:34.493,2026-01-21 17:13:29.453,0.0,8.0,0.0,WE6JXtsOno,com.sec.android.app.shealth,2.0,91a7fff9-24da-493d-a0a9-ceca495db79d,1a646f50-43d3-416d-837d-3cc1fff4888f,28.0,
0.0,2026-02-02 16:47:01.493,2026-01-21 17:13:29.474,0.0,0.0,0.0,WE6JXtsOno,com.sec.android.app.shealth,0.0,dc870654-78fd-4843-a19e-1f02b03d01b1,b603bcd0-b5cb-4b4d-8f94-49e24da1781c,3.0,
0.0,2026-01-21 18:16:21.826,2026-01-21 18:16:21.826,0.0,0.0,0.0,WE6JXtsOno,com.sec.android.app.shealth,0.0,22cf1452-c185-4b87-9503-bdf0a0adabce,15d9837c-ec81-48d9-8533-180fe68331ab,1.0,
0.0,2026-01-21 18:16:21.846,2026-01-21 18:16:21.846,0.0,0.0,0.0,WE6JXtsOno,com.sec.android.app.shealth,0.0,18d56f6b-6029-4c6b-a958-0de57ab1c45e,88e5e8bb-3880-4c5a-a2b4-c346e625286e,1.0,
0.0,2026-01-30 16:34:57.317,2026-01-21 18:18:08.402,0.0,0.0,0.0,WE6JXtsOno,com.sec.android.app.shealth,0.0,a331f2c5-07d9-47c6-8a18-5c970cc0b76b,d3e7d7c3-2e59-4026-8a64-f743463c5c7a,5.0,
1.0,2026-02-24 19:01:34.522,2026-01-21 18:18:08.423,0.0,0.0,0.0,WE6JXtsOno,com.sec.android.app.shealth,0.0,12c016b4-5e21-432d-b557-4ef53c090e5e,a0efeca4-33a2-4cdf-b8a0-96e8ce96871f,3.0,
0.0,2026-01-21 18:18:08.449,2026-01-21 18:18:08.449,0.0,0.0,0.0,WE6JXtsOno,com.sec.android.app.shealth,0.0,1008e9c6-5c86-4510-8efe-0a7a4f3e38e9,4bdedbf4-5ed7-48e1-91b6-9e5223e083f3,1.0,
0.0,2026-01-21 18:23:23.255,2026-01-21 18:23:23.255,0.0,0.0,0.0,WE6JXtsOno,com.sec.android.app.shealth,1.0,8735f1c3-b1fa-4a34-8daf-3c42d5ef41b8,f654bc25-e39c-4ebf-a0d6-c016cb93fa5c,0.0,
0.0,2026-02-22 01:29:22.101,2026-01-21 18:23:23.279,0.0,3.0,0.0,WE6JXtsOno,com.sec.android.app.shealth,3.0,1c2b7dc4-1a34-4d41-9981-65b4be5f6838,0407a9e1-289c-4a84-8cf6-8524408ca5b3,2.0,
0.0,2026-02-20 17:02:34.112,2023-11-13 18:29:48.997,0.0,0.0,0.0,WE6JXtsOno,com.sec.android.app.shealth,0.0,67a21231-727d-4160-b21f-2b82145a4675,2865f900-0aa9-4d2c-8b41-3db7c61bf876,5.0,
0.0,2023-11-16 00:05:22.813,2023-11-16 00:05:22.813,0.0,1.0,0.0,oAqnaMFJ0j,com.sec.android.app.shealth,0.0,e841e212-bdbe-406a-abe2-8e065a0e8d0c,e84587a6-e33e-42e6-a623-43f06e3ce876,0.0,
1.0,2026-01-25 18:20:23.202,2023-11-16 22:40:17.137,0.0,0.0,0.0,WE6JXtsOno,com.sec.android.app.shealth,0.0,952242ee-b632-4483-8d6f-eea587f3058f,6597f7c8-edf3-48ca-b9c5-839f414c2092,1.0,
0.0,2023-11-15 21:27:36.359,2023-11-15 21:27:36.359,0.0,0.0,0.0,oAqnaMFJ0j,com.sec.android.app.shealth,1.0,d4f1ca58-369f-491d-a9ca-17d815d0054b,6d22d7da-3edc-4ec9-8144-c7af65361ec5,0.0,
0.0,2026-02-25 00:15:25.858,2023-11-13 18:25:22.960,0.0,0.0,3.0,WE6JXtsOno,com.sec.android.app.shealth,3.0,d30ff773-b44b-4883-aa3f-c050639f9d46,f1851a62-f7d3-4f65-b3f1-08621e06406e,0.0,
1.0,2026-02-23 23:14:54.203,2023-11-16 19:16:00.915,1.0,0.0,1.0,WE6JXtsOno,com.sec.android.app.shealth,5.0,4823baaa-8fab-4e6e-a8a0-0c4fdb0146bd,a4e451a7-c8aa-49d8-a808-4a1f66bd791f,0.0,
0.0,2023-11-16 00:05:22.841,2023-11-16 00:05:22.841,0.0,1.0,0.0,oAqnaMFJ0j,com.sec.android.app.shealth,0.0,6efab83b-23f0-40b2-af9b-9464b698524b,ef37aa3e-50d9-48ab-a712-942d44db4edc,0.0,
1.0,2026-02-07 16:57:19.860,2023-11-13 18:29:49.004,0.0,0.0,0.0,WE6JXtsOno,com.sec.android.app.shealth,0.0,f8690a5c-5710-4234-8c19-61b69bf4ca3b,fdb86a39-ba1b-4da0-9310-41124cfdb5f0,3.0,
1.0,2026-02-24 00:53:40.923,2023-11-16 22:40:17.129,0.0,1.0,0.0,WE6JXtsOno,com.sec.android.app.shealth,0.0,3937d243-232d-4268-add3-82c789543d01,82e29997-0ea9-4755-8764-c0ff136d38f8,0.0,
0.0,2023-11-16 22:33:53.713,2023-11-16 22:33:53.713,0.0,0.0,0.0,oAqnaMFJ0j,com.sec.android.app.shealth,1.0,3cc8dc22-0db3-4c71-b578-06da8167cbbd,2e6b6217-6c9d-44cc-a0c3-c178dc65ebd7,0.0,
0.0,2023-11-16 00:05:22.801,2023-11-16 00:05:22.801,0.0,1.0,0.0,oAqnaMFJ0j,com.sec.android.app.shealth,0.0,fb9386f2-38b2-4686-aaf2-3a5d7658ad60,113785d2-b179-450e-8db8-5db885e89369,0.0,
0.0,2023-11-14 15:19:06.970,2023-11-13 18:26:16.721,0.0,0.0,0.0,oAqnaMFJ0j,com.sec.android.app.shealth,1.0,854e3de9-6e0d-400b-babd-0cb9470c6867,78180716-d19d-4268-8503-4c73dfa7fefb,2.0,
0.0,2023-11-14 20:57:45.439,2023-11-14 12:13:23.898,0.0,0.0,1.0,oAqnaMFJ0j,com.sec.android.app.shealth,1.0,241bb226-c0a0-4a5d-bdd2-e95dc6c662e2,c0d4b0d0-ee64-4627-acb5-d3b3c8bba35e,0.0,
0.0,2023-11-16 18:31:23.975,2023-11-13 18:25:22.953,0.0,0.0,2.0,oAqnaMFJ0j,com.sec.android.app.shealth,0.0,fec80b90-a9a7-44f4-b08f-7362de36e1ab,b55b8344-72b3-4397-aafe-70f6c348bf79,0.0,
2.0,2026-02-25 12:45:42.766,2023-11-13 23:23:19.535,1.0,0.0,6.0,WE6JXtsOno,com.sec.android.app.shealth,2.0,a1b5acc1-0edb-4fc1-a887-f29646ad666a,537f0802-4858-4dfc-8042-1c27bfd6e6f7,0.0,
1.0,2023-11-15 21:26:32.676,2023-11-15 01:10:15.165,0.0,0.0,1.0,oAqnaMFJ0j,com.sec.android.app.shealth,0.0,acc4d40b-da4c-45a7-97a8-7493f2fba393,35bc9c70-fa39-46cf-a512-d0344043d07e,0.0,
2.0,2026-01-31 15:14:10.465,2023-11-13 23:23:19.548,0.0,0.0,1.0,WE6JXtsOno,com.sec.android.app.shealth,0.0,2f452036-21e2-4ac6-9c7a-b6d389772ec3,399379b7-60dd-4483-aeaa-d15e4c310c54,0.0,
0.0,2023-11-15 21:26:32.671,2023-11-14 02:29:16.941,0.0,1.0,1.0,oAqnaMFJ0j,com.sec.android.app.shealth,0.0,3d023e68-ad4c-40b8-9f66-cd4d0a756767,6207623b-5c63-42cc-a5ff-4f87670c5947,0.0,
2.0,2023-11-15 21:26:32.658,2023-11-13 23:23:19.557,0.0,0.0,1.0,oAqnaMFJ0j,com.sec.android.app.shealth,0.0,27b8ae44-2371-49b0-9ae0-f6c14352eea2,1f483a8d-f5c2-4530-a1a6-c49fb8046e7e,0.0,
0.0,2023-11-16 00:05:22.859,2023-11-16 00:05:22.859,0.0,1.0,0.0,oAqnaMFJ0j,com.sec.android.app.shealth,0.0,a5996691-9d57-4b44-99a8-4ee7f96099c7,b2a215ef-a167-4286-b0b6-5119ea5f2ee6,0.0,
0.0,2023-11-16 19:10:37.175,2023-11-16 18:33:04.545,0.0,0.0,1.0,oAqnaMFJ0j,com.sec.android.app.shealth,1.0,53f53a8d-19e3-4dbf-8b36-7bed55df4867,2da39bb3-670a-4205-87d7-365c1e22b275,0.0,
0.0,2023-11-20 14:00:43.875,2023-11-20 14:00:43.875,0.0,1.0,0.0,oAqnaMFJ0j,com.sec.android.app.shealth,0.0,7e0d3222-c5c8-4536-8c0d-4b7c5ed018b5,8edff204-84b8-40af-a237-a70cc25d6317,0.0,
0.0,2023-11-20 14:00:43.863,2023-11-20 14:00:43.863,0.0,1.0,0.0,oAqnaMFJ0j,com.sec.android.app.shealth,0.0,33ede3cc-4e9f-4abb-858c-b158a2570020,c7f331f6-cfdc-4847-9481-90bc39c26dce,0.0,
1.0,2023-11-20 14:00:43.871,2023-11-20 13:32:35.279,0.0,1.0,0.0,oAqnaMFJ0j,com.sec.android.app.shealth,0.0,a972f6ef-0360-40ad-a3e7-ebefcab51899,3c3d3d91-b2e3-4437-a13d-a6263a91f83c,0.0,
0.0,2023-11-20 14:00:43.848,2023-11-20 14:00:43.848,0.0,1.0,0.0,oAqnaMFJ0j,com.sec.android.app.shealth,0.0,d9b7f883-80f6-4737-962f-143e242b8f2b,1cc88a24-ad54-42f0-a9a5-805b10195403,0.0,
1.0,2023-11-20 14:01:26.466,2023-11-20 14:01:26.466,0.0,0.0,0.0,oAqnaMFJ0j,com.sec.android.app.shealth,0.0,e8c6a7bd-db70-4eaf-b4bb-7c4eed2702fc,40349167-5909-41de-8222-b163203a1dc0,0.0,
0.0,2023-11-20 13:58:45.148,2023-11-20 13:58:45.148,0.0,0.0,1.0,oAqnaMFJ0j,com.sec.android.app.shealth,0.0,77c94ac3-712c-4af4-9472-8bc6e6e102fb,3baea0e9-b932-4cdc-8d99-42aa0289d4aa,0.0,
0.0,2023-11-20 13:58:20.334,2023-11-20 13:33:26.665,0.0,0.0,2.0,oAqnaMFJ0j,com.sec.android.app.shealth,0.0,5228e026-8a18-47cc-9257-cb25a5b9bcaa,9aecae0e-769a-4977-a35c-72f77c2a0422,0.0,
0.0,2023-11-20 13:56:26.174,2023-11-16 00:05:22.790,0.0,1.0,0.0,oAqnaMFJ0j,com.sec.android.app.shealth,1.0,56cbe023-d787-4887-85a8-6974dde9fc23,1d455c23-5fab-443d-aed1-96e8fa8ecf2c,0.0,
1.0,2023-11-18 02:46:00.925,2023-11-18 02:46:00.925,0.0,0.0,0.0,oAqnaMFJ0j,com.sec.android.app.shealth,0.0,be88feb5-89b0-4405-a793-e061e18524eb,046e9c7a-a0a9-4ebf-816a-9cc8fbdd9136,0.0,
1.0,2026-02-22 20:56:02.213,2023-11-17 18:45:37.937,0.0,1.0,0.0,WE6JXtsOno,com.sec.android.app.shealth,1.0,f34d84b5-f81a-4ef7-bbfb-9fd2dfd3664c,2c2c6419-72d5-4135-99ec-e695fd024444,4.0,
0.0,2023-11-20 14:00:43.855,2023-11-20 14:00:43.855,0.0,1.0,0.0,oAqnaMFJ0j,com.sec.android.app.shealth,0.0,e5888bc8-96d6-4ca4-8398-16dead7b132b,90ecb559-5920-4919-88ca-89ee8fcce635,0.0,
0.0,2023-11-20 13:56:26.180,2023-11-20 13:56:26.180,0.0,0.0,0.0,oAqnaMFJ0j,com.sec.android.app.shealth,1.0,bbca36a9-2d91-496d-9111-1059ac40a70a,eb87ee89-5913-4927-9854-f5548f9c42b2,0.0,
0.0,2023-11-20 13:58:20.341,2023-11-15 21:26:32.664,0.0,0.0,2.0,oAqnaMFJ0j,com.sec.android.app.shealth,0.0,0f8a37b8-c4e9-46c9-9801-1689f698a9e7,761cbac0-d53f-4478-92fa-079fffa2f0ae,0.0,
0.0,2023-11-18 02:46:49.136,2023-11-18 02:46:49.136,0.0,0.0,0.0,oAqnaMFJ0j,com.sec.android.app.shealth,0.0,924063d1-1997-4d41-a148-c5cba425a8bb,c1ce20dc-03ff-4574-8b7d-60fd461816a9,1.0,
1.0,2023-11-20 13:32:35.288,2023-11-16 00:05:22.830,0.0,1.0,0.0,oAqnaMFJ0j,com.sec.android.app.shealth,0.0,f536a6c6-cab5-4e54-9b17-d2a8a0838460,618c0d3e-03ca-47c8-819d-f3cf05c22d9f,0.0,
0.0,2023-11-20 13:56:26.163,2023-11-20 13:56:26.163,0.0,0.0,0.0,oAqnaMFJ0j,com.sec.android.app.shealth,1.0,d16024aa-d406-43e0-b692-5e1afb62def7,69aae64e-ead5-4979-ade8-9a0a1fc0bd21,0.0,
0.0,2023-11-20 14:00:43.883,2023-11-20 14:00:43.883,0.0,1.0,0.0,oAqnaMFJ0j,com.sec.android.app.shealth,0.0,4ab8537c-9c8b-4227-b968-e6cd026e0acc,1a31d888-ead5-4a08-94f9-93dd3753dff8,0.0,
0.0,2023-11-20 13:58:45.141,2023-11-20 13:58:45.141,0.0,0.0,1.0,oAqnaMFJ0j,com.sec.android.app.shealth,0.0,dffb1038-9837-4f3c-8225-d836c81c7a11,dbda6e91-5185-4731-b6da-b475f2113ed3,0.0,
0.0,2023-11-21 13:28:37.987,2023-11-21 13:28:37.987,0.0,1.0,0.0,oAqnaMFJ0j,com.sec.android.app.shealth,0.0,47f79fc6-f304-43a0-98a1-2660b8a44a32,6a2ac0c9-c74c-484a-a144-6be66bbf63b1,0.0,
0.0,2023-11-21 02:31:53.369,2023-11-21 02:31:53.369,0.0,0.0,0.0,oAqnaMFJ0j,com.sec.android.app.shealth,0.0,a3596f54-9886-4143-a537-65c0374d99c7,daee595b-b139-4c94-acb0-88deddf0ad5c,1.0,
0.0,2026-02-05 00:46:57.072,2023-11-21 15:54:24.869,0.0,1.0,0.0,WE6JXtsOno,com.sec.android.app.shealth,0.0,acd02f06-6858-4b58-a9af-ee567bdcafbb,18c23fff-f6cb-411f-b84b-e851d2f79c19,1.0,
0.0,2023-11-21 13:28:37.980,2023-11-17 02:21:21.768,0.0,2.0,0.0,oAqnaMFJ0j,com.sec.android.app.shealth,0.0,8e679d46-528b-4855-a989-322c917e297c,0294897f-d317-4856-8954-482d780d5749,0.0,
0.0,2023-11-21 02:31:53.351,2023-11-21 02:31:53.351,0.0,0.0,0.0,oAqnaMFJ0j,com.sec.android.app.shealth,0.0,420cacdd-3c5b-4364-a4e2-81e3b4d367f8,deb2b496-1c71-4d72-8404-c08f6e07dffc,1.0,
0.0,2023-11-21 15:54:24.865,2023-11-17 18:45:37.919,0.0,0.0,0.0,oAqnaMFJ0j,com.sec.android.app.shealth,0.0,704eabe9-1be8-4f48-b23e-f6abfc306522,f2304b78-1a6a-4ba8-a9b3-221722aad7ed,2.0,
0.0,2023-11-21 13:28:38.000,2023-11-21 13:28:38.000,0.0,1.0,0.0,oAqnaMFJ0j,com.sec.android.app.shealth,0.0,d19fd259-8775-459e-9b8b-a9185e1c5a25,35bc23a0-6315-40bf-a2c3-5a74a11c98dd,0.0,
0.0,2026-01-27 19:22:18.605,2023-11-21 02:31:53.341,0.0,0.0,0.0,WE6JXtsOno,com.sec.android.app.shealth,0.0,4b526417-4e33-4cbe-9517-baf059c6c7b5,d5702bf4-3471-44c6-a6dc-e9e31ad88713,2.0,
0.0,2023-11-22 16:30:27.096,2023-11-13 18:29:48.965,0.0,0.0,0.0,oAqnaMFJ0j,com.sec.android.app.shealth,0.0,1fb654c3-3166-40ce-b811-92ea43d9f074,4cc56d64-6c88-40e0-9460-25270fae756c,2.0,
0.0,2023-11-23 16:38:55.777,2023-11-21 13:30:31.464,0.0,0.0,1.0,oAqnaMFJ0j,com.sec.android.app.shealth,1.0,f1dda7f5-fc5b-4502-83cb-7043e24113d5,3e506a04-6fa9-4137-91d1-d145818719ae,0.0,
0.0,2023-11-28 11:09:27.344,2023-11-28 11:07:58.211,0.0,0.0,0.0,oAqnaMFJ0j,com.sec.android.app.shealth,1.0,834d2e16-8ea6-4c47-b89f-a8c0bc758ebb,42c7bae3-e57f-4fc8-9895-18cc512a8c2a,1.0,
0.0,2023-11-22 03:53:57.798,2023-11-22 03:53:57.798,0.0,0.0,0.0,oAqnaMFJ0j,com.sec.android.app.shealth,1.0,f9c8ef6a-d826-4d58-8b24-7b551f79cff3,22132e8f-9240-4e9f-8891-aedab7c94e16,0.0,
0.0,2026-02-24 19:01:34.501,2023-11-22 03:56:38.809,0.0,2.0,0.0,WE6JXtsOno,com.sec.android.app.shealth,0.0,c82440da-094d-4e06-9e2f-5be93dcaa5cf,0263e241-4d7e-4995-9fd1-7eba16c7fd46,2.0,
0.0,2023-11-23 16:40:34.128,2023-11-21 13:30:31.460,0.0,0.0,2.0,oAqnaMFJ0j,com.sec.android.app.shealth,1.0,7a2efe1b-72c3-47c4-a5f1-f3435a914f5b,b1d6b740-5b60-4df7-a495-d07005f46e1d,0.0,
0.0,2023-11-22 03:53:57.810,2023-11-22 03:53:57.810,0.0,0.0,0.0,oAqnaMFJ0j,com.sec.android.app.shealth,1.0,e7872d42-b678-428b-8ce7-857cb587fc07,fc1c7dfa-da8c-427a-8ec1-b0c8941df5bb,0.0,
0.0,2023-11-28 13:56:16.840,2023-11-13 18:12:09.609,0.0,0.0,9.0,oAqnaMFJ0j,com.sec.android.app.shealth,0.0,1387c989-9747-48a3-888f-ad95bb16ab9a,e87c9920-bc47-4c6b-94a9-fdcc0a9c1d22,0.0,
0.0,2026-02-15 19:45:35.897,2023-11-22 16:30:27.108,0.0,0.0,0.0,WE6JXtsOno,com.sec.android.app.shealth,0.0,e548dc55-61aa-4684-880b-07af7c7b2023,eadaa367-ee72-4857-b057-c1b9d145d459,2.0,
0.0,2023-11-28 18:26:46.051,2023-11-14 15:19:06.984,0.0,0.0,0.0,oAqnaMFJ0j,com.sec.android.app.shealth,0.0,4ac9ee24-dc39-4b3b-a534-220e9c2e90ef,2ee7fb42-9450-42dd-9603-8f39bb42c251,2.0,
0.0,2023-11-28 11:09:27.333,2023-11-16 18:32:19.804,1.0,0.0,0.0,oAqnaMFJ0j,com.sec.android.app.shealth,1.0,5bd4ed24-da46-49cf-b13f-db7a472ece6d,2a8dde78-bccd-46b7-872d-c15f518715f4,0.0,
1.0,2023-11-23 16:33:09.644,2023-11-23 16:33:09.644,0.0,0.0,0.0,oAqnaMFJ0j,com.sec.android.app.shealth,0.0,384ab413-51fa-4279-98f2-28e791858004,27b42eda-34c5-4084-94cd-a7c148f88be7,0.0,
0.0,2023-11-28 13:56:16.852,2023-11-13 18:12:09.646,0.0,0.0,8.0,oAqnaMFJ0j,com.sec.android.app.shealth,0.0,16ee8f83-a5cb-4ad5-a93a-cf1837dddcf7,52dff788-5b79-4b73-bf44-d608c9cfeefb,0.0,
0.0,2023-11-28 18:26:46.061,2023-11-28 18:26:46.061,0.0,0.0,0.0,oAqnaMFJ0j,com.sec.android.app.shealth,0.0,7df6a11e-0c23-4689-9bb2-3f5990a657ab,79198a3f-be46-46d9-8e5b-2b3b409f1e8e,1.0,
0.0,2026-02-10 01:21:56.655,2023-11-13 18:29:48.981,0.0,1.0,0.0,WE6JXtsOno,com.sec.android.app.shealth,0.0,91867316-2857-4894-a060-16d2197a7353,a92aea6f-4d93-4f21-97fa-72191ec23c47,9.0,
1.0,2023-11-28 18:26:46.073,2023-11-13 18:29:48.973,0.0,0.0,0.0,oAqnaMFJ0j,com.sec.android.app.shealth,0.0,f4692e1d-0fb3-4a7f-a10a-49c6967576bf,183e73da-7060-43f2-a472-27b1174b77d0,8.0,
1.0,2023-11-28 11:09:27.310,2023-11-16 22:40:45.092,0.0,0.0,2.0,oAqnaMFJ0j,com.sec.android.app.shealth,2.0,cdbcc179-73f8-48ce-aac0-3a403520d3c7,1f83433e-a04e-4042-bc44-8dffbb2de2e3,0.0,
0.0,2026-01-22 14:13:27.210,2023-11-17 18:47:14.635,0.0,1.0,0.0,WE6JXtsOno,com.sec.android.app.shealth,0.0,44f276bd-c4f0-4b2f-8778-0ac25728e790,868f361e-34f7-425d-9aab-4cacb07db836,4.0,
1.0,2026-02-07 16:57:19.883,2023-11-16 19:12:46.120,0.0,0.0,0.0,WE6JXtsOno,com.sec.android.app.shealth,0.0,a0e35189-18ef-4452-9383-1d3cf3ba5d4b,308f68fd-501d-4546-a619-25ecf42f42ab,3.0,
0.0,2023-11-23 16:37:09.807,2023-11-23 16:37:09.807,0.0,1.0,0.0,oAqnaMFJ0j,com.sec.android.app.shealth,0.0,4c3d2e9f-44ea-479e-96f2-06c0e7195e94,fec32b3b-55c3-41f3-ac8f-9739d9fdf1a1,0.0,
0.0,2026-02-20 17:02:34.063,2023-11-22 03:56:38.800,0.0,1.0,0.0,WE6JXtsOno,com.sec.android.app.shealth,0.0,09503db2-0cf1-4a82-a9ac-d1e77ef6abb4,6a4fe0ed-c1f9-4af7-8b48-2836d15a0980,3.0,
0.0,2026-02-24 19:01:34.485,2023-11-22 16:30:27.119,0.0,0.0,0.0,WE6JXtsOno,com.sec.android.app.shealth,0.0,bc497318-c603-4e8a-ba5c-2588422a3547,dc6a3dcc-f15e-4eb9-aa9a-bc62bf96add0,3.0,
0.0,2023-11-28 11:07:58.194,2023-11-13 18:29:48.987,0.0,0.0,0.0,oAqnaMFJ0j,com.sec.android.app.shealth,0.0,73d0e8ba-fb85-4b89-a4b5-b29a13526e54,6043e41f-060d-4c0e-bb5b-f42f748e0dfb,6.0,
0.0,2023-11-28 11:10:39.718,2023-11-28 11:10:39.718,0.0,1.0,0.0,oAqnaMFJ0j,com.sec.android.app.shealth,0.0,1c928238-76d2-467c-87f6-2e816f9d9434,06aee20b-c476-4cf8-b7b4-a7b6e6fb97f8,0.0,
0.0,2023-11-28 11:07:58.221,2023-11-16 00:05:22.850,0.0,1.0,0.0,oAqnaMFJ0j,com.sec.android.app.shealth,0.0,ae9e4046-3a50-4858-a62f-ce9311afd417,15a23135-a9f2-4545-8eb0-0497f27d6438,1.0,
1.0,2023-11-29 15:05:11.399,2023-11-14 12:26:36.155,0.0,0.0,7.0,oAqnaMFJ0j,com.sec.android.app.shealth,1.0,a9b142dd-32f4-4709-aae8-e9e35eb9e8d2,90cffa58-6072-4cee-ad0d-0b63794af496,0.0,
1.0,2023-11-29 15:05:11.406,2023-11-23 16:40:34.118,0.0,0.0,1.0,oAqnaMFJ0j,com.sec.android.app.shealth,0.0,0ac7739a-abf2-4903-8ebe-4543c1588ffd,2337b848-e2f0-4113-a4fd-23b7e50ad070,0.0,
1.0,2026-02-23 01:20:07.303,2023-11-29 15:06:38.195,0.0,1.0,0.0,WE6JXtsOno,com.sec.android.app.shealth,0.0,5d22100a-6be1-46ff-b412-5c1f1e6403fa,3edd2579-65e3-4bb3-b992-12541fb93df7,0.0,
0.0,2023-11-29 15:06:38.204,2023-11-29 15:06:38.204,0.0,1.0,0.0,oAqnaMFJ0j,com.sec.android.app.shealth,0.0,f186c422-f35a-420a-a53d-56bf6e23af7c,1cde4ea1-bbd1-40cb-b9bc-d7dd5609e8a8,0.0,
0.0,2023-11-29 15:06:38.221,2023-11-29 15:06:38.221,0.0,1.0,0.0,oAqnaMFJ0j,com.sec.android.app.shealth,0.0,d47825be-b92b-4ee5-bcf7-06d8a91b6094,5b0c9566-2c8b-47f3-93d9-5fdeb80d3511,0.0,
1.0,2026-02-24 19:01:54.440,2023-11-21 13:30:31.469,1.0,3.0,3.0,WE6JXtsOno,com.sec.android.app.shealth,5.0,a5aed005-cd15-4851-a6c5-24a8ed41e8ee,1034066b-909a-4338-9d08-2b354541d945,2.0,
0.0,2023-11-30 12:06:24.036,2023-11-13 18:12:09.657,0.0,0.0,12.0,oAqnaMFJ0j,com.sec.android.app.shealth,0.0,b230ab8f-dbaf-433e-aa3a-fd6635795e6e,d94bdc7a-13b1-40f5-9f3d-f71eaab04d6f,0.0,
0.0,2023-11-29 16:35:55.648,2023-11-29 16:35:55.648,0.0,0.0,0.0,oAqnaMFJ0j,com.sec.android.app.shealth,0.0,61902474-6312-47f1-91d7-c2a419145e0e,3ebbf6f6-497b-448b-af9e-f5c35a65933f,1.0,
0.0,2026-02-03 19:06:33.380,2023-11-16 00:05:22.823,0.0,1.0,0.0,WE6JXtsOno,com.sec.android.app.shealth,0.0,b327c59a-a018-405b-a488-256d0ff25399,565007eb-6262-4159-a98f-03d515f2f9da,2.0,
2.0,2023-11-30 03:54:31.570,2023-11-18 02:45:09.481,0.0,1.0,0.0,oAqnaMFJ0j,com.sec.android.app.shealth,0.0,5af8c51e-317f-49a5-8231-091bfce5617c,696391f7-7c67-4400-adcf-164134c47313,0.0,
0.0,2023-11-29 16:35:55.695,2023-11-29 16:35:55.695,0.0,0.0,0.0,oAqnaMFJ0j,com.sec.android.app.shealth,0.0,8d6a4200-521a-4747-ad82-b119a88cf413,ee285ca3-43bf-4313-a4c3-15f0b343e3a8,1.0,
0.0,2026-02-12 14:13:24.073,2023-11-17 18:46:11.657,0.0,0.0,3.0,WE6JXtsOno,com.sec.android.app.shealth,4.0,277e8906-fdfa-4253-bd4a-387cf6038407,3c022218-a4bb-4569-a9c2-16ea03872f82,0.0,
1.0,2026-02-25 00:15:25.844,2023-11-20 13:33:26.654,0.0,0.0,4.0,WE6JXtsOno,com.sec.android.app.shealth,5.0,de90629d-4314-40f3-a4aa-c05f68613ea9,cd1ca629-f484-4041-9868-aa4eb005101b,0.0,
0.0,2023-11-29 16:35:55.678,2023-11-29 16:35:55.678,0.0,0.0,0.0,oAqnaMFJ0j,com.sec.android.app.shealth,0.0,1242b253-3a8a-4b1e-8aa8-5e0afdca365f,c3d3a30a-c485-492a-b170-2ff3effadea2,1.0,
1.0,2023-11-30 01:42:59.803,2023-11-28 18:27:02.632,0.0,0.0,0.0,oAqnaMFJ0j,com.sec.android.app.shealth,2.0,14246e51-9dda-4b70-ae23-c8c3d191c972,d3bdc4a7-de3d-4c20-a7d4-9ea9a493666f,2.0,
3.0,2026-02-23 01:20:07.322,2023-11-28 11:11:07.493,0.0,1.0,0.0,WE6JXtsOno,com.sec.android.app.shealth,1.0,c5ca323b-ea70-459e-8e46-20dcb757a335,8ea74de1-4779-4645-8b2a-616f2a8cc346,0.0,
0.0,2026-02-23 15:48:29.855,2024-08-31 00:39:55.192,0.0,2.0,0.0,WE6JXtsOno,com.sec.android.app.shealth,0.0,5f18046e-5557-4d25-8eda-104ce4e875ef,8b058efb-0f6d-4913-90fb-b1eeda6ee982,8.0,
0.0,2024-08-31 00:39:55.197,2024-08-31 00:39:55.197,0.0,1.0,0.0,VOO84QlFK5,com.sec.android.app.shealth,0.0,d836ac43-b065-4b9d-9384-80ac3d160ebb,e90881e2-d4d2-43cb-8bee-51703cc94d76,0.0,
0.0,2024-08-31 00:39:55.201,2024-08-31 00:39:55.201,0.0,1.0,0.0,VOO84QlFK5,com.sec.android.app.shealth,0.0,b0ad30a7-042f-44cc-9db8-9597ed3bdd4a,821bd712-7afc-4d21-847d-80ec1db392ef,0.0,
0.0,2024-08-31 00:39:55.185,2024-08-31 00:39:55.185,0.0,1.0,0.0,VOO84QlFK5,com.sec.android.app.shealth,0.0,87698d65-7e1d-4baa-a03c-a18702c16b7e,23ce882d-89cd-40e1-928f-473dae48b123,0.0,
0.0,2026-01-22 14:13:27.137,2026-01-22 14:13:27.137,0.0,1.0,0.0,WE6JXtsOno,com.sec.android.app.shealth,0.0,0106b9a8-356e-4e38-a906-cbb4ee2fc5c6,cf8504c8-3acf-41e1-a637-639c743dd116,0.0,
1.0,2026-02-24 19:01:34.509,2026-01-22 14:13:27.183,0.0,1.0,0.0,WE6JXtsOno,com.sec.android.app.shealth,0.0,9f14c230-6c7b-49b1-a202-67b0240f5f01,94f3e659-d542-4567-bcb8-864f22698650,21.0,
1.0,2026-02-09 16:08:10.604,2026-01-22 14:13:27.230,0.0,1.0,0.0,WE6JXtsOno,com.sec.android.app.shealth,0.0,dd7f6365-397d-459d-aa2f-2fd452a522d0,3387a803-5dd9-4a28-97f3-c01e2ad97b9d,1.0,
1.0,2026-01-26 10:20:32.390,2026-01-22 14:14:49.814,0.0,0.0,1.0,WE6JXtsOno,com.sec.android.app.shealth,0.0,5f80d956-cc87-42bc-89fd-7cd06d6ecb71,4faf8539-8c82-412c-8aac-06155d9a99ea,0.0,
0.0,2026-02-04 11:28:52.659,2026-01-22 14:14:49.850,0.0,0.0,2.0,WE6JXtsOno,com.sec.android.app.shealth,0.0,3e964013-5f58-4525-931a-a4bfcc0215a3,c2d1ee72-5c66-4a9d-87e8-152c0d7eca85,0.0,
0.0,2026-01-22 20:44:12.836,2026-01-22 14:14:49.876,0.0,0.0,1.0,WE6JXtsOno,com.sec.android.app.shealth,1.0,35e3e21c-5c72-4dee-a238-dc054ad34cec,a279870e-9c43-43a6-8d3c-fb8ca3330e46,0.0,
0.0,2026-02-14 16:33:42.645,2026-01-22 14:14:49.901,1.0,0.0,4.0,WE6JXtsOno,com.sec.android.app.shealth,2.0,e474a1fc-f2e7-4ccc-ab2d-18108eb9404e,1bff62e5-b8c4-4b81-8d70-44349ecae8b4,0.0,
0.0,2026-02-18 19:27:21.001,2026-01-22 14:14:49.926,1.0,0.0,8.0,WE6JXtsOno,com.sec.android.app.shealth,4.0,04a55653-5f77-46b3-8e00-3d2beb924558,f5b08921-f4cb-402f-84ac-5d2775d86699,0.0,
0.0,2026-01-29 01:05:15.189,2026-01-22 20:45:15.360,0.0,0.0,0.0,WE6JXtsOno,com.sec.android.app.shealth,0.0,29b6b919-f93e-46a8-8edb-5f1bcb4c6d5b,07e970c7-7d80-47aa-9e13-32765570d017,2.0,
0.0,2026-01-22 20:45:15.375,2026-01-22 20:45:15.375,0.0,0.0,0.0,WE6JXtsOno,com.sec.android.app.shealth,0.0,a0ec14e5-1fa7-4a8e-bed3-daa666d2cdd6,72e77842-b91f-4db4-ac7d-1e4798a8e188,1.0,
0.0,2026-02-09 16:08:10.652,2026-01-22 20:45:15.386,0.0,0.0,0.0,WE6JXtsOno,com.sec.android.app.shealth,0.0,435cc84a-7fc4-4efb-b7b5-557fe210f418,00c7dc59-1743-4153-9584-1494f97d7567,2.0,
1.0,2026-02-25 10:05:12.994,2026-01-22 21:02:58.937,0.0,3.0,0.0,WE6JXtsOno,com.sec.android.app.shealth,7.0,958541c0-5d51-47dc-b987-c630c272cdde,cfa97845-77dd-494b-a697-d3d0a70a4d66,1.0,
0.0,2026-01-23 10:04:22.177,2026-01-23 10:04:22.177,0.0,1.0,0.0,WE6JXtsOno,com.sec.android.app.shealth,0.0,7f7b9560-e465-4849-b382-2062895cd677,10be2a71-0922-4c88-be01-10e6a8cf3ee1,0.0,
0.0,2026-01-23 10:04:48.976,2026-01-23 10:04:48.976,0.0,1.0,0.0,WE6JXtsOno,com.sec.android.app.shealth,0.0,c9494e95-a222-499d-ae19-b5407cca4b92,5fa892c2-689d-4b32-a67b-088932716a6e,0.0,
0.0,2026-02-02 16:47:30.866,2026-01-23 10:06:10.662,0.0,0.0,1.0,WE6JXtsOno,com.sec.android.app.shealth,1.0,2f15b873-1672-4995-88cf-46c5e3521741,31a642d1-e691-4698-b1c8-44eef15d9d35,0.0,
0.0,2026-01-29 19:48:49.533,2026-01-23 10:06:10.687,1.0,0.0,1.0,WE6JXtsOno,com.sec.android.app.shealth,3.0,2685c2a0-2f33-436e-a407-2342e7b3f11b,39eae02f-e674-4ab0-977e-10bc63f19f54,0.0,
0.0,2026-02-16 00:21:56.217,2026-01-23 10:06:10.707,0.0,2.0,1.0,WE6JXtsOno,com.sec.android.app.shealth,0.0,e21468bd-6128-47f3-97e1-188cd04f46c5,018c001a-b75b-4261-823b-5ed7ff47c7ab,0.0,
1.0,2026-02-22 01:30:05.726,2026-01-23 11:47:53.860,1.0,3.0,6.0,WE6JXtsOno,com.sec.android.app.shealth,3.0,2ea8f4a8-3e73-4ec0-baea-53d16d9ce0d7,c9acb1e9-7ae0-4db0-81d1-a70e59a52a1e,0.0,
0.0,2026-01-23 11:47:53.883,2026-01-23 11:47:53.883,0.0,0.0,1.0,WE6JXtsOno,com.sec.android.app.shealth,0.0,b1154855-f589-4239-b081-a1000896622b,94fddeea-a20a-4d1b-9bb2-81a3a836ea06,0.0,
0.0,2026-02-10 22:54:12.138,2026-01-23 11:47:53.907,1.0,2.0,2.0,WE6JXtsOno,com.sec.android.app.shealth,3.0,b82692e2-97b2-4bb9-9fc9-0f2cef94756a,b9c17cef-5860-487c-b39f-6bdf66f09fe7,0.0,
0.0,2026-01-23 19:25:45.744,2026-01-23 19:25:45.744,0.0,0.0,0.0,WE6JXtsOno,com.sec.android.app.shealth,0.0,d34a0576-1582-4a6e-a759-e99b4b35085f,24da23fe-f9cb-4fc1-a403-25b701458564,1.0,
0.0,2026-02-18 19:23:07.570,2026-01-23 19:25:45.770,0.0,0.0,0.0,WE6JXtsOno,com.sec.android.app.shealth,0.0,da20eeb1-b6fb-4597-957d-dac6088e06bb,66c9b556-13b0-4470-9e71-e200fc1f896b,2.0,
0.0,2026-02-19 01:37:45.019,2026-01-23 19:25:45.809,0.0,2.0,0.0,WE6JXtsOno,com.sec.android.app.shealth,1.0,49751cb2-1107-4dd1-a153-4710e3f0ad56,6c9ba802-b3a3-4ae3-9b72-f5f6cc26ddda,3.0,
0.0,2026-02-12 15:28:50.880,2026-01-23 19:25:45.827,0.0,0.0,0.0,WE6JXtsOno,com.sec.android.app.shealth,0.0,430ae1f2-0732-4d8f-8617-da96ca8a5935,d470e310-b6ad-4ab8-93e5-af3dca1f0d3b,3.0,
0.0,2026-02-06 13:15:11.903,2026-01-23 19:26:15.057,0.0,0.0,1.0,WE6JXtsOno,com.sec.android.app.shealth,1.0,5797ce91-acb0-4356-9782-3a81a3924a8d,5f842d4e-9782-41fa-afc2-3413a56489b9,0.0,
0.0,2026-01-28 13:14:10.966,2026-01-24 00:56:20.357,0.0,1.0,1.0,WE6JXtsOno,com.sec.android.app.shealth,0.0,5b352978-0976-4b4f-ab7a-8669f30070ea,740274dc-fd18-494b-bd43-7098c0291517,0.0,
2.0,2026-02-08 23:36:01.470,2026-01-24 00:56:43.217,1.0,3.0,0.0,WE6JXtsOno,com.sec.android.app.shealth,1.0,1de58c71-2d4c-452a-ba2f-28523dd2b4c4,144be371-c0a1-437d-9b6c-2d915713acee,1.0,
0.0,2026-02-14 10:34:09.874,2026-01-24 13:45:55.307,0.0,0.0,2.0,WE6JXtsOno,com.sec.android.app.shealth,0.0,f3c60305-c4ae-4c17-8376-9799e723a9eb,489729ce-0701-4c1c-ac4b-6ccca016b521,0.0,
0.0,2026-01-24 13:47:50.489,2026-01-24 13:47:50.489,0.0,0.0,1.0,WE6JXtsOno,com.sec.android.app.shealth,0.0,90433044-1d68-4ed5-8d87-21bf51a433a5,d77269cb-b78c-4438-95ee-2d2fef53fa58,0.0,
0.0,2026-01-24 16:21:29.706,2026-01-24 16:21:29.706,0.0,0.0,0.0,WE6JXtsOno,com.sec.android.app.shealth,0.0,5f799884-200b-4113-8b6e-08f89ac73181,0418a978-69c2-4fe8-a59d-5953e9cfc97a,1.0,
0.0,2026-02-20 00:32:08.432,2026-01-24 19:06:29.710,0.0,1.0,0.0,WE6JXtsOno,com.sec.android.app.shealth,1.0,28db1977-d6ef-4e88-bc71-1e60244ad97e,f3b0bdd1-0f5a-4294-9db3-8b3b03024838,1.0,
0.0,2026-01-26 19:16:50.387,2026-01-24 19:06:29.731,0.0,0.0,0.0,WE6JXtsOno,com.sec.android.app.shealth,0.0,30ad4aca-b3b9-41c3-ac7f-9a301c2afaed,0f77b3fc-1fc3-4a48-84cf-a69644916851,2.0,
0.0,2026-01-24 19:06:29.754,2026-01-24 19:06:29.754,0.0,0.0,0.0,WE6JXtsOno,com.sec.android.app.shealth,0.0,44253776-1a60-4ac0-ba5b-d85de3398e97,1183cfb1-976c-45df-9338-e7d69da09fe1,1.0,
0.0,2026-01-24 19:06:29.797,2026-01-24 19:06:29.797,0.0,0.0,0.0,WE6JXtsOno,com.sec.android.app.shealth,0.0,629e97a3-5d67-47dc-9f52-0b60304f4293,563ea0e6-63d8-43d6-9a32-c5dcd62def57,1.0,
0.0,2026-01-24 21:17:03.197,2026-01-24 21:17:03.197,0.0,0.0,0.0,WE6JXtsOno,com.sec.android.app.shealth,1.0,89ca4afd-e5cc-4208-b3ca-c148a68ea69b,3ddff0f8-9b04-4408-adba-5f79e915f6f8,0.0,
1.0,2026-01-26 01:42:07.198,2026-01-25 01:03:39.275,0.0,1.0,0.0,WE6JXtsOno,com.sec.android.app.shealth,1.0,b9ce9854-4538-425b-8fb9-c49226a3b763,5cde02be-e154-48e0-8ee9-02638e393a7d,0.0,
1.0,2026-02-02 01:58:16.496,2026-01-25 01:04:27.466,0.0,1.0,0.0,WE6JXtsOno,com.sec.android.app.shealth,0.0,53e35f4e-3f23-4f5b-ac0b-1d65b469d612,61728847-7cd0-4c68-a5c3-2765bd5e7f31,0.0,
1.0,2026-01-25 02:43:18.850,2026-01-25 02:43:18.850,0.0,0.0,0.0,WE6JXtsOno,com.sec.android.app.shealth,0.0,2e0dc07d-faab-4afc-96ee-8548f9574613,856dcd3a-0341-47d9-a9d5-7ac1ef697900,0.0,
0.0,2026-01-25 17:48:14.874,2026-01-25 17:48:14.874,0.0,0.0,1.0,WE6JXtsOno,com.sec.android.app.shealth,0.0,b11b76fc-57a2-4cc8-b733-34b32b5dc899,a2031e0a-feaf-4859-aaa1-46c2a4db0d93,0.0,
0.0,2026-01-31 16:37:09.823,2026-01-25 17:48:14.889,1.0,0.0,3.0,WE6JXtsOno,com.sec.android.app.shealth,0.0,ace602be-5878-4ab6-a2be-21fb2f449da9,abe1fbe9-b243-42e3-8223-e5bfd03c03fb,0.0,
0.0,2026-01-25 18:20:23.171,2026-01-25 18:20:23.171,0.0,0.0,0.0,WE6JXtsOno,com.sec.android.app.shealth,0.0,2b76efb7-aa8b-44ea-9eb5-f20515843c1b,4fda47a3-3928-4396-a18d-7f3b504cbdee,1.0,
0.0,2026-01-26 01:42:07.221,2026-01-25 21:36:58.216,0.0,1.0,1.0,WE6JXtsOno,com.sec.android.app.shealth,0.0,253a6cea-ff2a-4474-852e-046383039e87,4feffad8-c553-4897-89d7-2b0fe5f8bcf6,0.0,
0.0,2026-01-26 01:42:07.146,2026-01-26 01:42:07.146,0.0,1.0,0.0,WE6JXtsOno,com.sec.android.app.shealth,0.0,2667a8a2-7957-47a3-9052-c08860b6ec9a,e0695b15-7ad6-4b32-89fd-4eb654d7d978,0.0,
1.0,2026-02-02 01:58:16.528,2026-01-26 01:42:07.171,0.0,1.0,0.0,WE6JXtsOno,com.sec.android.app.shealth,0.0,6a786585-955f-4c11-baed-ffe810d71b9c,26c6f9f6-cad2-44ec-ba98-2f1e0d3a3296,0.0,
0.0,2026-01-26 01:43:16.445,2026-01-26 01:43:16.445,0.0,0.0,0.0,WE6JXtsOno,com.sec.android.app.shealth,1.0,7b0d8f27-8137-4f0e-9222-991857c0cea0,2be12c7d-798a-40c4-b021-e744c24edcf7,0.0,
1.0,2026-01-26 10:20:32.402,2026-01-26 10:20:32.402,0.0,0.0,0.0,WE6JXtsOno,com.sec.android.app.shealth,0.0,78cbb499-6978-4a3a-8b07-ccd5b1709902,9344319c-d1d3-4baf-af2e-e31885260e6a,0.0,
0.0,2026-02-06 01:02:39.759,2026-01-26 13:46:51.717,0.0,1.0,1.0,WE6JXtsOno,com.sec.android.app.shealth,0.0,70a50208-7c7f-47fa-b256-fa45f5d0ddff,628a8e13-d141-4437-bdbc-a9eab6df4e78,0.0,
0.0,2026-01-26 19:16:50.288,2026-01-26 19:16:50.288,0.0,0.0,0.0,WE6JXtsOno,com.sec.android.app.shealth,0.0,e8246bad-2b01-4faa-bfd6-934f1b5e968c,0545fcb2-adf9-441b-a977-5a28a1931224,1.0,
0.0,2026-01-29 19:50:12.315,2026-01-26 19:16:50.364,0.0,0.0,0.0,WE6JXtsOno,com.sec.android.app.shealth,0.0,8ff75ce2-3b6a-4154-ae14-3a6002baff81,604275e1-6364-4ad2-bfc4-ce2ccd817fe8,2.0,
0.0,2026-01-26 19:17:31.204,2026-01-26 19:17:31.204,0.0,0.0,0.0,WE6JXtsOno,com.sec.android.app.shealth,1.0,aa8b141e-75a9-42d0-82e3-615298bfba82,aab52b5e-4972-497a-8972-2f51145833a4,0.0,
0.0,2026-01-26 19:27:25.194,2026-01-26 19:27:25.194,0.0,0.0,0.0,WE6JXtsOno,com.sec.android.app.shealth,1.0,28d1cc22-115f-4365-a481-4802c9e5ac45,7536d5d2-f82a-4e1e-86e5-bb95605999bf,0.0,
0.0,2026-02-18 00:40:30.830,2026-01-26 19:27:25.215,0.0,1.0,0.0,WE6JXtsOno,com.sec.android.app.shealth,1.0,47478067-693c-4d30-8d4f-1dc733749dd9,dc329b56-17c5-4ef4-b347-ca6849024f2d,0.0,
0.0,2026-01-26 19:27:25.256,2026-01-26 19:27:25.256,0.0,0.0,0.0,WE6JXtsOno,com.sec.android.app.shealth,1.0,88106608-990c-49df-9fcb-6471d2886a2a,7387a376-ca74-4417-86ba-f7565e363b93,0.0,
0.0,2026-02-21 15:30:09.778,2026-01-26 21:12:55.070,1.0,1.0,0.0,WE6JXtsOno,com.sec.android.app.shealth,2.0,ef137e0f-999d-4ad1-83fe-8d38a22badf6,f68d45fe-15ef-49ab-87f0-0ae8f878d28d,0.0,
0.0,2026-01-27 00:38:48.463,2026-01-27 00:38:48.463,0.0,1.0,0.0,WE6JXtsOno,com.sec.android.app.shealth,0.0,289fd2c2-f7a0-40d1-a3f6-9f38e9aaa9e1,f04d3cdc-f596-49de-9fec-7b106e75490c,0.0,
0.0,2026-01-27 00:38:48.490,2026-01-27 00:38:48.490,0.0,1.0,0.0,WE6JXtsOno,com.sec.android.app.shealth,0.0,ec8a8429-7d3e-4bc9-9040-0b714dcd300a,ce478d0f-8e41-4587-83ea-d65a81c6996d,0.0,
1.0,2026-01-27 12:34:34.902,2026-01-27 12:34:34.902,0.0,0.0,0.0,WE6JXtsOno,com.sec.android.app.shealth,0.0,3c03210d-1cc6-4270-bd1f-18f1884ff377,71d77847-6749-4299-a243-71df4ab5c984,0.0,
0.0,2026-02-21 18:13:18.239,2026-01-27 12:35:28.646,0.0,0.0,1.0,WE6JXtsOno,com.sec.android.app.shealth,1.0,b8e03f98-23c1-4c87-83d1-6355fbeacf2f,6582653a-20e8-42f4-94f0-3fe77a4d7198,0.0,
0.0,2026-02-15 14:48:52.755,2026-01-27 12:35:28.666,0.0,0.0,2.0,WE6JXtsOno,com.sec.android.app.shealth,0.0,2d8bb649-7003-4578-8ac5-b4e99498a638,a378a932-25c9-40db-b23e-2794d338cf9b,0.0,
0.0,2026-01-27 12:35:28.700,2026-01-27 12:35:28.700,0.0,0.0,1.0,WE6JXtsOno,com.sec.android.app.shealth,0.0,eeea826e-f764-4412-a9ff-8872b16371d7,b3c523a3-96ac-4bc1-b137-1838fb9da81e,0.0,
0.0,2026-01-27 19:22:18.654,2026-01-27 19:22:18.654,0.0,0.0,0.0,WE6JXtsOno,com.sec.android.app.shealth,0.0,fb1c4ea8-61ca-4509-bbde-b2f9d93d4f7a,2beb9eb9-32ec-490e-a167-d6f99ff56994,1.0,
0.0,2026-01-27 19:31:34.168,2026-01-27 19:31:34.168,0.0,0.0,1.0,WE6JXtsOno,com.sec.android.app.shealth,0.0,add6c959-7ae0-46ec-bc25-fa571fa3c90e,14ee0403-cba9-4c12-be95-760947729b0a,0.0,
0.0,2026-01-27 20:20:09.038,2026-01-27 20:20:09.038,0.0,0.0,0.0,WE6JXtsOno,com.sec.android.app.shealth,1.0,1d22866e-b453-4ab4-a1e0-68741c73ccf6,33a84c02-e8dc-47d6-9dcf-bb7716b0e9d2,0.0,
0.0,2026-01-28 10:33:01.873,2026-01-28 10:33:01.873,0.0,1.0,0.0,WE6JXtsOno,com.sec.android.app.shealth,0.0,66532d68-9f81-49d0-903a-d806d1f1b222,f55528ec-aa2b-4b82-aad9-50a051fae544,0.0,
0.0,2026-01-28 10:33:01.903,2026-01-28 10:33:01.903,0.0,1.0,0.0,WE6JXtsOno,com.sec.android.app.shealth,0.0,ef08a80f-6e73-4b1b-86cf-6a3b8555a03e,2d9ebdab-ff0d-4131-9557-e001582fe2a2,0.0,
0.0,2026-01-28 10:33:01.933,2026-01-28 10:33:01.933,0.0,1.0,0.0,WE6JXtsOno,com.sec.android.app.shealth,0.0,eb38c8ae-1c3d-4fd6-b1da-02c3522badff,1a13768f-1f83-422a-b307-4bf0324065da,0.0,
0.0,2026-01-28 13:14:10.934,2026-01-28 13:14:10.934,0.0,0.0,1.0,WE6JXtsOno,com.sec.android.app.shealth,0.0,c323dbe6-43c2-4b65-b31f-9bd785200711,7aac2786-c79b-464b-8b20-0454a715e309,0.0,
0.0,2026-01-29 01:05:15.227,2026-01-29 01:05:15.227,0.0,0.0,0.0,WE6JXtsOno,com.sec.android.app.shealth,0.0,2267548b-abd1-494a-8feb-74e9b0cbce9a,1550491d-342d-4980-8677-0caf6dbdf488,1.0,
0.0,2026-01-29 01:05:45.910,2026-01-29 01:05:45.910,0.0,0.0,0.0,WE6JXtsOno,com.sec.android.app.shealth,1.0,868da730-25f0-4088-82cf-a8b092d9895f,c979cf04-1a15-4219-aed2-e3cdefdbfe0d,0.0,
0.0,2026-01-29 01:06:40.315,2026-01-29 01:06:40.315,0.0,1.0,0.0,WE6JXtsOno,com.sec.android.app.shealth,0.0,1f819721-1322-4328-86fa-6f8a575cbfcd,e7884733-e4f0-401c-a457-10cc34a4d5cd,0.0,
0.0,2026-02-01 22:43:46.147,2026-01-29 12:13:54.869,0.0,0.0,1.0,WE6JXtsOno,com.sec.android.app.shealth,1.0,3979d093-f78e-451d-aa30-3f165e4e583f,8070acef-39d6-4e69-9040-b5c367d217c1,0.0,
0.0,2026-01-29 12:13:54.894,2026-01-29 12:13:54.894,0.0,0.0,1.0,WE6JXtsOno,com.sec.android.app.shealth,0.0,f757957b-0371-49e2-adbd-a81d48ef82a1,b61a3b88-d2c4-4ebc-a173-fc02890c8483,0.0,
0.0,2026-01-30 00:26:08.707,2026-01-30 00:26:08.707,0.0,1.0,0.0,WE6JXtsOno,com.sec.android.app.shealth,0.0,8a74ecd2-0fe1-4c9d-ad1d-291fddde0594,5009489c-fc56-4d58-bea6-53d09aa856f6,0.0,
0.0,2026-02-14 01:18:11.081,2026-01-30 00:26:08.746,0.0,2.0,0.0,WE6JXtsOno,com.sec.android.app.shealth,0.0,6daa8439-ab99-45f0-bde9-0e26cec6a00d,4abdea41-32ed-4946-a36f-38042f404164,0.0,
0.0,2026-02-09 00:45:48.663,2026-01-30 00:34:38.151,0.0,2.0,0.0,WE6JXtsOno,com.sec.android.app.shealth,1.0,f87444e5-fc59-4e66-9a2e-070aacd739eb,1a85a661-c882-4dbc-871f-5f428a06c9ba,0.0,
0.0,2026-02-01 18:54:50.887,2026-01-30 01:54:17.622,0.0,1.0,1.0,WE6JXtsOno,com.sec.android.app.shealth,0.0,5f5bc455-2372-4028-8ef8-a6872dd927b5,164758dc-55d5-4169-90bb-7a8177c55885,0.0,
0.0,2026-01-30 01:54:17.648,2026-01-30 01:54:17.648,0.0,1.0,0.0,WE6JXtsOno,com.sec.android.app.shealth,0.0,5334dcb2-3191-40dc-bee1-5aa9b2b7e267,b590a9cf-410d-464c-9c5e-b93fdcdd6e13,0.0,
3.0,2026-02-24 01:05:16.575,2026-01-30 01:54:52.688,1.0,1.0,0.0,WE6JXtsOno,com.sec.android.app.shealth,0.0,e0601f07-50eb-4834-8185-f7acaeb44027,bea9978e-d0e3-4e1c-88e1-412b143b0842,0.0,
0.0,2026-01-30 16:34:57.254,2026-01-30 16:34:57.254,0.0,0.0,0.0,WE6JXtsOno,com.sec.android.app.shealth,0.0,123628c9-91a9-443d-ba29-d79fb6c6bff0,dbb67578-35c7-41e7-a6db-53142920b920,1.0,
0.0,2026-01-30 16:34:57.272,2026-01-30 16:34:57.272,0.0,0.0,0.0,WE6JXtsOno,com.sec.android.app.shealth,0.0,af5d2fed-2b7e-4830-8639-8b4271f0fe1f,a78287d6-dc26-45bc-851e-3f0d56e42e72,1.0,
0.0,2026-01-30 16:35:59.716,2026-01-30 16:35:59.716,0.0,0.0,0.0,WE6JXtsOno,com.sec.android.app.shealth,0.0,7deea886-bdea-4e2d-8c67-d1db7ed2ddfc,a7895d96-0f2a-4131-ab13-2057666321f2,1.0,
0.0,2026-01-30 16:35:59.761,2026-01-30 16:35:59.761,0.0,0.0,0.0,WE6JXtsOno,com.sec.android.app.shealth,0.0,ed3508c6-0272-4415-abd7-e6e691e80480,260a13c2-e229-42ab-b63e-7b15d65f7d7c,1.0,
0.0,2026-01-30 22:32:50.625,2026-01-30 22:32:50.625,0.0,0.0,0.0,WE6JXtsOno,com.sec.android.app.shealth,1.0,a20fd51f-fd97-4d54-9998-d4b28f202390,d9135465-2aec-44ef-8981-2e4e081d2eb0,0.0,
0.0,2026-01-31 02:05:58.680,2026-01-31 02:05:58.680,0.0,1.0,0.0,WE6JXtsOno,com.sec.android.app.shealth,0.0,8b731146-0076-4f4d-9d72-0ab119b9ac76,608385a9-0c2d-4222-9831-b60d17d7b908,0.0,
0.0,2026-01-31 15:14:10.452,2026-01-31 15:14:10.452,0.0,0.0,1.0,WE6JXtsOno,com.sec.android.app.shealth,0.0,74d2f4ec-6355-4de3-918d-b48f42099955,a49a5365-e830-46ee-86e5-8e206bb24723,0.0,
0.0,2026-01-31 16:37:09.839,2026-01-31 16:37:09.839,1.0,0.0,0.0,WE6JXtsOno,com.sec.android.app.shealth,0.0,14070a7b-baf5-4993-b4d7-379fcb1829d7,dd525ec2-547f-446b-900a-ee2d57ce47bf,0.0,
0.0,2026-02-13 13:16:24.021,2026-01-31 18:01:54.793,0.0,1.0,0.0,WE6JXtsOno,com.sec.android.app.shealth,0.0,25ae4d2c-11d5-42e4-90e3-952484d575eb,9f0cc98e-e976-486c-9dc0-993ac98ff39c,1.0,
0.0,2026-01-31 18:01:54.848,2026-01-31 18:01:54.848,0.0,0.0,0.0,WE6JXtsOno,com.sec.android.app.shealth,0.0,76febf0b-3ce5-4d8d-90e5-aa21898b7fe2,ae1fe85f-8166-4fff-8f6c-11e300bc7c2d,1.0,
0.0,2026-02-25 10:05:13.024,2026-01-31 22:01:59.588,0.0,3.0,0.0,WE6JXtsOno,com.sec.android.app.shealth,2.0,af932cdc-5372-40be-8d51-0490cd460846,9d2381d9-ff1b-4ef4-8503-6a529a7454b1,1.0,
0.0,2026-02-01 22:43:46.127,2026-01-31 22:01:59.640,0.0,0.0,0.0,WE6JXtsOno,com.sec.android.app.shealth,2.0,74c9fce4-ed30-478c-879f-eb2d9fc8daa1,7b4b831f-8041-4efb-941d-fd70968a8bbe,0.0,
1.0,2026-02-04 11:28:27.016,2026-02-01 00:46:38.367,0.0,0.0,1.0,WE6JXtsOno,com.sec.android.app.shealth,0.0,48cb8715-1ffc-4620-8ee3-674fcacd36f0,14efe052-2780-440b-918a-2589c6479a82,0.0,
0.0,2026-02-01 15:41:29.357,2026-02-01 15:41:29.357,0.0,1.0,0.0,WE6JXtsOno,com.sec.android.app.shealth,0.0,3c443a2e-7d99-4bdc-9a53-4e9a5eb9cc4a,12f5b5f8-45ec-478b-a344-c40d2ba10606,0.0,
1.0,2026-02-01 18:52:35.658,2026-02-01 18:52:35.658,0.0,0.0,0.0,WE6JXtsOno,com.sec.android.app.shealth,0.0,06673ef2-f62c-4e48-9006-61836edde40a,d9ef7cc0-4a9a-4c76-a0fa-06a3ce56ef5f,0.0,
0.0,2026-02-07 16:59:22.848,2026-02-01 18:54:50.860,0.0,2.0,2.0,WE6JXtsOno,com.sec.android.app.shealth,0.0,70bfcad6-a022-4bf8-9651-0ea29722819e,4361f628-5bdf-40e8-8280-10f3a6a67626,0.0,
0.0,2026-02-01 18:54:50.907,2026-02-01 18:54:50.907,0.0,0.0,1.0,WE6JXtsOno,com.sec.android.app.shealth,0.0,1e0acd31-a0d4-4d48-a213-735333545aa8,70a06b6a-5a02-4446-8b9b-06684b48be43,0.0,
0.0,2026-02-01 18:54:50.930,2026-02-01 18:54:50.930,0.0,0.0,1.0,WE6JXtsOno,com.sec.android.app.shealth,0.0,3120d006-de4c-49d5-9f23-ea410ed0d89a,5f60a214-e52c-4edb-b1e3-c82d987cb22a,0.0,
0.0,2026-02-04 01:26:49.602,2026-02-01 22:43:46.054,0.0,1.0,1.0,WE6JXtsOno,com.sec.android.app.shealth,1.0,6f8ae38d-c37d-4dbf-bbd7-0170c26c65fc,2896e44e-08b7-485e-a49a-b9baf8d3a462,0.0,
0.0,2026-02-01 23:16:41.713,2026-02-01 23:16:41.713,0.0,1.0,0.0,WE6JXtsOno,com.sec.android.app.shealth,0.0,de033d36-0d13-4285-83c0-8b15a4d88355,3241bc64-da8a-4fe3-aefc-48825132f61b,0.0,
0.0,2026-02-02 03:01:12.931,2026-02-02 03:01:12.931,0.0,1.0,0.0,WE6JXtsOno,com.sec.android.app.shealth,0.0,5ce319f5-3555-46a6-9008-9df67a5768a0,c6ef67c7-5119-4610-a7bf-0e4742a1de59,0.0,
0.0,2026-02-02 12:58:39.025,2026-02-02 12:58:39.025,0.0,0.0,1.0,WE6JXtsOno,com.sec.android.app.shealth,0.0,05a86bf4-02cd-497f-aca1-368d4481827c,8b976936-3257-4f3b-b7c0-fc82e3d8e488,0.0,
0.0,2026-02-02 12:58:39.032,2026-02-02 12:58:39.032,0.0,0.0,1.0,WE6JXtsOno,com.sec.android.app.shealth,0.0,47000dd1-f935-42af-8f48-251c6a0258fc,ae91834a-8fa1-4707-b1ac-947351bc34cd,0.0,
0.0,2026-02-02 16:47:01.553,2026-02-02 16:47:01.553,0.0,0.0,0.0,WE6JXtsOno,com.sec.android.app.shealth,0.0,51beaecf-1049-4767-b429-ee4fc0042e7a,a4f33824-f771-4f18-b9c7-0be80c9a2fa3,1.0,
0.0,2026-02-02 16:48:54.285,2026-02-02 16:48:54.285,0.0,0.0,0.0,WE6JXtsOno,com.sec.android.app.shealth,0.0,c8e40a70-8840-4e3d-92ae-ed31384abc40,b045d127-181d-4ef4-ba38-042841429249,1.0,
0.0,2026-02-03 10:25:48.770,2026-02-03 10:25:48.770,0.0,1.0,0.0,WE6JXtsOno,com.sec.android.app.shealth,0.0,c35e5ae5-25ec-42f9-9fea-55a683ffc288,69ea4632-6360-43a3-860f-ab1b10900ed8,0.0,
0.0,2026-02-03 10:25:48.819,2026-02-03 10:25:48.819,0.0,1.0,0.0,WE6JXtsOno,com.sec.android.app.shealth,0.0,c7412406-41a8-4c79-be77-33059972ed52,36a8fe32-2b5e-49e9-b1d8-9bb244c955bf,0.0,
0.0,2026-02-03 10:29:41.577,2026-02-03 10:29:41.577,0.0,0.0,1.0,WE6JXtsOno,com.sec.android.app.shealth,0.0,311f7c1b-b9d3-4401-ac33-3ffab3e4c4f7,3bffd8da-819f-4006-b767-997116da2072,0.0,
0.0,2026-02-03 14:20:23.060,2026-02-03 14:20:23.060,1.0,0.0,0.0,WE6JXtsOno,com.sec.android.app.shealth,0.0,5d8d8b42-e2b2-40c1-8d9d-b536f8cdd0bb,90010bfa-4c29-4c2c-aaad-98dea18897e3,0.0,
0.0,2026-02-24 19:01:34.456,2026-02-03 19:06:33.342,0.0,1.0,0.0,WE6JXtsOno,com.sec.android.app.shealth,0.0,037201cd-aeb9-4ba3-a3af-6d53929a2746,5aff2e7b-6450-49d0-b508-deded95a7ece,7.0,
0.0,2026-02-23 15:48:29.843,2026-02-03 19:06:33.389,0.0,0.0,0.0,WE6JXtsOno,com.sec.android.app.shealth,0.0,7416dd08-a831-443f-b9f0-e6a79f52385c,363c3e2b-774f-4fca-b502-d51fbbffdf18,3.0,
1.0,2026-02-22 01:30:05.735,2026-02-03 20:55:24.086,1.0,0.0,3.0,WE6JXtsOno,com.sec.android.app.shealth,2.0,44e06000-abc3-409d-bd52-582ed597a3f6,a2ded0c5-2071-46db-a9b6-4c80ef92e060,0.0,
0.0,2026-02-04 01:26:00.534,2026-02-04 01:26:00.534,0.0,1.0,0.0,WE6JXtsOno,com.sec.android.app.shealth,0.0,fbf659df-2b61-4345-9a2e-bcbd3cb75a11,008c4378-47e1-4e1c-8c40-90f8bc6ebf9f,0.0,
0.0,2026-02-04 01:26:49.614,2026-02-04 01:26:49.614,0.0,1.0,0.0,WE6JXtsOno,com.sec.android.app.shealth,0.0,5b412067-15e9-4070-8610-1464df868e43,60c1c73d-9566-479c-ac4d-f58ad59d0705,0.0,
0.0,2026-02-04 11:28:26.979,2026-02-04 11:28:26.979,0.0,0.0,1.0,WE6JXtsOno,com.sec.android.app.shealth,0.0,8219b458-5d32-4271-92c4-84239a208654,71a89f69-7de1-4081-bf2d-9e1516eedd2f,0.0,
0.0,2026-02-04 11:28:26.997,2026-02-04 11:28:26.997,0.0,0.0,1.0,WE6JXtsOno,com.sec.android.app.shealth,0.0,050ff329-89a0-41b9-a4d3-a4c5ebd6b224,f7ae5ee5-2145-4edf-9682-61878bb70855,0.0,
0.0,2026-02-04 13:33:49.219,2026-02-04 13:33:49.219,1.0,0.0,0.0,WE6JXtsOno,com.sec.android.app.shealth,0.0,ea44f324-bc1f-4edd-b800-19ed8492e758,25672188-ec60-4617-b2ab-7d80694e9492,0.0,
0.0,2026-02-04 19:26:49.487,2026-02-04 19:26:49.487,0.0,0.0,0.0,WE6JXtsOno,com.sec.android.app.shealth,0.0,064e8503-fa96-4595-9d3d-8bceec6dbe1c,8443109d-5991-457f-82e2-5fe15496574e,1.0,
0.0,2026-02-04 19:26:49.523,2026-02-04 19:26:49.523,0.0,0.0,0.0,WE6JXtsOno,com.sec.android.app.shealth,0.0,f98e49a0-7b7c-457e-a089-07cf45799d53,5c16a349-4cc8-401d-b3c1-25bf37421283,1.0,
0.0,2026-02-24 19:01:34.535,2026-02-04 19:26:49.531,0.0,0.0,0.0,WE6JXtsOno,com.sec.android.app.shealth,0.0,75b03275-012e-4357-9559-8c0b4b2b86c4,69a9f58c-d6ce-4cec-a947-b2a3721c9d2a,5.0,
0.0,2026-02-04 19:27:23.528,2026-02-04 19:27:23.528,0.0,0.0,0.0,WE6JXtsOno,com.sec.android.app.shealth,1.0,847189b6-0fd0-40b1-8973-925fc953e2cd,2acd2172-eb1f-4aa2-9ba5-8adc4d1d4148,0.0,
0.0,2026-02-12 01:01:41.623,2026-02-04 19:29:09.536,0.0,0.0,0.0,WE6JXtsOno,com.sec.android.app.shealth,5.0,b08faf79-57aa-41e0-a8d0-e5cedb7a7bf0,7da2205c-8972-4f61-92fe-469124bd6b87,0.0,
0.0,2026-02-25 12:45:42.795,2026-02-04 20:44:16.482,0.0,0.0,2.0,WE6JXtsOno,com.sec.android.app.shealth,4.0,90ab0e29-03f2-4a91-a803-13c09f205044,e6076df7-3c8f-4b92-92f3-d550b831d8c8,0.0,
0.0,2026-02-23 15:48:29.868,2026-02-04 20:44:16.494,0.0,5.0,0.0,WE6JXtsOno,com.sec.android.app.shealth,1.0,50ad76e9-21e8-4bae-9a9f-1f20c22aa708,e7b4f9b0-f8cd-4862-ae95-1a45e7e26ac4,2.0,
0.0,2026-02-04 20:44:16.499,2026-02-04 20:44:16.499,0.0,0.0,0.0,WE6JXtsOno,com.sec.android.app.shealth,1.0,aa5584d0-c508-4c41-89a5-a9784d1ad471,d7ac569c-fa48-4b08-8f56-299fde4e7ff8,0.0,
1.0,2026-02-12 01:03:19.168,2026-02-05 00:12:28.595,0.0,1.0,0.0,WE6JXtsOno,com.sec.android.app.shealth,0.0,e000b665-db71-4f30-b9f5-0a6d06ddf807,4b49bd22-6eae-4ae9-9cb7-fb795261a7a8,0.0,
0.0,2026-02-25 12:45:42.781,2026-02-05 12:35:36.385,0.0,1.0,4.0,WE6JXtsOno,com.sec.android.app.shealth,1.0,7c401908-db40-41c3-a02f-a6e433d67383,5d00be7a-e51a-4f3c-bee7-f03651876904,0.0,
0.0,2026-02-05 16:07:38.106,2026-02-05 16:07:38.106,0.0,0.0,0.0,WE6JXtsOno,com.sec.android.app.shealth,0.0,75a2b479-67d4-4630-9674-ad1cfd2cfeb2,95b96ec9-2de4-4978-bded-a803f63dd57f,1.0,
0.0,2026-02-08 18:07:46.953,2026-02-05 21:11:21.138,0.0,0.0,1.0,WE6JXtsOno,com.sec.android.app.shealth,1.0,a2931354-bad6-4d1c-9e7c-e58f7cee3e49,78db3eb3-18fc-4c93-8dac-391060f62099,0.0,
0.0,2026-02-06 01:04:10.633,2026-02-06 01:04:10.633,0.0,1.0,0.0,WE6JXtsOno,com.sec.android.app.shealth,0.0,bedcdd49-68fa-4193-b4d1-9e909ccb96d9,d2a2a8f5-49bf-4dd6-97fd-487ceb40a439,0.0,
0.0,2026-02-06 13:15:11.931,2026-02-06 13:15:11.931,0.0,0.0,1.0,WE6JXtsOno,com.sec.android.app.shealth,0.0,04226066-cf8f-45cf-a5c2-665338eaafc0,48ecfd16-396f-4828-b36a-0d179d85a447,0.0,
0.0,2026-02-06 18:48:15.657,2026-02-06 18:48:15.657,0.0,0.0,0.0,WE6JXtsOno,com.sec.android.app.shealth,1.0,f9985ee6-f25a-456e-85f2-62bfe4e97eff,5e43d56d-16de-4842-bace-e0a7beae023a,0.0,
0.0,2026-02-10 17:15:45.447,2026-02-06 18:49:26.414,0.0,0.0,0.0,WE6JXtsOno,com.sec.android.app.shealth,0.0,441b432d-c489-420a-a840-30cb04accc47,b223ffb9-99d8-46e5-a638-961f5dbdddac,2.0,
0.0,2026-02-06 18:50:54.066,2026-02-06 18:50:54.066,0.0,0.0,0.0,WE6JXtsOno,com.sec.android.app.shealth,0.0,69fc7e2d-84c3-41e9-8207-7abfdf4edeb8,c182098e-b3f7-4ce9-b2e5-da2fe09e56b0,1.0,
0.0,2026-02-13 23:33:53.492,2026-02-06 19:03:19.750,0.0,0.0,0.0,WE6JXtsOno,com.sec.android.app.shealth,3.0,0d9d685a-1247-4ae9-a670-0e6716dd573b,2d4218f2-ce9e-47c9-af0e-7cb5370c488f,0.0,
0.0,2026-02-07 00:56:54.861,2026-02-07 00:56:54.861,0.0,1.0,0.0,WE6JXtsOno,com.sec.android.app.shealth,0.0,c32ec843-e9b1-4391-b53d-7efe1c3f7e9b,a0f98625-e17b-4796-8cb8-3de1d994ffdd,0.0,
0.0,2026-02-07 00:56:54.884,2026-02-07 00:56:54.884,0.0,1.0,0.0,WE6JXtsOno,com.sec.android.app.shealth,0.0,813d6338-0393-4016-961b-11522d7def78,cadcb0c0-ea40-42fb-81ce-ae30a6c57c4b,0.0,
0.0,2026-02-07 00:56:54.916,2026-02-07 00:56:54.916,0.0,1.0,0.0,WE6JXtsOno,com.sec.android.app.shealth,0.0,7dbbd79a-b43b-4507-88cd-e99a6682f8ea,9aedf827-4b3d-4799-84aa-b7e17f41620d,0.0,
0.0,2026-02-07 16:59:22.833,2026-02-07 16:59:22.833,0.0,0.0,1.0,WE6JXtsOno,com.sec.android.app.shealth,0.0,031f0024-ffe5-44d5-9940-8f42d51a6da1,6662bcb8-edbb-4f6c-aa08-b5529bf3d9f1,0.0,
0.0,2026-02-25 10:05:13.036,2026-02-07 16:59:22.858,0.0,4.0,5.0,WE6JXtsOno,com.sec.android.app.shealth,1.0,783d441e-39db-4b1f-a3be-883459a9a258,f0275cf0-c436-4f7a-9828-f52b823cbdbd,1.0,
0.0,2026-02-09 00:45:48.684,2026-02-07 16:59:22.874,0.0,1.0,1.0,WE6JXtsOno,com.sec.android.app.shealth,0.0,0f93988a-7a5c-44ed-98db-041ec49e9bf9,40adeeaf-4b71-4c20-904d-c8ea87102f47,0.0,
0.0,2026-02-23 13:49:12.707,2026-02-07 16:59:22.887,0.0,2.0,8.0,WE6JXtsOno,com.sec.android.app.shealth,2.0,c1951e0f-1f6f-4f30-8beb-6617f8aef271,9fddf4ec-ee9d-40e9-99e7-368a3b202dd3,1.0,
0.0,2026-02-08 00:41:50.472,2026-02-08 00:41:50.472,0.0,0.0,0.0,WE6JXtsOno,com.sec.android.app.shealth,1.0,56019b9d-ba6b-4687-a26a-4612928bd264,572c47a6-488e-4fba-ba32-0afd75e458ca,0.0,
0.0,2026-02-24 01:04:47.647,2026-02-08 00:41:50.500,0.0,1.0,1.0,WE6JXtsOno,com.sec.android.app.shealth,1.0,28827663-0aa6-44a9-b0d0-7e8049cc3615,d586f2ff-9ea9-454c-b577-53abb99594a1,0.0,
1.0,2026-02-23 01:20:07.353,2026-02-08 00:41:50.530,0.0,0.0,0.0,WE6JXtsOno,com.sec.android.app.shealth,1.0,e518a508-eea7-4907-9a11-355ef356ffd1,520620bd-39ca-4562-9e39-dcc10608cdda,0.0,
0.0,2026-02-08 00:41:50.583,2026-02-08 00:41:50.583,0.0,0.0,0.0,WE6JXtsOno,com.sec.android.app.shealth,1.0,7553503e-dee7-4f75-8067-2c37fa3f5694,a92b2072-55da-4d5d-a663-aea3f5476691,0.0,
0.0,2026-02-08 00:41:50.606,2026-02-08 00:41:50.606,0.0,0.0,0.0,WE6JXtsOno,com.sec.android.app.shealth,1.0,deff3f2e-c7b7-4a52-ba9b-526badb00f34,9cb59a9a-50dc-49d7-b365-20e6e8c1b546,0.0,
0.0,2026-02-08 00:42:45.892,2026-02-08 00:42:45.892,0.0,1.0,0.0,WE6JXtsOno,com.sec.android.app.shealth,0.0,b914f741-7f78-47e0-96e5-590d3fe4d641,0ac33ebc-fd63-4d13-918e-2ff2aa259ab2,0.0,
0.0,2026-02-10 01:21:56.583,2026-02-08 18:07:23.423,0.0,1.0,2.0,WE6JXtsOno,com.sec.android.app.shealth,0.0,557dc2b2-d1dc-4daf-a78e-f6d117a75cb4,261244ac-e488-4b7b-94c9-9eb008f72388,0.0,
0.0,2026-02-08 21:02:02.353,2026-02-08 21:02:02.353,0.0,0.0,0.0,WE6JXtsOno,com.sec.android.app.shealth,1.0,33855ce0-024b-40a4-819a-f8cd485dff62,22b5cd6a-ee1b-4906-af6f-cd59a0522d62,0.0,
0.0,2026-02-09 00:46:29.308,2026-02-09 00:46:29.308,0.0,0.0,0.0,WE6JXtsOno,com.sec.android.app.shealth,1.0,e36fcff6-2236-478a-9f42-35bc591bc84d,ff130f14-a361-4396-9453-9d370a8eae22,0.0,
0.0,2026-02-09 09:50:59.106,2026-02-09 09:50:59.106,0.0,1.0,0.0,WE6JXtsOno,com.sec.android.app.shealth,0.0,d0f1fc5a-b01f-4f79-839d-0968e742b116,73418520-e8d2-4f09-8dbe-a69992d8e426,0.0,
0.0,2026-02-09 09:50:59.131,2026-02-09 09:50:59.131,0.0,1.0,0.0,WE6JXtsOno,com.sec.android.app.shealth,0.0,3da4d2ae-6884-4c6e-bec3-0cfaf69f214f,7dee3ce5-78b3-4bb4-8045-f4434cd7a91a,0.0,
0.0,2026-02-09 16:08:10.557,2026-02-09 16:08:10.557,0.0,0.0,0.0,WE6JXtsOno,com.sec.android.app.shealth,0.0,42f4bac3-fc44-4a65-a2b4-c15afb54638e,6a3ea1dd-192d-4d87-8e66-40eb0b072f50,1.0,
0.0,2026-02-09 21:58:48.077,2026-02-09 21:58:48.077,0.0,0.0,0.0,WE6JXtsOno,com.sec.android.app.shealth,1.0,25e8ca96-2ce3-4f94-9ec6-3b094d5d8a92,5692f882-56be-45d2-bef6-0bcc8c308d6e,0.0,
0.0,2026-02-20 01:27:16.243,2026-02-10 14:58:47.840,0.0,1.0,1.0,WE6JXtsOno,com.sec.android.app.shealth,0.0,9a6bf090-b8df-4c42-a89f-7c3bc9a02b12,ef5484f0-246e-4f1d-beef-1fbce170a8db,0.0,
0.0,2026-02-10 14:58:47.850,2026-02-10 14:58:47.850,0.0,0.0,1.0,WE6JXtsOno,com.sec.android.app.shealth,0.0,24fa8a08-2559-4f67-ba5a-9734f539a7d4,fda1d017-b222-42fe-9ddb-1b11897a55b2,0.0,
0.0,2026-02-10 15:00:05.376,2026-02-10 15:00:05.376,1.0,0.0,0.0,WE6JXtsOno,com.sec.android.app.shealth,0.0,e1913988-ca59-40cc-a7c9-aa83e460c81e,df4ca82c-7169-4e2a-8387-98b0ca2264ed,0.0,
0.0,2026-02-10 17:15:45.484,2026-02-10 17:15:45.484,0.0,0.0,0.0,WE6JXtsOno,com.sec.android.app.shealth,0.0,b79600d6-8c26-4546-b85d-073348af38e4,d50d65f3-279a-45e8-a6c1-35e347aa1c5a,1.0,
0.0,2026-02-10 22:54:12.166,2026-02-10 22:54:12.166,0.0,1.0,0.0,WE6JXtsOno,com.sec.android.app.shealth,0.0,c9eb3bd2-2a5a-4356-8349-ae29bfdcd492,0ff9616f-dbb0-453b-b96f-b46d8c2d6513,0.0,
0.0,2026-02-11 12:10:14.409,2026-02-11 12:10:14.409,0.0,0.0,1.0,WE6JXtsOno,com.sec.android.app.shealth,0.0,46872e64-62f1-47e8-b478-681b83e446ca,37a96ffd-1b65-492a-aa49-bb073759e2f7,0.0,
0.0,2026-02-18 19:23:07.559,2026-02-11 17:41:04.493,0.0,0.0,0.0,WE6JXtsOno,com.sec.android.app.shealth,0.0,5cc052a5-6aef-4c08-8e10-b9b98e7bd375,28c57dd4-6fc5-4bc9-b1d8-c612dffcb2b8,2.0,
0.0,2026-02-18 19:23:07.536,2026-02-11 17:41:04.508,0.0,0.0,0.0,WE6JXtsOno,com.sec.android.app.shealth,0.0,1669bb6e-2242-4611-964a-8f7311c10f9b,5023c907-5559-42d8-9b22-1fe515593dc6,2.0,
0.0,2026-02-16 14:08:09.683,2026-02-12 01:01:15.680,0.0,0.0,2.0,WE6JXtsOno,com.sec.android.app.shealth,1.0,572314ad-b4fc-4590-a9c4-c38cfea57a44,13578cba-c698-4dea-bcdc-8f7d3c0c5aa6,0.0,
0.0,2026-02-12 01:01:15.704,2026-02-12 01:01:15.704,0.0,0.0,0.0,WE6JXtsOno,com.sec.android.app.shealth,1.0,a983ab8b-887f-4ee4-97b7-c9b9082e513e,914e1726-e2e4-472e-af12-5da0f5b245a6,0.0,
0.0,2026-02-12 14:13:24.080,2026-02-12 14:13:24.080,0.0,0.0,1.0,WE6JXtsOno,com.sec.android.app.shealth,0.0,87660352-7299-4d6c-8ede-4d22864b214a,50c67be0-c806-4148-a705-ee79d685591c,0.0,
0.0,2026-02-12 15:28:50.854,2026-02-12 15:28:50.854,0.0,0.0,0.0,WE6JXtsOno,com.sec.android.app.shealth,0.0,005c4066-083a-4d1a-807f-88aef143e353,93337eea-9ac0-4960-a76e-ac89327abb7a,1.0,
0.0,2026-02-12 15:29:26.116,2026-02-12 15:29:26.116,0.0,0.0,0.0,WE6JXtsOno,com.sec.android.app.shealth,0.0,e21301b6-6f19-477a-b358-daa48496ef17,9eda4eff-8cbf-4169-8151-1f9224ce7c9f,1.0,
0.0,2026-02-12 21:44:24.082,2026-02-12 21:44:24.082,0.0,0.0,0.0,WE6JXtsOno,com.sec.android.app.shealth,1.0,17964dd0-7b11-4f42-8fbc-f3e1532101c3,dcb4e21f-2520-4348-9950-7d971095a8e6,0.0,
0.0,2026-02-13 13:17:46.612,2026-02-13 13:17:46.612,0.0,0.0,1.0,WE6JXtsOno,com.sec.android.app.shealth,0.0,7d196ec4-8eac-4dd4-bc0e-2b4dd4cb0c6a,00ec11e3-32b9-4d0e-9fea-7475c846c3a5,0.0,
0.0,2026-02-20 17:02:34.081,2026-02-13 15:27:01.158,0.0,0.0,0.0,WE6JXtsOno,com.sec.android.app.shealth,0.0,286aa061-6ea2-4d37-aa85-187faf0d1d1c,5239a11d-0e7f-4df3-bba0-e3655b69541a,2.0,
0.0,2026-02-13 15:27:01.207,2026-02-13 15:27:01.207,0.0,0.0,0.0,WE6JXtsOno,com.sec.android.app.shealth,0.0,4fe0081f-3738-45c4-bd13-dc7d7cd8d5e9,29c92be1-fc11-42dd-b7cf-34d8ec50bf18,1.0,
0.0,2026-02-13 23:31:20.371,2026-02-13 23:31:20.371,0.0,1.0,0.0,WE6JXtsOno,com.sec.android.app.shealth,0.0,a2d9a9f6-9aaa-4e62-8694-f49e1229bdf4,551db9ce-0265-4e6d-aca6-e87f0a2c9cc9,0.0,
0.0,2026-02-14 16:34:57.543,2026-02-14 01:17:50.353,0.0,1.0,0.0,WE6JXtsOno,com.sec.android.app.shealth,0.0,113b1c6c-766a-4032-af90-7d56bf1fb8a9,536d1683-5b67-4265-8c83-040376207c1a,1.0,
0.0,2026-02-14 01:17:50.383,2026-02-14 01:17:50.383,0.0,1.0,0.0,WE6JXtsOno,com.sec.android.app.shealth,0.0,7366a088-070f-4dea-8f29-f3c5f6bfbe96,0e938185-61a9-4a3a-ab8b-a9979820cac9,0.0,
0.0,2026-02-14 01:18:53.579,2026-02-14 01:18:53.579,0.0,1.0,0.0,WE6JXtsOno,com.sec.android.app.shealth,0.0,373ed940-5720-4fcc-b43f-b256c5b4fc8a,e85f8918-c1d7-43ec-8b1c-8f625c758545,0.0,
0.0,2026-02-15 14:48:52.736,2026-02-14 16:33:42.616,1.0,0.0,1.0,WE6JXtsOno,com.sec.android.app.shealth,0.0,c2a4f33a-6f82-4915-9a72-ec9ce7437611,1d44b53f-3864-4473-a738-2f125f624832,0.0,
0.0,2026-02-15 02:28:32.882,2026-02-15 02:28:32.882,0.0,1.0,0.0,WE6JXtsOno,com.sec.android.app.shealth,0.0,19ace698-d107-4ffd-90f8-a56e85de1c2e,126dcf09-19ef-4463-9376-3c268039736c,0.0,
0.0,2026-02-15 14:48:52.770,2026-02-15 14:48:52.770,0.0,0.0,1.0,WE6JXtsOno,com.sec.android.app.shealth,0.0,e24d989e-8453-4122-87a5-91131ca8dd72,7876cf6c-e993-464a-84fd-722b552bdb80,0.0,
0.0,2026-02-15 19:45:35.969,2026-02-15 19:45:35.969,0.0,0.0,0.0,WE6JXtsOno,com.sec.android.app.shealth,0.0,183c32b7-4ead-4c6b-ab97-e2553c084470,bc766488-b9f3-4514-a886-e07f740d2bda,1.0,
0.0,2026-02-15 19:46:27.251,2026-02-15 19:46:27.251,0.0,0.0,0.0,WE6JXtsOno,com.sec.android.app.shealth,1.0,3cc0e14a-cdec-43a7-baee-d24b7b68679d,40ab3840-6d38-4a13-9d30-b480dd64b977,0.0,
0.0,2026-02-21 15:48:57.290,2026-02-16 00:21:56.171,0.0,1.0,1.0,WE6JXtsOno,com.sec.android.app.shealth,0.0,92d2612a-8616-4bec-b8ee-acdbb69ca17b,c4b4cb2b-6c71-442d-8fd7-d761916bb931,1.0,
0.0,2026-02-16 15:44:10.194,2026-02-16 15:44:10.194,0.0,0.0,0.0,WE6JXtsOno,com.sec.android.app.shealth,0.0,d01d960b-6dc4-40c3-ae03-8647ab24644c,3d6836e2-8e9c-4593-8e1f-3b6dd0041583,1.0,
0.0,2026-02-16 15:44:10.292,2026-02-16 15:44:10.292,0.0,0.0,0.0,WE6JXtsOno,com.sec.android.app.shealth,0.0,69685b91-0236-4d27-b23c-612ce5824ebb,886cc672-9898-4300-8c9b-987cb8e50c14,1.0,
0.0,2026-02-16 20:43:05.622,2026-02-16 20:43:05.622,0.0,1.0,0.0,WE6JXtsOno,com.sec.android.app.shealth,0.0,0f2196f3-59f7-4ac9-9c91-5360fd8b6274,e3943b00-649e-4a0a-a720-3256182254a1,0.0,
0.0,2026-02-16 20:43:05.665,2026-02-16 20:43:05.665,0.0,1.0,0.0,WE6JXtsOno,com.sec.android.app.shealth,0.0,421850ea-0ebd-45dd-a8ac-462769081838,ac13733c-bf90-4b2d-bb21-784f97dae0bf,0.0,
1.0,2026-02-17 01:15:35.247,2026-02-17 01:15:35.247,0.0,0.0,0.0,WE6JXtsOno,com.sec.android.app.shealth,0.0,1a66138d-21cd-4179-ac11-9bf31ed90d62,e256ceaa-6d22-49a1-8f03-11f60cb00b76,0.0,
0.0,2026-02-17 13:23:22.684,2026-02-17 13:23:22.684,0.0,0.0,1.0,WE6JXtsOno,com.sec.android.app.shealth,0.0,40383a2d-ee75-4a21-9af6-a64fa9deeac0,09544a3d-1f3d-47f9-8ed9-cac5c6b8edda,0.0,
0.0,2026-02-24 14:07:55.748,2026-02-17 13:38:43.640,6.0,0.0,0.0,WE6JXtsOno,com.sec.android.app.shealth,0.0,0cbab769-6be2-497f-842d-929b621791d7,a0dad8ad-d3dc-4ff9-b132-a7fa9be44f27,0.0,
0.0,2026-02-17 16:02:03.225,2026-02-17 16:02:03.225,0.0,0.0,0.0,WE6JXtsOno,com.sec.android.app.shealth,0.0,aa8a19e1-0544-411b-9227-ff0c89287372,279e1668-e67a-4e3d-9958-1ebb7c0155b1,1.0,
0.0,2026-02-17 16:02:03.265,2026-02-17 16:02:03.265,0.0,0.0,0.0,WE6JXtsOno,com.sec.android.app.shealth,0.0,e4b8438a-4810-4313-84e3-2b02dc548598,703ee135-be8f-4613-a53b-af4f3cc97046,1.0,
0.0,2026-02-17 20:53:32.041,2026-02-17 20:53:32.041,0.0,0.0,0.0,WE6JXtsOno,com.sec.android.app.shealth,1.0,f5c24841-53f7-44c5-88a2-b041499f0385,d4869465-4012-42ef-ab8b-b4defbf01f51,0.0,
0.0,2026-02-17 20:53:32.065,2026-02-17 20:53:32.065,0.0,0.0,0.0,WE6JXtsOno,com.sec.android.app.shealth,1.0,2d7a4469-564c-48d6-b7ec-1e7a4fad9986,32347b3f-fc2b-480e-bdfc-ce1e461e482e,0.0,
1.0,2026-02-18 00:39:44.027,2026-02-18 00:39:44.027,0.0,0.0,0.0,WE6JXtsOno,com.sec.android.app.shealth,0.0,9f6bdaab-61b5-4538-a5df-bea994fbbf54,bb3b7a53-fc93-4e73-9e97-0b70b323ec82,0.0,
0.0,2026-02-18 11:15:21.093,2026-02-18 11:15:21.093,0.0,0.0,1.0,WE6JXtsOno,com.sec.android.app.shealth,0.0,72fd0090-9e48-4b8b-9eac-3992d742ad55,b6a6ab89-8c06-44bd-bf8e-a7d7357ac447,0.0,
0.0,2026-02-24 14:07:55.734,2026-02-18 13:39:24.983,5.0,0.0,0.0,WE6JXtsOno,com.sec.android.app.shealth,0.0,71cb90e5-0b53-4eee-8a2b-dca0dc4bfbb9,56b205fb-acb1-4883-91e8-7f585066bc18,0.0,
0.0,2026-02-18 19:24:02.313,2026-02-18 19:24:02.313,0.0,0.0,0.0,WE6JXtsOno,com.sec.android.app.shealth,1.0,2a89226e-8c01-4419-8ac4-ce55fa67e551,1382df9e-7899-424e-a334-5f949115c5b2,0.0,
0.0,2026-02-19 15:51:40.391,2026-02-18 19:24:02.331,0.0,0.0,0.0,WE6JXtsOno,com.sec.android.app.shealth,2.0,f9310dc7-ab65-4136-945d-f41e342a7184,e2c3252b-e3ad-4c6d-a754-cbc98c86b15b,0.0,
0.0,2026-02-19 01:38:47.069,2026-02-19 01:38:47.069,0.0,1.0,0.0,WE6JXtsOno,com.sec.android.app.shealth,0.0,b2cc3405-97a1-4b40-9a36-86df8224b483,072ef087-0954-446a-8396-be9a4b4bbbb2,0.0,
0.0,2026-02-19 15:46:13.046,2026-02-19 15:46:13.046,0.0,0.0,0.0,WE6JXtsOno,com.sec.android.app.shealth,0.0,0f196d9d-c6f9-4445-8209-63d30fc1874f,89af2ef9-cd21-4a1e-a4d3-0bfc233b1cb9,1.0,
0.0,2026-02-20 00:31:47.045,2026-02-20 00:31:47.045,0.0,1.0,0.0,WE6JXtsOno,com.sec.android.app.shealth,0.0,cb56ec40-bdfa-4b52-9206-67cd9760d93a,48f1a47b-aaa5-4fdc-9a90-333b7194e000,0.0,
0.0,2026-02-20 16:45:12.471,2026-02-20 16:45:12.471,0.0,0.0,1.0,WE6JXtsOno,com.sec.android.app.shealth,0.0,15819c63-d26e-49ed-87f0-8a3293936500,c2056eb3-2075-49cd-90e4-3cc0c9db19b5,0.0,
0.0,2026-02-21 01:37:56.631,2026-02-21 01:37:56.631,0.0,1.0,0.0,WE6JXtsOno,com.sec.android.app.shealth,0.0,20ddf83d-793f-463a-88aa-d585c4489bfb,9b4db28d-40dc-4c83-9991-ebd94d28f113,0.0,
0.0,2026-02-21 18:13:18.209,2026-02-21 18:13:18.209,0.0,0.0,0.0,WE6JXtsOno,com.sec.android.app.shealth,1.0,ba7b6d0c-e36c-4c71-a93f-8e66ac5d6a07,80b81860-bf44-4b02-a0af-f527f6702b53,0.0,
0.0,2026-02-22 01:29:22.062,2026-02-22 01:29:22.062,0.0,1.0,0.0,WE6JXtsOno,com.sec.android.app.shealth,0.0,247e9744-3758-4dad-850a-96bf8cd4a73c,20aa2562-1f87-4642-a68c-a9b20b239343,0.0,
0.0,2026-02-22 01:29:22.084,2026-02-22 01:29:22.084,0.0,1.0,0.0,WE6JXtsOno,com.sec.android.app.shealth,0.0,650b5ccf-917e-4f07-a03f-d55ef09ebac6,f86ce7d1-00f8-4aeb-980b-af0762ffc42d,0.0,
1.0,2026-02-22 01:30:46.192,2026-02-22 01:30:46.192,0.0,0.0,0.0,WE6JXtsOno,com.sec.android.app.shealth,0.0,8cdaa243-0a89-4077-8122-1f689c1fa221,3e990962-76d8-4982-b197-888bb43b96e2,0.0,
0.0,2026-02-22 20:56:02.225,2026-02-22 15:08:11.392,0.0,0.0,1.0,WE6JXtsOno,com.sec.android.app.shealth,0.0,2086c70e-589e-414b-acd6-d3f451aef25a,431bc851-2906-4d35-8ced-d22a7d4b0566,1.0,
1.0,2026-02-23 01:20:07.334,2026-02-23 01:20:07.334,0.0,0.0,0.0,WE6JXtsOno,com.sec.android.app.shealth,0.0,df110d2e-2b55-45bb-8d78-144231e98bd6,ee72edf7-3cbe-4283-bcb2-e1e747c53c1a,0.0,
1.0,2026-02-23 01:20:07.367,2026-02-23 01:20:07.367,0.0,0.0,0.0,WE6JXtsOno,com.sec.android.app.shealth,0.0,2765462c-b522-4cd9-8740-e11b166fc773,d5814f3f-0f43-4bab-9917-b3ef5ffe3bdd,0.0,
0.0,2026-02-23 15:48:29.879,2026-02-23 15:48:29.879,0.0,0.0,0.0,WE6JXtsOno,com.sec.android.app.shealth,0.0,ce9631f8-c7d4-478e-a4cb-a9bd866e1f20,c8442dae-5fde-417d-8ad4-d8585a97d58a,1.0,
0.0,2026-02-24 00:54:41.990,2026-02-24 00:54:41.990,0.0,1.0,0.0,WE6JXtsOno,com.sec.android.app.shealth,0.0,bad163bd-4fff-4c73-8a1d-f725df667b3e,455b742f-f857-42e3-b317-f0e4f7cb4262,0.0,
1.0,2026-02-24 00:56:12.192,2026-02-24 00:56:12.192,0.0,0.0,0.0,WE6JXtsOno,com.sec.android.app.shealth,0.0,ef5fd9eb-1785-4192-a2d8-cbf4fa659ef2,294ba683-7461-4ae0-9296-faaa90409738,0.0,
0.0,2026-02-24 14:07:29.730,2026-02-24 14:07:29.730,0.0,0.0,1.0,WE6JXtsOno,com.sec.android.app.shealth,0.0,1e7cf7ed-1d66-44b3-bd3b-a0dd301a1098,3c03aa84-9408-4046-b301-42ea47146e9b,0.0,
