﻿com.samsung.shealth.social.service_status,6307003,1
status,update_time,create_time,service_type,deviceuuid,pkg_name,datauuid
200,2026-01-21 14:54:45.298,2026-01-21 14:54:38.865,1,WE6JXtsOno,com.sec.android.app.shealth,c8089f4a-4634-4fa2-9174-4c898ba49319,
1,2026-01-21 14:54:51.070,2026-01-21 14:54:38.865,2,WE6JXtsOno,com.sec.android.app.shealth,6642b6ef-3788-4bbe-b64c-6cee9270fd08,
0,2026-01-21 14:54:51.094,2026-01-21 14:54:38.865,3,WE6JXtsOno,com.sec.android.app.shealth,5f1377b9-34a2-4fdc-90c9-151368fbca68,
