﻿com.samsung.shealth.stress,6307003,9
create_sh_ver,start_time,custom,binning_data,tag_id,modify_sh_ver,update_time,create_time,max,min,score,algorithm,time_offset,deviceuuid,comment,pkg_name,end_time,datauuid
,2021-12-17 23:40:36.398,67f63378-66a4-4877-9ab6-780bebd08d89.custom.json,,10000,,2021-12-17 23:40:52.684,2021-12-17 23:40:52.684,3.0,3.0,3.0,1,UTC-0300,oAqnaMFJ0j,,com.sec.android.app.shealth,2021-12-17 23:40:36.398,67f63378-66a4-4877-9ab6-780bebd08d89,
,2023-06-06 13:36:11.481,560c19c7-51c3-4a37-971a-f426d12606df.custom.json,,10000,,2023-06-06 13:36:19.334,2023-06-06 13:36:19.334,0.0,0.0,0.0,1,UTC-0400,oAqnaMFJ0j,,com.sec.android.app.shealth,2023-06-06 13:36:11.481,560c19c7-51c3-4a37-971a-f426d12606df,
,2023-11-13 17:06:13.191,5666d472-3978-4edd-98d8-95bef5dba643.custom.json,,10000,,2023-11-13 17:06:23.966,2023-11-13 17:06:23.966,1.0,1.0,1.0,1,UTC-0400,oAqnaMFJ0j,,com.sec.android.app.shealth,2023-11-13 17:06:13.191,5666d472-3978-4edd-98d8-95bef5dba643,
,2023-11-14 01:32:29.223,e6b11036-0082-42f0-a65c-7ac0c186e5cb.custom.json,,10000,,2023-11-14 01:32:38.430,2023-11-14 01:32:38.430,100.0,100.0,100.0,1,UTC-0400,oAqnaMFJ0j,,com.sec.android.app.shealth,2023-11-14 01:32:29.223,e6b11036-0082-42f0-a65c-7ac0c186e5cb,
,2023-11-17 02:28:15.717,f0c0d1ab-3f53-49d4-9c0b-f5893e318a1f.custom.json,,10000,,2023-11-17 02:28:22.359,2023-11-17 02:28:22.359,11.0,11.0,11.0,1,UTC-0400,oAqnaMFJ0j,,com.sec.android.app.shealth,2023-11-17 02:28:15.717,f0c0d1ab-3f53-49d4-9c0b-f5893e318a1f,
,2023-11-30 03:57:44.453,5cf5de0f-9879-4d04-8aee-731e6e0abe13.custom.json,,10000,,2023-11-30 03:57:50.460,2023-11-30 03:57:50.460,0.0,0.0,0.0,1,UTC-0400,oAqnaMFJ0j,,com.sec.android.app.shealth,2023-11-30 03:57:44.453,5cf5de0f-9879-4d04-8aee-731e6e0abe13,
