﻿com.samsung.health.user_profile,6307003,10
text_value,create_sh_ver,float_value,modify_sh_ver,update_time,create_time,long_value,key,blob_value,int_value,deviceuuid,pkg_name,double_value,datauuid
kg,,,,1970-01-01 00:00:00.001,1970-01-01 00:00:00.001,,weight_unit,,,WE6JXtsOno,com.sec.android.app.shealth,,00000000-0000-0000-0000-000000000007,
cm,,,,1970-01-01 00:00:00.001,1970-01-01 00:00:00.001,,height_unit,,,WE6JXtsOno,com.sec.android.app.shealth,,00000000-0000-0000-0000-000000000009,
km,,,,1970-01-01 00:00:00.001,1970-01-01 00:00:00.001,,distance_unit,,,WE6JXtsOno,com.sec.android.app.shealth,,00000000-0000-0000-0000-00000000000c,
C,,,,1970-01-01 00:00:00.001,1970-01-01 00:00:00.001,,temperature_unit,,,WE6JXtsOno,com.sec.android.app.shealth,,00000000-0000-0000-0000-00000000000d,
mg/dL,,,,1970-01-01 00:00:00.001,1970-01-01 00:00:00.001,,blood_glucose_unit,,,WE6JXtsOno,com.sec.android.app.shealth,,00000000-0000-0000-0000-00000000000e,
%,,,,1970-01-01 00:00:00.001,1970-01-01 00:00:00.001,,hba1c_unit,,,WE6JXtsOno,com.sec.android.app.shealth,,00000000-0000-0000-0000-000000000012,
mmHg,,,,1970-01-01 00:00:00.001,1970-01-01 00:00:00.001,,blood_pressure_unit,,,WE6JXtsOno,com.sec.android.app.shealth,,00000000-0000-0000-0000-000000000013,
ml,,,,1970-01-01 00:00:00.001,1970-01-01 00:00:00.001,,water_unit,,,WE6JXtsOno,com.sec.android.app.shealth,,00000000-0000-0000-0000-000000000014,
20020910,63070030,,63070030,2026-01-21 14:32:32.792,2026-01-21 14:32:32.796,,birth_date,,,WE6JXtsOno,com.sec.android.app.shealth,,00000000-0000-0000-0000-00000000000a,
BRA,63070030,,63070030,2026-01-21 14:32:32.790,2026-01-21 14:32:32.799,,country,,,WE6JXtsOno,com.sec.android.app.shealth,,00000000-0000-0000-0000-000000000001,
,63070030,103.7,63070030,2026-02-22 17:20:16.890,2026-01-21 14:45:32.732,,weight,,,WE6JXtsOno,com.sec.android.app.shealth,,00000000-0000-0000-0000-000000000006,
VITOR,63070030,,63070030,2026-01-21 14:46:46.800,2026-01-21 14:46:46.808,,name,,,WE6JXtsOno,com.sec.android.app.shealth,,00000000-0000-0000-0000-000000000004,
M,63070030,,63070030,2026-01-21 14:46:46.797,2026-01-21 14:46:46.885,,gender_extended,,,WE6JXtsOno,com.sec.android.app.shealth,,00000000-0000-0000-0000-000000000022,
M,63070030,,63070030,2026-01-21 14:46:46.797,2026-01-21 14:46:47.677,,gender,,,WE6JXtsOno,com.sec.android.app.shealth,,00000000-0000-0000-0000-000000000005,
,63070030,173.0,63070030,2026-01-21 14:46:46.790,2026-01-21 14:46:47.682,,height,,,WE6JXtsOno,com.sec.android.app.shealth,,00000000-0000-0000-0000-000000000008,
,63070030,,63070030,2026-01-21 14:46:46.795,2026-01-21 14:46:47.728,,activity_type,,180004,WE6JXtsOno,com.sec.android.app.shealth,,00000000-0000-0000-0000-00000000000b,
5567998801830,63070030,,63070030,2026-02-22 01:28:19.042,2026-01-21 14:54:32.891,,phone_number,,,WE6JXtsOno,com.sec.android.app.shealth,,00000000-0000-0000-0000-000000000021,
74432718,63070030,,63070030,2026-01-21 14:54:40.481,2026-01-21 14:54:40.489,,social_id,,,WE6JXtsOno,com.sec.android.app.shealth,,00000000-0000-0000-0000-000000000015,
,63070030,,63070030,2026-01-21 14:58:06.869,2026-01-21 14:58:06.872,,intention_survey,00000000-0000-0000-0000-00000000001c.intention_survey.json,,WE6JXtsOno,com.sec.android.app.shealth,,00000000-0000-0000-0000-00000000001c,
,,,,2022-08-27 20:50:42.590,2022-08-27 20:50:20.491,,image,00000000-0000-0000-0000-000000000002.image.jpg,,oAqnaMFJ0j,com.sec.android.app.shealth,,00000000-0000-0000-0000-000000000002,
image/jpeg,,,,2022-08-27 20:50:42.581,2022-08-27 20:50:20.492,,image_type,,,oAqnaMFJ0j,com.sec.android.app.shealth,,00000000-0000-0000-0000-000000000018,
,,,63070030,2026-01-24 01:16:28.753,2021-09-07 01:04:37.451,,dashboard_config,00000000-0000-0000-0000-000000000016.dashboard_config.json,,WE6JXtsOno,com.sec.android.app.shealth,,00000000-0000-0000-0000-000000000016,
