﻿com.samsung.shealth.badge,6307003,1
number_of_streak,start_time,exercise_type,device_type,status,sleep_coaching_session_uuid,update_time,create_time,source_pkg_name,key,program_id,is_shown,time_offset,extra_data,deviceuuid,pkg_name,exercise_data_uuid,controller_id,end_time,datauuid
4,2026-01-21 19:53:00.000,,,1,,2026-02-22 04:00:00.595,2026-01-21 18:35:29.038,,exercise_one_month_streak,,,UTC-0400,,WE6JXtsOno,com.sec.android.app.shealth,8d2d5ace-d03f-42aa-9bc6-e5912f7458f0,tracker.exercise,2026-02-08 11:18:00.000,9de3a26b-f302-4467-b062-d583d935af2f,
7,2026-01-21 00:00:00.000,,,1,,2026-01-28 04:00:00.727,2026-01-22 04:00:01.249,,nutrition_7_days_streak,,,UTC-0400,,WE6JXtsOno,com.sec.android.app.shealth,,goal.nutrition,2026-01-27 23:59:59.999,a1406c7a-6572-4019-99bf-57837f97102b,
7,2026-01-21 00:00:00.000,,,1,,2026-01-28 04:01:00.861,2026-01-22 04:01:00.580,,water_7_days_streak,,,UTC-0400,,WE6JXtsOno,com.sec.android.app.shealth,,tracker.water,2026-01-27 23:59:59.999,56f7e10c-2bec-4d34-af32-a9bd1d73e8ef,
0,2026-02-01 00:00:00.000,,,0,,2026-02-25 12:45:43.536,2026-02-01 04:00:01.469,,daily_activity_month_streak_feb,,,UTC+0000,{"a":false},WE6JXtsOno,com.sec.android.app.shealth,,tracker.daily_activity,2026-02-25 00:00:00.000,ef884e79-946a-4a40-8a0e-53dc8273b253,
5,2026-01-21 19:53:00.000,,,2,,2026-02-22 04:00:00.619,2026-02-22 04:00:00.619,,exercise_three_month_streak,,,UTC+0000,,WE6JXtsOno,com.sec.android.app.shealth,2960a984-e5b9-443e-aab3-948fbe31c53b,tracker.exercise,2026-02-18 18:43:00.000,c0a1eebd-9b42-4b18-8b9d-99b17f5b1c38,
