﻿com.samsung.shealth.tracker.oxygen_saturation,6307003,5
integrated_id,source,tag_id,coverage_rate,com.samsung.health.oxygen_saturation.create_sh_ver,com.samsung.health.oxygen_saturation.start_time,com.samsung.health.oxygen_saturation.custom,com.samsung.health.oxygen_saturation.modify_sh_ver,com.samsung.health.oxygen_saturation.update_time,com.samsung.health.oxygen_saturation.create_time,com.samsung.health.oxygen_saturation.client_data_id,com.samsung.health.oxygen_saturation.low_duration,com.samsung.health.oxygen_saturation.binning,com.samsung.health.oxygen_saturation.max,com.samsung.health.oxygen_saturation.min,com.samsung.health.oxygen_saturation.spo2,com.samsung.health.oxygen_saturation.client_data_ver,com.samsung.health.oxygen_saturation.time_offset,com.samsung.health.oxygen_saturation.deviceuuid,com.samsung.health.oxygen_saturation.comment,com.samsung.health.oxygen_saturation.pkg_name,com.samsung.health.oxygen_saturation.end_time,com.samsung.health.oxygen_saturation.datauuid,com.samsung.health.oxygen_saturation.heart_rate
,60009,31000,,,2023-06-06 13:35:56.403,,,2023-06-06 13:36:19.356,2023-06-06 13:36:19.356,,,,,,96.0,,UTC-0400,oAqnaMFJ0j,,com.sec.android.app.shealth,2023-06-06 13:35:56.403,5c9029b7-c543-4034-8a6c-2a0744875595,53.0,
,,30000,,,2023-06-06 13:35:17.693,,,2023-06-06 13:35:36.370,2023-06-06 13:35:36.370,,,,,,94.0,,UTC-0400,oAqnaMFJ0j,,com.sec.android.app.shealth,2023-06-06 13:35:22.059,c61b5a86-469b-43c5-bed4-f07331b20130,57.0,
,60009,31000,,,2021-12-17 23:40:18.838,,,2021-12-17 23:40:52.662,2021-12-17 23:40:52.662,,,,,,93.0,,UTC-0300,oAqnaMFJ0j,,com.sec.android.app.shealth,2021-12-17 23:40:18.838,87c120d4-7e12-490e-961b-c4805fa0f2cd,77.0,
,,30000,,,2023-11-13 17:05:20.326,,,2023-11-13 17:05:33.580,2023-11-13 17:05:33.580,,,,,,93.0,,UTC-0400,oAqnaMFJ0j,,com.sec.android.app.shealth,2023-11-13 17:05:23.839,b039db05-4f37-4d13-a0b8-9dbd873c5b85,71.0,
,60009,31000,,,2023-11-14 01:32:14.255,,,2023-11-14 01:32:38.451,2023-11-14 01:32:38.451,,,,,,97.0,,UTC-0400,oAqnaMFJ0j,,com.sec.android.app.shealth,2023-11-14 01:32:14.255,e3aa4b22-dc73-47db-aa52-887ceeb61ef3,131.0,
,60009,31000,,,2023-11-13 17:05:55.334,,,2023-11-13 17:06:23.987,2023-11-13 17:06:23.987,,,,,,95.0,,UTC-0400,oAqnaMFJ0j,,com.sec.android.app.shealth,2023-11-13 17:05:55.334,089e746f-0f7e-4b65-bcd2-d74d8c3d8e1c,72.0,
,,31105,,,2023-11-17 02:26:23.298,,,2023-11-17 02:27:32.883,2023-11-17 02:27:32.883,,,,,,92.0,,UTC-0400,oAqnaMFJ0j,,com.sec.android.app.shealth,2023-11-17 02:27:25.890,0a109d91-715e-447c-afcd-915f36e972e2,89.0,
,60009,31000,,,2023-11-17 02:27:58.173,,,2023-11-17 02:28:22.387,2023-11-17 02:28:22.387,,,,,,95.0,,UTC-0400,oAqnaMFJ0j,,com.sec.android.app.shealth,2023-11-17 02:27:58.173,17b632e8-16b0-4758-aa42-d41712aa09b5,80.0,
,,30000,,,2023-11-28 11:13:48.989,,,2023-11-28 11:13:58.000,2023-11-28 11:13:58.000,,,,,,92.0,,UTC-0400,oAqnaMFJ0j,,com.sec.android.app.shealth,2023-11-28 11:13:52.268,250e5032-6fcd-4bfe-ab20-46b7e60718cb,71.0,
,,30000,,,2023-11-28 11:14:11.610,,,2023-11-28 11:14:20.263,2023-11-28 11:14:20.263,,,,,,94.0,,UTC-0400,oAqnaMFJ0j,,com.sec.android.app.shealth,2023-11-28 11:14:15.275,86efd4b8-04e3-4e91-9797-36078de20d5b,63.0,
,,30000,,,2023-11-28 11:13:22.186,,,2023-11-28 11:13:34.343,2023-11-28 11:13:34.343,,,,,,92.0,,UTC-0400,oAqnaMFJ0j,,com.sec.android.app.shealth,2023-11-28 11:13:25.947,61a6d106-adde-4f20-afbd-d2ad6b96e81f,66.0,
,60009,31000,,,2023-11-30 03:57:27.536,,,2023-11-30 03:57:50.484,2023-11-30 03:57:50.484,,,,,,95.0,,UTC-0400,oAqnaMFJ0j,,com.sec.android.app.shealth,2023-11-30 03:57:27.536,6063bcb8-6b7e-4c97-91d7-ade3e2484efb,68.0,
