﻿com.samsung.shealth.best_records,6307003,3
source_id,device_type,update_time,create_time,source_pkg_name,date,type,value,is_shown,extra_data,extra_type,deviceuuid,pkg_name,controller_id,datauuid
,-100003,2023-08-11 04:00:01.280,2023-08-11 04:00:01.280,,1641254400000,0,16678.0,,,-1,VfS0qUERdZ,com.sec.android.app.shealth,tracker.pedometer,96adcf4e-c3ef-4300-93b9-cb4e88eb28f7,
,-100003,2023-08-11 04:00:01.276,2023-08-11 04:00:01.276,,1640995200000,0,14181.0,,,-1,VfS0qUERdZ,com.sec.android.app.shealth,tracker.pedometer,1184c3ae-e968-4508-b224-a36baf200329,
,-100003,2023-08-11 04:00:01.244,2023-08-11 04:00:01.244,,1631232000000,0,6339.0,,,-1,VfS0qUERdZ,com.sec.android.app.shealth,tracker.pedometer,44cc3788-7f8f-4583-ac94-63f0ac6eab43,
,-100003,2023-08-11 04:00:01.264,2023-08-11 04:00:01.264,,1638057600000,0,10122.0,,,-1,VfS0qUERdZ,com.sec.android.app.shealth,tracker.pedometer,a4371911-5ec4-4cfd-810b-f37db94aec0c,
,-100003,2023-08-11 04:00:01.259,2023-08-11 04:00:01.259,,1637971200000,0,9587.0,,,-1,VfS0qUERdZ,com.sec.android.app.shealth,tracker.pedometer,c66f7148-998d-468e-a1c0-0c11a8326d49,
,-100003,2023-08-11 04:00:01.269,2023-08-11 04:00:01.269,,1639958400000,0,12944.0,,,-1,VfS0qUERdZ,com.sec.android.app.shealth,tracker.pedometer,721f9d35-201a-4d99-86e8-b041ef12eaff,
,-100003,2023-08-11 04:00:01.250,2023-08-11 04:00:01.250,,1631318400000,0,8994.0,,,-1,VfS0qUERdZ,com.sec.android.app.shealth,tracker.pedometer,6b9bdc14-7ce6-439c-9e89-b408b08834ac,
