﻿com.samsung.shealth.food_goal,6307003,2
update_time,create_time,goal_value,goal_by,time_offset,deviceuuid,comment,pkg_name,set_time,datauuid,goal_type
2023-11-14 02:27:04.550,2023-11-13 18:12:47.351,2150.0,,UTC-0400,oAqnaMFJ0j,,com.sec.android.app.shealth,1699899167337,d6d9c488-be93-4fa5-981e-f749fe82995a,0,
2023-11-14 03:18:38.065,2023-11-14 03:18:38.065,3200.0,,UTC-0400,oAqnaMFJ0j,,com.sec.android.app.shealth,1699931918064,0d913ddb-0d8b-44a9-ba60-5e46e8d9af65,2,
2023-11-14 03:18:38.074,2023-11-14 03:18:38.074,13.0,,UTC-0400,oAqnaMFJ0j,,com.sec.android.app.shealth,1699931918072,e44adc39-3516-4916-b5b3-e1643c6df670,1,
2023-11-17 01:38:17.200,2023-11-17 01:38:17.200,3500.0,,UTC-0400,oAqnaMFJ0j,,com.sec.android.app.shealth,1700185097198,44767f32-bafb-4222-8469-0ce9b7fa7259,2,
2023-11-17 01:38:17.208,2023-11-17 01:38:17.208,14.0,,UTC-0400,oAqnaMFJ0j,,com.sec.android.app.shealth,1700185097207,0760702e-f4df-43eb-baf2-05d5272339c7,1,
2023-11-29 15:07:03.585,2023-11-29 15:07:03.562,1500.0,,UTC-0400,oAqnaMFJ0j,,com.sec.android.app.shealth,1701270423561,41c8403d-9789-4571-aaac-81866745a54d,0,
2026-01-21 19:04:55.534,2026-01-21 19:04:55.534,4500.0,,UTC-0400,WE6JXtsOno,,com.sec.android.app.shealth,1769022295526,5f717994-3fd4-4406-905b-6171b9068326,2,
2026-01-21 19:04:55.558,2026-01-21 19:04:55.558,18.0,,UTC-0400,WE6JXtsOno,,com.sec.android.app.shealth,1769022295555,e092d400-759b-4de6-8d35-d949df78b063,1,
2026-01-25 18:21:55.986,2026-01-25 18:21:55.962,2500.0,,UTC-0400,WE6JXtsOno,,com.sec.android.app.shealth,1769365315961,af11aaf1-a76b-4315-8cf4-37366fc363f6,0,
2026-02-12 21:45:32.993,2026-02-12 21:45:32.993,4200.0,,UTC-0400,WE6JXtsOno,,com.sec.android.app.shealth,1770932732988,2e436f9d-530e-43f7-ae8b-d6e25f742887,2,
2026-02-12 21:45:33.023,2026-02-12 21:45:33.023,17.0,,UTC-0400,WE6JXtsOno,,com.sec.android.app.shealth,1770932733022,75156cc4-5fb7-402c-bdbf-bc05a4cba240,1,
