﻿com.samsung.shealth.sleep_goal,6307003,4
create_sh_ver,modify_sh_ver,update_time,create_time,sleep_time,wake_up_time,deviceuuid,pkg_name,bed_time,set_time,datauuid
63070030,63070030,2026-01-21 14:33:53.067,2026-01-21 14:33:53.067,-59400000,19800000,WE6JXtsOno,com.sec.android.app.shealth,79200000,2026-01-21 14:33:53.052,c699703d-4f26-4f75-a0d6-12e308c8df78,
,,2023-02-13 04:50:56.433,2023-02-13 04:50:56.433,-61200000,21600000,oAqnaMFJ0j,com.sec.android.app.clockpackage,82800000,2023-02-13 04:50:56.402,9198b51a-63e9-46a0-aa94-123a997c7f52,
,,2023-01-30 02:54:32.109,2023-01-30 02:54:32.109,-61200000,21600000,oAqnaMFJ0j,com.sec.android.app.clockpackage,82800000,2023-01-30 02:54:32.094,b04a94b0-cc80-4eba-9bf9-3db932cec6ed,
,,2022-12-12 01:53:54.213,2022-12-12 01:53:54.213,-61200000,21600000,oAqnaMFJ0j,com.sec.android.app.clockpackage,82800000,2022-12-12 01:53:54.212,ba1a7c3f-f3a1-412b-84d6-79b65b381b81,
,,2022-12-12 01:53:32.313,2022-12-12 01:53:32.313,21600000,21600000,oAqnaMFJ0j,com.sec.android.app.clockpackage,0,2022-12-12 01:53:32.305,9f884baa-862f-4a85-8e0b-61aa53baa6a8,
,,2022-11-28 02:07:46.659,2022-11-28 02:07:46.659,21600000,21600000,oAqnaMFJ0j,com.sec.android.app.clockpackage,0,2022-11-28 02:07:46.645,aa453d23-b6f6-4d23-b433-f5252e11cb75,
,,2022-12-12 01:54:00.217,2022-12-12 01:54:00.217,-61200000,21600000,oAqnaMFJ0j,com.sec.android.app.clockpackage,82800000,2022-12-12 01:54:00.216,896e7d0e-5ffc-495e-9823-4d10ec981e60,
,,2021-09-21 01:44:47.773,2021-09-21 01:44:47.773,25200000,25200000,oAqnaMFJ0j,com.sec.android.app.clockpackage,0,2021-09-21 01:44:47.769,fa410ab8-58b4-4f22-94a2-0663d90fdd9a,
,,2022-08-05 03:06:44.908,2022-08-05 03:06:44.908,25200000,25200000,oAqnaMFJ0j,com.sec.android.app.clockpackage,0,2022-08-05 03:06:44.902,cac55519-6696-4d6a-b3bc-f02d81e619c8,
,,2022-12-10 02:34:36.039,2022-12-10 02:34:36.039,26400000,26400000,oAqnaMFJ0j,com.sec.android.app.clockpackage,0,2022-12-10 02:34:36.032,6d37277c-c7fa-44c9-b2ff-8b372aa5fc0d,
,,2023-11-29 16:42:16.003,2023-11-29 16:42:16.003,-62400000,21600000,oAqnaMFJ0j,com.sec.android.app.shealth,84000000,2023-11-29 16:42:15.989,1604aeee-cc14-4381-ac75-19cc2c15a589,
