﻿com.samsung.shealth.service_preferences,6307003,1
text_value,service_id,float_value,update_time,create_time,long_value,key,tag,blob_value,int_value,deviceuuid,pkg_name,double_value,datauuid
,,,2026-01-21 14:32:42.714,2026-01-21 14:32:42.714,,oobe.completed,,,1,WE6JXtsOno,com.sec.android.app.shealth,,85133b22-06a4-4fdc-9b2f-46835a66f7f8,
,tracker.cycle,,2026-02-08 18:12:36.542,2026-01-21 14:32:43.598,,cycle.shd_consent_status,,,1,WE6JXtsOno,com.sec.android.app.shealth,,cycle.shd_consent_status,
,tracker.medication,,2026-01-21 14:32:43.617,2026-01-21 14:32:43.617,,medication.shd_consent_status,,,0,WE6JXtsOno,com.sec.android.app.shealth,,medication.shd_consent_status,
