﻿com.samsung.shealth.preferences,6307003,2
text_value,service_id,float_value,update_time,create_time,long_value,tag,blob_value,int_value,deviceuuid,pkg_name,double_value,datauuid
,,,2026-01-21 14:32:23.897,2026-01-21 14:32:32.729,,,,1,WE6JXtsOno,com.sec.android.app.shealth,,oobe.sensitive_data_agreement,
,,,2026-01-21 14:32:23.913,2026-01-21 14:32:32.734,,,,1,WE6JXtsOno,com.sec.android.app.shealth,,settings.personalization_agreement,
,,,2026-01-21 14:32:23.902,2026-01-21 14:32:32.741,,,,1,WE6JXtsOno,com.sec.android.app.shealth,,oobe.sensitive_data_available,
,,,2026-02-08 18:12:39.270,2026-01-21 14:32:32.743,,,,1,WE6JXtsOno,com.sec.android.app.shealth,,settings.location_agreement,
,,,2026-01-21 14:32:23.910,2026-01-21 14:32:32.746,,,,1,WE6JXtsOno,com.sec.android.app.shealth,,settings.marketing_agreement,
,,,2026-01-21 14:32:23.906,2026-01-21 14:32:32.752,,,,1,WE6JXtsOno,com.sec.android.app.shealth,,oobe.shd_access_authority_status,
,,,2026-01-21 14:32:40.823,2026-01-21 14:32:40.854,,,,3,WE6JXtsOno,com.sec.android.app.shealth,,boost.card.selected_category,
,,,2026-01-21 14:32:40.825,2026-01-21 14:32:40.861,1769005960825,,,,WE6JXtsOno,com.sec.android.app.shealth,,mw.selected_time,
,,,2026-01-21 14:32:43.101,2026-01-21 14:32:43.109,1769005963100,,,,WE6JXtsOno,com.sec.android.app.shealth,,shealth.6.29.upgrade.date,
,tracker.exercise,,2026-01-21 14:32:43.371,2026-01-21 14:32:43.427,,,,0,WE6JXtsOno,com.sec.android.app.shealth,,34-cumulative.values.reset,
0,tracker.exercise,,2026-01-21 14:32:43.346,2026-01-21 14:32:43.442,,,,,WE6JXtsOno,com.sec.android.app.shealth,,34-badges.DB.update,
,tracker.sleep,,2026-01-21 14:32:59.021,2026-01-21 14:32:59.049,,,,0,WE6JXtsOno,com.sec.android.app.shealth,,06-snore_setting_new,
,tracker.sleep,,2026-01-21 14:32:59.034,2026-01-21 14:32:59.065,,,,0,WE6JXtsOno,com.sec.android.app.shealth,,06-snore.setting.option_new,
1772069400000-1772071200000,tracker.sleep,,2026-02-25 12:55:33.174,2026-01-21 14:32:59.145,,,,,WE6JXtsOno,com.sec.android.app.shealth,,sleep_guidance_updated_bed_time,
,,,2026-02-25 12:55:33.032,2026-01-21 14:33:02.462,,,water-target-settings.blob_value.json,,WE6JXtsOno,com.sec.android.app.shealth,,water-target-settings,
mko4hzab_2df,tracker.exercise,,2026-01-21 14:33:22.517,2026-01-21 14:33:22.517,,,,,WE6JXtsOno,com.sec.android.app.shealth,,34-exercise.periodization.active.id,
,tracker.sleep,,2026-01-21 14:33:53.050,2026-01-21 14:33:53.090,19800000,,,,WE6JXtsOno,com.sec.android.app.shealth,,sleep_guidance_user_wakeup_time,
,,,2026-02-25 12:46:32.494,2026-01-21 14:33:53.299,,,sleep.watch_summary.blob_value.json,,WE6JXtsOno,com.sec.android.app.shealth,,sleep.watch_summary,
,mood,,2026-01-21 14:35:10.229,2026-01-21 14:35:10.229,,,mindfulness.settings.blob_value.json,,WE6JXtsOno,com.sec.android.app.shealth,,mindfulness.settings,
"{""breathe"":{""enabled"":false,""hhmm"":"""",""weekdays"":[]},""enabled"":true,""meditation"":{""enabled"":false,""hhmm"":"""",""weekdays"":[]},""mood"":{""enabled"":true,""hhmm"":""2100"",""weekdays"":[7,1,2,3,4,5,6]},""overall"":{""enabled"":false,""hhmm"":"""",""weekdays"":[]},""storedAt"":1769006110243,""type"":2,""version"":1}",mood,,2026-01-21 14:35:10.264,2026-01-21 14:35:10.251,,,,,WE6JXtsOno,com.sec.android.app.shealth,,mindfulness.reminder,
,mood,,2026-02-16 02:04:11.429,2026-01-21 14:35:19.994,,,,5,WE6JXtsOno,com.sec.android.app.shealth,,83-mood.equal_breathe_settings,
,mood,,2026-02-16 02:04:11.417,2026-01-21 14:35:19.996,,,,5,WE6JXtsOno,com.sec.android.app.shealth,,83-mood.long_exhale_breathe_settings,
,mood,,2026-02-16 02:04:11.424,2026-01-21 14:35:20.000,,,,5,WE6JXtsOno,com.sec.android.app.shealth,,83-mood.box_breathe_settings,
,tracker.vascular_load,,2026-01-21 14:39:37.882,2026-01-21 14:39:37.915,,,,1,WE6JXtsOno,com.sec.android.app.shealth,,45-vascular.load.onboarding,
,,,2026-01-21 18:28:40.117,2026-01-21 14:54:41.004,,,,1,WE6JXtsOno,com.sec.android.app.shealth,,together.setting_gc_invitation,
,,,2026-01-21 18:28:40.118,2026-01-21 14:54:41.018,,,,0,WE6JXtsOno,com.sec.android.app.shealth,,together.setting_exposure_level,
,,,2026-01-21 18:28:40.118,2026-01-21 14:54:41.022,,,,0,WE6JXtsOno,com.sec.android.app.shealth,,together.setting_ld_auto_addition,
,tracker.exercise,,2021-09-07 01:10:33.224,2021-09-07 01:10:33.224,,,34-workout_list.blob_value.json,,oAqnaMFJ0j,com.sec.android.app.shealth,,34-workout_list,
,tracker.exercise,,2021-09-07 01:10:33.197,2021-09-07 01:10:33.197,,,34-favorite_list.blob_value.json,,oAqnaMFJ0j,com.sec.android.app.shealth,,34-favorite_list,
,,,2021-11-29 19:26:14.471,2021-10-03 19:51:57.159,,,,0,oAqnaMFJ0j,com.sec.android.app.shealth,,weight.tracker_version,
,tracker.exercise,,2026-02-08 18:09:59.259,2023-11-13 17:00:57.856,,,34-favorite_list2.blob_value.json,,WE6JXtsOno,com.sec.android.app.shealth,,34-favorite_list2,
,tracker.exercise,,2026-01-30 01:52:36.887,2023-11-13 17:02:04.576,,,,0,WE6JXtsOno,com.sec.android.app.shealth,,34-15005.autoPause.enable,
,tracker.exercise,,2023-11-13 17:01:47.513,2023-11-13 17:01:47.512,,,,1,oAqnaMFJ0j,com.sec.android.app.shealth,,34-stats.on.locked.screen.enable,
,,,2026-02-25 12:55:45.442,2021-09-07 13:31:41.827,,,,1,WE6JXtsOno,com.sec.android.app.shealth,,step.detectworkout_switch,
"{""calories"":300.0,""distance"":1000,""duration"":1800000,""enable"":false,""type"":0}",tracker.exercise,,2023-11-14 00:04:01.784,2023-11-14 00:04:01.822,,,,,oAqnaMFJ0j,com.sec.android.app.shealth,,34-15005.target,
,tracker.exercise,,2023-11-14 00:04:02.160,2023-11-14 00:04:02.164,,,,1,oAqnaMFJ0j,com.sec.android.app.shealth,,34-15005.coaching.enable,
,tracker.exercise,,2023-11-14 01:41:10.315,2023-11-14 01:41:10.317,,,,1,oAqnaMFJ0j,com.sec.android.app.shealth,,34-10007.coaching.enable,
,tracker.exercise,,2026-01-30 02:01:33.313,2023-11-14 01:41:10.380,,,,0,WE6JXtsOno,com.sec.android.app.shealth,,34-10007.autoPause.enable,
,tracker.exercise,,2026-02-08 18:09:59.256,2023-11-13 17:00:57.876,,,34-workout_list2.blob_value.json,,WE6JXtsOno,com.sec.android.app.shealth,,34-workout_list2,
,tracker.cycle,,2024-03-21 19:15:50.454,2024-03-21 19:15:50.454,,,,1,VOO84QlFK5,com.sec.android.app.shealth,,37-disclaimer_agreed,
,tracker.exercise,,2026-01-21 18:35:06.493,2023-11-13 17:01:39.056,,,,1,WE6JXtsOno,com.sec.android.app.shealth,,34-15002.coaching.enable,
,tracker.exercise,,2026-01-21 18:35:17.722,2023-11-13 17:01:09.320,,,,1,WE6JXtsOno,com.sec.android.app.shealth,,34-during.audioGuide.enable,
,tracker.exercise,,2026-01-21 18:35:01.561,2023-11-13 17:01:09.325,,,,0,WE6JXtsOno,com.sec.android.app.shealth,,34-15002.autoPause.enable,
"{""calories"":300.0,""distance"":1000,""duration"":1800000,""enable"":false,""type"":0}",tracker.exercise,,2026-01-21 18:35:05.939,2023-11-13 17:01:29.288,,,,,WE6JXtsOno,com.sec.android.app.shealth,,34-15002.target,
,,,2026-01-25 18:21:55.927,2023-11-13 18:12:47.344,,,food-target-settings.blob_value.json,,WE6JXtsOno,com.sec.android.app.shealth,,food-target-settings,
"{""a"":5,""b"":1769006108755,""c"":1771440180000,""d"":""""}",tracker.exercise,,2026-02-22 04:00:00.595,2026-01-21 18:35:29.018,,,,,WE6JXtsOno,com.sec.android.app.shealth,,34-streak.week.info,
,tracker.exercise,,2026-01-21 18:35:29.016,2026-01-21 18:35:29.031,1768953600000,,,,WE6JXtsOno,com.sec.android.app.shealth,,34-streak.initiation.date,
"{""1000"":""MF_4"",""9999"":""SB_12""}",,,2026-02-25 12:46:26.655,2026-01-21 19:04:03.136,,,,,WE6JXtsOno,com.sec.android.app.shealth,,mw.last_exposed_card_ids,
,tracker.exercise,,2026-01-30 02:04:57.615,2026-01-30 02:04:57.620,,,,0,WE6JXtsOno,com.sec.android.app.shealth,,34-8002.autoPause.enable,
,tracker.exercise,,2026-02-07 17:00:41.542,2026-02-07 17:00:41.585,,,,0,WE6JXtsOno,com.sec.android.app.shealth,,34-0.autoPause.enable,
,tracker.exercise,,2026-02-08 18:09:30.536,2026-02-08 18:09:30.582,,,,0,WE6JXtsOno,com.sec.android.app.shealth,,34-15007.autoPause.enable,
,,,2026-02-08 18:12:40.352,2026-02-08 18:12:40.361,,,,1,WE6JXtsOno,com.sec.android.app.shealth,,settings.map_location_agreement,
,,,2026-02-08 18:12:41.412,2026-02-08 18:12:41.425,,,,1,WE6JXtsOno,com.sec.android.app.shealth,,settings.weather_location_agree,
,tracker.exercise,,2026-02-12 01:04:49.627,2026-02-12 01:04:49.672,,,,0,WE6JXtsOno,com.sec.android.app.shealth,,34-15006.autoPause.enable,
,,,2026-02-16 02:04:45.188,2026-02-16 02:04:45.196,,,,1,WE6JXtsOno,com.sec.android.app.shealth,,stress.breath_sound,
,,,2026-02-24 19:00:12.242,2026-02-16 14:09:33.172,,,water-cup-settings_capability.blob_value.json,,WE6JXtsOno,com.sec.android.app.shealth,,water-cup-settings_capability,
,,,2026-02-25 12:55:59.634,2026-02-18 11:17:12.246,1772024159634,,,,WE6JXtsOno,com.sec.android.app.shealth,,hsp.sync_time_hsp_bg,
,,,2026-02-25 12:55:59.642,2026-02-18 11:17:12.256,1772024159641,,,,WE6JXtsOno,com.sec.android.app.shealth,,hsp.sync_time_hsp_a_session,
,,,2026-02-25 12:55:43.390,2026-02-18 11:17:12.257,1772024143390,,,,WE6JXtsOno,com.sec.android.app.shealth,,hsp.sync_time_hsp_bp,
,,,2026-02-25 12:55:59.660,2026-02-18 11:17:12.259,1772024159660,,,,WE6JXtsOno,com.sec.android.app.shealth,,hsp.sync_time_hsp_nutrition,
,,,2026-02-25 12:46:58.105,2026-02-18 11:17:38.488,1772023618104,,,,WE6JXtsOno,com.sec.android.app.shealth,,hsp.sync_time_hsp_bo,
,,,2026-02-25 12:47:24.288,2026-02-18 11:18:04.716,1772023644288,,,,WE6JXtsOno,com.sec.android.app.shealth,,hsp.sync_time_hsp_hr,
,,,2026-02-25 12:47:24.315,2026-02-18 11:18:04.740,1772023644315,,,,WE6JXtsOno,com.sec.android.app.shealth,,hsp.sync_time_hsp_weight,
,,,2026-02-25 12:47:24.356,2026-02-18 11:18:04.750,1772023644356,,,,WE6JXtsOno,com.sec.android.app.shealth,,hsp.sync_time_hsp_s_session,
,,,2026-02-25 12:22:35.000,2026-02-18 11:18:17.739,1772022149892,,,,WE6JXtsOno,com.sec.android.app.shealth,,hsp.sync_time_step,
,,,2026-02-22 15:15:17.868,2026-02-18 11:30:27.323,1771773317598,,,,WE6JXtsOno,com.sec.android.app.shealth,,hsp.sync_time_bp,
,,,2026-02-22 15:25:40.761,2026-02-18 11:36:17.800,1771773940728,,,,WE6JXtsOno,com.sec.android.app.shealth,,hsp.sync_time_bg,
,,,2026-02-22 17:20:22.056,2026-02-18 11:47:45.640,1771780816947,,,,WE6JXtsOno,com.sec.android.app.shealth,,hsp.sync_time_weight,
,,,2026-02-22 15:47:30.630,2026-02-18 11:56:27.463,1771775250582,,,,WE6JXtsOno,com.sec.android.app.shealth,,hsp.sync_time_bo,
,,,2026-02-25 12:46:05.704,2026-02-18 12:06:22.496,1772023560638,,,,WE6JXtsOno,com.sec.android.app.shealth,,hsp.sync_time_sleep_session,
,,,2026-02-22 16:05:25.283,2026-02-18 12:19:15.873,1771776325222,,,,WE6JXtsOno,com.sec.android.app.shealth,,hsp.sync_time_heart_rate,
,,,2026-02-25 12:45:48.023,2026-02-18 12:26:19.558,1772023542892,,,,WE6JXtsOno,com.sec.android.app.shealth,,hsp.sync_time_nutrition,
,,,2026-02-24 14:09:08.266,2026-02-18 12:37:21.662,1771942143191,,,,WE6JXtsOno,com.sec.android.app.shealth,,hsp.sync_time_exercise,
