﻿com.samsung.shealth.sleep,6307003,11
total_sleep_time_weight,original_efficiency,mental_recovery,wake_score,factor_01,factor_02,factor_03,factor_04,factor_05,factor_06,factor_07,factor_08,factor_09,factor_10,deep_score,integrated_id,latency_weight,has_sleep_data,bedtime_detection_delay,sleep_efficiency_with_latency,wakeup_time_detection_delay,total_rem_duration,combined_id,nap_score,sleep_type,sleep_latency,data_version,latency_score,deep_weight,rem_weight,physical_recovery,original_wake_up_time,movement_awakening,is_integrated,original_bed_time,goal_bed_time,quality,extra_data,wake_weight,rem_score,goal_wake_up_time,sleep_cycle,total_light_duration,efficiency,sleep_score,sleep_duration,stage_analyzed_type,total_sleep_time_score,com.samsung.health.sleep.create_sh_ver,com.samsung.health.sleep.start_time,com.samsung.health.sleep.custom,com.samsung.health.sleep.modify_sh_ver,com.samsung.health.sleep.update_time,com.samsung.health.sleep.create_time,com.samsung.health.sleep.client_data_id,com.samsung.health.sleep.client_data_ver,com.samsung.health.sleep.time_offset,com.samsung.health.sleep.deviceuuid,com.samsung.health.sleep.comment,com.samsung.health.sleep.pkg_name,com.samsung.health.sleep.end_time,com.samsung.health.sleep.datauuid
,,,,,,,,,,,,,,,,,0,,,,,,,,,,,,,,,,,,79200000,0,,,,19800000,,,0.0,,370,,,63070030,2026-01-21 03:20:00.000,,63070030,2026-01-21 14:34:19.169,2026-01-21 14:34:19.169,,,UTC-0400,WE6JXtsOno,,com.sec.android.app.shealth,2026-01-21 09:30:00.000,cb79ceb3-dfb1-4b45-ac5a-e3b64e8ca3bd,
,,,,,,,,,,,,,,,,,0,,,,,,,,,,,,,,,,,,,0,,,,,,,0.0,,,,,,2022-09-25 01:50:00.000,,,2022-09-26 02:57:13.224,2022-09-26 02:57:13.224,,,UTC-0300,oAqnaMFJ0j,,com.sec.android.app.shealth,2022-09-25 12:40:00.000,da56c67f-a423-4945-b407-27f609d3a017,
,,,,,,,,,,,,,,,,,0,,,,,,,,,,,,,,,,,,,0,,,,,,,0.0,,,,,,2023-06-06 04:40:00.000,,,2023-06-06 13:33:56.078,2023-06-06 13:33:56.078,,,UTC-0400,oAqnaMFJ0j,,com.sec.android.app.shealth,2023-06-06 10:50:00.000,ca68448d-56cf-4060-8da3-694365294a0d,
,,,,,,,,,,,,,,,,,0,,,,,,,,,,,,,,,,,,,0,,,,,,,0.0,,,,,,2023-11-13 05:00:00.000,,,2023-11-13 17:02:31.871,2023-11-13 17:02:31.871,,,UTC-0400,oAqnaMFJ0j,,com.sec.android.app.shealth,2023-11-13 10:40:00.000,088af200-8e8e-432d-a990-dd8ddcd36cf8,
,,,,,,,,,,,,,,,,,0,,,,,,,,,,,,,,,,,,,0,,,,,,,0.0,,,,,,2023-11-14 03:50:00.000,,,2023-11-14 12:12:48.155,2023-11-14 12:12:48.155,,,UTC-0400,oAqnaMFJ0j,,com.sec.android.app.shealth,2023-11-14 10:50:00.000,03657b59-4715-4698-98f9-e5a8fe1e0ff8,
,,,,,,,,,,,,,,,,,0,,,,,,,,,,,,,,,,,,,0,,,,,,,0.0,,,,,,2023-11-16 04:30:00.000,,,2023-11-16 13:43:31.975,2023-11-16 13:43:31.975,,,UTC-0400,oAqnaMFJ0j,,com.sec.android.app.shealth,2023-11-16 10:40:00.000,58895606-9128-4d68-a2e0-f367548a8dd8,
,,,,,,,,,,,,,,,,,0,,,,,,,,,,,,,,,,,,,0,,,,,,,0.0,,,,,,2023-11-15 05:10:00.000,,,2023-11-16 13:43:46.048,2023-11-16 13:43:46.048,,,UTC-0400,oAqnaMFJ0j,,com.sec.android.app.shealth,2023-11-15 14:00:00.000,3a8a54b1-9a1d-42c8-bc86-34d140307f77,
,,,,,,,,,,,,,,,,,0,,,,,,,,,,,,,,,,,,,0,,,,,,,0.0,,,,,,2023-11-17 04:20:00.000,,,2023-11-17 13:15:37.625,2023-11-17 13:15:37.625,,,UTC-0400,oAqnaMFJ0j,,com.sec.android.app.shealth,2023-11-17 11:20:00.000,99c736ea-2282-4d44-b511-59781759537a,
,,,,,,,,,,,,,,,,,0,,,,,,,,,,,,,,,,,,,0,,,,,,,0.0,,,,,,2023-11-20 05:10:00.000,,,2023-11-20 13:31:29.040,2023-11-20 13:31:29.040,,,UTC-0400,oAqnaMFJ0j,,com.sec.android.app.shealth,2023-11-20 10:50:00.000,1b290ffb-27a5-4168-b2ad-e0fae2d2a14f,
,,,,,,,,,,,,,,,,,0,,,,,,,,,,,,,,,,,,,0,,,,,,,0.0,,,,,,2023-11-19 05:40:00.000,,,2023-11-21 13:35:09.883,2023-11-21 13:35:09.883,,,UTC-0400,oAqnaMFJ0j,,com.sec.android.app.shealth,2023-11-19 15:50:00.000,14c15091-7fb5-4652-8438-7a1b7f3ea07a,
,,,,,,,,,,,,,,,,,0,,,,,,,,,,,,,,2023-11-21 10:50:00.000,,,2023-11-21 04:20:00.000,,0,,,,,,,0.0,,,,,,2023-11-21 04:20:00.000,,,2023-11-21 13:34:50.760,2023-11-21 13:34:34.576,,,UTC-0400,oAqnaMFJ0j,,com.sec.android.app.shealth,2023-11-21 10:20:00.000,6696a320-5a52-4db1-b09b-f4c4bbb9c788,
,,,,,,,,,,,,,,,,,0,,,,,,,,,,,,,,,,,,,0,,,,,,,0.0,,,,,,2023-11-18 05:00:00.000,,,2023-11-21 13:35:00.901,2023-11-21 13:35:00.901,,,UTC-0400,oAqnaMFJ0j,,com.sec.android.app.shealth,2023-11-18 14:30:00.000,d56aaf27-7687-4b88-b6b5-d77ef9bce938,
,,,,,,,,,,,,,,,,,0,,,,,,,,,,,,,,2023-11-25 12:40:00.000,,,2023-11-25 01:40:00.000,,0,,,,,,,0.0,,,,,,2023-11-24 23:00:00.000,,,2023-11-25 16:51:13.269,2023-11-25 16:50:49.136,,,UTC-0400,oAqnaMFJ0j,,com.sec.android.app.shealth,2023-11-25 12:40:00.000,69f47633-ecb0-4b57-b8b1-8813a27d919a,
,,,,,,,,,,,,,,,,,0,,,,,,,,,,,,,,,,,,,0,,,,,,,0.0,,,,,,2023-11-26 04:00:00.000,,,2023-11-27 13:32:56.559,2023-11-27 13:32:56.559,,,UTC-0400,oAqnaMFJ0j,,com.sec.android.app.shealth,2023-11-26 14:30:00.000,e9280db4-3f58-4c3f-a709-7c9495e450cb,
,,,,,,,,,,,,,,,,,0,,,,,,,,,,,,,,,,,,,0,,,,,,,0.0,,,,,,2023-11-24 05:40:00.000,,,2023-11-27 13:33:00.328,2023-11-27 13:33:00.328,,,UTC-0400,oAqnaMFJ0j,,com.sec.android.app.shealth,2023-11-24 10:20:00.000,f2bc9910-a403-4491-b207-f7cc043a8a1c,
,,,,,,,,,,,,,,,,,0,,,,,,,,,,,,,,,,,,,0,,,,,,,0.0,,,,,,2023-11-22 04:00:00.000,,,2023-11-27 13:33:09.542,2023-11-27 13:33:09.542,,,UTC-0400,oAqnaMFJ0j,,com.sec.android.app.shealth,2023-11-22 11:00:00.000,88a88b1c-f3c3-4697-b26f-658944662cf2,
,,,,,,,,,,,,,,,,,0,,,,,,,,,,,,,,,,,,,0,,,,,,,0.0,,,,,,2023-11-23 04:20:00.000,,,2023-11-27 13:33:04.974,2023-11-27 13:33:04.974,,,UTC-0400,oAqnaMFJ0j,,com.sec.android.app.shealth,2023-11-23 10:40:00.000,f221a695-2429-4cc1-b01a-294b3385bb03,
,,,,,,,,,,,,,,,,,0,,,,,,,,,,,,,,,,,,,0,,,,,,,0.0,,,,,,2023-11-30 04:00:00.000,,,2023-11-30 12:04:32.721,2023-11-30 12:04:32.721,,,UTC-0400,oAqnaMFJ0j,,com.sec.android.app.shealth,2023-11-30 10:20:00.000,a61124bc-5114-4f00-852e-3f1a23106f22,
,,,,,,,,,,,,,,,,,0,,,,,,,,,,,,,,2023-11-29 11:10:00.000,,,2023-11-29 04:30:00.000,,0,,,,,,,0.0,,,,,,2023-11-29 04:30:00.000,,,2023-11-30 12:04:59.416,2023-11-29 16:40:02.588,,,UTC-0400,oAqnaMFJ0j,,com.sec.android.app.shealth,2023-11-29 10:30:00.000,173397c2-8add-4ea9-b11a-667bf91e3975,
,,,,,,,,,,,,,,,,,0,,,,,,,,,,,,,,2023-11-28 10:40:00.000,,,2023-11-28 03:50:00.000,,0,,,,,,,0.0,,,,,,2023-11-28 03:50:00.000,,,2023-11-30 12:05:13.234,2023-11-29 16:40:10.180,,,UTC-0400,oAqnaMFJ0j,,com.sec.android.app.shealth,2023-11-28 10:30:00.000,6e3c13e6-0efb-4780-80dc-b19156e223de,
,,,,,,,,,,,,,,,,,0,,,,,,,,,,,,,,2023-11-27 10:40:00.000,,,2023-11-27 02:40:00.000,,0,,,,,,,0.0,,,,,,2023-11-27 02:40:00.000,,,2023-11-30 12:05:22.391,2023-11-27 13:32:50.681,,,UTC-0400,oAqnaMFJ0j,,com.sec.android.app.shealth,2023-11-27 10:20:00.000,78c692e0-39cc-49c8-9d2d-634675b9c10e,
,,,,,,,,,,,,,,,,,0,,,,,,,,,,,,,,,,,,79200000,0,,,,19800000,,,0.0,,470,,,63070030,2026-01-22 02:10:00.000,,63070030,2026-01-22 14:15:55.698,2026-01-22 14:15:55.698,,,UTC-0400,WE6JXtsOno,,com.sec.android.app.shealth,2026-01-22 10:00:00.000,8dd53d62-ca37-4c35-823d-777bf37832c9,
,,,,,,,,,,,,,,,,,0,,,,,,,,,,,,,,,,,,79200000,0,,,,19800000,,,0.0,,400,,,63070030,2026-01-23 03:20:00.000,,63070030,2026-01-23 13:50:16.351,2026-01-23 13:50:16.351,,,UTC-0400,WE6JXtsOno,,com.sec.android.app.shealth,2026-01-23 10:00:00.000,c8b13360-c2da-42b3-9ce1-d498033efa6b,
,,,,,,,,,,,,,,,,,0,,,,,,,,,,,,,,,,,,79200000,0,,,,19800000,,,0.0,,530,,,63070030,2026-01-25 03:10:00.000,,63070030,2026-01-25 17:49:31.614,2026-01-25 17:49:31.614,,,UTC-0400,WE6JXtsOno,,com.sec.android.app.shealth,2026-01-25 12:00:00.000,5aba3543-eb6c-4325-943e-79a1db859a72,
,,,,,,,,,,,,,,,,,0,,,,,,,,,,,,,,,,,,79200000,0,,,,19800000,,,0.0,,380,,,63070030,2026-01-26 03:10:00.000,,63070030,2026-01-26 14:45:36.275,2026-01-26 14:45:36.275,,,UTC-0400,WE6JXtsOno,,com.sec.android.app.shealth,2026-01-26 09:30:00.000,b8aad9a2-4ed1-4213-aa4b-54e933397fa1,
,,,,,,,,,,,,,,,,,0,,,,,,,,,,,,,,,,,,79200000,0,,,,19800000,,,0.0,,580,,,63070030,2026-01-24 03:10:00.000,,63070030,2026-01-26 14:45:50.682,2026-01-26 14:45:50.682,,,UTC-0400,WE6JXtsOno,,com.sec.android.app.shealth,2026-01-24 12:50:00.000,493da54b-43af-4720-ade2-a9300c9a919b,
,,,,,,,,,,,,,,,,,0,,,,,,,,,,,,,,,,,,79200000,0,,,,19800000,,,0.0,,400,,,63070030,2026-01-27 03:00:00.000,,63070030,2026-01-27 12:33:10.683,2026-01-27 12:33:10.683,,,UTC-0400,WE6JXtsOno,,com.sec.android.app.shealth,2026-01-27 09:40:00.000,2d835de2-8365-45bf-98ef-0524b9b8128d,
,,,,,,,,,,,,,,,,,0,,,,,,,,,,,,,,,,,,79200000,0,,,,19800000,,,0.0,,430,,,63070030,2026-01-28 02:20:00.000,,63070030,2026-01-28 13:14:55.137,2026-01-28 13:14:55.137,,,UTC-0400,WE6JXtsOno,,com.sec.android.app.shealth,2026-01-28 09:30:00.000,6c97733f-794a-44da-b30b-21d404324266,
,,,,,,,,,,,,,,,,,0,,,,,,,,,,,,,,,,,,79200000,0,,,,19800000,,,0.0,,480,,,63070030,2026-01-29 02:00:00.000,,63070030,2026-01-29 14:26:51.810,2026-01-29 14:26:51.810,,,UTC-0400,WE6JXtsOno,,com.sec.android.app.shealth,2026-01-29 10:00:00.000,2d9f2a9f-8856-4836-89d0-72e01cb71d56,
,,,,,,,,,,,,,,,,,0,,,,,,,,,,,,,,,,,,79200000,0,,,,19800000,,,0.0,,440,,,63070030,2026-01-30 02:50:00.000,,63070030,2026-01-30 12:50:58.642,2026-01-30 12:50:58.642,,,UTC-0400,WE6JXtsOno,,com.sec.android.app.shealth,2026-01-30 10:10:00.000,3be01609-15cc-41af-b132-b43f88ecf2f7,
,,,,,,,,,,,,,,,,,0,,,,,,,,,,,,,,,,,,79200000,0,,,,19800000,,,0.0,,510,,,63070030,2026-01-31 03:20:00.000,,63070030,2026-01-31 15:12:52.908,2026-01-31 15:12:52.908,,,UTC-0400,WE6JXtsOno,,com.sec.android.app.shealth,2026-01-31 11:50:00.000,cc2c825d-8ff7-4edf-a8d7-b23051e276b6,
,,,,,,,,,,,,,,,,,0,,,,,,,,,,,,,,,,,,79200000,0,,,,19800000,,,0.0,,697,,,63070030,2026-02-01 04:00:00.000,,63070030,2026-02-01 15:37:53.552,2026-02-01 15:37:53.552,,,UTC-0400,WE6JXtsOno,,com.sec.android.app.shealth,2026-02-01 15:37:42.940,90f5fbc8-2aa8-4fb1-b88c-08f6e4769ae4,
,,,,,,,,,,,,,,,,,0,,,,,,,,,,,,,,,,,,79200000,0,,,,19800000,,,0.0,,370,,,63070030,2026-02-02 03:40:00.000,,63070030,2026-02-02 10:19:29.955,2026-02-02 10:19:29.955,,,UTC-0400,WE6JXtsOno,,com.sec.android.app.shealth,2026-02-02 09:50:00.000,d9ca6f0d-c669-43a0-9b39-6a699b9b9fb8,
,,,,,,,,,,,,,,,,,0,,,,,,,,,,,,,,,,,,79200000,0,,,,19800000,,,0.0,,410,,,63070030,2026-02-03 02:20:00.000,,63070030,2026-02-03 10:24:36.566,2026-02-03 10:24:36.566,,,UTC-0400,WE6JXtsOno,,com.sec.android.app.shealth,2026-02-03 09:10:00.000,fd3ea787-fc02-4054-b3ce-e55d5335e93e,
,,,,,,,,,,,,,,,,,0,,,,,,,,,,,,,,,,,,79200000,0,,,,19800000,,,0.0,,440,,,63070030,2026-02-04 02:40:00.000,,63070030,2026-02-04 14:06:55.858,2026-02-04 14:06:55.858,,,UTC-0400,WE6JXtsOno,,com.sec.android.app.shealth,2026-02-04 10:00:00.000,9878bbc1-d392-41e6-96fa-17a662d914a1,
,,,,,,,,,,,,,,,,,0,,,,,,,,,,,,,,,,,,79200000,0,,,,19800000,,,0.0,,420,,,63070030,2026-02-05 03:00:00.000,,63070030,2026-02-05 12:38:38.086,2026-02-05 12:38:38.086,,,UTC-0400,WE6JXtsOno,,com.sec.android.app.shealth,2026-02-05 10:00:00.000,0b14f10b-63c2-4070-abcf-369ef2cc0d36,
,,,,,,,,,,,,,,,,,0,,,,,,,,,,,,,,,,,,79200000,0,,,,19800000,,,0.0,,480,,,63070030,2026-02-06 02:00:00.000,,63070030,2026-02-06 13:15:54.503,2026-02-06 13:15:54.503,,,UTC-0400,WE6JXtsOno,,com.sec.android.app.shealth,2026-02-06 10:00:00.000,01b97384-f654-4f91-9835-5e1d1e85a6d1,
,,,,,,,,,,,,,,,,,0,,,,,,,,,,,,,,,,,,79200000,0,,,,19800000,,,0.0,,570,,,63070030,2026-02-07 03:00:00.000,,63070030,2026-02-07 17:01:57.758,2026-02-07 17:01:57.758,,,UTC-0400,WE6JXtsOno,,com.sec.android.app.shealth,2026-02-07 12:30:00.000,d94b2070-abde-4c5e-84b1-1f5da01eb0f2,
,,,,,,,,,,,,,,,,,0,,,,,,,,,,,,,,,,,,79200000,0,,,,19800000,,,0.0,,610,,,63070030,2026-02-08 03:50:00.000,,63070030,2026-02-08 18:10:23.328,2026-02-08 18:10:23.328,,,UTC-0400,WE6JXtsOno,,com.sec.android.app.shealth,2026-02-08 14:00:00.000,2f791f65-489c-4a81-a132-f52d899726c6,
,,,,,,,,,,,,,,,,,0,,,,,,,,,,,,,,,,,,79200000,0,,,,19800000,,,0.0,,370,,,63070030,2026-02-09 03:10:00.000,,63070030,2026-02-09 09:52:08.685,2026-02-09 09:52:08.685,,,UTC-0400,WE6JXtsOno,,com.sec.android.app.shealth,2026-02-09 09:20:00.000,de2943bd-3c31-4d15-a554-a5a2437bdf08,
,,,,,,,,,,,,,,,,,0,,,,,,,,,,,,,,,,,,79200000,0,,,,19800000,,,0.0,,440,,,63070030,2026-02-10 02:10:00.000,,63070030,2026-02-10 15:00:39.594,2026-02-10 15:00:39.594,,,UTC-0400,WE6JXtsOno,,com.sec.android.app.shealth,2026-02-10 09:30:00.000,b1bb2b73-2764-4807-a7bd-2fd0af14795e,
,,,,,,,,,,,,,,,,,0,,,,,,,,,,,,,,,,,,79200000,0,,,,19800000,,,0.0,,430,,,63070030,2026-02-11 02:20:00.000,,63070030,2026-02-11 17:42:08.849,2026-02-11 17:42:08.849,,,UTC-0400,WE6JXtsOno,,com.sec.android.app.shealth,2026-02-11 09:30:00.000,9650c289-f093-4248-be70-29f0ae915088,
,,,,,,,,,,,,,,,,,0,,,,,,,,,,,,,,,,,,79200000,0,,,,19800000,,,0.0,,410,,,63070030,2026-02-12 02:40:00.000,,63070030,2026-02-12 14:13:44.066,2026-02-12 14:13:44.066,,,UTC-0400,WE6JXtsOno,,com.sec.android.app.shealth,2026-02-12 09:30:00.000,6cf83183-0f1c-41d1-bba4-3036993a30bc,
,,,,,,,,,,,,,,,,,0,,,,,,,,,,,,,,,,,,79200000,0,,,,19800000,,,0.0,,430,,,63070030,2026-02-13 02:50:00.000,,63070030,2026-02-13 13:16:36.160,2026-02-13 13:16:36.160,,,UTC-0400,WE6JXtsOno,,com.sec.android.app.shealth,2026-02-13 10:00:00.000,c4b0eb13-14d3-430a-95e7-d4d18751e1b1,
,,,,,,,,,,,,,,,,,0,,,,,,,,,,,,,,,,,,79200000,0,,,,19800000,,,0.0,,470,,,63070030,2026-02-14 02:10:00.000,,63070030,2026-02-14 13:58:50.724,2026-02-14 13:58:50.724,,,UTC-0400,WE6JXtsOno,,com.sec.android.app.shealth,2026-02-14 10:00:00.000,e17217ad-c6e6-47ea-b6c3-3d830d57f68a,
,,,,,,,,,,,,,,,,,0,,,,,,,,,,,,,,,,,,79200000,0,,,,19800000,,,0.0,,510,,,63070030,2026-02-15 02:30:00.000,,63070030,2026-02-15 14:47:46.713,2026-02-15 14:47:46.713,,,UTC-0400,WE6JXtsOno,,com.sec.android.app.shealth,2026-02-15 11:00:00.000,d0a4ca3d-6b54-404f-ba2d-3a83b764f46a,
,,,,,,,,,,,,,,,,,0,,,,,,,,,,,,,,,,,,79200000,0,,,,19800000,,,0.0,,460,,,63070030,2026-02-16 02:20:00.000,,63070030,2026-02-16 11:31:28.076,2026-02-16 11:31:28.076,,,UTC-0400,WE6JXtsOno,,com.sec.android.app.shealth,2026-02-16 10:00:00.000,8d24a7b6-f0b8-4cbb-9b42-7c883709f670,
,,,,,,,,,,,,,,,,,0,,,,,,,,,,,,,,,,,,79200000,0,,,,19800000,,,0.0,,380,,,63070030,2026-02-17 03:10:00.000,,63070030,2026-02-17 13:21:49.023,2026-02-17 13:21:49.023,,,UTC-0400,WE6JXtsOno,,com.sec.android.app.shealth,2026-02-17 09:30:00.000,2848e9fe-d44f-44cc-9555-b39e449fd98a,
,,,,,,,,,,,,,,,,,0,,,,,,,,,,,,,,,,,,79200000,0,,,,19800000,,,0.0,,470,,,63070030,2026-02-18 01:40:00.000,,63070030,2026-02-18 11:06:49.262,2026-02-18 11:06:49.262,,,UTC-0400,WE6JXtsOno,,com.sec.android.app.shealth,2026-02-18 09:30:00.000,90aaf9ef-bc80-44a3-b39b-0fdf8b8eec86,
,,,,,,,,,,,,,,,,,0,,,,,,,,,,,,,,,,,,79200000,0,,,,19800000,,,0.0,,420,,,63070030,2026-02-19 02:30:00.000,,63070030,2026-02-19 15:42:33.133,2026-02-19 15:42:33.133,,,UTC-0400,WE6JXtsOno,,com.sec.android.app.shealth,2026-02-19 09:30:00.000,b5429181-0cb5-451c-a43c-62a6b350ae43,
,,,,,,,,,,,,,,,,,0,,,,,,,,,,,,,,,,,,79200000,0,,,,19800000,,,0.0,,470,,,63070030,2026-02-20 01:40:00.000,,63070030,2026-02-20 11:21:14.576,2026-02-20 11:21:14.576,,,UTC-0400,WE6JXtsOno,,com.sec.android.app.shealth,2026-02-20 09:30:00.000,b1ef1b2a-46e8-46c3-9588-ba5aa67ff3b3,
,,,,,,,,,,,,,,,,,0,,,,,,,,,,,,,,,,,,79200000,0,,,,19800000,,,0.0,,550,,,63070030,2026-02-21 02:50:00.000,,63070030,2026-02-21 15:28:11.639,2026-02-21 15:28:11.639,,,UTC-0400,WE6JXtsOno,,com.sec.android.app.shealth,2026-02-21 12:00:00.000,e630cd09-0bb7-412f-b342-dfdffcaceae9,
,,,,,,,,,,,,,,,,,0,,,,,,,,,,,,,,,,,,79200000,0,,,,19800000,,,0.0,,550,,,63070030,2026-02-22 03:20:00.000,,63070030,2026-02-22 15:05:57.896,2026-02-22 15:05:57.896,,,UTC-0400,WE6JXtsOno,,com.sec.android.app.shealth,2026-02-22 12:30:00.000,e302afa2-e00b-4058-a7f5-3830152206ef,
,,,,,,,,,,,,,,,,,0,,,,,,,,,,,,,,,,,,79200000,0,,,,19800000,,,0.0,,390,,,63070030,2026-02-23 02:50:00.000,,63070030,2026-02-23 13:48:28.689,2026-02-23 13:48:28.689,,,UTC-0400,WE6JXtsOno,,com.sec.android.app.shealth,2026-02-23 09:20:00.000,b58925ca-eb91-442f-8198-c73df97583e6,
,,,,,,,,,,,,,,,,,0,,,,,,,,,,,,,,,,,,79200000,0,,,,19800000,,,0.0,,460,,,63070030,2026-02-24 02:20:00.000,,63070030,2026-02-24 14:06:25.796,2026-02-24 14:06:25.796,,,UTC-0400,WE6JXtsOno,,com.sec.android.app.shealth,2026-02-24 10:00:00.000,e5d57e17-3d3c-4277-befe-148c5f0cad9f,
,,,,,,,,,,,,,,,,,0,,,,,,,,,,,,,,,,,,79200000,0,,,,19800000,,,0.0,,430,,,63070030,2026-02-25 02:40:00.000,,63070030,2026-02-25 12:46:00.568,2026-02-25 12:46:00.568,,,UTC-0400,WE6JXtsOno,,com.sec.android.app.shealth,2026-02-25 09:50:00.000,cac0d624-af4b-442b-ace1-0673036eecbc,
