﻿com.samsung.shealth.exercise,6307003,17
live_data_internal,mission_value,race_target,subset_data,start_longitude,routine_datauuid,total_calorie,completion_status,pace_info_id,activity_type,pace_live_data,sensing_status,source_type,mission_type,ftp,tracking_status,program_id,title,reward_status,heart_rate_sample_count,start_latitude,mission_extra_value,program_schedule_id,heart_rate_deviceuuid,location_data_internal,custom_id,additional_internal,com.samsung.health.exercise.duration,com.samsung.health.exercise.additional,com.samsung.health.exercise.create_sh_ver,com.samsung.health.exercise.mean_caloricburn_rate,com.samsung.health.exercise.location_data,com.samsung.health.exercise.start_time,com.samsung.health.exercise.exercise_type,com.samsung.health.exercise.custom,com.samsung.health.exercise.max_altitude,com.samsung.health.exercise.incline_distance,com.samsung.health.exercise.mean_heart_rate,com.samsung.health.exercise.count_type,com.samsung.health.exercise.mean_rpm,com.samsung.health.exercise.min_altitude,com.samsung.health.exercise.modify_sh_ver,com.samsung.health.exercise.max_heart_rate,com.samsung.health.exercise.update_time,com.samsung.health.exercise.create_time,com.samsung.health.exercise.client_data_id,com.samsung.health.exercise.max_power,com.samsung.health.exercise.max_speed,com.samsung.health.exercise.mean_cadence,com.samsung.health.exercise.min_heart_rate,com.samsung.health.exercise.client_data_ver,com.samsung.health.exercise.count,com.samsung.health.exercise.distance,com.samsung.health.exercise.max_caloricburn_rate,com.samsung.health.exercise.calorie,com.samsung.health.exercise.max_cadence,com.samsung.health.exercise.decline_distance,com.samsung.health.exercise.vo2_max,com.samsung.health.exercise.time_offset,com.samsung.health.exercise.deviceuuid,com.samsung.health.exercise.max_rpm,com.samsung.health.exercise.comment,com.samsung.health.exercise.live_data,com.samsung.health.exercise.mean_power,com.samsung.health.exercise.mean_speed,com.samsung.health.exercise.pkg_name,com.samsung.health.exercise.altitude_gain,com.samsung.health.exercise.altitude_loss,com.samsung.health.exercise.exercise_custom_type,com.samsung.health.exercise.auxiliary_devices,com.samsung.health.exercise.end_time,com.samsung.health.exercise.datauuid,com.samsung.health.exercise.sweat_loss
,,,,,,,1,,,,,4,0,,0,,,,,,,,,,,,705593,,,,,2021-10-18 16:55:00.000,1001,,,,,30001,,,,,2021-10-18 17:13:12.443,2021-10-18 17:13:12.443,,,1.6111112,,,,1233,941.47,,42.64,,,,UTC-0300,oAqnaMFJ0j,,,e7aa318c-69a2-4fc9-bac2-ce15e04515ad.com.samsung.health.exercise.live_data.json,,1.3342961,com.sec.android.app.shealth,,,,,2021-10-18 17:06:45.000,e7aa318c-69a2-4fc9-bac2-ce15e04515ad,,
,,,,,,,1,,,,,4,0,,0,,,,,,,,,,,,670000,,,,,2022-01-03 10:53:00.000,1001,,,,,30001,,,,,2022-01-03 11:05:46.809,2022-01-03 11:05:46.809,,,1.4939595,,,,1172,896.49,,40.82,,,,UTC-0300,oAqnaMFJ0j,,,ce0a56fe-34c2-4c85-8123-37620659bfac.com.samsung.health.exercise.live_data.json,,1.3380449,com.sec.android.app.shealth,,,,,2022-01-03 11:04:10.000,ce0a56fe-34c2-4c85-8123-37620659bfac,,
,,,,,,,1,,,,,4,0,,0,,,,,,,,,,,,781000,,,,,2021-12-16 11:01:00.000,1001,,,,,30001,,,,,2021-12-16 11:17:37.704,2021-12-16 11:17:37.704,,,1.4166666,,,,1313,989.02997,,50.27,,,,UTC-0300,oAqnaMFJ0j,,,9545d414-5019-4cc2-9f4e-f451d96ba960.com.samsung.health.exercise.live_data.json,,1.2663636,com.sec.android.app.shealth,,,,,2021-12-16 11:14:01.000,9545d414-5019-4cc2-9f4e-f451d96ba960,,
,,,,,,,1,,,,,4,0,,0,,,,,,,,,,,,660000,,,,,2022-09-02 21:10:00.000,1001,,,,,30001,,,,,2022-09-02 21:23:40.533,2022-09-02 21:23:40.533,,,1.3611112,,,,1103,774.0,,32.91,,,,UTC-0300,oAqnaMFJ0j,,,33dcdc95-68a8-4bf6-b512-d146581e6aa6.com.samsung.health.exercise.live_data.json,,1.1727272,com.sec.android.app.shealth,,,,,2022-09-02 21:21:00.000,33dcdc95-68a8-4bf6-b512-d146581e6aa6,,
,,,,,,,1,,,,,4,0,,0,,,,,,,,,,,,1861000,,,,,2022-01-01 23:39:00.000,1001,,,,,30001,,,,,2022-01-02 00:11:22.783,2022-01-02 00:11:22.783,,,2.8055556,,,,3314,2551.21,,133.12,,,,UTC-0300,oAqnaMFJ0j,,,12938d80-23ec-4d1c-9c9a-4e53b9d2f9ac.com.samsung.health.exercise.live_data.json,,1.3708812,com.sec.android.app.shealth,,,,,2022-01-02 00:10:01.000,12938d80-23ec-4d1c-9c9a-4e53b9d2f9ac,,
,,,,,,,1,,,,,4,0,,0,,,,,,,,,,,,1194712,,,,,2022-08-30 22:56:05.000,1001,,,,,30001,,,,,2022-08-30 23:26:22.736,2022-08-30 23:26:22.736,,,1.3333334,,,,2097,1451.4,,62.57,,,,UTC-0300,oAqnaMFJ0j,,,2a611256-9cfb-46f5-8453-e798119e4bb7.com.samsung.health.exercise.live_data.json,,1.2148535,com.sec.android.app.shealth,,,,,2022-08-30 23:16:00.000,2a611256-9cfb-46f5-8453-e798119e4bb7,,
,,,,,,,1,,,,,4,0,,0,,,,,,,,,,,,656814,,,,,2022-06-24 11:02:03.000,1001,,,,,30001,,,,,2022-06-24 11:24:44.229,2022-06-24 11:24:44.229,,,1.4444444,,,,1166,887.44,,43.81,,,,UTC-0300,oAqnaMFJ0j,,,086a15e2-e237-404a-9291-d8ce76170d85.com.samsung.health.exercise.live_data.json,,1.3511283,com.sec.android.app.shealth,,,,,2022-06-24 11:13:00.000,086a15e2-e237-404a-9291-d8ce76170d85,,
,,,,,,,1,,,,,4,0,,0,,,,,,,,,,,,720120,,,,,2021-11-12 17:32:16.000,1001,,,,,30001,,,,,2021-11-12 17:45:28.661,2021-11-12 17:45:28.661,,,1.5277778,,,,1289,996.18,,40.93,,,,UTC-0300,oAqnaMFJ0j,,,a425b352-6074-4407-b744-69710c81c1b6.com.samsung.health.exercise.live_data.json,,1.3833529,com.sec.android.app.shealth,,,,,2021-11-12 17:44:16.000,a425b352-6074-4407-b744-69710c81c1b6,,
,,,,,,,1,,,,,4,0,,0,,,,,,,,,,,,696644,,,,,2022-01-04 10:54:00.000,1001,,,,,30001,,,,,2022-01-04 11:05:41.765,2022-01-04 11:05:41.765,,,1.5293542,,,,1152,890.31,,36.38,,,,UTC-0300,oAqnaMFJ0j,,,6c1b8278-9655-4808-8382-3282fca4b52f.com.samsung.health.exercise.live_data.json,,1.2779984,com.sec.android.app.shealth,,,,,2022-01-04 11:05:37.000,6c1b8278-9655-4808-8382-3282fca4b52f,,
,,,,,,,1,,,,,4,0,,0,,,,,,,,,,,,1009893,,,,,2022-01-08 10:59:14.000,1001,,,,,30001,,,,,2022-01-08 11:22:31.421,2022-01-08 11:22:31.421,,,1.4841902,,,,1467,1114.2999,,48.48,,,,UTC-0300,oAqnaMFJ0j,,,0bae79ac-2ec5-4556-bcbb-db7bac10be83.com.samsung.health.exercise.live_data.json,,1.1033841,com.sec.android.app.shealth,,,,,2022-01-08 11:16:04.000,0bae79ac-2ec5-4556-bcbb-db7bac10be83,,
,,,,,,,1,,,,,4,0,,0,,,,,,,,,,,,757000,,,,,2022-06-17 10:44:23.000,1001,,,,,30001,,,,,2022-06-17 11:01:04.145,2022-06-17 11:01:04.145,,,1.3933333,,,,1338,1006.56,,53.38,,,,UTC-0300,oAqnaMFJ0j,,,9d58dfee-e65a-4617-a38c-4b5e8847b4fe.com.samsung.health.exercise.live_data.json,,1.3296697,com.sec.android.app.shealth,,,,,2022-06-17 10:57:00.000,9d58dfee-e65a-4617-a38c-4b5e8847b4fe,,
,,,,,,,1,,,,,4,0,,0,,,,,,,,,,,,659625,,,,,2023-02-04 14:17:00.000,1001,,,,,30001,,,,,2023-02-04 14:33:15.289,2023-02-04 14:33:15.289,,,1.3175511,,,,1147,823.0,,57.48,,,,UTC-0400,oAqnaMFJ0j,,,60518048-24a4-475e-bd98-da08ce3e4c77.com.samsung.health.exercise.live_data.json,,1.2476786,com.sec.android.app.shealth,,,,,2023-02-04 14:28:00.000,60518048-24a4-475e-bd98-da08ce3e4c77,,
,,,,,,,1,,,,,4,0,,0,,,,,,,,,,,,720585,,,,,2021-10-19 16:47:11.000,1001,,,,,30001,,,,,2021-10-19 17:01:37.757,2021-10-19 17:01:37.757,,,1.449,,,,1277,965.71,,50.02,,,,UTC-0300,oAqnaMFJ0j,,,b157d9d4-503e-4c2f-a9f1-3cbdc3f4b830.com.samsung.health.exercise.live_data.json,,1.3401749,com.sec.android.app.shealth,,,,,2021-10-19 16:59:11.000,b157d9d4-503e-4c2f-a9f1-3cbdc3f4b830,,
,,,,,,,1,,,,,4,0,,0,,,,,,,,,,,,746508,,,,,2021-11-12 20:49:02.000,1001,,,,,30001,,,,,2021-11-12 21:02:55.130,2021-11-12 21:02:55.130,,,1.5277778,,,,1170,893.48,,42.11,,,,UTC-0300,oAqnaMFJ0j,,,59bcc300-c91c-44a7-8bd5-88950a0c3009.com.samsung.health.exercise.live_data.json,,1.1968794,com.sec.android.app.shealth,,,,,2021-11-12 21:01:28.000,59bcc300-c91c-44a7-8bd5-88950a0c3009,,
,,,,,,,1,,,,,4,0,,0,,,,,,,,,,,,839000,,,,,2022-01-03 15:09:07.000,1001,,,,,30001,,,,,2022-01-03 15:24:53.995,2022-01-03 15:24:53.995,,,1.4444444,,,,1315,998.78,,51.44,,,,UTC-0300,oAqnaMFJ0j,,,13ccf652-e499-489e-aa51-de28d0278d1f.com.samsung.health.exercise.live_data.json,,1.1904411,com.sec.android.app.shealth,,,,,2022-01-03 15:23:06.000,13ccf652-e499-489e-aa51-de28d0278d1f,,
,,,,,,,1,,,,,4,0,,0,,,,,,,,,,,,2032000,,,,,2022-07-09 23:20:08.000,1001,,,,,30001,,,,,2022-07-09 23:56:25.227,2022-07-09 23:56:25.227,,,1.4444444,,,,3424,2602.84,,132.04,,,,UTC-0300,oAqnaMFJ0j,,,3aebfd79-8edb-4b26-9ed0-481883aa9bf7.com.samsung.health.exercise.live_data.json,,1.2809252,com.sec.android.app.shealth,,,,,2022-07-09 23:54:00.000,3aebfd79-8edb-4b26-9ed0-481883aa9bf7,,
,,,,,,,1,,,,,4,0,,0,,,,,,,,,,,,1080000,,,,,2021-12-21 02:25:00.000,1001,,,,,30001,,,,,2021-12-21 02:47:51.211,2021-12-21 02:47:51.211,,,1.2919235,,,,1764,1315.93,,70.32,,,,UTC-0300,oAqnaMFJ0j,,,ba146f29-9a79-4a0d-ab0b-812c9159ebeb.com.samsung.health.exercise.live_data.json,,1.2184536,com.sec.android.app.shealth,,,,,2021-12-21 02:43:00.000,ba146f29-9a79-4a0d-ab0b-812c9159ebeb,,
,,,,,,,1,,,,,4,0,,0,,,,,,,,,,,,691940,,,,,2022-01-07 10:54:00.000,1001,,,,,30001,,,,,2022-01-07 11:05:40.474,2022-01-07 11:05:40.474,,,1.5320001,,,,1154,887.26996,,36.09,,,,UTC-0300,oAqnaMFJ0j,,,7418d3a5-18f0-4430-af8a-81a61e34f6d8.com.samsung.health.exercise.live_data.json,,1.2822933,com.sec.android.app.shealth,,,,,2022-01-07 11:05:32.000,7418d3a5-18f0-4430-af8a-81a61e34f6d8,,
,,,,,,,1,,,,,4,0,,0,,,,,,,,,,,,2509000,,,,,2022-01-05 00:01:00.000,1001,,,,,30001,,,,,2022-01-05 00:46:05.702,2022-01-05 00:46:05.702,,,1.5006664,,,,4657,3570.25,,159.44,,,,UTC-0300,oAqnaMFJ0j,,,5246bf08-0ec3-4d38-a107-33311bfc2c01.com.samsung.health.exercise.live_data.json,,1.4229773,com.sec.android.app.shealth,,,,,2022-01-05 00:42:49.000,5246bf08-0ec3-4d38-a107-33311bfc2c01,,
,,,,,,,1,,,,,4,0,,0,,,,,,,,,,,,2288000,,,,,2022-01-02 00:37:00.000,1001,,,,,30001,,,,,2022-01-02 01:16:35.121,2022-01-02 01:16:35.121,,,1.4444444,,,,3728,2813.23,,145.78,,,,UTC-0300,oAqnaMFJ0j,,,0069367b-2ff1-406c-8c99-8b7ddc662a2d.com.samsung.health.exercise.live_data.json,,1.2295585,com.sec.android.app.shealth,,,,,2022-01-02 01:15:08.000,0069367b-2ff1-406c-8c99-8b7ddc662a2d,,
,,,,,,,1,,,,,4,0,,0,,,,,,,,,,,,701000,,,,,2022-01-25 21:04:03.000,1001,,,,,30001,,,,,2022-01-25 21:35:03.141,2022-01-25 21:35:03.141,,,1.4722222,,,,1182,905.61,,45.21,,,,UTC-0300,oAqnaMFJ0j,,,0e234887-046e-45ce-b917-b2692192586e.com.samsung.health.exercise.live_data.json,,1.291883,com.sec.android.app.shealth,,,,,2022-01-25 21:15:44.000,0e234887-046e-45ce-b917-b2692192586e,,
,,,,,,,1,,,,,4,0,,0,,,,,,,,,,,,1080000,,,,,2022-08-01 10:14:00.000,1001,,,,,30001,,,,,2022-08-01 10:33:42.080,2022-08-01 10:33:42.080,,,1.4444444,,,,1540,1161.68,,56.82,,,,UTC-0300,oAqnaMFJ0j,,,ae6fcaf7-72df-4b67-852c-d22727bd712f.com.samsung.health.exercise.live_data.json,,1.0756297,com.sec.android.app.shealth,,,,,2022-08-01 10:32:00.000,ae6fcaf7-72df-4b67-852c-d22727bd712f,,
,,,,,,,1,,,,,4,0,,0,,,,,,,,,,,,1079773,,,,,2023-02-04 15:00:00.000,1001,,,,,30001,,,,,2023-02-04 15:19:57.394,2023-02-04 15:19:57.394,,,1.3286667,,,,1772,1271.89,,88.74,,,,UTC-0400,oAqnaMFJ0j,,,70e261cb-579b-4840-ba79-2f15a42afbf8.com.samsung.health.exercise.live_data.json,,1.1779236,com.sec.android.app.shealth,,,,,2023-02-04 15:18:00.000,70e261cb-579b-4840-ba79-2f15a42afbf8,,
,,,,,,,1,,,,,4,0,,0,,,,,,,,,,,,1526678,,,,,2022-01-02 00:11:24.000,1001,,,,,30001,,,,,2022-01-02 00:51:00.175,2022-01-02 00:51:00.175,,,2.0733893,,,,2742,2113.38,,99.64,,,,UTC-0300,oAqnaMFJ0j,,,f9da377b-3fc3-4413-8b81-86b3cbe3706e.com.samsung.health.exercise.live_data.json,,1.3842998,com.sec.android.app.shealth,,,,,2022-01-02 00:36:51.000,f9da377b-3fc3-4413-8b81-86b3cbe3706e,,
,,,,,,,1,,,,,4,0,,0,,,,,,,,,,,,652172,,,,,2021-10-04 16:55:30.000,1001,,,,,30001,,,,,2021-10-04 17:06:45.160,2021-10-04 17:06:45.160,,,1.5551078,,,,1105,852.07996,,35.38,,,,UTC-0300,oAqnaMFJ0j,,,972c2799-7218-4ecf-9302-0dd518586c34.com.samsung.health.exercise.live_data.json,,1.3065265,com.sec.android.app.shealth,,,,,2021-10-04 17:06:22.000,972c2799-7218-4ecf-9302-0dd518586c34,,
,,,,,,,1,,,,,4,0,,0,,,,,,,,,,,,729462,,,,,2022-01-03 16:50:15.000,1001,,,,,30001,,,,,2022-01-03 17:08:08.083,2022-01-03 17:08:08.083,,,1.5277778,,,,1338,1027.1799,,44.51,,,,UTC-0300,oAqnaMFJ0j,,,6089816b-d9bc-4b7f-9e18-411d37692e35.com.samsung.health.exercise.live_data.json,,1.4081336,com.sec.android.app.shealth,,,,,2022-01-03 17:02:25.000,6089816b-d9bc-4b7f-9e18-411d37692e35,,
,,,,,,,1,,,,,4,0,,0,,,,,,,,,,,,738353,,,,,2022-01-06 15:06:04.000,1001,,,,,30001,,,,,2022-01-06 15:20:47.701,2022-01-06 15:20:47.701,,,1.4777098,,,,1238,927.52,,45.66,,,,UTC-0300,oAqnaMFJ0j,,,67094719-743e-444b-9ef3-42f3b5904ea7.com.samsung.health.exercise.live_data.json,,1.2562013,com.sec.android.app.shealth,,,,,2022-01-06 15:18:23.000,67094719-743e-444b-9ef3-42f3b5904ea7,,
,,,,,,,1,,,,,4,0,,0,,,,,,,,,,,,2577000,,,,,2023-02-09 01:19:03.000,1001,,,,,30001,,,,,2023-02-09 02:03:05.153,2023-02-09 02:03:05.153,,,1.3888888,,,,4344,3124.01,,217.36,,,,UTC-0400,oAqnaMFJ0j,,,747bacc0-dcf1-4717-b021-aba5e6c9ef4a.com.samsung.health.exercise.live_data.json,,1.2122662,com.sec.android.app.shealth,,,,,2023-02-09 02:02:00.000,747bacc0-dcf1-4717-b021-aba5e6c9ef4a,,
,,,,,,,1,,,,,4,0,,0,,,,,,,,,,,,1140000,,,,,2022-07-18 13:21:00.000,1001,,,,,30001,,,,,2022-07-18 13:41:15.381,2022-07-18 13:41:15.381,,,1.3888888,,,,1717,1301.47,,68.25,,,,UTC-0300,oAqnaMFJ0j,,,1e931ef8-4b00-4a52-b820-814eb82e503f.com.samsung.health.exercise.live_data.json,,1.1416403,com.sec.android.app.shealth,,,,,2022-07-18 13:40:00.000,1e931ef8-4b00-4a52-b820-814eb82e503f,,
,,,,,,,1,,,,,4,0,,0,,,,,,,,,,,,3003849,,,,,2022-01-02 09:41:00.000,1001,,,,,30001,,,,,2022-01-02 10:32:52.656,2022-01-02 10:32:52.656,,,1.4974388,,,,5310,4047.29,,188.72,,,,UTC-0300,oAqnaMFJ0j,,,3bc81fb0-e171-4e1f-bef2-86e53edb33ee.com.samsung.health.exercise.live_data.json,,1.347368,com.sec.android.app.shealth,,,,,2022-01-02 10:31:04.000,3bc81fb0-e171-4e1f-bef2-86e53edb33ee,,
,,,,,,,1,,,,,4,0,,0,,,,,,,,,,,,890000,,,,,2022-01-01 00:05:08.000,1001,,,,,30001,,,,,2022-01-01 00:35:01.311,2022-01-01 00:35:01.311,,,1.3611112,,,,1544,1167.23,,61.42,,,,UTC-0300,oAqnaMFJ0j,,,dcac7ffc-ed1f-4b7a-b318-c1204b1f0543.com.samsung.health.exercise.live_data.json,,1.3114945,com.sec.android.app.shealth,,,,,2022-01-01 00:19:58.000,dcac7ffc-ed1f-4b7a-b318-c1204b1f0543,,
,,,,,,,1,,,,,4,0,,0,,,,,,,,,,,,1586389,,,,,2021-11-29 02:03:00.000,1001,,,,,30001,,,,,2021-11-29 02:33:11.567,2021-11-29 02:33:11.567,,,1.3055556,,,,2633,1966.51,,104.979996,,,,UTC-0300,oAqnaMFJ0j,,,754b105b-273a-45a4-8e82-47d4a435f785.com.samsung.health.exercise.live_data.json,,1.239614,com.sec.android.app.shealth,,,,,2021-11-29 02:29:26.000,754b105b-273a-45a4-8e82-47d4a435f785,,
,,,,,,,1,,,,,4,0,,0,,,,,,,,,,,,716000,,,,,2022-06-21 11:07:04.000,1001,,,,,30001,,,,,2022-06-21 11:20:36.479,2022-06-21 11:20:36.479,,,1.4444444,,,,1193,912.71,,43.53,,,,UTC-0300,oAqnaMFJ0j,,,9468d9a6-0200-44e2-a998-5b10eb13574a.com.samsung.health.exercise.live_data.json,,1.2747346,com.sec.android.app.shealth,,,,,2022-06-21 11:19:00.000,9468d9a6-0200-44e2-a998-5b10eb13574a,,
,,,,,,,1,,,,,4,0,,0,,,,,,,,,,,,671923,,,,,2021-12-14 16:50:23.000,1001,,,,,30001,,,,,2021-12-14 17:06:16.054,2021-12-14 17:06:16.054,,,1.5833334,,,,1191,923.42,,36.75,,,,UTC-0300,oAqnaMFJ0j,,,e098df60-7b84-436e-9d0b-1639a0e63d8e.com.samsung.health.exercise.live_data.json,,1.3742943,com.sec.android.app.shealth,,,,,2021-12-14 17:01:35.000,e098df60-7b84-436e-9d0b-1639a0e63d8e,,
,,,,,,,1,,,,,4,0,,0,,,,,,,,,,,,659567,,,,,2022-08-05 16:59:00.000,1001,,,,,30001,,,,,2022-08-05 17:58:36.486,2022-08-05 17:58:36.486,,,1.5833334,,,,1190,918.14996,,38.989998,,,,UTC-0300,oAqnaMFJ0j,,,8c188c09-4c6b-4ac5-bf8f-f7a10d9dcee3.com.samsung.health.exercise.live_data.json,,1.3920497,com.sec.android.app.shealth,,,,,2022-08-05 17:10:00.000,8c188c09-4c6b-4ac5-bf8f-f7a10d9dcee3,,
,,,,,,,1,,,,,4,0,,0,,,,,,,,,,,,839686,,,,,2022-06-13 15:04:00.000,1001,,,,,30001,,,,,2022-06-13 15:19:09.523,2022-06-13 15:19:09.523,,,1.5555556,,,,1179,905.71,,39.14,,,,UTC-0300,oAqnaMFJ0j,,,7d0808e1-aef3-4bb6-9eb3-11ce724b7541.com.samsung.health.exercise.live_data.json,,1.0786294,com.sec.android.app.shealth,,,,,2022-06-13 15:18:00.000,7d0808e1-aef3-4bb6-9eb3-11ce724b7541,,
,,,,,,,1,,,,,4,0,,0,,,,,,,,,,,,647731,,,,,2022-02-28 10:58:12.000,1001,,,,,30001,,,,,2022-02-28 11:10:17.853,2022-02-28 11:10:17.853,,,1.5555556,,,,1146,878.89996,,39.15,,,,UTC-0300,oAqnaMFJ0j,,,1ea89760-04cf-40e3-8bd7-45a7b3a8b98f.com.samsung.health.exercise.live_data.json,,1.3568904,com.sec.android.app.shealth,,,,,2022-02-28 11:09:00.000,1ea89760-04cf-40e3-8bd7-45a7b3a8b98f,,
,,,,,,,1,,,,,4,0,,0,,,,,,,,,,,,739000,,,,,2022-01-01 00:47:00.000,1001,,,,,30001,,,,,2022-01-01 01:00:51.301,2022-01-01 01:00:51.301,,,1.3611112,,,,1269,951.15,,50.48,,,,UTC-0300,oAqnaMFJ0j,,,83dfef38-ed0d-4dfc-9b53-038057031817.com.samsung.health.exercise.live_data.json,,1.2870771,com.sec.android.app.shealth,,,,,2022-01-01 00:59:19.000,83dfef38-ed0d-4dfc-9b53-038057031817,,
,,,,,,,1,,,,,4,0,,0,,,,,,,,,,,,1684651,,,,,2021-09-11 00:38:00.000,1001,,,,,30001,,,,,2021-09-11 01:07:51.907,2021-09-11 01:07:51.907,,,1.4166666,,,,2781,2086.5,,111.07,,,,UTC-0300,oAqnaMFJ0j,,,bdd3a583-1394-46bc-8319-dc29397ab165.com.samsung.health.exercise.live_data.json,,1.2385355,com.sec.android.app.shealth,,,,,2021-09-11 01:06:04.000,bdd3a583-1394-46bc-8319-dc29397ab165,,
,,,,,,,1,,,,,4,0,,0,,,,,,,,,,,,657000,,,,,2022-07-29 10:46:03.000,1001,,,,,30001,,,,,2022-07-29 11:03:34.206,2022-07-29 11:03:34.206,,,1.4722222,,,,1177,898.59,,39.44,,,,UTC-0300,oAqnaMFJ0j,,,2b7baed2-9789-4ebc-b833-90b35e568230.com.samsung.health.exercise.live_data.json,,1.3677169,com.sec.android.app.shealth,,,,,2022-07-29 10:57:00.000,2b7baed2-9789-4ebc-b833-90b35e568230,,
,,,,,,,1,,,,,4,0,,0,,,,,,,,,,,,744000,,,,,2022-01-05 10:53:08.000,1001,,,,,30001,,,,,2022-01-05 11:09:01.403,2022-01-05 11:09:01.403,,,1.5277778,,,,1235,943.45,,42.03,,,,UTC-0300,oAqnaMFJ0j,,,28978849-1fcd-477c-85a2-1a6236522bbf.com.samsung.health.exercise.live_data.json,,1.268078,com.sec.android.app.shealth,,,,,2022-01-05 11:05:32.000,28978849-1fcd-477c-85a2-1a6236522bbf,,
,,,,,,,1,,,,,4,0,,0,,,,,,,,,,,,691988,,,,,2021-10-19 15:04:00.000,1001,,,,,30001,,,,,2021-10-19 15:25:46.183,2021-10-19 15:25:46.183,,,1.5833334,,,,1161,888.07,,39.739998,,,,UTC-0300,oAqnaMFJ0j,,,681ebc73-9bf2-4dbc-848f-c725e7ca269b.com.samsung.health.exercise.live_data.json,,1.2833604,com.sec.android.app.shealth,,,,,2021-10-19 15:15:31.000,681ebc73-9bf2-4dbc-848f-c725e7ca269b,,
,,,,,,,1,,,,,4,0,,0,,,,,,,,,,,,751000,,,,,2023-05-24 00:15:29.000,1001,,,,,30001,,,,,2023-05-24 00:29:38.783,2023-05-24 00:29:38.783,,,1.3333334,,,,1362,978.76,,68.13,,,,UTC-0400,oAqnaMFJ0j,,,6cd513dc-11ec-4f2c-9b2d-6f0ea55d3c9e.com.samsung.health.exercise.live_data.json,,1.3032757,com.sec.android.app.shealth,,,,,2023-05-24 00:28:00.000,6cd513dc-11ec-4f2c-9b2d-6f0ea55d3c9e,,
,,,,,,,1,,,,,4,0,,0,,,,,,,,,,,,840000,,,,,2023-05-28 02:18:00.000,1001,,,,,30001,,,,,2023-05-28 03:30:29.072,2023-05-28 03:30:29.072,,,1.2777778,,,,1472,1052.89,,73.62,,,,UTC-0400,oAqnaMFJ0j,,,8b9d7994-d7f5-4b10-bd3d-2e7b204e9431.com.samsung.health.exercise.live_data.json,,1.2534405,com.sec.android.app.shealth,,,,,2023-05-28 02:32:00.000,8b9d7994-d7f5-4b10-bd3d-2e7b204e9431,,
,,,,,,,1,,,,,4,0,,0,,,,,,,,,,,,1924384,,,,,2021-11-29 00:32:03.000,1001,,,,,30001,,,,,2021-11-29 01:09:10.248,2021-11-29 01:09:10.248,,,1.5555556,,,,3209,2399.2,,125.04,,,,UTC-0300,oAqnaMFJ0j,,,e305d6ea-75cd-4f38-ac99-c4f07d7d3cf1.com.samsung.health.exercise.live_data.json,,1.2467365,com.sec.android.app.shealth,,,,,2021-11-29 01:04:07.000,e305d6ea-75cd-4f38-ac99-c4f07d7d3cf1,,
,,,,,,,1,,,,,4,0,,0,,,,,,,,,,,,659246,,,,,2022-09-17 14:54:00.000,1001,,,,,30001,,,,,2022-09-17 15:07:56.412,2022-09-17 15:07:56.412,,,1.4396666,,,,1176,825.91,,35.11,,,,UTC-0300,oAqnaMFJ0j,,,2d9684f9-3c47-41bc-b170-0e0c00d21358.com.samsung.health.exercise.live_data.json,,1.25281,com.sec.android.app.shealth,,,,,2022-09-17 15:05:00.000,2d9684f9-3c47-41bc-b170-0e0c00d21358,,
,,,,,,,1,,,,,4,0,,0,,,,,,,,,,,,727376,,,,,2021-09-14 10:49:18.000,1001,,,,,30001,,,,,2021-09-14 11:03:05.143,2021-09-14 11:03:05.143,,,1.4243013,,,,1279,974.38,,47.99,,,,UTC-0300,oAqnaMFJ0j,,,a4a26112-a60f-442f-87ae-a467b0e0c050.com.samsung.health.exercise.live_data.json,,1.3395824,com.sec.android.app.shealth,,,,,2021-09-14 11:01:25.000,a4a26112-a60f-442f-87ae-a467b0e0c050,,
,,,,,,,1,,,,,4,0,,0,,,,,,,,,,,,1307000,,,,,2022-05-08 00:34:13.000,1001,,,,,30001,,,,,2022-05-08 00:58:27.381,2022-05-08 00:58:27.381,,,1.3333334,,,,2148,1612.64,,85.19,,,,UTC-0300,oAqnaMFJ0j,,,29965f73-164d-4fc3-a1bc-72e03d6f2269.com.samsung.health.exercise.live_data.json,,1.2338485,com.sec.android.app.shealth,,,,,2022-05-08 00:56:00.000,29965f73-164d-4fc3-a1bc-72e03d6f2269,,
,,,,,,,1,,,,,4,0,,0,,,,,,,,,,,,672000,,,,,2022-01-07 16:52:02.000,1001,,,,,30001,,,,,2022-01-07 17:06:06.464,2022-01-07 17:06:06.464,,,1.5848333,,,,1184,915.54,,36.02,,,,UTC-0300,oAqnaMFJ0j,,,10d57ba8-50f7-40bb-9763-70573cc813bc.com.samsung.health.exercise.live_data.json,,1.3624108,com.sec.android.app.shealth,,,,,2022-01-07 17:03:14.000,10d57ba8-50f7-40bb-9763-70573cc813bc,,
,,,,,,,1,,,,,4,0,,0,,,,,,,,,,,,898967,,,,,2022-06-30 15:10:01.000,1001,,,,,30001,,,,,2022-06-30 15:26:42.497,2022-06-30 15:26:42.497,,,1.5,,,,1391,1048.97,,51.989998,,,,UTC-0300,oAqnaMFJ0j,,,45d2b07d-065a-464d-8b41-07473328d8d2.com.samsung.health.exercise.live_data.json,,1.1668614,com.sec.android.app.shealth,,,,,2022-06-30 15:25:00.000,45d2b07d-065a-464d-8b41-07473328d8d2,,
,,,,,,,1,,,,,4,0,,0,,,,,,,,,,,,775341,,,,,2021-09-14 15:01:11.000,1001,,,,,30001,,,,,2021-09-14 15:18:14.448,2021-09-14 15:18:14.448,,,1.4611667,,,,1304,980.11,,47.22,,,,UTC-0300,oAqnaMFJ0j,,,799724a9-b21d-4b31-9852-c8f1bf20c17f.com.samsung.health.exercise.live_data.json,,1.2641019,com.sec.android.app.shealth,,,,,2021-09-14 15:14:06.000,799724a9-b21d-4b31-9852-c8f1bf20c17f,,
,,,,,,,1,,,,,4,0,,0,,,,,,,,,,,,719904,,,,,2022-08-31 10:56:00.000,1001,,,,,30001,,,,,2022-08-31 11:09:59.706,2022-08-31 11:09:59.706,,,1.2777778,,,,1256,867.26,,37.57,,,,UTC-0300,oAqnaMFJ0j,,,af5357f4-6dd5-4508-9cf4-d51f97f3a64c.com.samsung.health.exercise.live_data.json,,1.2046884,com.sec.android.app.shealth,,,,,2022-08-31 11:08:00.000,af5357f4-6dd5-4508-9cf4-d51f97f3a64c,,
,,,,,,,1,,,,,4,0,,0,,,,,,,,,,,,1127000,,,,,2022-01-01 03:46:13.000,1001,,,,,30001,,,,,2022-01-01 04:06:23.364,2022-01-01 04:06:23.364,,,1.3333334,,,,1617,1203.07,,62.81,,,,UTC-0300,oAqnaMFJ0j,,,fa5a62a6-a954-4d0b-bfe9-d85bfdd38e70.com.samsung.health.exercise.live_data.json,,1.0674978,com.sec.android.app.shealth,,,,,2022-01-01 04:05:00.000,fa5a62a6-a954-4d0b-bfe9-d85bfdd38e70,,
,,,,,,,1,,,,,4,0,,0,,,,,,,,,,,,904000,,,,,2021-12-08 23:06:00.000,1001,,,,,30001,,,,,2021-12-08 23:22:41.800,2021-12-08 23:22:41.800,,,1.3333334,,,,1434,1071.55,,57.01,,,,UTC-0300,oAqnaMFJ0j,,,a63d90a5-d492-442c-8fdc-7b80c67f05b0.com.samsung.health.exercise.live_data.json,,1.1853429,com.sec.android.app.shealth,,,,,2021-12-08 23:21:04.000,a63d90a5-d492-442c-8fdc-7b80c67f05b0,,
,,,,,,,1,,,,,4,0,,0,,,,,,,,,,,,1871000,,,,,2021-12-31 12:08:01.000,1001,,,,,30001,,,,,2021-12-31 12:40:14.476,2021-12-31 12:40:14.476,,,1.5536667,,,,3074,2356.39,,99.52,,,,UTC-0300,oAqnaMFJ0j,,,9b8ccd73-e40f-4e3d-a041-288a5f76ae56.com.samsung.health.exercise.live_data.json,,1.2594281,com.sec.android.app.shealth,,,,,2021-12-31 12:39:12.000,9b8ccd73-e40f-4e3d-a041-288a5f76ae56,,
,,,,,,,1,,,,,4,0,,0,,,,,,,,,,,,707000,,,,,2022-01-04 15:08:31.000,1001,,,,,30001,,,,,2022-01-04 15:23:08.639,2022-01-04 15:23:08.639,,,1.5,,,,1173,900.51,,38.93,,,,UTC-0300,oAqnaMFJ0j,,,f65d4358-d05f-46b6-aacb-4624e00cf42a.com.samsung.health.exercise.live_data.json,,1.2737058,com.sec.android.app.shealth,,,,,2022-01-04 15:20:18.000,f65d4358-d05f-46b6-aacb-4624e00cf42a,,
,,,,,,,1,,,,,4,0,,0,,,,,,,,,,,,717452,,,,,2022-09-01 10:52:02.000,1001,,,,,30001,,,,,2022-09-01 11:06:57.342,2022-09-01 11:06:57.342,,,1.3611112,,,,1261,875.38,,35.73,,,,UTC-0300,oAqnaMFJ0j,,,679701cf-19a1-4f45-bf42-57e5360becef.com.samsung.health.exercise.live_data.json,,1.2201234,com.sec.android.app.shealth,,,,,2022-09-01 11:04:00.000,679701cf-19a1-4f45-bf42-57e5360becef,,
,,,,,,,1,,,,,4,0,,0,,,,,,,,,,,,1738000,,,,,2022-08-31 00:35:02.000,1001,,,,,30001,,,,,2022-08-31 09:00:03.971,2022-08-31 09:00:03.971,,,1.3055556,,,,3019,2088.76,,90.36,,,,UTC-0300,oAqnaMFJ0j,,,18cdb61d-eaa7-47dc-a88e-118f9abe3e9b.com.samsung.health.exercise.live_data.json,,1.2018182,com.sec.android.app.shealth,,,,,2022-08-31 01:04:00.000,18cdb61d-eaa7-47dc-a88e-118f9abe3e9b,,
,,,,,,,1,,,,,4,0,,0,,,,,,,,,,,,725000,,,,,2022-01-05 21:05:11.000,1001,,,,,30001,,,,,2022-01-05 21:20:48.363,2022-01-05 21:20:48.363,,,1.4232185,,,,1302,991.16,,47.38,,,,UTC-0300,oAqnaMFJ0j,,,0b8d5712-bc40-4a76-9808-68ddfae026cf.com.samsung.health.exercise.live_data.json,,1.367117,com.sec.android.app.shealth,,,,,2022-01-05 21:17:16.000,0b8d5712-bc40-4a76-9808-68ddfae026cf,,
,,,,,,,1,,,,,4,0,,0,,,,,,,,,,,,846385,,,,,2021-12-02 21:34:00.000,1001,,,,,30001,,,,,2021-12-02 21:49:07.561,2021-12-02 21:49:07.561,,,1.4444444,,,,1367,1030.94,,49.51,,,,UTC-0300,oAqnaMFJ0j,,,a2516cd1-642c-4eb7-887a-7775b9656051.com.samsung.health.exercise.live_data.json,,1.2180508,com.sec.android.app.shealth,,,,,2021-12-02 21:48:06.000,a2516cd1-642c-4eb7-887a-7775b9656051,,
,,,,,,,1,,,,,4,0,,0,,,,,,,,,,,,780000,,,,,2022-07-18 12:57:00.000,1001,,,,,30001,,,,,2022-07-18 13:11:56.482,2022-07-18 13:11:56.482,,,1.4166666,,,,1383,1051.39,,51.82,,,,UTC-0300,oAqnaMFJ0j,,,7a25bb38-0709-443b-88f8-467e1914de19.com.samsung.health.exercise.live_data.json,,1.3479359,com.sec.android.app.shealth,,,,,2022-07-18 13:10:00.000,7a25bb38-0709-443b-88f8-467e1914de19,,
,,,,,,,1,,,,,4,0,,0,,,,,,,,,,,,2389000,,,,,2021-12-21 00:35:00.000,1001,,,,,30001,,,,,2021-12-21 01:18:30.316,2021-12-21 01:18:30.316,,,1.3611112,,,,3839,2869.39,,153.01,,,,UTC-0300,oAqnaMFJ0j,,,8f8c0d94-0276-4dea-8ab3-56a8c347311c.com.samsung.health.exercise.live_data.json,,1.2010843,com.sec.android.app.shealth,,,,,2021-12-21 01:14:49.000,8f8c0d94-0276-4dea-8ab3-56a8c347311c,,
,,,,,,,1,,,,,4,0,,0,,,,,,,,,,,,693492,,,,,2022-09-01 16:56:26.000,1001,,,,,30001,,,,,2022-09-01 17:14:02.871,2022-09-01 17:14:02.871,,,1.402,,,,1209,846.41003,,36.0,,,,UTC-0300,oAqnaMFJ0j,,,d97b3174-91f6-4887-9293-a7c4628fad54.com.samsung.health.exercise.live_data.json,,1.2205043,com.sec.android.app.shealth,,,,,2022-09-01 17:08:00.000,d97b3174-91f6-4887-9293-a7c4628fad54,,
,,,,,,,1,,,,,4,0,,0,,,,,,,,,,,,700000,,,,,2022-01-06 10:54:26.000,1001,,,,,30001,,,,,2022-01-06 11:09:02.261,2022-01-06 11:09:02.261,,,1.5056666,,,,1285,986.49,,41.5,,,,UTC-0300,oAqnaMFJ0j,,,cdeccba6-4892-4d44-812b-383886302d48.com.samsung.health.exercise.live_data.json,,1.4092714,com.sec.android.app.shealth,,,,,2022-01-06 11:06:06.000,cdeccba6-4892-4d44-812b-383886302d48,,
,,,,,,,1,,,,,4,0,,0,,,,,,,,,,,,676085,,,,,2021-09-24 15:06:00.000,1001,,,,,30001,,,,,2021-09-24 15:22:11.395,2021-09-24 15:22:11.395,,,1.5269742,,,,1178,905.15,,38.46,,,,UTC-0300,oAqnaMFJ0j,,,487a8ec9-2bc6-4ce2-8f52-25814d210f97.com.samsung.health.exercise.live_data.json,,1.3388109,com.sec.android.app.shealth,,,,,2021-09-24 15:17:16.000,487a8ec9-2bc6-4ce2-8f52-25814d210f97,,
,,,,,,,1,,,,,4,0,,0,,,,,,,,,,,,1551155,,,,,2022-07-10 01:33:08.000,1001,,,,,30001,,,,,2022-07-10 02:00:15.435,2022-07-10 02:00:15.435,,,1.3888888,,,,2669,2021.04,,105.44,,,,UTC-0300,oAqnaMFJ0j,,,fcceb41c-f7f0-4fbd-b23d-1c133b3e162a.com.samsung.health.exercise.live_data.json,,1.302926,com.sec.android.app.shealth,,,,,2022-07-10 01:59:00.000,fcceb41c-f7f0-4fbd-b23d-1c133b3e162a,,
,,,,,,,1,,,,,4,0,,0,,,,,,,,,,,,660000,,,,,2022-06-23 17:03:00.000,1001,,,,,30001,,,,,2022-06-23 17:26:19.084,2022-06-23 17:26:19.084,,,1.5277778,,,,1166,892.08,,39.53,,,,UTC-0300,oAqnaMFJ0j,,,f15254a6-8814-4321-b7b2-7d9768afe08e.com.samsung.health.exercise.live_data.json,,1.3516364,com.sec.android.app.shealth,,,,,2022-06-23 17:14:00.000,f15254a6-8814-4321-b7b2-7d9768afe08e,,
,,,,,,,1,,,,,4,0,,0,,,,,,,,,,,,783716,,,,,2021-12-16 16:56:00.000,1001,,,,,30001,,,,,2021-12-16 17:10:20.677,2021-12-16 17:10:20.677,,,1.6666666,,,,1267,982.82,,39.94,,,,UTC-0300,oAqnaMFJ0j,,,bc9532ea-5fa5-4e51-9551-1ce537b3b538.com.samsung.health.exercise.live_data.json,,1.2540512,com.sec.android.app.shealth,,,,,2021-12-16 17:09:04.000,bc9532ea-5fa5-4e51-9551-1ce537b3b538,,
,,,,,,,1,,,,,4,0,,0,,,,,,,,,,,,782000,,,,,2022-01-05 15:07:00.000,1001,,,,,30001,,,,,2022-01-05 15:21:02.537,2022-01-05 15:21:02.537,,,1.5277778,,,,1268,977.37,,39.01,,,,UTC-0300,oAqnaMFJ0j,,,011498eb-249c-4ff6-bc65-44f2fd64173e.com.samsung.health.exercise.live_data.json,,1.2498337,com.sec.android.app.shealth,,,,,2022-01-05 15:20:02.000,011498eb-249c-4ff6-bc65-44f2fd64173e,,
,,,,,,,1,,,,,4,0,,0,,,,,,,,,,,,660000,,,,,2022-07-19 10:55:00.000,1001,,,,,30001,,,,,2022-07-19 11:14:51.388,2022-07-19 11:14:51.388,,,1.4722222,,,,1167,895.95,,37.75,,,,UTC-0300,oAqnaMFJ0j,,,481db64e-cd82-4d5e-815e-7060277e1e70.com.samsung.health.exercise.live_data.json,,1.3575,com.sec.android.app.shealth,,,,,2022-07-19 11:06:00.000,481db64e-cd82-4d5e-815e-7060277e1e70,,
,,,,,,,1,,,,,4,0,,0,,,,,,,,,,,,995000,,,,,2022-01-05 00:46:00.000,1001,,,,,30001,,,,,2022-01-05 01:03:41.537,2022-01-05 01:03:41.537,,,1.4444444,,,,1707,1282.83,,62.27,,,,UTC-0300,oAqnaMFJ0j,,,f7537ced-884a-4273-90da-114e2ca5ec00.com.samsung.health.exercise.live_data.json,,1.2892764,com.sec.android.app.shealth,,,,,2022-01-05 01:02:35.000,f7537ced-884a-4273-90da-114e2ca5ec00,,
,,,,,,,1,,,,,4,0,,0,,,,,,,,,,,,720000,,,,,2022-06-24 17:02:00.000,1001,,,,,30001,,,,,2022-06-24 17:17:10.870,2022-06-24 17:17:10.870,,,1.4288334,,,,1286,975.77,,50.66,,,,UTC-0300,oAqnaMFJ0j,,,13716a3b-f270-44e2-84ef-3abb719d1761.com.samsung.health.exercise.live_data.json,,1.3552362,com.sec.android.app.shealth,,,,,2022-06-24 17:14:00.000,13716a3b-f270-44e2-84ef-3abb719d1761,,
,,,,,,,1,,,,,4,0,,0,,,,,,,,,,,,761000,,,,,2023-10-06 00:07:19.000,1001,,,,,30001,,,,,2023-10-06 00:22:56.911,2023-10-06 00:22:56.911,,,1.5833334,,,,1219,891.63,,73.18,,,,UTC-0400,oAqnaMFJ0j,,,50b2ce11-000b-49a0-b8a6-c6589e5eeadb.com.samsung.health.exercise.live_data.json,,1.1716557,com.sec.android.app.shealth,,,,,2023-10-06 00:20:00.000,50b2ce11-000b-49a0-b8a6-c6589e5eeadb,,
,,,,,,,1,,,,,4,0,,0,,,,,,,,,,,,1080000,,,,,2023-09-28 23:41:00.000,1001,,,,,30001,,,,,2023-09-29 00:10:45.897,2023-09-29 00:10:45.897,,,1.5833334,,,,1952,1445.78,,117.0,,,,UTC-0400,oAqnaMFJ0j,,,29728fc5-082b-4a78-8529-5d9bd9794e85.com.samsung.health.exercise.live_data.json,,1.3386852,com.sec.android.app.shealth,,,,,2023-09-28 23:59:00.000,29728fc5-082b-4a78-8529-5d9bd9794e85,,
,,,,,,,1,,,,,4,0,,0,,,,,,,,,,,,1079960,,,,,2023-11-10 00:14:00.000,1001,,,,,30001,,,,,2023-11-10 00:44:28.764,2023-11-10 00:44:28.764,,,1.3870001,,,,1917,1397.88,,114.78,,,,UTC-0400,oAqnaMFJ0j,,,821098ae-bb81-4021-97f6-4adead21fded.com.samsung.health.exercise.live_data.json,,1.2943814,com.sec.android.app.shealth,,,,,2023-11-10 00:32:00.000,821098ae-bb81-4021-97f6-4adead21fded,,
,,,,,,,1,,,,,3,,,,,,,,,,,,,,,5100000,,63070030,,,2026-01-23 23:16:00.000,15002,,,,,,,,63070030,,2026-01-24 01:15:43.456,2026-01-24 01:15:43.456,,,,,,,,0.0,,989.0,,,,UTC-0400,WE6JXtsOno,,,,,0.0,com.sec.android.app.shealth,,,,,2026-01-24 00:41:00.000,2180c83e-a4ac-4137-ac42-94dd16568d80,,
,,,,,,,1,,,,,3,,,,,,,,,,,,,,,5100000,,63070030,,,2026-01-22 23:53:00.000,15002,,,,,,,,63070030,,2026-01-24 01:18:40.032,2026-01-24 01:18:40.032,,,,,,,,0.0,,989.0,,,,UTC-0400,WE6JXtsOno,,,,,0.0,com.sec.android.app.shealth,,,,,2026-01-23 01:18:00.000,bde25998-d158-4a3d-a83a-10b86ccf2b2c,,
,,,,,,,1,,,,,3,,,,,,,,,,,,,,,5100000,,63070030,,,2026-01-21 23:53:00.000,15002,,,,,,,,63070030,,2026-01-24 01:18:49.746,2026-01-24 01:18:49.746,,,,,,,,0.0,,989.0,,,,UTC-0400,WE6JXtsOno,,,,,0.0,com.sec.android.app.shealth,,,,,2026-01-22 01:18:00.000,3aa9a18c-8e3c-4966-ac8f-50266ea63394,,
,,,,,,,1,,,,,3,,,,,,,,,,,,,,,2700000,,63070030,,,2026-01-24 21:19:00.000,15002,,,,,,,,63070030,,2026-01-25 01:05:27.612,2026-01-25 01:05:27.612,,,,,,,,0.0,,523.0,,,,UTC-0400,WE6JXtsOno,,,,,0.0,com.sec.android.app.shealth,,,,,2026-01-24 22:04:00.000,fa6f4b3a-e805-4b98-aeed-3143234e838e,,
,,,,,,,1,,,,,3,,,,,,,,,,,,,,,1800000,,63070030,,,2026-01-25 00:35:00.000,1001,,,,,,,,63070030,,2026-01-25 01:07:23.462,2026-01-25 01:07:23.462,,,,,,,,1200.0,,107.0,,,,UTC-0400,WE6JXtsOno,,,,,0.6666667,com.sec.android.app.shealth,,,,,2026-01-25 01:05:00.000,9163175a-9fdb-4d39-9d36-d04ab2ab0aeb,,
,,,,,,,1,,,,,3,,,,,,,,,,,,,,,4860000,,63070030,,,2026-01-25 15:05:00.000,15002,,,,,,,,63070030,,2026-01-25 17:50:40.556,2026-01-25 17:50:40.556,,,,,,,,0.0,,942.0,,,,UTC-0400,WE6JXtsOno,,,,,0.0,com.sec.android.app.shealth,,,,,2026-01-25 16:26:00.000,aea592bf-10b5-4e47-8f86-358a738c4535,,
,,,,,,,1,,,,,3,,,,,,,,,,,,,,,5400000,,63070030,,,2026-01-26 22:25:00.000,15002,,,,,,,,63070030,,2026-01-26 23:56:13.296,2026-01-26 23:56:13.296,,,,,,,,0.0,,1047.0,,,,UTC-0400,WE6JXtsOno,,,,,0.0,com.sec.android.app.shealth,,,,,2026-01-26 23:55:00.000,b47cb7ea-7941-4e95-b9be-480eb3ecf45b,,
,,,,,,,1,,,,,3,,,,,,,,,,,,,,,3600000,,63070030,,,2026-01-29 22:20:00.000,15002,,,,,,,,63070030,,2026-01-30 01:50:41.461,2026-01-30 01:50:41.461,,,,,,,,0.0,,698.0,,,,UTC-0400,WE6JXtsOno,,,,,0.0,com.sec.android.app.shealth,,,,,2026-01-29 23:20:00.000,8d0b6e57-f95e-4641-8a06-8908329995ff,,
,,,,,,,1,,,,,3,,,,,,,,,,,,,,,3600000,,63070030,,,2026-01-28 22:17:00.000,15002,,,,,,,,63070030,,2026-01-30 01:52:18.051,2026-01-30 01:52:18.051,,,,,,,,0.0,,698.0,,,,UTC-0400,WE6JXtsOno,,,,,0.0,com.sec.android.app.shealth,,,,,2026-01-28 23:17:00.000,deaca427-e43d-48c6-bac3-f42e5acf38d9,,
,,,,,,,1,,,,,3,,,,,,,,,,,,,,,1800000,,63070030,,,2026-01-28 23:22:00.000,15005,,,,,,,,63070030,,2026-01-30 01:52:53.983,2026-01-30 01:52:53.983,,,,,,,,0.0,,327.0,,,,UTC-0400,WE6JXtsOno,,,,,0.0,com.sec.android.app.shealth,,,,,2026-01-28 23:52:00.000,4c3d6031-7ab3-40c8-bff2-f32691c104a4,,
,,,,,,,1,,,,,3,,,,,,,,,,,,,,,3600000,,63070030,,,2026-01-30 21:31:00.000,15002,,,,,,,,63070030,,2026-01-30 22:31:52.125,2026-01-30 22:31:52.125,,,,,,,,0.0,,698.0,,,,UTC-0400,WE6JXtsOno,,,,,0.0,com.sec.android.app.shealth,,,,,2026-01-30 22:31:00.000,c7814508-d047-4ebf-98f9-9920982e5d08,,
,,,,,,,1,,,,,3,,,,,,,,,,,,,,,3600000,,63070030,,,2026-01-31 19:20:00.000,15002,,,,,,,,63070030,,2026-01-31 20:26:03.077,2026-01-31 20:26:03.077,,,,,,,,0.0,,698.0,,,,UTC-0400,WE6JXtsOno,,,,,0.0,com.sec.android.app.shealth,,,,,2026-01-31 20:20:00.000,2b8b5627-eaa9-4acf-8d1d-04f6df2b86c1,,
,,,,,,,1,,,,,3,,,,,,,,,,,,,,,3600000,,63070030,,,2026-02-02 22:21:00.000,15002,,,,,,,,63070030,,2026-02-03 14:21:48.262,2026-02-03 14:21:48.262,,,,,,,,0.0,,698.0,,,,UTC-0400,WE6JXtsOno,,,,,0.0,com.sec.android.app.shealth,,,,,2026-02-02 23:21:00.000,c2b26bd7-4db2-411b-bdbf-9d38f6a8b040,,
,,,,,,,1,,,,,3,,,,,,,,,,,,,,,4500000,,63070030,,,2026-02-04 00:12:00.000,15002,,,,,,,,63070030,,2026-02-04 01:27:56.033,2026-02-04 01:27:56.033,,,,,,,,0.0,,872.0,,,,UTC-0400,WE6JXtsOno,,,,,0.0,com.sec.android.app.shealth,,,,,2026-02-04 01:27:00.000,12542d8e-391d-4c65-ae90-e12e3c5195a0,,
,,,,,,,1,,,,,3,,,,,,,,,,,,,,,3600000,,63070030,,,2026-02-05 21:06:00.000,15002,,,,,,,,63070030,,2026-02-06 01:06:54.469,2026-02-06 01:06:54.469,,,,,,,,0.0,,698.0,,,,UTC-0400,WE6JXtsOno,,,,,0.0,com.sec.android.app.shealth,,,,,2026-02-05 22:06:00.000,49a823e2-48c6-4ad5-b942-9fcaecd50668,,
,,,,,,,1,,,,,3,,,,,,,,,,,,,,,2040000,,63070030,,,2026-02-05 23:33:00.000,15005,,,,,,,,63070030,,2026-02-06 01:07:03.481,2026-02-06 01:07:03.481,,,,,,,,3000.0,,207.0,,,,UTC-0400,WE6JXtsOno,,,,,1.4705882,com.sec.android.app.shealth,,,,,2026-02-06 00:07:00.000,df2e86be-da19-4aa8-a4f2-29ea03c141ae,,
,,,,,,,1,,,,,3,,,,,,,,,,,,,,,3600000,,63070030,,,2026-02-06 22:00:00.000,15002,,,,,,,,63070030,,2026-02-07 17:00:32.039,2026-02-07 17:00:32.039,,,,,,,,0.0,,698.0,,,,UTC-0400,WE6JXtsOno,,,,,0.0,com.sec.android.app.shealth,,,,,2026-02-06 23:00:00.000,876b5407-0003-47ad-bce8-b5f5efbdfbc6,,
,,,,,,,1,,,,,3,,,,,,,,,,,,,,,1800000,,63070030,,,2026-02-06 23:31:00.000,0,,,,,,,,63070030,,2026-02-07 17:01:24.090,2026-02-07 17:01:24.090,,,,,,,,0.0,,381.0,,,,UTC-0400,WE6JXtsOno,,Escada,,,0.0,com.sec.android.app.shealth,,,,,2026-02-07 00:01:00.000,9c3f27ea-ecc3-4d29-be1e-4f96d56e1eb2,,
,,,,,,,1,,,,,3,,,,,,,,,,,,,,,3000000,,63070030,,,2026-02-07 20:49:00.000,15002,,,,,,,,63070030,,2026-02-08 00:39:20.695,2026-02-08 00:39:20.695,,,,,,,,0.0,,581.0,,,,UTC-0400,WE6JXtsOno,,,,,0.0,com.sec.android.app.shealth,,,,,2026-02-07 21:39:00.000,f441bbfb-3889-4ddd-b702-50338367f1bd,,
,,,,,,,1,,,,,3,,,,,,,,,,,,,,,3600000,,63070030,,,2026-02-08 15:18:00.000,15002,,,,,,,,63070030,,2026-02-08 18:08:47.765,2026-02-08 18:08:47.765,,,,,,,,0.0,,698.0,,,,UTC-0400,WE6JXtsOno,,,,,0.0,com.sec.android.app.shealth,,,,,2026-02-08 16:18:00.000,8d2d5ace-d03f-42aa-9bc6-e5912f7458f0,,
,,,,,,,1,,,,,3,,,,,,,,,,,,,,,900000,,63070030,,,2026-02-08 16:39:00.000,15007,,,,,,,,63070030,,2026-02-08 18:09:47.934,2026-02-08 18:09:47.934,,,,,,,,0.0,,245.0,,,,UTC-0400,WE6JXtsOno,,,,,0.0,com.sec.android.app.shealth,,,,,2026-02-08 16:54:00.000,31aae271-60e7-45f7-b16d-84a5984b7e26,,
,,,,,,,1,,,,,3,,,,,,,,,,,,,,,840000,,63070030,,,2026-02-09 22:54:00.000,15007,,,,,,,,63070030,,2026-02-10 01:24:39.200,2026-02-10 01:24:39.200,,,,,,,,0.0,,229.0,,,,UTC-0400,WE6JXtsOno,,,,,0.0,com.sec.android.app.shealth,,,,,2026-02-09 23:08:00.000,ff05ef85-29c7-494f-8860-785f326a18fd,,
,,,,,,,1,,,,,3,,,,,,,,,,,,,,,3600000,,63070030,,,2026-02-09 21:24:00.000,15002,,,,,,,,63070030,,2026-02-10 01:25:04.071,2026-02-10 01:25:04.071,,,,,,,,0.0,,698.0,,,,UTC-0400,WE6JXtsOno,,,,,0.0,com.sec.android.app.shealth,,,,,2026-02-09 22:24:00.000,5491177a-87a2-4dab-af19-b9828b66c7dd,,
,,,,,,,1,,,,,3,,,,,,,,,,,,,,,3600000,,63070030,,,2026-02-11 22:04:00.000,15002,,,,,,,,63070030,,2026-02-12 01:04:32.845,2026-02-12 01:04:32.845,,,,,,,,0.0,,698.0,,,,UTC-0400,WE6JXtsOno,,,,,0.0,com.sec.android.app.shealth,,,,,2026-02-11 23:04:00.000,2944500e-2805-42b0-a168-b7c70852f57e,,
,,,,,,,1,,,,,3,,,,,,,,,,,,,,,900000,,63070030,,,2026-02-12 00:34:00.000,15006,,,,,,,,63070030,,2026-02-12 01:05:00.158,2026-02-12 01:05:00.158,,,,,,,,0.0,,136.0,,,,UTC-0400,WE6JXtsOno,,,,,0.0,com.sec.android.app.shealth,,,,,2026-02-12 00:49:00.000,6236c65a-ac49-4cef-a4d8-02d439d24371,,
,,,,,,,1,,,,,3,,,,,,,,,,,,,,,4200000,,63070030,,,2026-02-13 22:21:00.000,15002,,,,,,,,63070030,,2026-02-13 23:31:43.939,2026-02-13 23:31:43.939,,,,,,,,0.0,,814.0,,,,UTC-0400,WE6JXtsOno,,,,,0.0,com.sec.android.app.shealth,,,,,2026-02-13 23:31:00.000,59f7b00c-997f-44a9-acf4-d383f06dcb49,,
,,,,,,,1,,,,,3,,,,,,,,,,,,,,,300000,,63070030,,,2026-02-13 21:01:00.000,15005,,,,,,,,63070030,,2026-02-13 23:32:50.433,2026-02-13 23:32:50.433,,,,,,,,0.0,,54.0,,,,UTC-0400,WE6JXtsOno,,,,,0.0,com.sec.android.app.shealth,,,,,2026-02-13 21:06:00.000,c71ec18b-b923-41e2-98b2-0149d83a5b52,,
,,,,,,,1,,,,,3,,,,,,,,,,,,,,,4200000,,63070030,,,2026-02-14 22:34:00.000,15002,,,,,,,,63070030,,2026-02-14 23:44:11.060,2026-02-14 23:44:11.060,,,,,,,,0.0,,814.0,,,,UTC-0400,WE6JXtsOno,,,,,0.0,com.sec.android.app.shealth,,,,,2026-02-14 23:44:00.000,90544538-b3fe-41ab-be39-fd5dcdd2efeb,,
,,,,,,,1,,,,,3,,,,,,,,,,,,,,,4200000,,63070030,,,2026-02-18 22:43:00.000,15002,,,,,,,,63070030,,2026-02-19 00:53:21.074,2026-02-19 00:53:21.074,,,,,,,,0.0,,814.0,,,,UTC-0400,WE6JXtsOno,,,,,0.0,com.sec.android.app.shealth,,,,,2026-02-18 23:53:00.000,2960a984-e5b9-443e-aab3-948fbe31c53b,,
,,,,,,,1,,,,,3,,,,,,,,,,,,,,,600000,,63070030,,,2026-02-19 00:23:00.000,15007,,,,,,,,63070030,,2026-02-19 00:53:34.172,2026-02-19 00:53:34.172,,,,,,,,0.0,,163.0,,,,UTC-0400,WE6JXtsOno,,,,,0.0,com.sec.android.app.shealth,,,,,2026-02-19 00:33:00.000,cbd4ea04-4edb-424d-9457-29f73e5ea0d9,,
,,,,,,,1,,,,,3,,,,,,,,,,,,,,,4200000,,63070030,,,2026-02-20 22:51:00.000,15002,,,,,,,,63070030,,2026-02-21 02:01:53.594,2026-02-21 02:01:53.594,,,,,,,,0.0,,814.0,,,,UTC-0400,WE6JXtsOno,,,,,0.0,com.sec.android.app.shealth,,,,,2026-02-21 00:01:00.000,4dfd5798-85b2-48a7-998e-0c76501cf925,,
,,,,,,,1,,,,,3,,,,,,,,,,,,,,,600000,,63070030,,,2026-02-21 00:32:00.000,15007,,,,,,,,63070030,,2026-02-21 02:02:07.566,2026-02-21 02:02:07.566,,,,,,,,0.0,,163.0,,,,UTC-0400,WE6JXtsOno,,,,,0.0,com.sec.android.app.shealth,,,,,2026-02-21 00:42:00.000,3cc6a410-359c-49dc-9681-b25e61c85400,,
,,,,,,,1,,,,,3,,,,,,,,,,,,,,,4200000,,63070030,,,2026-02-21 19:22:00.000,15002,,,,,,,,63070030,,2026-02-22 01:32:11.687,2026-02-22 01:32:11.687,,,,,,,,0.0,,822.0,,,,UTC-0400,WE6JXtsOno,,,,,0.0,com.sec.android.app.shealth,,,,,2026-02-21 20:32:00.000,ee8e6d0c-8eb3-4747-a05c-6d0dae4ecd17,,
,,,,,,,1,,,,,3,,,,,,,,,,,,,,,4200000,,63070030,,,2026-02-22 16:07:00.000,15002,,,,,,,,63070030,,2026-02-22 17:18:20.042,2026-02-22 17:18:20.042,,,,,,,,0.0,,822.0,,,,UTC-0400,WE6JXtsOno,,,,,0.0,com.sec.android.app.shealth,,,,,2026-02-22 17:17:00.000,ada237b7-fc45-4415-9a09-888d606a9ee2,,
,,,,,,,1,,,,,3,,,,,,,,,,,,,,,4200000,,63070030,,,2026-02-23 22:58:00.000,15002,,,,,,,,63070030,,2026-02-24 14:08:51.632,2026-02-24 14:08:51.632,,,,,,,,0.0,,813.0,,,,UTC-0400,WE6JXtsOno,,,,,0.0,com.sec.android.app.shealth,,,,,2026-02-24 00:08:00.000,a97bd8eb-b898-4b4c-bb8c-75c920f4582f,,
,,,,,,,1,,,,,3,,,,,,,,,,,,,,,600000,,63070030,,,2026-02-24 00:38:00.000,15007,,,,,,,,63070030,,2026-02-24 14:09:03.131,2026-02-24 14:09:03.131,,,,,,,,0.0,,163.0,,,,UTC-0400,WE6JXtsOno,,,,,0.0,com.sec.android.app.shealth,,,,,2026-02-24 00:48:00.000,afafbcdb-d402-466c-860a-d97d0e05e4af,,
