﻿com.samsung.health.height,6307003,5
create_sh_ver,start_time,custom,height,modify_sh_ver,update_time,create_time,time_offset,deviceuuid,pkg_name,datauuid
63070030,2026-01-21 14:46:46.790,,173.0,63070030,2026-01-21 14:46:46.790,2026-01-21 14:46:46.846,UTC-0400,WE6JXtsOno,com.sec.android.app.shealth,8bf385ae-1484-4dd1-9377-f903dc65eb8a,
,2022-09-26 02:58:19.563,,171.0,,2022-09-26 02:58:19.563,2022-09-26 02:58:19.568,UTC-0300,oAqnaMFJ0j,com.sec.android.app.shealth,41e845df-2a8f-4fc8-bd68-b9908edf05cd,
,2022-08-27 20:50:42.580,,158.0,,2022-08-27 20:50:42.580,2022-08-27 20:50:42.584,UTC-0300,oAqnaMFJ0j,com.sec.android.app.shealth,11018572-3eac-4230-978e-2fc60952bcad,
,2023-11-13 16:59:04.667,,172.0,,2023-11-13 16:59:04.667,2023-11-13 16:59:04.710,UTC-0400,oAqnaMFJ0j,com.sec.android.app.shealth,8a0fc24d-5c16-4e24-b477-90beccc8ba6b,
62720090,2024-08-31 00:42:12.333,,173.0,62720090,2024-08-31 00:42:12.333,2024-08-31 00:42:12.336,UTC-0400,VOO84QlFK5,com.sec.android.app.shealth,0fb247a4-ba82-4758-adfe-00bb01a446e7,
