﻿com.samsung.shealth.report,6307003,3
timezone,start_date,update_time,create_time,type,is_empty,version,deviceuuid,content,pkg_name,datauuid,compressed_content
America/Manaus,1681617600000,2023-04-26 19:56:32.701,2023-04-26 19:56:32.701,0,0,3,oAqnaMFJ0j,X,com.sec.android.app.shealth,c7fe201d-0922-47f5-8646-879a9d3b9d58,c7fe201d-0922-47f5-8646-879a9d3b9d58.compressed_content.json,
America/Bahia,1666494000000,2022-11-01 18:57:11.457,2022-11-01 18:57:11.457,0,0,2,oAqnaMFJ0j,X,com.sec.android.app.shealth,ccc56416-a26f-4c74-8034-fbce1e4416d9,ccc56416-a26f-4c74-8034-fbce1e4416d9.compressed_content.json,
America/Manaus,1676174400000,2023-02-19 20:01:10.454,2023-02-19 20:01:10.454,0,0,3,oAqnaMFJ0j,X,com.sec.android.app.shealth,203f81f6-68e3-4ab9-93db-f0d29b162bfa,203f81f6-68e3-4ab9-93db-f0d29b162bfa.compressed_content.json,
America/Manaus,1671336000000,2022-12-25 20:26:23.345,2022-12-25 20:26:23.345,0,0,2,oAqnaMFJ0j,X,com.sec.android.app.shealth,485202d6-4d83-427d-aa76-64e5bf1ca363,485202d6-4d83-427d-aa76-64e5bf1ca363.compressed_content.json,
America/Sao_Paulo,1647140400000,2022-03-22 20:12:09.659,2022-03-22 20:12:07.871,0,0,2,oAqnaMFJ0j,X,com.sec.android.app.shealth,bee38c52-2edc-45ec-93e7-0601ab2e63af,bee38c52-2edc-45ec-93e7-0601ab2e63af.compressed_content.json,
America/Manaus,1675569600000,2023-02-12 19:56:09.044,2023-02-12 19:56:09.044,0,0,3,oAqnaMFJ0j,X,com.sec.android.app.shealth,df798ae5-ef55-444f-93ce-3a2f19b1b7e4,df798ae5-ef55-444f-93ce-3a2f19b1b7e4.compressed_content.json,
America/Bahia,1668308400000,2022-11-21 19:01:28.737,2022-11-21 19:01:28.737,0,0,2,oAqnaMFJ0j,X,com.sec.android.app.shealth,6faaf127-2ae6-442d-a7e6-9f005a69dbb5,6faaf127-2ae6-442d-a7e6-9f005a69dbb5.compressed_content.json,
America/Bahia,1647745200000,2022-03-27 19:15:29.317,2022-03-27 19:15:27.968,0,0,2,oAqnaMFJ0j,X,com.sec.android.app.shealth,2463a8b2-393a-4ca7-a5d5-a2bed42e75e0,2463a8b2-393a-4ca7-a5d5-a2bed42e75e0.compressed_content.json,
America/Manaus,1672545600000,2023-01-08 20:25:46.650,2023-01-08 20:25:46.650,0,0,2,oAqnaMFJ0j,X,com.sec.android.app.shealth,90dbf996-6d2d-4e5f-8d63-b50698ef7249,90dbf996-6d2d-4e5f-8d63-b50698ef7249.compressed_content.json,
America/Sao_Paulo,1636254000000,2021-11-15 18:58:32.008,2021-11-14 19:31:04.342,0,0,2,oAqnaMFJ0j,X,com.sec.android.app.shealth,4de93d4f-3fa3-4a5b-a4c2-bd863fba7497,4de93d4f-3fa3-4a5b-a4c2-bd863fba7497.compressed_content.json,
America/Bahia,1650164400000,2022-04-24 19:26:10.703,2022-04-24 19:26:07.438,0,0,2,oAqnaMFJ0j,X,com.sec.android.app.shealth,2ed190b5-e042-42bf-8971-aad8e8b7d871,2ed190b5-e042-42bf-8971-aad8e8b7d871.compressed_content.json,
America/Manaus,1685246400000,2023-06-04 19:56:11.833,2023-06-04 19:56:11.833,0,0,3,oAqnaMFJ0j,X,com.sec.android.app.shealth,dc4a0aec-d108-42aa-85d1-9f60ed7c3881,dc4a0aec-d108-42aa-85d1-9f60ed7c3881.compressed_content.json,
America/Bahia,1656212400000,2022-07-03 20:11:09.712,2022-07-03 20:11:08.007,0,0,2,oAqnaMFJ0j,X,com.sec.android.app.shealth,1a25f542-e865-4b48-8004-fc99cc4bb45c,1a25f542-e865-4b48-8004-fc99cc4bb45c.compressed_content.json,
America/Sao_Paulo,1636858800000,2021-11-21 19:46:18.806,2021-11-21 19:46:17.396,0,0,2,oAqnaMFJ0j,X,com.sec.android.app.shealth,97710407-f86b-429c-aebc-bad372321fb3,97710407-f86b-429c-aebc-bad372321fb3.compressed_content.json,
America/Manaus,1674964800000,2023-02-05 19:56:18.361,2023-02-05 19:56:18.361,0,0,2,oAqnaMFJ0j,X,com.sec.android.app.shealth,4c038e64-4df2-4856-92ac-0207b64271f6,4c038e64-4df2-4856-92ac-0207b64271f6.compressed_content.json,
America/Sao_Paulo,1637463600000,2021-11-29 19:26:16.019,2021-11-29 19:26:14.772,0,0,2,oAqnaMFJ0j,X,com.sec.android.app.shealth,e5176501-68c7-4c00-bd32-a2cf36443db4,e5176501-68c7-4c00-bd32-a2cf36443db4.compressed_content.json,
America/Bahia,1667703600000,2022-11-14 19:04:32.720,2022-11-14 19:04:32.720,0,0,2,oAqnaMFJ0j,X,com.sec.android.app.shealth,b2a764cf-b42d-490c-b39f-57221a253917,b2a764cf-b42d-490c-b39f-57221a253917.compressed_content.json,
America/Bahia,1655607600000,2022-06-26 20:07:29.895,2022-06-26 20:07:28.427,0,0,2,oAqnaMFJ0j,X,com.sec.android.app.shealth,fd438cd0-f7de-4bc6-9924-7850d72b2085,fd438cd0-f7de-4bc6-9924-7850d72b2085.compressed_content.json,
America/Sao_Paulo,1643511600000,2022-02-06 19:37:29.423,2022-02-06 19:37:22.286,0,0,2,oAqnaMFJ0j,X,com.sec.android.app.shealth,e61c9445-718f-4b0f-8a25-8270b697064c,e61c9445-718f-4b0f-8a25-8270b697064c.compressed_content.json,
America/Manaus,1684036800000,2023-05-21 19:56:03.356,2023-05-21 19:56:03.356,0,0,3,oAqnaMFJ0j,X,com.sec.android.app.shealth,c5cc0db3-2dbf-4f69-a531-6e565ea494dd,c5cc0db3-2dbf-4f69-a531-6e565ea494dd.compressed_content.json,
America/Sao_Paulo,1630206000000,2021-09-07 19:14:00.649,2021-09-07 19:13:58.945,0,1,2,oAqnaMFJ0j,X,com.sec.android.app.shealth,58958269-ed81-4083-8319-59f9f16b3d2b,58958269-ed81-4083-8319-59f9f16b3d2b.compressed_content.json,
America/Bahia,1656817200000,2022-07-10 19:30:34.163,2022-07-10 19:30:31.215,0,0,2,oAqnaMFJ0j,X,com.sec.android.app.shealth,b56cd1e3-0175-4530-8f69-9180a526b52d,b56cd1e3-0175-4530-8f69-9180a526b52d.compressed_content.json,
America/Manaus,1673755200000,2023-01-22 19:56:00.254,2023-01-22 19:56:00.254,0,0,2,oAqnaMFJ0j,X,com.sec.android.app.shealth,ae5e521d-e6ba-48b2-9b02-057c48da7479,ae5e521d-e6ba-48b2-9b02-057c48da7479.compressed_content.json,
America/Sao_Paulo,1638673200000,2021-12-12 19:11:59.230,2021-12-12 19:11:57.347,0,0,2,oAqnaMFJ0j,X,com.sec.android.app.shealth,279fc287-80bf-4ae1-b1b2-0d0a4a57256a,279fc287-80bf-4ae1-b1b2-0d0a4a57256a.compressed_content.json,
America/Bahia,1648954800000,2022-04-10 19:51:43.794,2022-04-10 19:51:42.309,0,0,2,oAqnaMFJ0j,X,com.sec.android.app.shealth,5ebb91c6-d064-4784-8482-bac05220daa3,5ebb91c6-d064-4784-8482-bac05220daa3.compressed_content.json,
America/Sao_Paulo,1644116400000,2022-02-13 18:56:44.290,2022-02-13 18:56:42.029,0,0,2,oAqnaMFJ0j,X,com.sec.android.app.shealth,c0592179-ad1b-4784-be4d-1cda0070bb69,c0592179-ad1b-4784-be4d-1cda0070bb69.compressed_content.json,
America/Sao_Paulo,1642906800000,2022-01-30 19:04:46.182,2022-01-30 19:04:44.611,0,0,2,oAqnaMFJ0j,X,com.sec.android.app.shealth,c3ae8b2a-3b2d-4a60-9c43-18568d39d2b8,c3ae8b2a-3b2d-4a60-9c43-18568d39d2b8.compressed_content.json,
America/Bahia,1665284400000,2022-10-17 18:57:02.032,2022-10-17 18:57:02.032,0,0,2,oAqnaMFJ0j,X,com.sec.android.app.shealth,a8ed8999-03d7-466c-95e1-97f1d3dffa0c,a8ed8999-03d7-466c-95e1-97f1d3dffa0c.compressed_content.json,
America/Bahia,1648350000000,2022-04-03 20:27:55.864,2022-04-03 20:27:54.352,0,0,2,oAqnaMFJ0j,X,com.sec.android.app.shealth,3201486c-972c-4f80-be2b-e42226ddc50e,3201486c-972c-4f80-be2b-e42226ddc50e.compressed_content.json,
America/Manaus,1678593600000,2023-03-19 19:58:22.068,2023-03-19 19:58:22.068,0,0,3,oAqnaMFJ0j,X,com.sec.android.app.shealth,8fa76353-1ecf-4ca1-b08b-3a5ae5418a57,8fa76353-1ecf-4ca1-b08b-3a5ae5418a57.compressed_content.json,
America/Bahia,1655002800000,2022-06-25 18:59:26.213,2022-06-25 18:59:24.808,0,0,2,oAqnaMFJ0j,X,com.sec.android.app.shealth,24bfd5fd-e701-436e-9a60-936120ef7d49,24bfd5fd-e701-436e-9a60-936120ef7d49.compressed_content.json,
America/Sao_Paulo,1638068400000,2021-12-09 19:04:11.353,2021-12-09 19:04:09.958,0,0,2,oAqnaMFJ0j,X,com.sec.android.app.shealth,30b440b6-6c76-45e3-ad94-c1a60a3a8b99,30b440b6-6c76-45e3-ad94-c1a60a3a8b99.compressed_content.json,
America/Sao_Paulo,1641092400000,2022-01-09 19:08:38.136,2022-01-09 19:08:36.728,0,0,2,oAqnaMFJ0j,X,com.sec.android.app.shealth,a21f9f7a-deb5-4fe2-9f24-236f92fa98d5,a21f9f7a-deb5-4fe2-9f24-236f92fa98d5.compressed_content.json,
America/Sao_Paulo,1633834800000,2021-10-17 19:19:28.412,2021-10-17 19:19:27.107,0,0,2,oAqnaMFJ0j,X,com.sec.android.app.shealth,0b1ded10-6f58-430d-b74b-0a29a7e27f9c,0b1ded10-6f58-430d-b74b-0a29a7e27f9c.compressed_content.json,
America/Bahia,1664679600000,2022-10-12 18:56:17.185,2022-10-12 18:56:17.185,0,0,2,oAqnaMFJ0j,X,com.sec.android.app.shealth,b8fbf4f3-290f-4e28-986b-541c9dae1d17,b8fbf4f3-290f-4e28-986b-541c9dae1d17.compressed_content.json,
America/Manaus,1673150400000,2023-01-15 19:56:02.103,2023-01-15 19:56:02.103,0,0,2,oAqnaMFJ0j,X,com.sec.android.app.shealth,6c68ffba-cc58-4045-95b6-316c05081b8d,6c68ffba-cc58-4045-95b6-316c05081b8d.compressed_content.json,
America/Bahia,1657422000000,2022-07-20 19:35:58.549,2022-07-20 19:35:57.162,0,0,2,oAqnaMFJ0j,X,com.sec.android.app.shealth,880e0831-876c-4c36-ac15-a8a56a44bf03,880e0831-876c-4c36-ac15-a8a56a44bf03.compressed_content.json,
America/Bahia,1661655600000,2022-09-05 18:56:05.750,2022-09-05 18:56:05.750,0,0,2,oAqnaMFJ0j,X,com.sec.android.app.shealth,37cf8dd3-4bd3-4aee-a9e9-7412656925bc,37cf8dd3-4bd3-4aee-a9e9-7412656925bc.compressed_content.json,
America/Manaus,1682827200000,2023-05-07 19:56:17.920,2023-05-07 19:56:17.920,0,0,3,oAqnaMFJ0j,X,com.sec.android.app.shealth,69795154-618e-437c-a6c4-75fd5c9c87e5,69795154-618e-437c-a6c4-75fd5c9c87e5.compressed_content.json,
America/Sao_Paulo,1630810800000,2021-09-13 19:23:40.014,2021-09-12 19:42:10.939,0,0,2,oAqnaMFJ0j,X,com.sec.android.app.shealth,4ce44bde-fbd0-42a7-a598-cc24d58d8b1e,4ce44bde-fbd0-42a7-a598-cc24d58d8b1e.compressed_content.json,
America/Bahia,1651978800000,2022-05-15 19:23:41.063,2022-05-15 19:23:38.861,0,0,2,oAqnaMFJ0j,X,com.sec.android.app.shealth,5835758b-219a-4e56-b7e7-d61cbb129f96,5835758b-219a-4e56-b7e7-d61cbb129f96.compressed_content.json,
America/Manaus,1677988800000,2023-03-13 19:56:09.134,2023-03-13 19:56:09.134,0,0,3,oAqnaMFJ0j,X,com.sec.android.app.shealth,ee14ed7f-7dc3-4ed4-82db-f369a4a17f3c,ee14ed7f-7dc3-4ed4-82db-f369a4a17f3c.compressed_content.json,
America/Sao_Paulo,1631415600000,2021-09-20 19:19:41.461,2021-09-20 19:19:40.238,0,0,2,oAqnaMFJ0j,X,com.sec.android.app.shealth,5c5b0909-f5cc-4ee6-a2dd-877748500f97,5c5b0909-f5cc-4ee6-a2dd-877748500f97.compressed_content.json,
America/Manaus,1671940800000,2023-01-07 20:23:56.028,2023-01-07 20:23:56.028,0,0,2,oAqnaMFJ0j,X,com.sec.android.app.shealth,8cd9de67-8353-4b41-8eb7-268bbd0bc20d,8cd9de67-8353-4b41-8eb7-268bbd0bc20d.compressed_content.json,
America/Manaus,1679803200000,2023-04-02 19:56:08.150,2023-04-02 19:56:08.150,0,0,3,oAqnaMFJ0j,X,com.sec.android.app.shealth,fef38545-b549-4b14-b825-cf9e511403df,fef38545-b549-4b14-b825-cf9e511403df.compressed_content.json,
America/Sao_Paulo,1632020400000,2021-09-26 18:57:40.386,2021-09-26 18:57:39.148,0,0,2,oAqnaMFJ0j,X,com.sec.android.app.shealth,5deaddaf-2dec-4d9f-8564-6d1777592b83,5deaddaf-2dec-4d9f-8564-6d1777592b83.compressed_content.json,
America/Manaus,1682222400000,2023-04-30 20:02:43.328,2023-04-30 20:02:43.328,0,0,3,oAqnaMFJ0j,X,com.sec.android.app.shealth,f8feaeb0-28f7-47d6-8ddb-154a19cba0e4,f8feaeb0-28f7-47d6-8ddb-154a19cba0e4.compressed_content.json,
America/Sao_Paulo,1644721200000,2022-02-20 18:56:15.014,2022-02-20 18:56:13.622,0,0,2,oAqnaMFJ0j,X,com.sec.android.app.shealth,bafe6cb9-5d25-4557-9bb8-1239e2dbac9f,bafe6cb9-5d25-4557-9bb8-1239e2dbac9f.compressed_content.json,
America/Sao_Paulo,1640487600000,2022-01-02 18:56:40.526,2022-01-02 18:56:39.122,0,0,2,oAqnaMFJ0j,X,com.sec.android.app.shealth,c8df79d2-81a9-4668-8a5c-aef5ef062e3b,c8df79d2-81a9-4668-8a5c-aef5ef062e3b.compressed_content.json,
America/Bahia,1664074800000,2022-10-03 18:56:13.507,2022-10-03 18:56:13.507,0,0,2,oAqnaMFJ0j,X,com.sec.android.app.shealth,a3e12bc5-3920-4fba-ab13-9d3ad95898fd,a3e12bc5-3920-4fba-ab13-9d3ad95898fd.compressed_content.json,
America/Bahia,1649559600000,2022-04-17 19:00:19.574,2022-04-17 19:00:18.248,0,0,2,oAqnaMFJ0j,X,com.sec.android.app.shealth,06022f23-75a5-4362-b0ad-2e8a71b8d8bc,06022f23-75a5-4362-b0ad-2e8a71b8d8bc.compressed_content.json,
America/Sao_Paulo,1642302000000,2022-01-24 18:55:57.733,2022-01-24 18:55:56.305,0,0,2,oAqnaMFJ0j,X,com.sec.android.app.shealth,a9c814df-97c0-49ef-a9ff-15a81bc8a5a2,a9c814df-97c0-49ef-a9ff-15a81bc8a5a2.compressed_content.json,
America/Bahia,1665889200000,2022-10-23 18:56:05.171,2022-10-23 18:56:05.171,0,0,2,oAqnaMFJ0j,X,com.sec.android.app.shealth,6945f17e-2861-4513-bb14-8f1fb7fd5296,6945f17e-2861-4513-bb14-8f1fb7fd5296.compressed_content.json,
America/Manaus,1680408000000,2023-04-09 20:03:33.146,2023-04-09 20:03:33.146,0,0,3,oAqnaMFJ0j,X,com.sec.android.app.shealth,e4daac37-9f52-4326-a277-3031e61c26bb,e4daac37-9f52-4326-a277-3031e61c26bb.compressed_content.json,
America/Bahia,1661050800000,2022-08-30 19:00:57.633,2022-08-30 19:00:57.633,0,0,2,oAqnaMFJ0j,X,com.sec.android.app.shealth,79e3fc25-bc9a-44fa-a671-06ff9a1594e3,79e3fc25-bc9a-44fa-a671-06ff9a1594e3.compressed_content.json,
America/Manaus,1670731200000,2022-12-18 19:56:03.376,2022-12-18 19:56:03.376,0,0,2,oAqnaMFJ0j,X,com.sec.android.app.shealth,c1392545-c2f7-498c-8da7-f5d6cfba62f2,c1392545-c2f7-498c-8da7-f5d6cfba62f2.compressed_content.json,
America/Bahia,1667098800000,2022-11-08 18:56:04.478,2022-11-08 18:56:04.478,0,0,2,oAqnaMFJ0j,X,com.sec.android.app.shealth,3a125b0d-7841-48ff-b805-78ff695d6092,3a125b0d-7841-48ff-b805-78ff695d6092.compressed_content.json,
America/Sao_Paulo,1639278000000,2021-12-20 19:42:52.497,2021-12-19 18:56:07.761,0,0,2,oAqnaMFJ0j,X,com.sec.android.app.shealth,3d41eef0-ece2-4e7a-ba19-0a6cd197ca3a,3d41eef0-ece2-4e7a-ba19-0a6cd197ca3a.compressed_content.json,
America/Bahia,1663470000000,2022-09-26 18:59:35.223,2022-09-26 18:59:35.223,0,0,2,oAqnaMFJ0j,X,com.sec.android.app.shealth,25e5c9c7-9dce-4514-ba1a-983ecab1fc2d,25e5c9c7-9dce-4514-ba1a-983ecab1fc2d.compressed_content.json,
America/Sao_Paulo,1646535600000,2022-03-13 19:05:16.642,2022-03-13 19:05:09.490,0,0,2,oAqnaMFJ0j,X,com.sec.android.app.shealth,b7c503c5-f7a0-4a29-8bc7-d150c5ce2a71,b7c503c5-f7a0-4a29-8bc7-d150c5ce2a71.compressed_content.json,
America/Bahia,1650769200000,2022-05-01 19:26:43.664,2022-05-01 19:26:42.174,0,0,2,oAqnaMFJ0j,X,com.sec.android.app.shealth,2a519c19-3c95-4d1c-a7f0-faa266dddc6d,2a519c19-3c95-4d1c-a7f0-faa266dddc6d.compressed_content.json,
America/Bahia,1660446000000,2022-08-22 18:57:27.333,2022-08-22 18:57:27.333,0,0,2,oAqnaMFJ0j,X,com.sec.android.app.shealth,88503a26-fd86-454b-8dd9-69802a0ed3ba,88503a26-fd86-454b-8dd9-69802a0ed3ba.compressed_content.json,
America/Bahia,1662260400000,2022-09-11 18:56:13.131,2022-09-11 18:56:13.131,0,0,2,oAqnaMFJ0j,X,com.sec.android.app.shealth,af0a8c8e-ea99-4953-8128-013d678c3cac,af0a8c8e-ea99-4953-8128-013d678c3cac.compressed_content.json,
America/Manaus,1668916800000,2022-11-30 19:56:09.705,2022-11-30 19:56:09.705,0,0,2,oAqnaMFJ0j,X,com.sec.android.app.shealth,11ed6aea-0d53-45aa-94c9-bb4ff832bae9,11ed6aea-0d53-45aa-94c9-bb4ff832bae9.compressed_content.json,
America/Manaus,1683432000000,2023-05-14 19:56:05.162,2023-05-14 19:56:05.162,0,0,3,oAqnaMFJ0j,X,com.sec.android.app.shealth,bb2832bd-5b67-449f-891a-863bd20cf7b6,bb2832bd-5b67-449f-891a-863bd20cf7b6.compressed_content.json,
America/Bahia,1658026800000,2022-07-27 18:58:08.534,2022-07-27 18:58:06.877,0,0,2,oAqnaMFJ0j,X,com.sec.android.app.shealth,b3fb316c-8238-4895-8540-0c43d8f619e6,b3fb316c-8238-4895-8540-0c43d8f619e6.compressed_content.json,
America/Manaus,1669521600000,2022-12-05 19:56:03.901,2022-12-05 19:56:03.901,0,0,2,oAqnaMFJ0j,X,com.sec.android.app.shealth,d911d0cb-ff57-4939-b1fa-9bad2eb1f6de,d911d0cb-ff57-4939-b1fa-9bad2eb1f6de.compressed_content.json,
America/Manaus,1679198400000,2023-03-26 19:56:05.621,2023-03-26 19:56:05.621,0,0,3,oAqnaMFJ0j,X,com.sec.android.app.shealth,6f447c96-e7a6-4d03-89c3-7a253d45ed6a,6f447c96-e7a6-4d03-89c3-7a253d45ed6a.compressed_content.json,
America/Sao_Paulo,1641697200000,2022-01-16 19:11:28.089,2022-01-16 19:11:26.061,0,0,2,oAqnaMFJ0j,X,com.sec.android.app.shealth,7a6b4dc4-62c9-405b-baf1-9f229fea2a04,7a6b4dc4-62c9-405b-baf1-9f229fea2a04.compressed_content.json,
America/Manaus,1684641600000,2023-05-28 19:56:06.535,2023-05-28 19:56:06.535,0,0,3,oAqnaMFJ0j,X,com.sec.android.app.shealth,ca53f6f2-f9d2-4e1e-b1f3-35e1026374a2,ca53f6f2-f9d2-4e1e-b1f3-35e1026374a2.compressed_content.json,
America/Sao_Paulo,1645930800000,2022-03-06 18:56:56.477,2022-03-06 18:56:53.253,0,0,2,oAqnaMFJ0j,X,com.sec.android.app.shealth,75126aca-9a13-4bd1-8c1b-69b3e12de640,75126aca-9a13-4bd1-8c1b-69b3e12de640.compressed_content.json,
America/Bahia,1662865200000,2022-09-18 18:56:11.286,2022-09-18 18:56:11.286,0,0,2,oAqnaMFJ0j,X,com.sec.android.app.shealth,4bab8a66-33dc-42a1-8d0a-29201bf4149e,4bab8a66-33dc-42a1-8d0a-29201bf4149e.compressed_content.json,
America/Bahia,1659236400000,2022-08-08 19:49:34.849,2022-08-08 19:49:33.562,0,0,2,oAqnaMFJ0j,X,com.sec.android.app.shealth,bb85f2ec-5aa8-4e30-9bc5-d10cdd60b56d,bb85f2ec-5aa8-4e30-9bc5-d10cdd60b56d.compressed_content.json,
America/Sao_Paulo,1633230000000,2021-10-10 20:55:45.410,2021-10-10 20:55:43.999,0,0,2,oAqnaMFJ0j,X,com.sec.android.app.shealth,b7d8c7c9-7a77-4ed1-9701-cfa9a2d1f854,b7d8c7c9-7a77-4ed1-9701-cfa9a2d1f854.compressed_content.json,
America/Bahia,1651374000000,2022-05-11 19:55:59.052,2022-05-11 19:55:56.897,0,0,2,oAqnaMFJ0j,X,com.sec.android.app.shealth,f1d2dc2b-edff-4441-b684-db72416d4ae2,f1d2dc2b-edff-4441-b684-db72416d4ae2.compressed_content.json,
America/Manaus,1676779200000,2023-02-26 19:56:07.850,2023-02-26 19:56:07.850,0,0,3,oAqnaMFJ0j,X,com.sec.android.app.shealth,d5fbea65-b9ab-4ff2-8d7e-01c77cc1cf31,d5fbea65-b9ab-4ff2-8d7e-01c77cc1cf31.compressed_content.json,
America/Bahia,1652583600000,2022-05-22 19:53:17.814,2022-05-22 19:53:16.440,0,0,2,oAqnaMFJ0j,X,com.sec.android.app.shealth,0237b736-5f8a-4f7e-bec8-f543e2869e03,0237b736-5f8a-4f7e-bec8-f543e2869e03.compressed_content.json,
America/Manaus,1677384000000,2023-03-05 19:56:05.670,2023-03-05 19:56:05.670,0,0,3,oAqnaMFJ0j,X,com.sec.android.app.shealth,8e44eba4-b486-4d65-b603-0860fcb8fcd4,8e44eba4-b486-4d65-b603-0860fcb8fcd4.compressed_content.json,
America/Manaus,1670126400000,2022-12-12 19:58:45.368,2022-12-12 19:58:45.368,0,0,2,oAqnaMFJ0j,X,com.sec.android.app.shealth,82a073ef-9fb6-40d4-89ee-603f39b0a952,82a073ef-9fb6-40d4-89ee-603f39b0a952.compressed_content.json,
America/Sao_Paulo,1639882800000,2021-12-26 19:36:58.563,2021-12-26 19:36:57.264,0,0,2,oAqnaMFJ0j,X,com.sec.android.app.shealth,1f38ec59-d440-4227-834e-e2a699f52773,1f38ec59-d440-4227-834e-e2a699f52773.compressed_content.json,
America/Sao_Paulo,1632625200000,2021-10-03 19:52:56.366,2021-10-03 19:52:55.173,0,0,2,oAqnaMFJ0j,X,com.sec.android.app.shealth,afdeaf00-180a-43ff-ac6c-f1a1553c9f5d,afdeaf00-180a-43ff-ac6c-f1a1553c9f5d.compressed_content.json,
America/Sao_Paulo,1634439600000,2021-10-24 19:24:41.696,2021-10-24 19:24:40.311,0,0,2,oAqnaMFJ0j,X,com.sec.android.app.shealth,5179702f-77f0-40cb-aacd-417ade4d1d06,5179702f-77f0-40cb-aacd-417ade4d1d06.compressed_content.json,
America/Bahia,1659841200000,2022-08-14 19:05:44.862,2022-08-14 19:05:44.862,0,0,2,oAqnaMFJ0j,X,com.sec.android.app.shealth,1493d4c0-3750-4709-adaa-6bc9fa876383,1493d4c0-3750-4709-adaa-6bc9fa876383.compressed_content.json,
America/Manaus,1674360000000,2023-02-04 19:56:09.538,2023-02-04 19:56:09.538,0,0,2,oAqnaMFJ0j,X,com.sec.android.app.shealth,e5de4e4c-b7bf-4e05-a314-48d87779a24b,e5de4e4c-b7bf-4e05-a314-48d87779a24b.compressed_content.json,
America/Manaus,1695528000000,2023-10-01 19:56:07.172,2023-10-01 19:56:07.172,0,0,3,oAqnaMFJ0j,X,com.sec.android.app.shealth,06b21d9d-20cb-4a56-80e0-ab18592be5dd,06b21d9d-20cb-4a56-80e0-ab18592be5dd.compressed_content.json,
America/Manaus,1698552000000,2023-11-05 19:56:06.588,2023-11-05 19:56:06.588,0,0,3,oAqnaMFJ0j,X,com.sec.android.app.shealth,c11575cd-e337-4fcd-95cd-7e7226764fd6,c11575cd-e337-4fcd-95cd-7e7226764fd6.compressed_content.json,
America/Manaus,1693713600000,2023-09-10 21:39:54.505,2023-09-10 21:39:54.505,0,0,3,oAqnaMFJ0j,X,com.sec.android.app.shealth,0404765a-5d26-4ed0-b56b-f34f12e8f49f,0404765a-5d26-4ed0-b56b-f34f12e8f49f.compressed_content.json,
America/Manaus,1697947200000,2023-10-29 19:56:10.487,2023-10-29 19:56:10.487,0,0,3,oAqnaMFJ0j,X,com.sec.android.app.shealth,c4ac3b99-f301-4f43-9e9e-19f78cf0ab12,c4ac3b99-f301-4f43-9e9e-19f78cf0ab12.compressed_content.json,
America/Manaus,1696132800000,2023-10-08 19:56:08.166,2023-10-08 19:56:08.166,0,0,3,oAqnaMFJ0j,X,com.sec.android.app.shealth,8fef958b-77c8-4d64-9bdb-27dcfcc8667f,8fef958b-77c8-4d64-9bdb-27dcfcc8667f.compressed_content.json,
America/Manaus,1697342400000,2023-10-22 19:56:10.436,2023-10-22 19:56:10.436,0,0,3,oAqnaMFJ0j,X,com.sec.android.app.shealth,17f5204e-fbb3-4e5f-a35a-e9ecbd4349f1,17f5204e-fbb3-4e5f-a35a-e9ecbd4349f1.compressed_content.json,
America/Manaus,1686456000000,2023-06-18 19:56:04.723,2023-06-18 19:56:04.723,0,0,3,oAqnaMFJ0j,X,com.sec.android.app.shealth,74148ea5-205e-4e7a-bc40-5a098cb3db40,74148ea5-205e-4e7a-bc40-5a098cb3db40.compressed_content.json,
America/Manaus,1692504000000,2023-08-27 19:57:58.879,2023-08-27 19:57:58.879,0,0,3,oAqnaMFJ0j,X,com.sec.android.app.shealth,335bb4a0-3f85-4bd9-80a0-b99793f16c89,335bb4a0-3f85-4bd9-80a0-b99793f16c89.compressed_content.json,
America/Manaus,1690689600000,2023-08-06 19:56:03.055,2023-08-06 19:56:03.055,0,0,3,oAqnaMFJ0j,X,com.sec.android.app.shealth,7675536e-3f4c-4fdd-8d64-57a6e57b3193,7675536e-3f4c-4fdd-8d64-57a6e57b3193.compressed_content.json,
America/Manaus,1691899200000,2023-08-20 19:56:05.728,2023-08-20 19:56:05.728,0,0,3,oAqnaMFJ0j,X,com.sec.android.app.shealth,f4aba349-847e-41a0-b743-e84261a7cbe9,f4aba349-847e-41a0-b743-e84261a7cbe9.compressed_content.json,
America/Manaus,1691294400000,2023-08-13 19:59:09.120,2023-08-13 19:59:09.120,0,0,3,oAqnaMFJ0j,X,com.sec.android.app.shealth,949a68e2-96ac-446c-9874-dfcbc862cdf4,949a68e2-96ac-446c-9874-dfcbc862cdf4.compressed_content.json,
America/Manaus,1693108800000,2023-09-03 19:56:03.709,2023-09-03 19:56:03.709,0,0,3,oAqnaMFJ0j,X,com.sec.android.app.shealth,bfe86673-a8d5-4c68-ba9a-3215dc055e93,bfe86673-a8d5-4c68-ba9a-3215dc055e93.compressed_content.json,
America/Manaus,1689480000000,2023-07-23 19:56:08.602,2023-07-23 19:56:08.602,0,0,3,oAqnaMFJ0j,X,com.sec.android.app.shealth,a54d6485-ffde-4500-a683-717c08acfe0e,a54d6485-ffde-4500-a683-717c08acfe0e.compressed_content.json,
America/Manaus,1688875200000,2023-07-16 19:56:04.362,2023-07-16 19:56:04.362,0,0,3,oAqnaMFJ0j,X,com.sec.android.app.shealth,71d0b7f4-4257-4a58-8b52-828e3ff9be7c,71d0b7f4-4257-4a58-8b52-828e3ff9be7c.compressed_content.json,
America/Manaus,1690084800000,2023-07-30 19:56:05.693,2023-07-30 19:56:05.693,0,0,3,oAqnaMFJ0j,X,com.sec.android.app.shealth,61c01f41-c863-4d66-86ab-43c5bfcd8276,61c01f41-c863-4d66-86ab-43c5bfcd8276.compressed_content.json,
America/Manaus,1685851200000,2023-06-11 19:56:05.418,2023-06-11 19:56:05.418,0,0,3,oAqnaMFJ0j,X,com.sec.android.app.shealth,653f0780-8125-4d35-8c07-bf65d63f26db,653f0780-8125-4d35-8c07-bf65d63f26db.compressed_content.json,
America/Manaus,1687060800000,2023-06-25 19:56:03.416,2023-06-25 19:56:03.416,0,0,3,oAqnaMFJ0j,X,com.sec.android.app.shealth,13a54393-cf0d-42cd-aaa0-fb88004200e5,13a54393-cf0d-42cd-aaa0-fb88004200e5.compressed_content.json,
America/Manaus,1699156800000,2023-11-12 19:57:55.123,2023-11-12 19:57:55.123,0,0,3,oAqnaMFJ0j,X,com.sec.android.app.shealth,f7802e9c-ee28-4f23-a238-886367218771,f7802e9c-ee28-4f23-a238-886367218771.compressed_content.json,
America/Manaus,1687665600000,2023-07-02 19:56:05.205,2023-07-02 19:56:05.205,0,0,3,oAqnaMFJ0j,X,com.sec.android.app.shealth,cba8d3a0-a904-4285-837d-93fe528e8676,cba8d3a0-a904-4285-837d-93fe528e8676.compressed_content.json,
America/Manaus,1694923200000,2023-09-24 19:56:06.575,2023-09-24 19:56:06.575,0,0,3,oAqnaMFJ0j,X,com.sec.android.app.shealth,86c222e3-8365-45e7-b2bd-82aa7c1d20a7,86c222e3-8365-45e7-b2bd-82aa7c1d20a7.compressed_content.json,
America/Manaus,1696737600000,2023-10-15 19:56:10.115,2023-10-15 19:56:10.115,0,0,3,oAqnaMFJ0j,X,com.sec.android.app.shealth,2ae6aa94-242d-496b-b1ab-da063103c737,2ae6aa94-242d-496b-b1ab-da063103c737.compressed_content.json,
America/Manaus,1688270400000,2023-07-09 19:59:55.990,2023-07-09 19:59:55.990,0,0,3,oAqnaMFJ0j,X,com.sec.android.app.shealth,208d4b3a-9599-4436-8480-f073a23e2814,208d4b3a-9599-4436-8480-f073a23e2814.compressed_content.json,
America/Manaus,1694318400000,2023-09-17 19:56:03.900,2023-09-17 19:56:03.900,0,0,3,oAqnaMFJ0j,X,com.sec.android.app.shealth,cc82fcfa-2d8f-4532-a192-97405c049360,cc82fcfa-2d8f-4532-a192-97405c049360.compressed_content.json,
America/Manaus,1699761600000,2023-11-19 19:56:17.238,2023-11-19 19:56:17.238,0,0,3,oAqnaMFJ0j,X,com.sec.android.app.shealth,ddc1832c-26e4-4a32-945f-f82770a377ad,ddc1832c-26e4-4a32-945f-f82770a377ad.compressed_content.json,
America/Manaus,1700366400000,2023-11-26 19:56:17.135,2023-11-26 19:56:17.135,0,0,3,oAqnaMFJ0j,X,com.sec.android.app.shealth,766fc3d2-02d1-4a27-b0e0-3c39cab501d2,766fc3d2-02d1-4a27-b0e0-3c39cab501d2.compressed_content.json,
America/Campo_Grande,1710043200000,2024-03-21 19:16:44.700,2024-03-21 19:16:44.700,0,0,3,VOO84QlFK5,X,com.sec.android.app.shealth,a560208d-111c-49c0-9c6f-82f3b720de07,a560208d-111c-49c0-9c6f-82f3b720de07.compressed_content.json,
America/Campo_Grande,1710648000000,2024-03-24 19:31:50.519,2024-03-24 19:31:50.519,0,0,3,VOO84QlFK5,X,com.sec.android.app.shealth,c3b638af-6cd8-4694-943b-db80eee1e0d8,c3b638af-6cd8-4694-943b-db80eee1e0d8.compressed_content.json,
America/Campo_Grande,1711252800000,2024-04-01 13:29:16.722,2024-04-01 13:29:16.722,0,0,3,VOO84QlFK5,X,com.sec.android.app.shealth,77eee449-1e09-4206-8f33-538e6cb87c81,77eee449-1e09-4206-8f33-538e6cb87c81.compressed_content.json,
America/Campo_Grande,1711857600000,2024-04-07 19:31:48.141,2024-04-07 19:31:48.141,0,0,3,VOO84QlFK5,X,com.sec.android.app.shealth,8ecb0af4-a97f-45cb-8bfe-825ed89df86f,8ecb0af4-a97f-45cb-8bfe-825ed89df86f.compressed_content.json,
America/Campo_Grande,1712462400000,2024-04-14 19:32:04.423,2024-04-14 19:32:04.423,0,0,3,VOO84QlFK5,X,com.sec.android.app.shealth,12726a37-3667-43ca-a498-c5f97368c16f,12726a37-3667-43ca-a498-c5f97368c16f.compressed_content.json,
America/Campo_Grande,1713067200000,2024-04-21 19:31:52.540,2024-04-21 19:31:52.540,0,0,3,VOO84QlFK5,X,com.sec.android.app.shealth,2a0fc4e7-8d9d-4bd7-ae73-327b72e5ee7c,2a0fc4e7-8d9d-4bd7-ae73-327b72e5ee7c.compressed_content.json,
America/Campo_Grande,1713672000000,2024-04-28 19:31:39.395,2024-04-28 19:31:39.395,0,0,3,VOO84QlFK5,X,com.sec.android.app.shealth,bb4fd707-7e6f-4d5a-8ceb-55f39e9cd883,bb4fd707-7e6f-4d5a-8ceb-55f39e9cd883.compressed_content.json,
America/Campo_Grande,1714276800000,2024-05-05 19:32:42.454,2024-05-05 19:32:42.454,0,0,3,VOO84QlFK5,X,com.sec.android.app.shealth,5aa530b3-6009-41a6-998b-badd644421a7,5aa530b3-6009-41a6-998b-badd644421a7.compressed_content.json,
America/Campo_Grande,1714881600000,2024-05-13 19:32:19.326,2024-05-13 19:32:19.326,0,0,3,VOO84QlFK5,X,com.sec.android.app.shealth,5820e20c-e93f-4eea-a142-1ac98700b87f,5820e20c-e93f-4eea-a142-1ac98700b87f.compressed_content.json,
America/Campo_Grande,1715486400000,2024-05-19 19:32:01.023,2024-05-19 19:32:01.023,0,0,3,VOO84QlFK5,X,com.sec.android.app.shealth,4110f0a6-f59f-42fa-aa21-2760f037cdc8,4110f0a6-f59f-42fa-aa21-2760f037cdc8.compressed_content.json,
America/Campo_Grande,1716091200000,2024-05-26 19:31:49.422,2024-05-26 19:31:49.422,0,0,3,VOO84QlFK5,X,com.sec.android.app.shealth,1bdf42a0-6e73-402a-8bca-3f72454dc9c7,1bdf42a0-6e73-402a-8bca-3f72454dc9c7.compressed_content.json,
America/Campo_Grande,1716696000000,2024-06-05 19:32:22.135,2024-06-05 19:32:22.135,0,0,3,VOO84QlFK5,X,com.sec.android.app.shealth,bd05dfe3-8b20-4991-af18-84ab1a0d6493,bd05dfe3-8b20-4991-af18-84ab1a0d6493.compressed_content.json,
America/Campo_Grande,1717300800000,2024-06-10 19:31:43.123,2024-06-10 19:31:43.123,0,0,3,VOO84QlFK5,X,com.sec.android.app.shealth,a57b917c-0353-47b1-a8ac-9c0236d408f1,a57b917c-0353-47b1-a8ac-9c0236d408f1.compressed_content.json,
America/Campo_Grande,1717905600000,2024-06-16 19:32:04.960,2024-06-16 19:32:04.960,0,0,3,VOO84QlFK5,X,com.sec.android.app.shealth,e2344d9d-fc03-4fd4-b9a1-7166f5e9cc46,e2344d9d-fc03-4fd4-b9a1-7166f5e9cc46.compressed_content.json,
America/Campo_Grande,1718510400000,2024-06-23 23:05:39.716,2024-06-23 23:05:39.716,0,0,3,VOO84QlFK5,X,com.sec.android.app.shealth,ecaad2cd-57af-456e-a618-e4fe80614a61,ecaad2cd-57af-456e-a618-e4fe80614a61.compressed_content.json,
America/Campo_Grande,1719115200000,2024-06-30 19:32:15.548,2024-06-30 19:32:15.548,0,0,3,VOO84QlFK5,X,com.sec.android.app.shealth,abca621f-e767-40d5-b2f1-7f6a269f5178,abca621f-e767-40d5-b2f1-7f6a269f5178.compressed_content.json,
America/Campo_Grande,1719720000000,2024-07-07 20:25:14.957,2024-07-07 20:25:14.957,0,0,3,VOO84QlFK5,X,com.sec.android.app.shealth,ae228f24-017f-4c99-b268-417eb3046cdd,ae228f24-017f-4c99-b268-417eb3046cdd.compressed_content.json,
America/Campo_Grande,1720324800000,2024-07-14 19:32:28.672,2024-07-14 19:32:28.672,0,0,3,VOO84QlFK5,X,com.sec.android.app.shealth,cda73355-4861-4d64-8956-a381883d8f32,cda73355-4861-4d64-8956-a381883d8f32.compressed_content.json,
America/Campo_Grande,1720929600000,2024-07-21 19:37:56.432,2024-07-21 19:37:56.432,0,0,3,VOO84QlFK5,X,com.sec.android.app.shealth,2fb4a494-3334-4c0f-918a-90e6ffab3f0b,2fb4a494-3334-4c0f-918a-90e6ffab3f0b.compressed_content.json,
America/Campo_Grande,1721534400000,2024-07-28 19:42:10.969,2024-07-28 19:42:10.969,0,0,3,VOO84QlFK5,X,com.sec.android.app.shealth,05a6765b-e762-4ca0-ad47-e2c9ace63ee6,05a6765b-e762-4ca0-ad47-e2c9ace63ee6.compressed_content.json,
America/Campo_Grande,1722139200000,2024-08-04 19:32:06.885,2024-08-04 19:32:06.885,0,0,3,VOO84QlFK5,X,com.sec.android.app.shealth,f7d75036-d3c0-4b75-9b2d-6e1575571fbf,f7d75036-d3c0-4b75-9b2d-6e1575571fbf.compressed_content.json,
America/Campo_Grande,1722744000000,2024-08-12 19:39:08.079,2024-08-12 19:39:08.079,0,0,3,VOO84QlFK5,X,com.sec.android.app.shealth,a0faf7bf-45b7-4eaa-982e-73ecd2e0978a,a0faf7bf-45b7-4eaa-982e-73ecd2e0978a.compressed_content.json,
America/Campo_Grande,1723348800000,2024-08-19 19:35:44.252,2024-08-19 19:35:44.252,0,0,3,VOO84QlFK5,X,com.sec.android.app.shealth,d4bf972c-b19b-4395-b4f6-35597de5ee1a,d4bf972c-b19b-4395-b4f6-35597de5ee1a.compressed_content.json,
America/Campo_Grande,1723953600000,2024-08-26 19:34:03.766,2024-08-26 19:34:03.766,0,0,3,VOO84QlFK5,X,com.sec.android.app.shealth,23e5ceec-9521-4d84-86ea-631c4ce71538,23e5ceec-9521-4d84-86ea-631c4ce71538.compressed_content.json,
America/Campo_Grande,1724558400000,2024-09-02 19:31:58.424,2024-09-02 19:31:58.424,0,0,3,VOO84QlFK5,X,com.sec.android.app.shealth,8c99e96a-648f-4dec-925a-c5aec3858a0c,8c99e96a-648f-4dec-925a-c5aec3858a0c.compressed_content.json,
America/Campo_Grande,1725163200000,2024-09-08 19:39:50.454,2024-09-08 19:39:50.454,0,0,3,VOO84QlFK5,X,com.sec.android.app.shealth,dc6d86a5-6af7-4ee8-b7b9-22c7a7e6c452,dc6d86a5-6af7-4ee8-b7b9-22c7a7e6c452.compressed_content.json,
America/Campo_Grande,1725768000000,2024-09-15 19:31:43.948,2024-09-15 19:31:43.948,0,0,3,VOO84QlFK5,X,com.sec.android.app.shealth,8473b69e-87cc-4683-b37f-e6f58f76f3f2,8473b69e-87cc-4683-b37f-e6f58f76f3f2.compressed_content.json,
America/Campo_Grande,1726372800000,2024-09-22 19:34:49.446,2024-09-22 19:34:49.446,0,0,3,VOO84QlFK5,X,com.sec.android.app.shealth,df43b29d-8046-4c41-a9c2-cba251a33186,df43b29d-8046-4c41-a9c2-cba251a33186.compressed_content.json,
