﻿com.samsung.shealth.social.friends,6307003,2
nick_name,device_type,msisdn,status,image_url,update_time,create_time,blocked,uid,level,gdpr_restricted,deviceuuid,pkg_name,invitation_allowed,display_name,datauuid
George Sanguina,ANDROID,5567993317153,0,,2026-01-21 14:54:47.622,2026-01-21 14:54:47.622,0,19893417,3,0,WE6JXtsOno,com.sec.android.app.shealth,1,Ari Clear,e2bd7b02-9415-4aa3-ba97-744fab2eeb98,
alirioreobote,ANDROID,5567999134820,0,,2026-01-21 14:54:47.622,2026-01-21 14:54:47.622,0,89846770,1,0,WE6JXtsOno,com.sec.android.app.shealth,0,Alirio,e6b7592d-46d2-47d2-a873-87cde730c063,
antonio.jr.kaka,ANDROID,5567998041694,0,,2026-01-21 14:54:47.622,2026-01-21 14:54:47.622,0,97627434,1,0,WE6JXtsOno,com.sec.android.app.shealth,0,Adama - VD-Luiz,36438329-d2b5-4198-b3bc-401561ce3af0,
andressaalvesibanez37,ANDROID,5567998719957,0,,2026-01-21 14:54:47.623,2026-01-21 14:54:47.623,0,110116118,1,0,WE6JXtsOno,com.sec.android.app.shealth,0,Andressa Neves,0b3d6491-3222-4803-b517-42b159208820,
batuksomeacessorios,ANDROID,5567998566001,0,,2026-01-21 14:54:47.623,2026-01-21 14:54:47.623,0,116277348,1,0,WE6JXtsOno,com.sec.android.app.shealth,0,Batuk Loja,bb10c9c3-fcb3-4af7-be37-6a3813762742,
Laikowski,ANDROID,5554984491030,0,,2026-01-21 14:54:47.623,2026-01-21 14:54:47.623,0,120392336,1,0,WE6JXtsOno,com.sec.android.app.shealth,0,Alexandre Laiko,10ba82b4-7540-4c32-93c0-6b7973640653,
rejanebrehm1965,ANDROID,5567999024498,0,,2026-01-21 14:54:47.623,2026-01-21 14:54:47.623,0,121415221,1,0,WE6JXtsOno,com.sec.android.app.shealth,0,Casa Aluguel,55e11278-a289-43d4-b818-cddf85eb5f06,
haachjoseadelmo,ANDROID,5567999691625,0,,2026-01-21 14:54:47.623,2026-01-21 14:54:47.623,0,126462050,1,0,WE6JXtsOno,com.sec.android.app.shealth,0,Adelmo Forte Campo,8b794fa5-5337-4e39-8b63-da73db7f96d7,
Farod,ANDROID,5567981883892,0,,2026-01-21 14:54:47.624,2026-01-21 14:54:47.624,0,15407878,10,0,WE6JXtsOno,com.sec.android.app.shealth,1,Fabrício Cliente,15791e92-45e2-4b95-a131-2512714f4511,
edson_fogassa,ANDROID,5567996418781,0,,2026-01-21 14:54:47.624,2026-01-21 14:54:47.624,0,21836381,1,0,WE6JXtsOno,com.sec.android.app.shealth,1,Edinho,f5f36d3c-d9c6-4304-98f0-639eecca2f91,
Fábio,ANDROID,5567991486473,0,,2026-01-21 14:54:47.624,2026-01-21 14:54:47.624,0,37247468,1,0,WE6JXtsOno,com.sec.android.app.shealth,1,Fabio Fl Caixas Dagua,767f5b0b-2c90-496d-9681-1f4274596719,
João ***lo,ANDROID,5521981044811,0,,2026-01-21 14:54:47.624,2026-01-21 14:54:47.624,0,37934528,2,0,WE6JXtsOno,com.sec.android.app.shealth,1,Dr João Paulo,7a54b16c-2b1a-4c86-94fc-ff39dbd8985a,
Dayane,ANDROID,5567996655004,0,,2026-01-21 14:54:47.625,2026-01-21 14:54:47.625,0,40114098,1,0,WE6JXtsOno,com.sec.android.app.shealth,0,Dayane Tosta,15c8a9ca-0b82-4f36-8ed7-01b4274aee23,
feliperodrigues0351,ANDROID,5567996287799,0,,2026-01-21 14:54:47.625,2026-01-21 14:54:47.625,0,55343666,1,0,WE6JXtsOno,com.sec.android.app.shealth,0,Felipe Agrotec,c0904a22-22c5-42d8-840c-ebf284c69ddf,
drfelipe123,ANDROID,5567999679267,0,,2026-01-21 14:54:47.625,2026-01-21 14:54:47.625,0,104303297,1,0,WE6JXtsOno,com.sec.android.app.shealth,0,Dr Felipe,4661d86f-1b39-4a16-9725-eb9c57b912dc,
elibaniocarvalho,ANDROID,5585999779129,0,,2026-01-21 14:54:47.625,2026-01-21 14:54:47.625,0,104790622,1,0,WE6JXtsOno,com.sec.android.app.shealth,0,Elibanio Tio Da Larissa,61247360-434e-4246-8266-1545a1941a6f,
Fernando,ANDROID,5567999316660,0,,2026-01-21 14:54:47.625,2026-01-21 14:54:47.625,0,122385358,1,0,WE6JXtsOno,com.sec.android.app.shealth,0,Fernando Cruze 2013,ce064fce-6b68-4d86-a1a0-87669782d4f1,
S Health,ANDROID,5567999047946,0,,2026-01-21 14:54:47.626,2026-01-21 14:54:47.626,0,2635129,1,0,WE6JXtsOno,com.sec.android.app.shealth,1,Juliano Fast Compras,5bc35889-5e7d-4b97-b247-2eada90a3bc0,
Felipe Rezek,ANDROID,5567992582297,0,,2026-01-21 14:54:47.626,2026-01-21 14:54:47.626,0,3100720,1,0,WE6JXtsOno,com.sec.android.app.shealth,1,Imobiliária Rezek,f913a0e2-deef-46fa-8865-64e24fac428b,
Ju BR,ANDROID,5567996422921,0,,2026-01-21 14:54:47.626,2026-01-21 14:54:47.626,0,19883601,3,0,WE6JXtsOno,com.sec.android.app.shealth,1,Juliana Brito,7b397cc5-ac50-4c28-acd3-446ad031eea1,
Mara,ANDROID,5563984029789,0,,2026-01-21 14:54:47.626,2026-01-21 14:54:47.626,0,37550867,1,0,WE6JXtsOno,com.sec.android.app.shealth,1,Mara Despachante Palmas,65cf728e-7239-45ac-92c1-96313a8b4dad,
Jch,ANDROID,5567984659317,0,,2026-01-21 14:54:47.626,2026-01-21 14:54:47.626,0,38880454,1,0,WE6JXtsOno,com.sec.android.app.shealth,1,Jorge Hach,3d750ffa-c927-458a-abf2-61a4d24c11b8,
kesleihenrique,ANDROID,5567998467161,0,,2026-01-21 14:54:47.627,2026-01-21 14:54:47.627,0,65007971,1,0,WE6JXtsOno,com.sec.android.app.shealth,0,Keslei Nova Aliança,f0a7cf93-5948-4ae4-b706-625dec47ea26,
gustavorefundini739,ANDROID,5544988385151,0,,2026-01-21 14:54:47.627,2026-01-21 14:54:47.627,0,86240215,1,0,WE6JXtsOno,com.sec.android.app.shealth,0,Gustavo Assistência,4f2c8340-c237-466f-9979-2135886687b1,
Hyago Henrique,ANDROID,5567996250430,0,,2026-01-21 14:54:47.627,2026-01-21 14:54:47.627,0,92886704,1,0,WE6JXtsOno,com.sec.android.app.shealth,0,Hyago Oliveira Ouro Fino,bb8fa421-1dd8-4ad4-ad30-2eaa609f28c0,
lgufu123456,ANDROID,5567996042450,0,,2026-01-21 14:54:47.627,2026-01-21 14:54:47.627,0,94392138,1,0,WE6JXtsOno,com.sec.android.app.shealth,0,Marcio BASF,7091c056-c47a-4c74-959d-0a40f5b85521,
Roberto,ANDROID,5517996271975,0,https://d3tqs16tcqd0gr.cloudfront.net/5af8/06fc90f6-7dee-4543-8961-011b1569d3e0.jpg,2026-01-21 14:54:47.628,2026-01-21 14:54:47.628,0,10391689,1,0,WE6JXtsOno,com.sec.android.app.shealth,0,Roberto Motora Melosa,b1c5c8c6-8749-45d2-81ac-be5b61f8e3dd,
Não há apelidos,ANDROID,5567984082710,0,,2026-01-21 14:54:47.628,2026-01-21 14:54:47.628,0,13137159,1,0,WE6JXtsOno,com.sec.android.app.shealth,1,Rodrigo,216ddb69-6dfb-4ab4-b019-f2cc3ba513b8,
Thiago Ballock,ANDROID,5567991249075,0,,2026-01-21 14:54:47.628,2026-01-21 14:54:47.628,0,31652196,3,0,WE6JXtsOno,com.sec.android.app.shealth,1,Thiago Evolut,c33aa2c9-bb94-4368-ba0b-4a0d0fcb24cc,
Rodrigo Piassa,ANDROID,5564992380933,0,,2026-01-21 14:54:47.628,2026-01-21 14:54:47.628,0,52864977,1,0,WE6JXtsOno,com.sec.android.app.shealth,0,Rodrigo Piassa,2b21fcac-b4b6-47e5-a16b-0d53274299bb,
rogerio.medvet12,ANDROID,5567996346084,0,,2026-01-21 14:54:47.628,2026-01-21 14:54:47.628,0,61293962,3,0,WE6JXtsOno,com.sec.android.app.shealth,0,Rogério Barbosa Apto Aero,03de93bc-360f-4dfb-80de-2d0c5b35bb21,
Tubaraum,ANDROID,5538991295656,0,https://d3tqs16tcqd0gr.cloudfront.net/181c/ccbd9749-56c7-4ea1-a664-9f9d194554a6.jpg,2026-01-21 14:54:47.629,2026-01-21 14:54:47.629,0,77524122,1,0,WE6JXtsOno,com.sec.android.app.shealth,0,Tubaraum,2da1b29f-9737-40e6-a65b-1b67b8f3a18c,
Vania Galvao,ANDROID,5567998667747,0,,2026-01-21 14:54:47.629,2026-01-21 14:54:47.629,0,82795528,1,0,WE6JXtsOno,com.sec.android.app.shealth,0,Solaris,dd4e1c98-d2aa-453e-823e-e205a121712a,
Vanessa Pereira,ANDROID,5567992956279,0,,2026-01-21 14:54:47.629,2026-01-21 14:54:47.629,0,84551922,1,0,WE6JXtsOno,com.sec.android.app.shealth,1,Vanessa,3bdf80f8-79c8-4a2a-8e26-ff0b72ae72e0,
vitormb769,ANDROID,5567998604975,0,,2026-01-21 14:54:47.629,2026-01-21 14:54:47.629,0,89124990,1,0,WE6JXtsOno,com.sec.android.app.shealth,0,Vitao,0e5c2c9e-8615-4420-aaa1-621fe34583be,
suzanaalvesadv,ANDROID,5567992564550,0,,2026-01-21 14:54:47.629,2026-01-21 14:54:47.629,0,91826018,1,0,WE6JXtsOno,com.sec.android.app.shealth,0,Suzana Sindica,2fb96506-6a50-4d34-9f05-858c61145828,
ronaldobergamoteixeira,ANDROID,5567999180553,0,,2026-01-21 14:54:47.630,2026-01-21 14:54:47.630,0,104116436,1,0,WE6JXtsOno,com.sec.android.app.shealth,0,Só Borracha,c74c2688-4f95-4efd-bcc7-29f333567ea5,
Ryck Wender Silva,ANDROID,5567998842000,0,https://d3tqs16tcqd0gr.cloudfront.net/e827/29ac6303-cc49-4d9e-822b-24f0766e5a38.jpg,2026-01-21 14:54:47.630,2026-01-21 14:54:47.630,0,118037312,1,0,WE6JXtsOno,com.sec.android.app.shealth,0,Rick Casa Nobre,a093c549-67d3-4a2d-bc55-3d1ef0b538cf,
Tiago,ANDROID,,0,https://d3tqs16tcqd0gr.cloudfront.net/1138/0adb2d11-4fe2-4d7a-868f-c1c153978f6f.jpg,2026-01-21 14:54:47.630,2026-01-21 14:54:47.630,0,28631907,2,0,WE6JXtsOno,com.sec.android.app.shealth,1,Tiago,ecb815bb-496f-4af1-aed2-004bf81aa489,
joseadelmo,ANDROID,,0,,2026-01-21 14:54:47.630,2026-01-21 14:54:47.630,0,33873143,1,0,WE6JXtsOno,com.sec.android.app.shealth,1,joseadelmo,72040319-1703-48c2-bab0-73d0aada98cc,
Vitor Gabriel ,ANDROID,,0,,2026-01-21 14:54:47.630,2026-01-21 14:54:47.630,0,83460792,1,0,WE6JXtsOno,com.sec.android.app.shealth,0,Vitor Gabriel ,2a50919e-f298-42d5-bfdb-7e306396e9f4,
