﻿com.samsung.shealth.exercise.program,6307003,3
duration,planned_end_time,start_time,custom,completion_status,update_time,create_time,distance,schedule_count,time_offset,deviceuuid,pkg_name,end_time,datauuid,info_id,is_visible
,2023-12-10 08:00:00.000,2023-11-13 08:00:00.000,,300,2023-11-13 19:17:11.248,2023-11-13 19:15:41.870,,28,UTC-0400,oAqnaMFJ0j,com.sec.android.app.shealth,2023-11-13 19:17:11.130,ac7979b2-7028-430a-8228-0c3b5091a5a4,program.prod70,1,
,2023-11-17 08:00:00.000,2023-11-13 08:00:00.000,,300,2023-11-17 02:25:16.164,2023-11-14 01:40:48.154,,5,UTC-0400,oAqnaMFJ0j,com.sec.android.app.shealth,2023-11-17 02:25:16.103,43f5c93a-9bc5-4682-85fa-871707185cb8,program.prod18,1,
,2023-11-15 08:00:00.000,2023-11-13 08:00:00.000,,0,2023-11-17 02:25:10.937,2023-11-13 19:18:43.458,,3,UTC-0400,oAqnaMFJ0j,com.sec.android.app.shealth,2023-11-15 08:00:00.000,c8bdf500-4ac1-4d0c-9af3-445213eec383,program.prod34,1,
